-- ==========================================
-- SEED DATA TIENDITACAMPUS (GENERATED)
-- Password for all users: Password123!
-- Date Range: March 9-13, 17-20 2026
-- Time Range: 08:00 - 16:00
-- ==========================================

DELETE FROM sale_details;
DELETE FROM daily_sales;
DELETE FROM order_items;
DELETE FROM orders;
DELETE FROM products;
DELETE FROM categories;
DELETE FROM users;

INSERT INTO categories (id, name, description, is_active) VALUES ('96a6da6d-d8a1-4635-8912-26b047979bb9', 'Comida Preparada', 'Alimentos listos para consumir', true);
INSERT INTO categories (id, name, description, is_active) VALUES ('eb95e35d-c40d-4207-a86c-5b337d92c901', 'Bebidas', 'Bebidas frías y calientes', true);
INSERT INTO categories (id, name, description, is_active) VALUES ('dd8b529b-3374-4e51-bdf1-82f599d03e73', 'Snacks', 'Botanas y dulces', true);

-- USERS
INSERT INTO users (id, email, password_hash, first_name, last_name, role, is_active, is_email_verified) VALUES ('b55a3a64-d409-454f-848e-8b2dbb7dea01', 'anagarpep14@gmail.com', '$argon2id$v=19$m=19456,t=2,p=1$r42TFlHxL4r1rIJhrr4daQ$69z4Pq8MqIAf64o6pjQSd6pQ5/H0S5DiAzVn5OvJW+Y', 'Ana', 'Garcia', 'seller', true, true);
INSERT INTO users (id, email, password_hash, first_name, last_name, role, is_active, is_email_verified) VALUES ('70cc8c20-4ecd-4b23-be5d-413a3f56589e', 'diegoramiraasa2@gmail.com', '$argon2id$v=19$m=19456,t=2,p=1$r42TFlHxL4r1rIJhrr4daQ$69z4Pq8MqIAf64o6pjQSd6pQ5/H0S5DiAzVn5OvJW+Y', 'Diego', 'Ramirez', 'seller', true, true);
INSERT INTO users (id, email, password_hash, first_name, last_name, role, is_active, is_email_verified) VALUES ('1167a03f-db17-407a-9350-96c84d1299b9', 'elenaaaszgomezr@gmail.com', '$argon2id$v=19$m=19456,t=2,p=1$r42TFlHxL4r1rIJhrr4daQ$69z4Pq8MqIAf64o6pjQSd6pQ5/H0S5DiAzVn5OvJW+Y', 'Elena', 'Gomez', 'seller', true, true);
INSERT INTO users (id, email, password_hash, first_name, last_name, role, is_active, is_email_verified) VALUES ('2a75a981-7955-4f44-8c17-a8d38943ac11', 'carlospereeezagui23@gmail.com', '$argon2id$v=19$m=19456,t=2,p=1$r42TFlHxL4r1rIJhrr4daQ$69z4Pq8MqIAf64o6pjQSd6pQ5/H0S5DiAzVn5OvJW+Y', 'Carlos', 'Perez', 'seller', true, true);
INSERT INTO users (id, email, password_hash, first_name, last_name, role, is_active, is_email_verified) VALUES ('0b509ac3-8a29-442b-9e33-cd466ebb6126', 'sofialaaaaaar2535@gmail.com', '$argon2id$v=19$m=19456,t=2,p=1$r42TFlHxL4r1rIJhrr4daQ$69z4Pq8MqIAf64o6pjQSd6pQ5/H0S5DiAzVn5OvJW+Y', 'Sofia', 'Lara', 'seller', true, true);
INSERT INTO users (id, email, password_hash, first_name, last_name, role, is_active, is_email_verified) VALUES ('3173083d-0ddd-4562-b7a7-3a793b70c1a4', 'juandiaz291@gmail.com', '$argon2id$v=19$m=19456,t=2,p=1$r42TFlHxL4r1rIJhrr4daQ$69z4Pq8MqIAf64o6pjQSd6pQ5/H0S5DiAzVn5OvJW+Y', 'Juan', 'Diaz', 'buyer', true, true);
INSERT INTO users (id, email, password_hash, first_name, last_name, role, is_active, is_email_verified) VALUES ('21d546d5-a204-47d5-93ee-0b038dc26535', 'pedrovarguitaslas@gmail.com', '$argon2id$v=19$m=19456,t=2,p=1$r42TFlHxL4r1rIJhrr4daQ$69z4Pq8MqIAf64o6pjQSd6pQ5/H0S5DiAzVn5OvJW+Y', 'Pedro', 'Vargas', 'buyer', true, true);
INSERT INTO users (id, email, password_hash, first_name, last_name, role, is_active, is_email_verified) VALUES ('c9466a52-5bc1-4f3a-8bb1-6d83e68ad493', 'mariamora12@gmail.com', '$argon2id$v=19$m=19456,t=2,p=1$r42TFlHxL4r1rIJhrr4daQ$69z4Pq8MqIAf64o6pjQSd6pQ5/H0S5DiAzVn5OvJW+Y', 'Maria', 'Morales', 'buyer', true, true);
INSERT INTO users (id, email, password_hash, first_name, last_name, role, is_active, is_email_verified) VALUES ('5f660a50-a300-43ea-9f54-238281c53f8e', 'luisarmr2castro@gmail.com', '$argon2id$v=19$m=19456,t=2,p=1$r42TFlHxL4r1rIJhrr4daQ$69z4Pq8MqIAf64o6pjQSd6pQ5/H0S5DiAzVn5OvJW+Y', 'Luis', 'Castro', 'buyer', true, true);
INSERT INTO users (id, email, password_hash, first_name, last_name, role, is_active, is_email_verified) VALUES ('e39f9c3d-5835-49cf-898d-39f7ee06e757', 'laurortiiiiz@gmail.com', '$argon2id$v=19$m=19456,t=2,p=1$r42TFlHxL4r1rIJhrr4daQ$69z4Pq8MqIAf64o6pjQSd6pQ5/H0S5DiAzVn5OvJW+Y', 'Laura', 'Ortiz', 'buyer', true, true);
INSERT INTO users (id, email, password_hash, first_name, last_name, role, is_active, is_email_verified) VALUES ('6fb78c4a-717f-46fb-819a-3632d89331f0', 'carmen.flores@gmail.com', '$argon2id$v=19$m=19456,t=2,p=1$r42TFlHxL4r1rIJhrr4daQ$69z4Pq8MqIAf64o6pjQSd6pQ5/H0S5DiAzVn5OvJW+Y', 'Carmen', 'Flores', 'buyer', true, true);
INSERT INTO users (id, email, password_hash, first_name, last_name, role, is_active, is_email_verified) VALUES ('e26d10a9-2dc2-4d6a-ab77-19a9d0195809', 'jorgeherreramooool1@gmail.com', '$argon2id$v=19$m=19456,t=2,p=1$r42TFlHxL4r1rIJhrr4daQ$69z4Pq8MqIAf64o6pjQSd6pQ5/H0S5DiAzVn5OvJW+Y', 'Jorge', 'Herrera', 'buyer', true, true);
INSERT INTO users (id, email, password_hash, first_name, last_name, role, is_active, is_email_verified) VALUES ('67353710-22d3-4560-a7a8-d03d9735c866', 'luciarojasfaca@gmail.com', '$argon2id$v=19$m=19456,t=2,p=1$r42TFlHxL4r1rIJhrr4daQ$69z4Pq8MqIAf64o6pjQSd6pQ5/H0S5DiAzVn5OvJW+Y', 'Lucia', 'Rojas', 'buyer', true, true);
INSERT INTO users (id, email, password_hash, first_name, last_name, role, is_active, is_email_verified) VALUES ('12da5177-cbb8-4a70-8316-6e59ec1d49a7', 'raul.medina94@gmail.com', '$argon2id$v=19$m=19456,t=2,p=1$r42TFlHxL4r1rIJhrr4daQ$69z4Pq8MqIAf64o6pjQSd6pQ5/H0S5DiAzVn5OvJW+Y', 'Raul', 'Medina', 'buyer', true, true);
INSERT INTO users (id, email, password_hash, first_name, last_name, role, is_active, is_email_verified) VALUES ('cb755f08-0c95-464e-8220-36224f8a3277', 'sandra.aguilar_mx@gmail.com', '$argon2id$v=19$m=19456,t=2,p=1$r42TFlHxL4r1rIJhrr4daQ$69z4Pq8MqIAf64o6pjQSd6pQ5/H0S5DiAzVn5OvJW+Y', 'Sandra', 'Aguilar', 'buyer', true, true);
INSERT INTO users (id, email, password_hash, first_name, last_name, role, is_active, is_email_verified) VALUES ('ce848e4b-b4dd-42a4-8bf4-82abc29db6c3', 'andres.rios22@gmail.com', '$argon2id$v=19$m=19456,t=2,p=1$r42TFlHxL4r1rIJhrr4daQ$69z4Pq8MqIAf64o6pjQSd6pQ5/H0S5DiAzVn5OvJW+Y', 'Andres', 'Rios', 'buyer', true, true);
INSERT INTO users (id, email, password_hash, first_name, last_name, role, is_active, is_email_verified) VALUES ('7a29b129-5cb3-4857-aec4-43a576e06171', 'patricia.navarro7@gmail.com', '$argon2id$v=19$m=19456,t=2,p=1$r42TFlHxL4r1rIJhrr4daQ$69z4Pq8MqIAf64o6pjQSd6pQ5/H0S5DiAzVn5OvJW+Y', 'Patricia', 'Navarro', 'buyer', true, true);
INSERT INTO users (id, email, password_hash, first_name, last_name, role, is_active, is_email_verified) VALUES ('33d63a63-ea47-4a31-9586-9afc292f3adb', 'fsilva.fernando@gmail.com', '$argon2id$v=19$m=19456,t=2,p=1$r42TFlHxL4r1rIJhrr4daQ$69z4Pq8MqIAf64o6pjQSd6pQ5/H0S5DiAzVn5OvJW+Y', 'Fernando', 'Silva', 'buyer', true, true);
INSERT INTO users (id, email, password_hash, first_name, last_name, role, is_active, is_email_verified) VALUES ('6ca166b2-4824-4cca-a4c7-e27565c8b232', 'paula.mendoza13@gmail.com', '$argon2id$v=19$m=19456,t=2,p=1$r42TFlHxL4r1rIJhrr4daQ$69z4Pq8MqIAf64o6pjQSd6pQ5/H0S5DiAzVn5OvJW+Y', 'Paula', 'Mendoza', 'buyer', true, true);
INSERT INTO users (id, email, password_hash, first_name, last_name, role, is_active, is_email_verified) VALUES ('230da9ce-d41b-4ec5-9ceb-386924ea1c06', 'r.soto.ricardo@gmail.com', '$argon2id$v=19$m=19456,t=2,p=1$r42TFlHxL4r1rIJhrr4daQ$69z4Pq8MqIAf64o6pjQSd6pQ5/H0S5DiAzVn5OvJW+Y', 'Ricardo', 'Soto', 'buyer', true, true);
INSERT INTO users (id, email, password_hash, first_name, last_name, role, is_active, is_email_verified) VALUES ('2d5f606f-9ae7-4c10-b1c2-2393a692d40d', 'gloria.delgado88@gmail.com', '$argon2id$v=19$m=19456,t=2,p=1$r42TFlHxL4r1rIJhrr4daQ$69z4Pq8MqIAf64o6pjQSd6pQ5/H0S5DiAzVn5OvJW+Y', 'Gloria', 'Delgado', 'buyer', true, true);
INSERT INTO users (id, email, password_hash, first_name, last_name, role, is_active, is_email_verified) VALUES ('e67cde45-f9ae-4fee-9aa4-f03ccf2e6bb5', 'hugo.vega_hv@gmail.com', '$argon2id$v=19$m=19456,t=2,p=1$r42TFlHxL4r1rIJhrr4daQ$69z4Pq8MqIAf64o6pjQSd6pQ5/H0S5DiAzVn5OvJW+Y', 'Hugo', 'Vega', 'buyer', true, true);
INSERT INTO users (id, email, password_hash, first_name, last_name, role, is_active, is_email_verified) VALUES ('0d17ca10-022d-4bd7-a0fb-54adb997e7ee', 'rosa.guerrero5@gmail.com', '$argon2id$v=19$m=19456,t=2,p=1$r42TFlHxL4r1rIJhrr4daQ$69z4Pq8MqIAf64o6pjQSd6pQ5/H0S5DiAzVn5OvJW+Y', 'Rosa', 'Guerrero', 'buyer', true, true);
INSERT INTO users (id, email, password_hash, first_name, last_name, role, is_active, is_email_verified) VALUES ('2e442dea-1261-4122-bb3a-53813bbdc731', 'roberto.cruz44@gmail.com', '$argon2id$v=19$m=19456,t=2,p=1$r42TFlHxL4r1rIJhrr4daQ$69z4Pq8MqIAf64o6pjQSd6pQ5/H0S5DiAzVn5OvJW+Y', 'Roberto', 'Cruz', 'buyer', true, true);
INSERT INTO users (id, email, password_hash, first_name, last_name, role, is_active, is_email_verified) VALUES ('9b808deb-9b28-450f-8eab-1ff280394a6a', 'teresa.reyes_tr@gmail.com', '$argon2id$v=19$m=19456,t=2,p=1$r42TFlHxL4r1rIJhrr4daQ$69z4Pq8MqIAf64o6pjQSd6pQ5/H0S5DiAzVn5OvJW+Y', 'Teresa', 'Reyes', 'buyer', true, true);
INSERT INTO users (id, email, password_hash, first_name, last_name, role, is_active, is_email_verified) VALUES ('bf19b247-f850-4e54-a4ae-ff71de360284', 'alejandro.leon9@gmail.com', '$argon2id$v=19$m=19456,t=2,p=1$r42TFlHxL4r1rIJhrr4daQ$69z4Pq8MqIAf64o6pjQSd6pQ5/H0S5DiAzVn5OvJW+Y', 'Alejandro', 'Leon', 'buyer', true, true);
INSERT INTO users (id, email, password_hash, first_name, last_name, role, is_active, is_email_verified) VALUES ('383362c3-26c1-44d6-bf0a-ec9aa6d1d435', 'marta.castillo03@gmail.com', '$argon2id$v=19$m=19456,t=2,p=1$r42TFlHxL4r1rIJhrr4daQ$69z4Pq8MqIAf64o6pjQSd6pQ5/H0S5DiAzVn5OvJW+Y', 'Marta', 'Castillo', 'buyer', true, true);
INSERT INTO users (id, email, password_hash, first_name, last_name, role, is_active, is_email_verified) VALUES ('455c4044-9993-4160-8bbc-c86f7d1ae87a', 'jguzman.javier@gmail.com', '$argon2id$v=19$m=19456,t=2,p=1$r42TFlHxL4r1rIJhrr4daQ$69z4Pq8MqIAf64o6pjQSd6pQ5/H0S5DiAzVn5OvJW+Y', 'Javier', 'Guzman', 'buyer', true, true);
INSERT INTO users (id, email, password_hash, first_name, last_name, role, is_active, is_email_verified) VALUES ('77172e09-77c4-4422-aaa3-d87815efbada', 'isabel.suarez17@gmail.com', '$argon2id$v=19$m=19456,t=2,p=1$r42TFlHxL4r1rIJhrr4daQ$69z4Pq8MqIAf64o6pjQSd6pQ5/H0S5DiAzVn5OvJW+Y', 'Isabel', 'Suarez', 'buyer', true, true);
INSERT INTO users (id, email, password_hash, first_name, last_name, role, is_active, is_email_verified) VALUES ('6f9af9de-dd5a-4254-b8aa-2a888dfe76d6', 'manuel.romero_m@gmail.com', '$argon2id$v=19$m=19456,t=2,p=1$r42TFlHxL4r1rIJhrr4daQ$69z4Pq8MqIAf64o6pjQSd6pQ5/H0S5DiAzVn5OvJW+Y', 'Manuel', 'Romero', 'buyer', true, true);
INSERT INTO users (id, email, password_hash, first_name, last_name, role, is_active, is_email_verified) VALUES ('19eb16e5-7825-414e-921c-763b5190305d', 'silvia.pena21@gmail.com', '$argon2id$v=19$m=19456,t=2,p=1$r42TFlHxL4r1rIJhrr4daQ$69z4Pq8MqIAf64o6pjQSd6pQ5/H0S5DiAzVn5OvJW+Y', 'Silvia', 'Pena', 'buyer', true, true);
INSERT INTO users (id, email, password_hash, first_name, last_name, role, is_active, is_email_verified) VALUES ('1b0c09ee-6918-4dee-8877-25178ad686b3', 'pablo.herrero6@gmail.com', '$argon2id$v=19$m=19456,t=2,p=1$r42TFlHxL4r1rIJhrr4daQ$69z4Pq8MqIAf64o6pjQSd6pQ5/H0S5DiAzVn5OvJW+Y', 'Pablo', 'Herrero', 'buyer', true, true);
INSERT INTO users (id, email, password_hash, first_name, last_name, role, is_active, is_email_verified) VALUES ('1fe530d6-dcef-40d9-a570-f5eee43fe7be', 'daniela.jimenez99@gmail.com', '$argon2id$v=19$m=19456,t=2,p=1$r42TFlHxL4r1rIJhrr4daQ$69z4Pq8MqIAf64o6pjQSd6pQ5/H0S5DiAzVn5OvJW+Y', 'Daniela', 'Jimenez', 'buyer', true, true);
INSERT INTO users (id, email, password_hash, first_name, last_name, role, is_active, is_email_verified) VALUES ('a80d151a-8d79-4c18-bc35-fcf4ca81c6c3', 'e.nunez.eduardo@gmail.com', '$argon2id$v=19$m=19456,t=2,p=1$r42TFlHxL4r1rIJhrr4daQ$69z4Pq8MqIAf64o6pjQSd6pQ5/H0S5DiAzVn5OvJW+Y', 'Eduardo', 'Nunez', 'buyer', true, true);
INSERT INTO users (id, email, password_hash, first_name, last_name, role, is_active, is_email_verified) VALUES ('2824350a-2dd8-45d2-bd34-fdfd19bc56e7', 'adriana.cabrera_c@gmail.com', '$argon2id$v=19$m=19456,t=2,p=1$r42TFlHxL4r1rIJhrr4daQ$69z4Pq8MqIAf64o6pjQSd6pQ5/H0S5DiAzVn5OvJW+Y', 'Adriana', 'Cabrera', 'buyer', true, true);
INSERT INTO users (id, email, password_hash, first_name, last_name, role, is_active, is_email_verified) VALUES ('7db5ddb6-84be-4932-8634-77357bc78773', 'rodrigo.vidal08@gmail.com', '$argon2id$v=19$m=19456,t=2,p=1$r42TFlHxL4r1rIJhrr4daQ$69z4Pq8MqIAf64o6pjQSd6pQ5/H0S5DiAzVn5OvJW+Y', 'Rodrigo', 'Vidal', 'buyer', true, true);
INSERT INTO users (id, email, password_hash, first_name, last_name, role, is_active, is_email_verified) VALUES ('a5dd5f4f-d7c7-48b3-a2bf-c7ab1ea50d5b', 'natalia.pineda_np@gmail.com', '$argon2id$v=19$m=19456,t=2,p=1$r42TFlHxL4r1rIJhrr4daQ$69z4Pq8MqIAf64o6pjQSd6pQ5/H0S5DiAzVn5OvJW+Y', 'Natalia', 'Pineda', 'buyer', true, true);
INSERT INTO users (id, email, password_hash, first_name, last_name, role, is_active, is_email_verified) VALUES ('bd99ec3c-0c88-413b-a262-3757d3292fe5', 'victor.mtz38@gmail.com', '$argon2id$v=19$m=19456,t=2,p=1$r42TFlHxL4r1rIJhrr4daQ$69z4Pq8MqIAf64o6pjQSd6pQ5/H0S5DiAzVn5OvJW+Y', 'Victor', 'Martinez', 'buyer', true, true);
INSERT INTO users (id, email, password_hash, first_name, last_name, role, is_active, is_email_verified) VALUES ('730ca2c2-2771-4352-a87e-f1e6b9d5b829', 'camila.lopez_cl@gmail.com', '$argon2id$v=19$m=19456,t=2,p=1$r42TFlHxL4r1rIJhrr4daQ$69z4Pq8MqIAf64o6pjQSd6pQ5/H0S5DiAzVn5OvJW+Y', 'Camila', 'Lopez', 'buyer', true, true);
INSERT INTO users (id, email, password_hash, first_name, last_name, role, is_active, is_email_verified) VALUES ('ba12757c-91f4-49b2-8640-a84cc5f3315f', 'miguel.hernandez55@gmail.com', '$argon2id$v=19$m=19456,t=2,p=1$r42TFlHxL4r1rIJhrr4daQ$69z4Pq8MqIAf64o6pjQSd6pQ5/H0S5DiAzVn5OvJW+Y', 'Miguel', 'Hernandez', 'buyer', true, true);

-- PRODUCTS
INSERT INTO products (id, seller_id, category_id, name, unit_cost, sale_price, is_perishable, is_active) VALUES ('e66706b7-638d-4264-b53d-91ec84f67728', 'b55a3a64-d409-454f-848e-8b2dbb7dea01', '96a6da6d-d8a1-4635-8912-26b047979bb9', 'Hamburguesa', 15.38, 32.58, true, true);
INSERT INTO products (id, seller_id, category_id, name, unit_cost, sale_price, is_perishable, is_active) VALUES ('1a49f936-586b-4ddd-90d5-a83e5608912e', 'b55a3a64-d409-454f-848e-8b2dbb7dea01', '96a6da6d-d8a1-4635-8912-26b047979bb9', 'Chicharrines', 18.67, 39.55, true, true);
INSERT INTO products (id, seller_id, category_id, name, unit_cost, sale_price, is_perishable, is_active) VALUES ('62b5ee34-2747-4924-84ea-9226d2274ace', 'b55a3a64-d409-454f-848e-8b2dbb7dea01', 'dd8b529b-3374-4e51-bdf1-82f599d03e73', 'Burritos', 10.16, 21.52, false, true);
INSERT INTO products (id, seller_id, category_id, name, unit_cost, sale_price, is_perishable, is_active) VALUES ('7574221b-4b15-4e7f-9e34-80cc14cefb84', 'b55a3a64-d409-454f-848e-8b2dbb7dea01', 'dd8b529b-3374-4e51-bdf1-82f599d03e73', 'Chicles', 5.61, 11.88, false, true);
INSERT INTO products (id, seller_id, category_id, name, unit_cost, sale_price, is_perishable, is_active) VALUES ('510b7a08-bcf1-48ae-afc3-7754f000364e', '70cc8c20-4ecd-4b23-be5d-413a3f56589e', '96a6da6d-d8a1-4635-8912-26b047979bb9', 'Burrito', 16.41, 27.64, true, true);
INSERT INTO products (id, seller_id, category_id, name, unit_cost, sale_price, is_perishable, is_active) VALUES ('4393ffe2-f873-4c8d-8826-5a899492643a', '70cc8c20-4ecd-4b23-be5d-413a3f56589e', '96a6da6d-d8a1-4635-8912-26b047979bb9', 'Ensalada', 22.58, 38.04, true, true);
INSERT INTO products (id, seller_id, category_id, name, unit_cost, sale_price, is_perishable, is_active) VALUES ('3a840b25-30f7-4f1f-b578-b10ca5f9a872', '70cc8c20-4ecd-4b23-be5d-413a3f56589e', 'dd8b529b-3374-4e51-bdf1-82f599d03e73', 'Papitas', 8.93, 15.04, false, true);
INSERT INTO products (id, seller_id, category_id, name, unit_cost, sale_price, is_perishable, is_active) VALUES ('f6fade2b-b376-4fa5-b5f0-e4e326f8343e', '70cc8c20-4ecd-4b23-be5d-413a3f56589e', 'dd8b529b-3374-4e51-bdf1-82f599d03e73', 'Papas adobadas', 7.94, 13.38, false, true);
INSERT INTO products (id, seller_id, category_id, name, unit_cost, sale_price, is_perishable, is_active) VALUES ('0ccd60ee-d4e9-45d2-9dd7-d03dff1cbf51', '1167a03f-db17-407a-9350-96c84d1299b9', '96a6da6d-d8a1-4635-8912-26b047979bb9', 'Ensalada Cesar', 27.14, 56.29, true, true);
INSERT INTO products (id, seller_id, category_id, name, unit_cost, sale_price, is_perishable, is_active) VALUES ('1ab3a714-0ef7-4ec2-a8e5-006b33a80448', '1167a03f-db17-407a-9350-96c84d1299b9', '96a6da6d-d8a1-4635-8912-26b047979bb9', 'Sandwich', 26.38, 54.71, true, true);
INSERT INTO products (id, seller_id, category_id, name, unit_cost, sale_price, is_perishable, is_active) VALUES ('68faf759-f8e4-4c65-b25c-3ac2d52000f2', '1167a03f-db17-407a-9350-96c84d1299b9', 'dd8b529b-3374-4e51-bdf1-82f599d03e73', 'Galletas Chokis', 9.89, 20.51, false, true);
INSERT INTO products (id, seller_id, category_id, name, unit_cost, sale_price, is_perishable, is_active) VALUES ('5b8ecada-4c8f-4cdf-a1ac-e6404b3a0c4f', '1167a03f-db17-407a-9350-96c84d1299b9', 'eb95e35d-c40d-4207-a86c-5b337d92c901', 'Coca COLA', 6.95, 14.41, false, true);
INSERT INTO products (id, seller_id, category_id, name, unit_cost, sale_price, is_perishable, is_active) VALUES ('a423596d-cf1e-4bec-8d5e-424aa198daf5', '2a75a981-7955-4f44-8c17-a8d38943ac11', '96a6da6d-d8a1-4635-8912-26b047979bb9', 'Carlotas', 20.05, 24.35, true, true);
INSERT INTO products (id, seller_id, category_id, name, unit_cost, sale_price, is_perishable, is_active) VALUES ('2e4b657c-d613-4fe5-9081-2a18addec3ce', '2a75a981-7955-4f44-8c17-a8d38943ac11', '96a6da6d-d8a1-4635-8912-26b047979bb9', 'Cheesecake', 20.70, 25.14, true, true);
INSERT INTO products (id, seller_id, category_id, name, unit_cost, sale_price, is_perishable, is_active) VALUES ('c2287b0f-e609-4f82-b85c-13c021d01029', '2a75a981-7955-4f44-8c17-a8d38943ac11', 'dd8b529b-3374-4e51-bdf1-82f599d03e73', 'Platanitos', 10.93, 13.27, false, true);
INSERT INTO products (id, seller_id, category_id, name, unit_cost, sale_price, is_perishable, is_active) VALUES ('4f0d4e89-33ab-4aa7-8248-ee87e9dcb169', '2a75a981-7955-4f44-8c17-a8d38943ac11', 'eb95e35d-c40d-4207-a86c-5b337d92c901', 'Paletas', 6.85, 8.32, false, true);
INSERT INTO products (id, seller_id, category_id, name, unit_cost, sale_price, is_perishable, is_active) VALUES ('3b632f10-4276-4777-a066-685920b76863', '0b509ac3-8a29-442b-9e33-cd466ebb6126', '96a6da6d-d8a1-4635-8912-26b047979bb9', 'Burrito Pollo', 23.04, 27.38, true, true);
INSERT INTO products (id, seller_id, category_id, name, unit_cost, sale_price, is_perishable, is_active) VALUES ('7dbb5e6b-07db-4acf-a0a2-637a637e7579', '0b509ac3-8a29-442b-9e33-cd466ebb6126', '96a6da6d-d8a1-4635-8912-26b047979bb9', 'Sandwich de Atun', 16.18, 19.22, true, true);
INSERT INTO products (id, seller_id, category_id, name, unit_cost, sale_price, is_perishable, is_active) VALUES ('3ea3bf9c-22ef-47a0-9264-a48ca359035a', '0b509ac3-8a29-442b-9e33-cd466ebb6126', 'dd8b529b-3374-4e51-bdf1-82f599d03e73', 'Barritas', 10.81, 12.84, false, true);
INSERT INTO products (id, seller_id, category_id, name, unit_cost, sale_price, is_perishable, is_active) VALUES ('157fe97c-a64f-4be8-b2e6-4c7249164e82', '0b509ac3-8a29-442b-9e33-cd466ebb6126', 'dd8b529b-3374-4e51-bdf1-82f599d03e73', 'Galletas oreo', 11.20, 13.31, false, true);

-- ORDERS & ITEMS
INSERT INTO orders (id, buyer_id, seller_id, total_amount, status, created_at, updated_at) VALUES ('db791a74-bbde-4367-8593-feef041a4343', '33d63a63-ea47-4a31-9586-9afc292f3adb', 'b55a3a64-d409-454f-848e-8b2dbb7dea01', 56.34, 'completed', '2026-03-09 11:49:14', '2026-03-09 11:49:40');
INSERT INTO order_items (id, order_id, product_id, quantity, unit_price, created_at) VALUES ('4e98aa49-7727-4486-882d-cd592f689b68', 'db791a74-bbde-4367-8593-feef041a4343', 'e66706b7-638d-4264-b53d-91ec84f67728', 1, 32.58, '2026-03-09 11:49:39');
INSERT INTO order_items (id, order_id, product_id, quantity, unit_price, created_at) VALUES ('5de8e2da-7028-47f2-9be0-42a94402cc4f', 'db791a74-bbde-4367-8593-feef041a4343', '7574221b-4b15-4e7f-9e34-80cc14cefb84', 2, 11.88, '2026-03-09 11:49:37');
INSERT INTO orders (id, buyer_id, seller_id, total_amount, status, created_at, updated_at) VALUES ('49b0c93e-7430-4b39-a12b-11a194fc6eae', '0d17ca10-022d-4bd7-a0fb-54adb997e7ee', '2a75a981-7955-4f44-8c17-a8d38943ac11', 90.09, 'completed', '2026-03-17 10:23:54', '2026-03-17 10:23:20');
INSERT INTO order_items (id, order_id, product_id, quantity, unit_price, created_at) VALUES ('64886271-249e-460e-8f31-7597aef05574', '49b0c93e-7430-4b39-a12b-11a194fc6eae', '2e4b657c-d613-4fe5-9081-2a18addec3ce', 2, 25.14, '2026-03-17 10:23:05');
INSERT INTO order_items (id, order_id, product_id, quantity, unit_price, created_at) VALUES ('c3783e81-2c49-49f6-8a95-37ebcd5fe98a', '49b0c93e-7430-4b39-a12b-11a194fc6eae', 'c2287b0f-e609-4f82-b85c-13c021d01029', 3, 13.27, '2026-03-17 10:23:27');
INSERT INTO orders (id, buyer_id, seller_id, total_amount, status, created_at, updated_at) VALUES ('215b0012-2d38-4601-ba9f-13661604d2ed', 'e39f9c3d-5835-49cf-898d-39f7ee06e757', '0b509ac3-8a29-442b-9e33-cd466ebb6126', 97.59, 'completed', '2026-03-11 11:10:59', '2026-03-11 11:10:40');
INSERT INTO order_items (id, order_id, product_id, quantity, unit_price, created_at) VALUES ('7cd46e55-793a-4023-a899-4d4063816484', '215b0012-2d38-4601-ba9f-13661604d2ed', '157fe97c-a64f-4be8-b2e6-4c7249164e82', 3, 13.31, '2026-03-11 11:10:06');
INSERT INTO order_items (id, order_id, product_id, quantity, unit_price, created_at) VALUES ('b022cbaf-6a5c-45a2-a806-b66d80483516', '215b0012-2d38-4601-ba9f-13661604d2ed', '7dbb5e6b-07db-4acf-a0a2-637a637e7579', 3, 19.22, '2026-03-11 11:10:31');
INSERT INTO orders (id, buyer_id, seller_id, total_amount, status, created_at, updated_at) VALUES ('95c01586-e6f1-46d0-b780-9057a905e6a3', '230da9ce-d41b-4ec5-9ceb-386924ea1c06', '1167a03f-db17-407a-9350-96c84d1299b9', 41.02, 'completed', '2026-03-09 11:52:34', '2026-03-09 11:52:38');
INSERT INTO order_items (id, order_id, product_id, quantity, unit_price, created_at) VALUES ('46a8e611-014f-4fcd-8e77-ae210c0c597c', '95c01586-e6f1-46d0-b780-9057a905e6a3', '68faf759-f8e4-4c65-b25c-3ac2d52000f2', 2, 20.51, '2026-03-09 11:52:41');
INSERT INTO orders (id, buyer_id, seller_id, total_amount, status, created_at, updated_at) VALUES ('18c3bcb4-69ca-4d0b-93da-b74910d70b42', '0d17ca10-022d-4bd7-a0fb-54adb997e7ee', 'b55a3a64-d409-454f-848e-8b2dbb7dea01', 112.50, 'completed', '2026-03-12 13:13:12', '2026-03-12 13:13:52');
INSERT INTO order_items (id, order_id, product_id, quantity, unit_price, created_at) VALUES ('56eccf8e-7118-400c-b5d6-b41e3849b08f', '18c3bcb4-69ca-4d0b-93da-b74910d70b42', '7574221b-4b15-4e7f-9e34-80cc14cefb84', 1, 11.88, '2026-03-12 13:13:59');
INSERT INTO order_items (id, order_id, product_id, quantity, unit_price, created_at) VALUES ('b020a584-b87d-48e2-b4d5-220ff19ad53a', '18c3bcb4-69ca-4d0b-93da-b74910d70b42', '1a49f936-586b-4ddd-90d5-a83e5608912e', 2, 39.55, '2026-03-12 13:13:24');
INSERT INTO order_items (id, order_id, product_id, quantity, unit_price, created_at) VALUES ('7abad3e1-4132-493f-995f-d89fd53f9fe7', '18c3bcb4-69ca-4d0b-93da-b74910d70b42', '62b5ee34-2747-4924-84ea-9226d2274ace', 1, 21.52, '2026-03-12 13:13:45');
INSERT INTO orders (id, buyer_id, seller_id, total_amount, status, created_at, updated_at) VALUES ('810214a6-1709-457c-b989-2fb9e2993716', '2d5f606f-9ae7-4c10-b1c2-2393a692d40d', '0b509ac3-8a29-442b-9e33-cd466ebb6126', 58.68, 'completed', '2026-03-20 12:47:10', '2026-03-20 12:47:41');
INSERT INTO order_items (id, order_id, product_id, quantity, unit_price, created_at) VALUES ('853bebe1-b2db-4b62-bfd0-5e4635ad4d29', '810214a6-1709-457c-b989-2fb9e2993716', '157fe97c-a64f-4be8-b2e6-4c7249164e82', 2, 13.31, '2026-03-20 12:47:39');
INSERT INTO order_items (id, order_id, product_id, quantity, unit_price, created_at) VALUES ('a8d72b48-c47d-4c5d-9c42-92b31762124d', '810214a6-1709-457c-b989-2fb9e2993716', '3ea3bf9c-22ef-47a0-9264-a48ca359035a', 1, 12.84, '2026-03-20 12:47:17');
INSERT INTO order_items (id, order_id, product_id, quantity, unit_price, created_at) VALUES ('bdab5419-bae9-4c0a-b5e7-4ca8f0acdf82', '810214a6-1709-457c-b989-2fb9e2993716', '7dbb5e6b-07db-4acf-a0a2-637a637e7579', 1, 19.22, '2026-03-20 12:47:28');
INSERT INTO orders (id, buyer_id, seller_id, total_amount, status, created_at, updated_at) VALUES ('afedfc72-21f2-4b1f-acde-47098f4dd178', 'bd99ec3c-0c88-413b-a262-3757d3292fe5', '2a75a981-7955-4f44-8c17-a8d38943ac11', 75.42, 'completed', '2026-03-10 08:55:07', '2026-03-10 08:55:43');
INSERT INTO order_items (id, order_id, product_id, quantity, unit_price, created_at) VALUES ('cb7302a7-373e-4232-9d22-643590505b1f', 'afedfc72-21f2-4b1f-acde-47098f4dd178', '2e4b657c-d613-4fe5-9081-2a18addec3ce', 3, 25.14, '2026-03-10 08:55:37');
INSERT INTO orders (id, buyer_id, seller_id, total_amount, status, created_at, updated_at) VALUES ('2cfcdd66-e0b1-49a1-b5cd-2e8761f73c0a', 'ce848e4b-b4dd-42a4-8bf4-82abc29db6c3', '2a75a981-7955-4f44-8c17-a8d38943ac11', 113.65, 'completed', '2026-03-10 14:24:48', '2026-03-10 14:24:37');
INSERT INTO order_items (id, order_id, product_id, quantity, unit_price, created_at) VALUES ('58dca000-1880-4379-9e3e-a72ba0ccada0', '2cfcdd66-e0b1-49a1-b5cd-2e8761f73c0a', '4f0d4e89-33ab-4aa7-8248-ee87e9dcb169', 3, 8.32, '2026-03-10 14:24:57');
INSERT INTO order_items (id, order_id, product_id, quantity, unit_price, created_at) VALUES ('c5df64a0-be78-42be-8ac3-f23b53f31da9', '2cfcdd66-e0b1-49a1-b5cd-2e8761f73c0a', 'c2287b0f-e609-4f82-b85c-13c021d01029', 1, 13.27, '2026-03-10 14:24:11');
INSERT INTO order_items (id, order_id, product_id, quantity, unit_price, created_at) VALUES ('001d37ab-beb3-481b-b686-9fadf38be270', '2cfcdd66-e0b1-49a1-b5cd-2e8761f73c0a', '2e4b657c-d613-4fe5-9081-2a18addec3ce', 3, 25.14, '2026-03-10 14:24:29');
INSERT INTO orders (id, buyer_id, seller_id, total_amount, status, created_at, updated_at) VALUES ('15b6c774-68ae-4923-8ec2-46510f5176e4', '67353710-22d3-4560-a7a8-d03d9735c866', '0b509ac3-8a29-442b-9e33-cd466ebb6126', 54.00, 'completed', '2026-03-13 13:07:18', '2026-03-13 13:07:45');
INSERT INTO order_items (id, order_id, product_id, quantity, unit_price, created_at) VALUES ('9f2855a8-d458-4bb6-92b1-17fdb89965a2', '15b6c774-68ae-4923-8ec2-46510f5176e4', '157fe97c-a64f-4be8-b2e6-4c7249164e82', 2, 13.31, '2026-03-13 13:07:22');
INSERT INTO order_items (id, order_id, product_id, quantity, unit_price, created_at) VALUES ('70fc36d9-7b8c-4330-9320-011463905978', '15b6c774-68ae-4923-8ec2-46510f5176e4', '3b632f10-4276-4777-a066-685920b76863', 1, 27.38, '2026-03-13 13:07:59');
INSERT INTO orders (id, buyer_id, seller_id, total_amount, status, created_at, updated_at) VALUES ('61fbe640-4b01-4d69-bf67-ce0f402d9508', 'e67cde45-f9ae-4fee-9aa4-f03ccf2e6bb5', '0b509ac3-8a29-442b-9e33-cd466ebb6126', 66.84, 'completed', '2026-03-11 09:55:49', '2026-03-11 09:55:30');
INSERT INTO order_items (id, order_id, product_id, quantity, unit_price, created_at) VALUES ('5fe2b160-76a5-491a-bc55-cdd0b89722e3', '61fbe640-4b01-4d69-bf67-ce0f402d9508', '3ea3bf9c-22ef-47a0-9264-a48ca359035a', 1, 12.84, '2026-03-11 09:55:02');
INSERT INTO order_items (id, order_id, product_id, quantity, unit_price, created_at) VALUES ('fc8c6b76-1b0d-4c86-8292-831361337708', '61fbe640-4b01-4d69-bf67-ce0f402d9508', '157fe97c-a64f-4be8-b2e6-4c7249164e82', 2, 13.31, '2026-03-11 09:55:52');
INSERT INTO order_items (id, order_id, product_id, quantity, unit_price, created_at) VALUES ('197cfb34-c426-4c83-bca8-409f48af18e3', '61fbe640-4b01-4d69-bf67-ce0f402d9508', '3b632f10-4276-4777-a066-685920b76863', 1, 27.38, '2026-03-11 09:55:47');
INSERT INTO orders (id, buyer_id, seller_id, total_amount, status, created_at, updated_at) VALUES ('b275ed51-614d-4f2d-aa46-f34b0df41ed4', 'ba12757c-91f4-49b2-8640-a84cc5f3315f', '0b509ac3-8a29-442b-9e33-cd466ebb6126', 54.76, 'completed', '2026-03-09 13:31:01', '2026-03-09 13:31:09');
INSERT INTO order_items (id, order_id, product_id, quantity, unit_price, created_at) VALUES ('c8317554-9f6f-4cac-b1a5-be3e79bc3600', 'b275ed51-614d-4f2d-aa46-f34b0df41ed4', '3b632f10-4276-4777-a066-685920b76863', 2, 27.38, '2026-03-09 13:31:52');
INSERT INTO orders (id, buyer_id, seller_id, total_amount, status, created_at, updated_at) VALUES ('348d3e68-a304-49fb-bd87-88fc72ce2bdb', '9b808deb-9b28-450f-8eab-1ff280394a6a', '70cc8c20-4ecd-4b23-be5d-413a3f56589e', 105.82, 'completed', '2026-03-09 11:56:28', '2026-03-09 11:56:59');
INSERT INTO order_items (id, order_id, product_id, quantity, unit_price, created_at) VALUES ('2709e5e8-6bc3-4776-91a5-0221cfd8f6f8', '348d3e68-a304-49fb-bd87-88fc72ce2bdb', '510b7a08-bcf1-48ae-afc3-7754f000364e', 1, 27.64, '2026-03-09 11:56:35');
INSERT INTO order_items (id, order_id, product_id, quantity, unit_price, created_at) VALUES ('069bc748-64c2-4939-8aad-95ea5f9e20e6', '348d3e68-a304-49fb-bd87-88fc72ce2bdb', 'f6fade2b-b376-4fa5-b5f0-e4e326f8343e', 3, 13.38, '2026-03-09 11:56:18');
INSERT INTO order_items (id, order_id, product_id, quantity, unit_price, created_at) VALUES ('12fc2a49-ec48-498d-af8a-6954c20b1e41', '348d3e68-a304-49fb-bd87-88fc72ce2bdb', '4393ffe2-f873-4c8d-8826-5a899492643a', 1, 38.04, '2026-03-09 11:56:51');
INSERT INTO orders (id, buyer_id, seller_id, total_amount, status, created_at, updated_at) VALUES ('1c17dc72-471f-4120-bf9d-5b862b16d2a4', '12da5177-cbb8-4a70-8316-6e59ec1d49a7', '2a75a981-7955-4f44-8c17-a8d38943ac11', 100.20, 'completed', '2026-03-20 10:16:50', '2026-03-20 10:16:13');
INSERT INTO order_items (id, order_id, product_id, quantity, unit_price, created_at) VALUES ('2df4c495-897b-4d23-a3c1-c60e480919d3', '1c17dc72-471f-4120-bf9d-5b862b16d2a4', '4f0d4e89-33ab-4aa7-8248-ee87e9dcb169', 3, 8.32, '2026-03-20 10:16:27');
INSERT INTO order_items (id, order_id, product_id, quantity, unit_price, created_at) VALUES ('f736ba3a-c1a3-40b3-b542-649952fc91d4', '1c17dc72-471f-4120-bf9d-5b862b16d2a4', 'a423596d-cf1e-4bec-8d5e-424aa198daf5', 2, 24.35, '2026-03-20 10:16:23');
INSERT INTO order_items (id, order_id, product_id, quantity, unit_price, created_at) VALUES ('224c8a46-4060-48ef-9f81-65db33e935f0', '1c17dc72-471f-4120-bf9d-5b862b16d2a4', 'c2287b0f-e609-4f82-b85c-13c021d01029', 2, 13.27, '2026-03-20 10:16:58');
INSERT INTO orders (id, buyer_id, seller_id, total_amount, status, created_at, updated_at) VALUES ('e266993e-0a52-44be-8e4e-e323bc0555c4', '77172e09-77c4-4422-aaa3-d87815efbada', '2a75a981-7955-4f44-8c17-a8d38943ac11', 25.14, 'completed', '2026-03-20 15:07:37', '2026-03-20 15:07:20');
INSERT INTO order_items (id, order_id, product_id, quantity, unit_price, created_at) VALUES ('739bb13a-f5d0-4cd3-8945-5e6d12b2f10b', 'e266993e-0a52-44be-8e4e-e323bc0555c4', '2e4b657c-d613-4fe5-9081-2a18addec3ce', 1, 25.14, '2026-03-20 15:07:20');
INSERT INTO orders (id, buyer_id, seller_id, total_amount, status, created_at, updated_at) VALUES ('b8077a69-2345-4134-bc07-1558f662d1bd', '383362c3-26c1-44d6-bf0a-ec9aa6d1d435', 'b55a3a64-d409-454f-848e-8b2dbb7dea01', 32.58, 'completed', '2026-03-20 11:37:34', '2026-03-20 11:37:40');
INSERT INTO order_items (id, order_id, product_id, quantity, unit_price, created_at) VALUES ('d7f5e822-cb32-4106-8527-e4d3d3b93695', 'b8077a69-2345-4134-bc07-1558f662d1bd', 'e66706b7-638d-4264-b53d-91ec84f67728', 1, 32.58, '2026-03-20 11:37:50');
INSERT INTO orders (id, buyer_id, seller_id, total_amount, status, created_at, updated_at) VALUES ('47d67a03-88be-40a6-8459-5a6acdba655c', '5f660a50-a300-43ea-9f54-238281c53f8e', '70cc8c20-4ecd-4b23-be5d-413a3f56589e', 57.72, 'completed', '2026-03-10 08:55:09', '2026-03-10 08:55:49');
INSERT INTO order_items (id, order_id, product_id, quantity, unit_price, created_at) VALUES ('06793915-9c33-4f74-9d19-ebc76a66fb72', '47d67a03-88be-40a6-8459-5a6acdba655c', '510b7a08-bcf1-48ae-afc3-7754f000364e', 1, 27.64, '2026-03-10 08:55:43');
INSERT INTO order_items (id, order_id, product_id, quantity, unit_price, created_at) VALUES ('155c596e-891a-4b82-8b7c-166c214100dc', '47d67a03-88be-40a6-8459-5a6acdba655c', '3a840b25-30f7-4f1f-b578-b10ca5f9a872', 2, 15.04, '2026-03-10 08:55:05');
INSERT INTO orders (id, buyer_id, seller_id, total_amount, status, created_at, updated_at) VALUES ('68369cfe-f1fb-4304-bf35-2f492cdaf51d', 'a5dd5f4f-d7c7-48b3-a2bf-c7ab1ea50d5b', '70cc8c20-4ecd-4b23-be5d-413a3f56589e', 92.44, 'completed', '2026-03-20 10:46:59', '2026-03-20 10:46:47');
INSERT INTO order_items (id, order_id, product_id, quantity, unit_price, created_at) VALUES ('9eba928a-e72b-4102-954d-e79007b39637', '68369cfe-f1fb-4304-bf35-2f492cdaf51d', 'f6fade2b-b376-4fa5-b5f0-e4e326f8343e', 2, 13.38, '2026-03-20 10:46:09');
INSERT INTO order_items (id, order_id, product_id, quantity, unit_price, created_at) VALUES ('e39a2b57-22d2-47d5-9504-e7fb5fd31346', '68369cfe-f1fb-4304-bf35-2f492cdaf51d', '510b7a08-bcf1-48ae-afc3-7754f000364e', 1, 27.64, '2026-03-20 10:46:06');
INSERT INTO order_items (id, order_id, product_id, quantity, unit_price, created_at) VALUES ('cd7a3d6b-b126-4015-8f0b-a7eb3770d147', '68369cfe-f1fb-4304-bf35-2f492cdaf51d', '4393ffe2-f873-4c8d-8826-5a899492643a', 1, 38.04, '2026-03-20 10:46:49');
INSERT INTO orders (id, buyer_id, seller_id, total_amount, status, created_at, updated_at) VALUES ('9bf9c257-c8d7-4b27-aeb9-0d9708833f3c', 'e26d10a9-2dc2-4d6a-ab77-19a9d0195809', '2a75a981-7955-4f44-8c17-a8d38943ac11', 112.86, 'completed', '2026-03-17 14:26:43', '2026-03-17 14:26:11');
INSERT INTO order_items (id, order_id, product_id, quantity, unit_price, created_at) VALUES ('d2f7ebec-01c3-41fd-b84a-59467184720c', '9bf9c257-c8d7-4b27-aeb9-0d9708833f3c', 'a423596d-cf1e-4bec-8d5e-424aa198daf5', 3, 24.35, '2026-03-17 14:26:25');
INSERT INTO order_items (id, order_id, product_id, quantity, unit_price, created_at) VALUES ('8142765e-882d-422d-a79f-ec0d25752a26', '9bf9c257-c8d7-4b27-aeb9-0d9708833f3c', 'c2287b0f-e609-4f82-b85c-13c021d01029', 3, 13.27, '2026-03-17 14:26:57');
INSERT INTO orders (id, buyer_id, seller_id, total_amount, status, created_at, updated_at) VALUES ('497f1685-2027-4511-8218-a0b873c4d3d6', 'e26d10a9-2dc2-4d6a-ab77-19a9d0195809', 'b55a3a64-d409-454f-848e-8b2dbb7dea01', 39.55, 'completed', '2026-03-18 13:51:04', '2026-03-18 13:51:48');
INSERT INTO order_items (id, order_id, product_id, quantity, unit_price, created_at) VALUES ('8335a3ce-0b27-4b22-9dae-f81c26ac5888', '497f1685-2027-4511-8218-a0b873c4d3d6', '1a49f936-586b-4ddd-90d5-a83e5608912e', 1, 39.55, '2026-03-18 13:51:24');
INSERT INTO orders (id, buyer_id, seller_id, total_amount, status, created_at, updated_at) VALUES ('01510e75-44ce-4e06-a73a-29e0bc640500', '33d63a63-ea47-4a31-9586-9afc292f3adb', '0b509ac3-8a29-442b-9e33-cd466ebb6126', 25.68, 'completed', '2026-03-19 10:27:04', '2026-03-19 10:27:09');
INSERT INTO order_items (id, order_id, product_id, quantity, unit_price, created_at) VALUES ('093ef23e-adae-4f29-92f9-d419aadc2129', '01510e75-44ce-4e06-a73a-29e0bc640500', '3ea3bf9c-22ef-47a0-9264-a48ca359035a', 2, 12.84, '2026-03-19 10:27:23');
INSERT INTO orders (id, buyer_id, seller_id, total_amount, status, created_at, updated_at) VALUES ('76a66cd7-f57e-4a07-a7c8-653745220c91', '2d5f606f-9ae7-4c10-b1c2-2393a692d40d', 'b55a3a64-d409-454f-848e-8b2dbb7dea01', 99.38, 'completed', '2026-03-19 09:03:58', '2026-03-19 09:03:51');
INSERT INTO order_items (id, order_id, product_id, quantity, unit_price, created_at) VALUES ('c2f56890-de7d-471b-9860-be359a1938f6', '76a66cd7-f57e-4a07-a7c8-653745220c91', 'e66706b7-638d-4264-b53d-91ec84f67728', 1, 32.58, '2026-03-19 09:03:14');
INSERT INTO order_items (id, order_id, product_id, quantity, unit_price, created_at) VALUES ('8326e5f6-2049-4d16-b6fb-ef562fc7e3db', '76a66cd7-f57e-4a07-a7c8-653745220c91', '7574221b-4b15-4e7f-9e34-80cc14cefb84', 2, 11.88, '2026-03-19 09:03:55');
INSERT INTO order_items (id, order_id, product_id, quantity, unit_price, created_at) VALUES ('327d2d6a-996a-4697-a64e-774ad163a203', '76a66cd7-f57e-4a07-a7c8-653745220c91', '62b5ee34-2747-4924-84ea-9226d2274ace', 2, 21.52, '2026-03-19 09:03:28');
INSERT INTO orders (id, buyer_id, seller_id, total_amount, status, created_at, updated_at) VALUES ('ae849ca8-7821-4d71-b1ff-f38f6bb7b550', '7db5ddb6-84be-4932-8634-77357bc78773', '70cc8c20-4ecd-4b23-be5d-413a3f56589e', 131.36, 'completed', '2026-03-18 08:10:59', '2026-03-18 08:10:48');
INSERT INTO order_items (id, order_id, product_id, quantity, unit_price, created_at) VALUES ('74ef8409-3a20-4fec-8e3e-3300f3ccbec8', 'ae849ca8-7821-4d71-b1ff-f38f6bb7b550', '510b7a08-bcf1-48ae-afc3-7754f000364e', 2, 27.64, '2026-03-18 08:10:18');
INSERT INTO order_items (id, order_id, product_id, quantity, unit_price, created_at) VALUES ('96397e85-d911-4308-8d09-640e4ca0058a', 'ae849ca8-7821-4d71-b1ff-f38f6bb7b550', '4393ffe2-f873-4c8d-8826-5a899492643a', 2, 38.04, '2026-03-18 08:10:50');
INSERT INTO orders (id, buyer_id, seller_id, total_amount, status, created_at, updated_at) VALUES ('5de9065a-d9b4-428c-afdd-492f2012d042', '2e442dea-1261-4122-bb3a-53813bbdc731', '2a75a981-7955-4f44-8c17-a8d38943ac11', 13.27, 'completed', '2026-03-20 15:09:53', '2026-03-20 15:09:19');
INSERT INTO order_items (id, order_id, product_id, quantity, unit_price, created_at) VALUES ('e390c6c8-7eb0-4526-8b9c-80e885135796', '5de9065a-d9b4-428c-afdd-492f2012d042', 'c2287b0f-e609-4f82-b85c-13c021d01029', 1, 13.27, '2026-03-20 15:09:49');
INSERT INTO orders (id, buyer_id, seller_id, total_amount, status, created_at, updated_at) VALUES ('1a7025fb-e9eb-44f5-a27f-1910f9793b4b', '5f660a50-a300-43ea-9f54-238281c53f8e', '0b509ac3-8a29-442b-9e33-cd466ebb6126', 108.76, 'completed', '2026-03-20 08:47:39', '2026-03-20 08:47:20');
INSERT INTO order_items (id, order_id, product_id, quantity, unit_price, created_at) VALUES ('c6487bf9-d33a-4588-b1d8-52f7f0dfa818', '1a7025fb-e9eb-44f5-a27f-1910f9793b4b', '3b632f10-4276-4777-a066-685920b76863', 3, 27.38, '2026-03-20 08:47:56');
INSERT INTO order_items (id, order_id, product_id, quantity, unit_price, created_at) VALUES ('59835a37-a13f-45f1-ab77-a2e86b8ee2e0', '1a7025fb-e9eb-44f5-a27f-1910f9793b4b', '157fe97c-a64f-4be8-b2e6-4c7249164e82', 2, 13.31, '2026-03-20 08:47:13');
INSERT INTO orders (id, buyer_id, seller_id, total_amount, status, created_at, updated_at) VALUES ('9fdac458-264d-4f7f-91af-3fce67d4de29', 'bd99ec3c-0c88-413b-a262-3757d3292fe5', '0b509ac3-8a29-442b-9e33-cd466ebb6126', 19.22, 'completed', '2026-03-11 08:32:05', '2026-03-11 08:32:19');
INSERT INTO order_items (id, order_id, product_id, quantity, unit_price, created_at) VALUES ('c78a387e-ad1f-4696-93f7-278bb77035da', '9fdac458-264d-4f7f-91af-3fce67d4de29', '7dbb5e6b-07db-4acf-a0a2-637a637e7579', 1, 19.22, '2026-03-11 08:32:26');
INSERT INTO orders (id, buyer_id, seller_id, total_amount, status, created_at, updated_at) VALUES ('09d8cad5-8234-47ea-989b-987fa84b6640', 'e39f9c3d-5835-49cf-898d-39f7ee06e757', '70cc8c20-4ecd-4b23-be5d-413a3f56589e', 184.44, 'completed', '2026-03-18 09:56:42', '2026-03-18 09:56:09');
INSERT INTO order_items (id, order_id, product_id, quantity, unit_price, created_at) VALUES ('e622bc38-40fe-4e20-b508-9cb30af1fb0c', '09d8cad5-8234-47ea-989b-987fa84b6640', '4393ffe2-f873-4c8d-8826-5a899492643a', 3, 38.04, '2026-03-18 09:56:23');
INSERT INTO order_items (id, order_id, product_id, quantity, unit_price, created_at) VALUES ('8d0de388-045c-4d7d-b9d7-5df3b66212c4', '09d8cad5-8234-47ea-989b-987fa84b6640', '3a840b25-30f7-4f1f-b578-b10ca5f9a872', 1, 15.04, '2026-03-18 09:56:51');
INSERT INTO order_items (id, order_id, product_id, quantity, unit_price, created_at) VALUES ('b0e40eaf-497e-41c9-9e20-44c0430882f4', '09d8cad5-8234-47ea-989b-987fa84b6640', '510b7a08-bcf1-48ae-afc3-7754f000364e', 2, 27.64, '2026-03-18 09:56:24');
INSERT INTO orders (id, buyer_id, seller_id, total_amount, status, created_at, updated_at) VALUES ('0fcf9114-6748-4d2e-96c5-97848c9fa711', '730ca2c2-2771-4352-a87e-f1e6b9d5b829', '1167a03f-db17-407a-9350-96c84d1299b9', 261.44, 'completed', '2026-03-13 11:42:30', '2026-03-13 11:42:25');
INSERT INTO order_items (id, order_id, product_id, quantity, unit_price, created_at) VALUES ('f2314101-9234-4638-9dc8-31581be59847', '0fcf9114-6748-4d2e-96c5-97848c9fa711', '68faf759-f8e4-4c65-b25c-3ac2d52000f2', 2, 20.51, '2026-03-13 11:42:57');
INSERT INTO order_items (id, order_id, product_id, quantity, unit_price, created_at) VALUES ('f9de09ff-8f3e-46bb-920f-631430cbc448', '0fcf9114-6748-4d2e-96c5-97848c9fa711', '0ccd60ee-d4e9-45d2-9dd7-d03dff1cbf51', 1, 56.29, '2026-03-13 11:42:30');
INSERT INTO order_items (id, order_id, product_id, quantity, unit_price, created_at) VALUES ('027080b5-00c5-471a-9fc0-575790e06e0c', '0fcf9114-6748-4d2e-96c5-97848c9fa711', '1ab3a714-0ef7-4ec2-a8e5-006b33a80448', 3, 54.71, '2026-03-13 11:42:49');
INSERT INTO orders (id, buyer_id, seller_id, total_amount, status, created_at, updated_at) VALUES ('5656bcff-cf53-45b3-a239-609bb5934ac7', '9b808deb-9b28-450f-8eab-1ff280394a6a', '2a75a981-7955-4f44-8c17-a8d38943ac11', 81.37, 'completed', '2026-03-17 09:00:03', '2026-03-17 09:00:10');
INSERT INTO order_items (id, order_id, product_id, quantity, unit_price, created_at) VALUES ('54aee864-9e54-4677-816a-2a82ee81ad85', '5656bcff-cf53-45b3-a239-609bb5934ac7', 'a423596d-cf1e-4bec-8d5e-424aa198daf5', 3, 24.35, '2026-03-17 09:00:44');
INSERT INTO order_items (id, order_id, product_id, quantity, unit_price, created_at) VALUES ('d0fc22d9-68b5-44b3-b3c8-6a017893d0fa', '5656bcff-cf53-45b3-a239-609bb5934ac7', '4f0d4e89-33ab-4aa7-8248-ee87e9dcb169', 1, 8.32, '2026-03-17 09:00:09');
INSERT INTO orders (id, buyer_id, seller_id, total_amount, status, created_at, updated_at) VALUES ('6b9ed915-04ec-4845-a6c3-113f038bff40', 'bd99ec3c-0c88-413b-a262-3757d3292fe5', '1167a03f-db17-407a-9350-96c84d1299b9', 109.42, 'completed', '2026-03-11 13:56:49', '2026-03-11 13:56:23');
INSERT INTO order_items (id, order_id, product_id, quantity, unit_price, created_at) VALUES ('e2ef295c-be41-49c4-acae-483fb8f8e81b', '6b9ed915-04ec-4845-a6c3-113f038bff40', '1ab3a714-0ef7-4ec2-a8e5-006b33a80448', 2, 54.71, '2026-03-11 13:56:58');
INSERT INTO orders (id, buyer_id, seller_id, total_amount, status, created_at, updated_at) VALUES ('f7c2bbd2-6131-481a-9f36-f4468d45dd5c', '2e442dea-1261-4122-bb3a-53813bbdc731', '70cc8c20-4ecd-4b23-be5d-413a3f56589e', 136.00, 'completed', '2026-03-19 12:39:37', '2026-03-19 12:39:45');
INSERT INTO order_items (id, order_id, product_id, quantity, unit_price, created_at) VALUES ('13cd98ba-9ae8-4a28-8407-df5619dfe31e', 'f7c2bbd2-6131-481a-9f36-f4468d45dd5c', '510b7a08-bcf1-48ae-afc3-7754f000364e', 3, 27.64, '2026-03-19 12:39:41');
INSERT INTO order_items (id, order_id, product_id, quantity, unit_price, created_at) VALUES ('b801b442-7d89-44d6-8094-8ea43791e05b', 'f7c2bbd2-6131-481a-9f36-f4468d45dd5c', '3a840b25-30f7-4f1f-b578-b10ca5f9a872', 1, 15.04, '2026-03-19 12:39:33');
INSERT INTO order_items (id, order_id, product_id, quantity, unit_price, created_at) VALUES ('e06c47dc-41a0-47f4-9d3f-89c26596f4ac', 'f7c2bbd2-6131-481a-9f36-f4468d45dd5c', '4393ffe2-f873-4c8d-8826-5a899492643a', 1, 38.04, '2026-03-19 12:39:23');
INSERT INTO orders (id, buyer_id, seller_id, total_amount, status, created_at, updated_at) VALUES ('370b9d6f-5283-413d-a2fb-baf64086fd4b', 'e67cde45-f9ae-4fee-9aa4-f03ccf2e6bb5', 'b55a3a64-d409-454f-848e-8b2dbb7dea01', 100.62, 'completed', '2026-03-10 10:17:11', '2026-03-10 10:17:02');
INSERT INTO order_items (id, order_id, product_id, quantity, unit_price, created_at) VALUES ('aa487cda-1a0e-49b2-82c5-c6fb4568cfc5', '370b9d6f-5283-413d-a2fb-baf64086fd4b', '1a49f936-586b-4ddd-90d5-a83e5608912e', 2, 39.55, '2026-03-10 10:17:36');
INSERT INTO order_items (id, order_id, product_id, quantity, unit_price, created_at) VALUES ('f274f8b4-6e76-4f86-94f0-8f55c69e0852', '370b9d6f-5283-413d-a2fb-baf64086fd4b', '62b5ee34-2747-4924-84ea-9226d2274ace', 1, 21.52, '2026-03-10 10:17:40');
INSERT INTO orders (id, buyer_id, seller_id, total_amount, status, created_at, updated_at) VALUES ('246b145a-7ff1-44b1-b933-38864360baeb', 'e67cde45-f9ae-4fee-9aa4-f03ccf2e6bb5', '0b509ac3-8a29-442b-9e33-cd466ebb6126', 82.14, 'completed', '2026-03-19 12:57:42', '2026-03-19 12:57:49');
INSERT INTO order_items (id, order_id, product_id, quantity, unit_price, created_at) VALUES ('e69a32d6-2be2-4f7b-8d05-639fabbb0ccf', '246b145a-7ff1-44b1-b933-38864360baeb', '3b632f10-4276-4777-a066-685920b76863', 3, 27.38, '2026-03-19 12:57:59');
INSERT INTO orders (id, buyer_id, seller_id, total_amount, status, created_at, updated_at) VALUES ('b7d1e3d4-1322-49e4-afb8-00c891803581', '1fe530d6-dcef-40d9-a570-f5eee43fe7be', '1167a03f-db17-407a-9350-96c84d1299b9', 20.51, 'completed', '2026-03-09 08:21:07', '2026-03-09 08:21:09');
INSERT INTO order_items (id, order_id, product_id, quantity, unit_price, created_at) VALUES ('da1c9b62-b71c-45ca-bc80-3d61d2a5fdba', 'b7d1e3d4-1322-49e4-afb8-00c891803581', '68faf759-f8e4-4c65-b25c-3ac2d52000f2', 1, 20.51, '2026-03-09 08:21:45');
INSERT INTO orders (id, buyer_id, seller_id, total_amount, status, created_at, updated_at) VALUES ('27793097-1a9a-4f72-b04a-39c25bc0ceea', 'a80d151a-8d79-4c18-bc35-fcf4ca81c6c3', '0b509ac3-8a29-442b-9e33-cd466ebb6126', 57.66, 'completed', '2026-03-18 08:07:55', '2026-03-18 08:07:15');
INSERT INTO order_items (id, order_id, product_id, quantity, unit_price, created_at) VALUES ('0deba92e-02d0-4600-bba7-96432b2631ba', '27793097-1a9a-4f72-b04a-39c25bc0ceea', '7dbb5e6b-07db-4acf-a0a2-637a637e7579', 3, 19.22, '2026-03-18 08:07:42');
INSERT INTO orders (id, buyer_id, seller_id, total_amount, status, created_at, updated_at) VALUES ('3b041809-8374-4f2f-8893-785e79f50322', 'c9466a52-5bc1-4f3a-8bb1-6d83e68ad493', '1167a03f-db17-407a-9350-96c84d1299b9', 112.58, 'completed', '2026-03-20 10:27:53', '2026-03-20 10:27:25');
INSERT INTO order_items (id, order_id, product_id, quantity, unit_price, created_at) VALUES ('2d452c78-34ac-41c2-b4b6-90627cd39c5a', '3b041809-8374-4f2f-8893-785e79f50322', '0ccd60ee-d4e9-45d2-9dd7-d03dff1cbf51', 2, 56.29, '2026-03-20 10:27:17');
INSERT INTO orders (id, buyer_id, seller_id, total_amount, status, created_at, updated_at) VALUES ('e787b8ad-0818-49b5-b8b4-b816471785fa', '77172e09-77c4-4422-aaa3-d87815efbada', 'b55a3a64-d409-454f-848e-8b2dbb7dea01', 65.16, 'completed', '2026-03-17 11:43:30', '2026-03-17 11:43:48');
INSERT INTO order_items (id, order_id, product_id, quantity, unit_price, created_at) VALUES ('7572fd9d-f21e-4f77-a1c9-2be9f3b4cc8c', 'e787b8ad-0818-49b5-b8b4-b816471785fa', 'e66706b7-638d-4264-b53d-91ec84f67728', 2, 32.58, '2026-03-17 11:43:45');
INSERT INTO orders (id, buyer_id, seller_id, total_amount, status, created_at, updated_at) VALUES ('ff21ea0b-6420-4f68-bb7c-dedcc3b6758a', '1b0c09ee-6918-4dee-8877-25178ad686b3', '0b509ac3-8a29-442b-9e33-cd466ebb6126', 38.44, 'completed', '2026-03-11 11:55:31', '2026-03-11 11:55:14');
INSERT INTO order_items (id, order_id, product_id, quantity, unit_price, created_at) VALUES ('324d3a35-18e7-4fe0-b00a-459e97f01c06', 'ff21ea0b-6420-4f68-bb7c-dedcc3b6758a', '7dbb5e6b-07db-4acf-a0a2-637a637e7579', 2, 19.22, '2026-03-11 11:55:49');
INSERT INTO orders (id, buyer_id, seller_id, total_amount, status, created_at, updated_at) VALUES ('67f5b106-14cb-4ebf-be93-c61f7c73f26c', '21d546d5-a204-47d5-93ee-0b038dc26535', '70cc8c20-4ecd-4b23-be5d-413a3f56589e', 182.78, 'completed', '2026-03-17 14:51:24', '2026-03-17 14:51:58');
INSERT INTO order_items (id, order_id, product_id, quantity, unit_price, created_at) VALUES ('d53a3638-6b17-4a38-8b18-c2ee8add28d2', '67f5b106-14cb-4ebf-be93-c61f7c73f26c', '4393ffe2-f873-4c8d-8826-5a899492643a', 3, 38.04, '2026-03-17 14:51:14');
INSERT INTO order_items (id, order_id, product_id, quantity, unit_price, created_at) VALUES ('4b0af3ed-bbcd-4426-a6c3-0a730c1f2ebe', '67f5b106-14cb-4ebf-be93-c61f7c73f26c', 'f6fade2b-b376-4fa5-b5f0-e4e326f8343e', 1, 13.38, '2026-03-17 14:51:32');
INSERT INTO order_items (id, order_id, product_id, quantity, unit_price, created_at) VALUES ('b5dcee57-a668-4ea7-b713-c6f9124d0fc1', '67f5b106-14cb-4ebf-be93-c61f7c73f26c', '510b7a08-bcf1-48ae-afc3-7754f000364e', 2, 27.64, '2026-03-17 14:51:04');
INSERT INTO orders (id, buyer_id, seller_id, total_amount, status, created_at, updated_at) VALUES ('cad34f84-41e3-491e-b535-5513ec52c13b', 'c9466a52-5bc1-4f3a-8bb1-6d83e68ad493', '2a75a981-7955-4f44-8c17-a8d38943ac11', 38.41, 'completed', '2026-03-12 11:52:53', '2026-03-12 11:52:06');
INSERT INTO order_items (id, order_id, product_id, quantity, unit_price, created_at) VALUES ('80fd3c06-33f0-46c9-972c-9b476880c6f7', 'cad34f84-41e3-491e-b535-5513ec52c13b', 'c2287b0f-e609-4f82-b85c-13c021d01029', 1, 13.27, '2026-03-12 11:52:30');
INSERT INTO order_items (id, order_id, product_id, quantity, unit_price, created_at) VALUES ('eacf43e6-3e70-4ae3-8fee-f05d9c333db4', 'cad34f84-41e3-491e-b535-5513ec52c13b', '2e4b657c-d613-4fe5-9081-2a18addec3ce', 1, 25.14, '2026-03-12 11:52:07');
INSERT INTO orders (id, buyer_id, seller_id, total_amount, status, created_at, updated_at) VALUES ('ffa5794e-d626-4899-8bd2-2c611ce58e63', '21d546d5-a204-47d5-93ee-0b038dc26535', '70cc8c20-4ecd-4b23-be5d-413a3f56589e', 30.08, 'completed', '2026-03-18 13:17:23', '2026-03-18 13:17:50');
INSERT INTO order_items (id, order_id, product_id, quantity, unit_price, created_at) VALUES ('2b761d0d-f4b6-4f48-9151-0cde1d343f32', 'ffa5794e-d626-4899-8bd2-2c611ce58e63', '3a840b25-30f7-4f1f-b578-b10ca5f9a872', 2, 15.04, '2026-03-18 13:17:14');
INSERT INTO orders (id, buyer_id, seller_id, total_amount, status, created_at, updated_at) VALUES ('33c44580-3def-46ed-a7f2-c420e40c5eb3', 'bd99ec3c-0c88-413b-a262-3757d3292fe5', '2a75a981-7955-4f44-8c17-a8d38943ac11', 13.27, 'completed', '2026-03-20 13:01:43', '2026-03-20 13:01:06');
INSERT INTO order_items (id, order_id, product_id, quantity, unit_price, created_at) VALUES ('d2def6b0-4027-409e-bc3a-5c1ad1839208', '33c44580-3def-46ed-a7f2-c420e40c5eb3', 'c2287b0f-e609-4f82-b85c-13c021d01029', 1, 13.27, '2026-03-20 13:01:11');
INSERT INTO orders (id, buyer_id, seller_id, total_amount, status, created_at, updated_at) VALUES ('309bf6e1-b9bc-4e75-b822-07a4b61b1418', 'e67cde45-f9ae-4fee-9aa4-f03ccf2e6bb5', 'b55a3a64-d409-454f-848e-8b2dbb7dea01', 194.27, 'completed', '2026-03-10 14:22:38', '2026-03-10 14:22:08');
INSERT INTO order_items (id, order_id, product_id, quantity, unit_price, created_at) VALUES ('b230d2eb-37f7-412e-a67f-a7634dc2659e', '309bf6e1-b9bc-4e75-b822-07a4b61b1418', '62b5ee34-2747-4924-84ea-9226d2274ace', 2, 21.52, '2026-03-10 14:22:32');
INSERT INTO order_items (id, order_id, product_id, quantity, unit_price, created_at) VALUES ('1a96eb80-c862-4cb8-a555-3d3a44e4acb3', '309bf6e1-b9bc-4e75-b822-07a4b61b1418', '1a49f936-586b-4ddd-90d5-a83e5608912e', 3, 39.55, '2026-03-10 14:22:53');
INSERT INTO order_items (id, order_id, product_id, quantity, unit_price, created_at) VALUES ('3674735d-16ae-4d32-9496-be7609e58643', '309bf6e1-b9bc-4e75-b822-07a4b61b1418', 'e66706b7-638d-4264-b53d-91ec84f67728', 1, 32.58, '2026-03-10 14:22:08');
INSERT INTO orders (id, buyer_id, seller_id, total_amount, status, created_at, updated_at) VALUES ('bd5f1dbb-b6d0-4424-ae8c-87eef435d701', 'e67cde45-f9ae-4fee-9aa4-f03ccf2e6bb5', 'b55a3a64-d409-454f-848e-8b2dbb7dea01', 118.23, 'completed', '2026-03-18 08:33:12', '2026-03-18 08:33:35');
INSERT INTO order_items (id, order_id, product_id, quantity, unit_price, created_at) VALUES ('7d59e52d-01bc-48d9-8d42-82df5513e4ca', 'bd5f1dbb-b6d0-4424-ae8c-87eef435d701', '1a49f936-586b-4ddd-90d5-a83e5608912e', 1, 39.55, '2026-03-18 08:33:11');
INSERT INTO order_items (id, order_id, product_id, quantity, unit_price, created_at) VALUES ('84b6c724-3b03-48d3-aedd-cfad361daa48', 'bd5f1dbb-b6d0-4424-ae8c-87eef435d701', '7574221b-4b15-4e7f-9e34-80cc14cefb84', 3, 11.88, '2026-03-18 08:33:08');
INSERT INTO order_items (id, order_id, product_id, quantity, unit_price, created_at) VALUES ('f220249f-6767-4f94-be29-845b23436d71', 'bd5f1dbb-b6d0-4424-ae8c-87eef435d701', '62b5ee34-2747-4924-84ea-9226d2274ace', 2, 21.52, '2026-03-18 08:33:26');
INSERT INTO orders (id, buyer_id, seller_id, total_amount, status, created_at, updated_at) VALUES ('a1156910-6b7f-4721-bf4b-3d48a324f899', 'bf19b247-f850-4e54-a4ae-ff71de360284', 'b55a3a64-d409-454f-848e-8b2dbb7dea01', 143.66, 'completed', '2026-03-13 12:42:40', '2026-03-13 12:42:08');
INSERT INTO order_items (id, order_id, product_id, quantity, unit_price, created_at) VALUES ('8668c84a-593e-439c-87af-778733875aed', 'a1156910-6b7f-4721-bf4b-3d48a324f899', '62b5ee34-2747-4924-84ea-9226d2274ace', 3, 21.52, '2026-03-13 12:42:16');
INSERT INTO order_items (id, order_id, product_id, quantity, unit_price, created_at) VALUES ('5ba18932-1bdf-4475-b474-542098301c6f', 'a1156910-6b7f-4721-bf4b-3d48a324f899', '1a49f936-586b-4ddd-90d5-a83e5608912e', 2, 39.55, '2026-03-13 12:42:25');
INSERT INTO orders (id, buyer_id, seller_id, total_amount, status, created_at, updated_at) VALUES ('e6ffae12-6c7f-4833-9560-a6f30143867c', '12da5177-cbb8-4a70-8316-6e59ec1d49a7', '70cc8c20-4ecd-4b23-be5d-413a3f56589e', 134.58, 'completed', '2026-03-18 14:43:42', '2026-03-18 14:43:35');
INSERT INTO order_items (id, order_id, product_id, quantity, unit_price, created_at) VALUES ('998a353f-8d62-457e-aea5-6b3cd8fd3d65', 'e6ffae12-6c7f-4833-9560-a6f30143867c', '4393ffe2-f873-4c8d-8826-5a899492643a', 2, 38.04, '2026-03-18 14:43:34');
INSERT INTO order_items (id, order_id, product_id, quantity, unit_price, created_at) VALUES ('e235c9dc-8860-4721-9d5a-f4d3cee6332a', 'e6ffae12-6c7f-4833-9560-a6f30143867c', '3a840b25-30f7-4f1f-b578-b10ca5f9a872', 3, 15.04, '2026-03-18 14:43:09');
INSERT INTO order_items (id, order_id, product_id, quantity, unit_price, created_at) VALUES ('f3ad7534-11e3-4728-bbc4-bfd71cb4e9fc', 'e6ffae12-6c7f-4833-9560-a6f30143867c', 'f6fade2b-b376-4fa5-b5f0-e4e326f8343e', 1, 13.38, '2026-03-18 14:43:44');
INSERT INTO orders (id, buyer_id, seller_id, total_amount, status, created_at, updated_at) VALUES ('abc25443-ff37-4630-814a-e736a41092e0', '9b808deb-9b28-450f-8eab-1ff280394a6a', '1167a03f-db17-407a-9350-96c84d1299b9', 219.56, 'completed', '2026-03-12 14:50:04', '2026-03-12 14:50:30');
INSERT INTO order_items (id, order_id, product_id, quantity, unit_price, created_at) VALUES ('d0d24d23-5b64-48d7-a063-d96f81051a91', 'abc25443-ff37-4630-814a-e736a41092e0', '68faf759-f8e4-4c65-b25c-3ac2d52000f2', 2, 20.51, '2026-03-12 14:50:19');
INSERT INTO order_items (id, order_id, product_id, quantity, unit_price, created_at) VALUES ('7860a2d3-bd7e-4877-8d47-274b52a170c6', 'abc25443-ff37-4630-814a-e736a41092e0', '1ab3a714-0ef7-4ec2-a8e5-006b33a80448', 3, 54.71, '2026-03-12 14:50:57');
INSERT INTO order_items (id, order_id, product_id, quantity, unit_price, created_at) VALUES ('d765a093-fe5b-42f2-a20d-25961352c149', 'abc25443-ff37-4630-814a-e736a41092e0', '5b8ecada-4c8f-4cdf-a1ac-e6404b3a0c4f', 1, 14.41, '2026-03-12 14:50:10');
INSERT INTO orders (id, buyer_id, seller_id, total_amount, status, created_at, updated_at) VALUES ('8e2a5947-210b-45f8-a40c-c28d8b89c2ec', 'bd99ec3c-0c88-413b-a262-3757d3292fe5', '2a75a981-7955-4f44-8c17-a8d38943ac11', 96.83, 'completed', '2026-03-11 09:18:16', '2026-03-11 09:18:10');
INSERT INTO order_items (id, order_id, product_id, quantity, unit_price, created_at) VALUES ('18340c35-e254-4dfc-9a9c-0813dbb2473c', '8e2a5947-210b-45f8-a40c-c28d8b89c2ec', 'c2287b0f-e609-4f82-b85c-13c021d01029', 3, 13.27, '2026-03-11 09:18:07');
INSERT INTO order_items (id, order_id, product_id, quantity, unit_price, created_at) VALUES ('cd863d80-6606-4789-bd31-b66235b66024', '8e2a5947-210b-45f8-a40c-c28d8b89c2ec', 'a423596d-cf1e-4bec-8d5e-424aa198daf5', 2, 24.35, '2026-03-11 09:18:20');
INSERT INTO order_items (id, order_id, product_id, quantity, unit_price, created_at) VALUES ('c94f8a30-1eb2-4651-923f-1677c8b339f0', '8e2a5947-210b-45f8-a40c-c28d8b89c2ec', '4f0d4e89-33ab-4aa7-8248-ee87e9dcb169', 1, 8.32, '2026-03-11 09:18:43');
INSERT INTO orders (id, buyer_id, seller_id, total_amount, status, created_at, updated_at) VALUES ('6dd1cde6-df52-40ec-8829-caa033cbff13', '33d63a63-ea47-4a31-9586-9afc292f3adb', '70cc8c20-4ecd-4b23-be5d-413a3f56589e', 169.40, 'completed', '2026-03-09 08:15:54', '2026-03-09 08:15:28');
INSERT INTO order_items (id, order_id, product_id, quantity, unit_price, created_at) VALUES ('a3586397-8e7d-4cc2-b325-7bc8f816a654', '6dd1cde6-df52-40ec-8829-caa033cbff13', '510b7a08-bcf1-48ae-afc3-7754f000364e', 2, 27.64, '2026-03-09 08:15:42');
INSERT INTO order_items (id, order_id, product_id, quantity, unit_price, created_at) VALUES ('c7a22a4e-8ef1-4b24-9398-dac84ec6126d', '6dd1cde6-df52-40ec-8829-caa033cbff13', '4393ffe2-f873-4c8d-8826-5a899492643a', 3, 38.04, '2026-03-09 08:15:45');
INSERT INTO orders (id, buyer_id, seller_id, total_amount, status, created_at, updated_at) VALUES ('a1479f49-a5c5-4e86-a672-02e362fdce36', '33d63a63-ea47-4a31-9586-9afc292f3adb', '2a75a981-7955-4f44-8c17-a8d38943ac11', 24.35, 'completed', '2026-03-19 14:15:55', '2026-03-19 14:15:55');
INSERT INTO order_items (id, order_id, product_id, quantity, unit_price, created_at) VALUES ('6fbcf707-ee43-40c1-a040-35ecbe17c298', 'a1479f49-a5c5-4e86-a672-02e362fdce36', 'a423596d-cf1e-4bec-8d5e-424aa198daf5', 1, 24.35, '2026-03-19 14:15:49');
INSERT INTO orders (id, buyer_id, seller_id, total_amount, status, created_at, updated_at) VALUES ('bba575e8-f6cd-4067-9604-78720de572cf', '1fe530d6-dcef-40d9-a570-f5eee43fe7be', '70cc8c20-4ecd-4b23-be5d-413a3f56589e', 133.46, 'completed', '2026-03-11 15:03:57', '2026-03-11 15:03:11');
INSERT INTO order_items (id, order_id, product_id, quantity, unit_price, created_at) VALUES ('117b548c-57cc-4b8b-8935-48eacdbeddc1', 'bba575e8-f6cd-4067-9604-78720de572cf', '4393ffe2-f873-4c8d-8826-5a899492643a', 1, 38.04, '2026-03-11 15:03:43');
INSERT INTO order_items (id, order_id, product_id, quantity, unit_price, created_at) VALUES ('521d7af0-38f7-4b0e-8379-306b0bffa692', 'bba575e8-f6cd-4067-9604-78720de572cf', '510b7a08-bcf1-48ae-afc3-7754f000364e', 2, 27.64, '2026-03-11 15:03:03');
INSERT INTO order_items (id, order_id, product_id, quantity, unit_price, created_at) VALUES ('03d48b3b-e297-49b7-993b-1f6d5e0bd42a', 'bba575e8-f6cd-4067-9604-78720de572cf', 'f6fade2b-b376-4fa5-b5f0-e4e326f8343e', 3, 13.38, '2026-03-11 15:03:09');
INSERT INTO orders (id, buyer_id, seller_id, total_amount, status, created_at, updated_at) VALUES ('a20b9ca3-930c-4a02-91d5-198e1bc69250', '730ca2c2-2771-4352-a87e-f1e6b9d5b829', '0b509ac3-8a29-442b-9e33-cd466ebb6126', 90.27, 'completed', '2026-03-17 15:39:36', '2026-03-17 15:39:02');
INSERT INTO order_items (id, order_id, product_id, quantity, unit_price, created_at) VALUES ('6dd142c7-308f-4e37-a6e6-9334fc6f6b25', 'a20b9ca3-930c-4a02-91d5-198e1bc69250', '157fe97c-a64f-4be8-b2e6-4c7249164e82', 1, 13.31, '2026-03-17 15:39:34');
INSERT INTO order_items (id, order_id, product_id, quantity, unit_price, created_at) VALUES ('202fb3f4-1897-4214-878b-89026427f2ac', 'a20b9ca3-930c-4a02-91d5-198e1bc69250', '3ea3bf9c-22ef-47a0-9264-a48ca359035a', 3, 12.84, '2026-03-17 15:39:57');
INSERT INTO order_items (id, order_id, product_id, quantity, unit_price, created_at) VALUES ('66bba40b-865b-4c42-82af-94e77feb9267', 'a20b9ca3-930c-4a02-91d5-198e1bc69250', '7dbb5e6b-07db-4acf-a0a2-637a637e7579', 2, 19.22, '2026-03-17 15:39:11');
INSERT INTO orders (id, buyer_id, seller_id, total_amount, status, created_at, updated_at) VALUES ('11d249a2-5f9a-49fa-9b48-f8863c599b2e', 'a80d151a-8d79-4c18-bc35-fcf4ca81c6c3', '1167a03f-db17-407a-9350-96c84d1299b9', 126.13, 'completed', '2026-03-12 12:49:52', '2026-03-12 12:49:51');
INSERT INTO order_items (id, order_id, product_id, quantity, unit_price, created_at) VALUES ('1ba5ebfa-902b-425a-8029-5453ec1d056c', '11d249a2-5f9a-49fa-9b48-f8863c599b2e', '5b8ecada-4c8f-4cdf-a1ac-e6404b3a0c4f', 2, 14.41, '2026-03-12 12:49:43');
INSERT INTO order_items (id, order_id, product_id, quantity, unit_price, created_at) VALUES ('3b4ff5a3-1ac6-4981-af71-d9e02a03ea5d', '11d249a2-5f9a-49fa-9b48-f8863c599b2e', '68faf759-f8e4-4c65-b25c-3ac2d52000f2', 2, 20.51, '2026-03-12 12:49:28');
INSERT INTO order_items (id, order_id, product_id, quantity, unit_price, created_at) VALUES ('5fa143f7-25e6-4b57-93eb-abce382f6dd8', '11d249a2-5f9a-49fa-9b48-f8863c599b2e', '0ccd60ee-d4e9-45d2-9dd7-d03dff1cbf51', 1, 56.29, '2026-03-12 12:49:06');
INSERT INTO orders (id, buyer_id, seller_id, total_amount, status, created_at, updated_at) VALUES ('a15e6beb-7930-4482-be89-50a4d2b41370', '2e442dea-1261-4122-bb3a-53813bbdc731', '70cc8c20-4ecd-4b23-be5d-413a3f56589e', 99.52, 'completed', '2026-03-13 13:20:42', '2026-03-13 13:20:38');
INSERT INTO order_items (id, order_id, product_id, quantity, unit_price, created_at) VALUES ('5c6bdacd-a9f3-4f1d-9c4b-7643ea3dff73', 'a15e6beb-7930-4482-be89-50a4d2b41370', '510b7a08-bcf1-48ae-afc3-7754f000364e', 1, 27.64, '2026-03-13 13:20:55');
INSERT INTO order_items (id, order_id, product_id, quantity, unit_price, created_at) VALUES ('c08870bd-c089-4c16-a4f6-e0414c394ff7', 'a15e6beb-7930-4482-be89-50a4d2b41370', 'f6fade2b-b376-4fa5-b5f0-e4e326f8343e', 2, 13.38, '2026-03-13 13:20:59');
INSERT INTO order_items (id, order_id, product_id, quantity, unit_price, created_at) VALUES ('7000640d-df9b-4b86-a4f5-7483de9b2be4', 'a15e6beb-7930-4482-be89-50a4d2b41370', '3a840b25-30f7-4f1f-b578-b10ca5f9a872', 3, 15.04, '2026-03-13 13:20:48');
INSERT INTO orders (id, buyer_id, seller_id, total_amount, status, created_at, updated_at) VALUES ('fb8fd539-8e4b-4890-9a74-27b1096bb1e2', 'cb755f08-0c95-464e-8220-36224f8a3277', '70cc8c20-4ecd-4b23-be5d-413a3f56589e', 51.42, 'completed', '2026-03-10 14:26:38', '2026-03-10 14:26:50');
INSERT INTO order_items (id, order_id, product_id, quantity, unit_price, created_at) VALUES ('93fd52bf-a94b-451f-baf0-3d53cc332399', 'fb8fd539-8e4b-4890-9a74-27b1096bb1e2', 'f6fade2b-b376-4fa5-b5f0-e4e326f8343e', 1, 13.38, '2026-03-10 14:26:14');
INSERT INTO order_items (id, order_id, product_id, quantity, unit_price, created_at) VALUES ('86ea24fb-870d-4bf1-b6bb-81e13d1983ef', 'fb8fd539-8e4b-4890-9a74-27b1096bb1e2', '4393ffe2-f873-4c8d-8826-5a899492643a', 1, 38.04, '2026-03-10 14:26:42');
INSERT INTO orders (id, buyer_id, seller_id, total_amount, status, created_at, updated_at) VALUES ('f030f4bd-d4b0-4015-90db-3dc520ecac33', '1b0c09ee-6918-4dee-8877-25178ad686b3', '2a75a981-7955-4f44-8c17-a8d38943ac11', 26.54, 'completed', '2026-03-09 14:30:45', '2026-03-09 14:30:05');
INSERT INTO order_items (id, order_id, product_id, quantity, unit_price, created_at) VALUES ('338c187b-2362-4047-b027-ad35ff0063f7', 'f030f4bd-d4b0-4015-90db-3dc520ecac33', 'c2287b0f-e609-4f82-b85c-13c021d01029', 2, 13.27, '2026-03-09 14:30:51');
INSERT INTO orders (id, buyer_id, seller_id, total_amount, status, created_at, updated_at) VALUES ('247c3542-da74-4a1a-bda9-4a2b3cb5b361', '6f9af9de-dd5a-4254-b8aa-2a888dfe76d6', '2a75a981-7955-4f44-8c17-a8d38943ac11', 26.54, 'completed', '2026-03-20 11:31:23', '2026-03-20 11:31:48');
INSERT INTO order_items (id, order_id, product_id, quantity, unit_price, created_at) VALUES ('3cbd9e71-ccdf-431e-abaa-700c5af3a53b', '247c3542-da74-4a1a-bda9-4a2b3cb5b361', 'c2287b0f-e609-4f82-b85c-13c021d01029', 2, 13.27, '2026-03-20 11:31:48');
INSERT INTO orders (id, buyer_id, seller_id, total_amount, status, created_at, updated_at) VALUES ('40f19fa9-1eb5-4699-83ce-cb4239c1ee37', 'a5dd5f4f-d7c7-48b3-a2bf-c7ab1ea50d5b', 'b55a3a64-d409-454f-848e-8b2dbb7dea01', 143.02, 'completed', '2026-03-18 13:42:23', '2026-03-18 13:42:52');
INSERT INTO order_items (id, order_id, product_id, quantity, unit_price, created_at) VALUES ('f69ef19a-cca1-49d3-8128-a8177e75a1b5', '40f19fa9-1eb5-4699-83ce-cb4239c1ee37', '7574221b-4b15-4e7f-9e34-80cc14cefb84', 2, 11.88, '2026-03-18 13:42:14');
INSERT INTO order_items (id, order_id, product_id, quantity, unit_price, created_at) VALUES ('c11c8486-b3bb-4483-afb0-a71e0a8ad8a6', '40f19fa9-1eb5-4699-83ce-cb4239c1ee37', '62b5ee34-2747-4924-84ea-9226d2274ace', 1, 21.52, '2026-03-18 13:42:10');
INSERT INTO order_items (id, order_id, product_id, quantity, unit_price, created_at) VALUES ('e2813b56-b272-41b2-a1e5-ac585eca734f', '40f19fa9-1eb5-4699-83ce-cb4239c1ee37', 'e66706b7-638d-4264-b53d-91ec84f67728', 3, 32.58, '2026-03-18 13:42:50');
INSERT INTO orders (id, buyer_id, seller_id, total_amount, status, created_at, updated_at) VALUES ('a7fa750f-8685-4584-bba1-8b4fe6bc62b2', 'ba12757c-91f4-49b2-8640-a84cc5f3315f', 'b55a3a64-d409-454f-848e-8b2dbb7dea01', 123.56, 'completed', '2026-03-18 08:05:20', '2026-03-18 08:05:48');
INSERT INTO order_items (id, order_id, product_id, quantity, unit_price, created_at) VALUES ('5c7e316c-d8d6-4c94-bb36-4f050421021d', 'a7fa750f-8685-4584-bba1-8b4fe6bc62b2', '7574221b-4b15-4e7f-9e34-80cc14cefb84', 1, 11.88, '2026-03-18 08:05:47');
INSERT INTO order_items (id, order_id, product_id, quantity, unit_price, created_at) VALUES ('bad91cf2-7701-49e1-b986-9e883b708464', 'a7fa750f-8685-4584-bba1-8b4fe6bc62b2', 'e66706b7-638d-4264-b53d-91ec84f67728', 1, 32.58, '2026-03-18 08:05:57');
INSERT INTO order_items (id, order_id, product_id, quantity, unit_price, created_at) VALUES ('8f947ffc-d45f-4135-b927-737a22f074e0', 'a7fa750f-8685-4584-bba1-8b4fe6bc62b2', '1a49f936-586b-4ddd-90d5-a83e5608912e', 2, 39.55, '2026-03-18 08:05:48');
INSERT INTO orders (id, buyer_id, seller_id, total_amount, status, created_at, updated_at) VALUES ('e7e93108-9e87-48f3-9fe8-0d8d6c6bd286', '6f9af9de-dd5a-4254-b8aa-2a888dfe76d6', '1167a03f-db17-407a-9350-96c84d1299b9', 138.24, 'completed', '2026-03-12 15:20:14', '2026-03-12 15:20:24');
INSERT INTO order_items (id, order_id, product_id, quantity, unit_price, created_at) VALUES ('775d8390-dbc1-479e-b10e-4b0c9b78a189', 'e7e93108-9e87-48f3-9fe8-0d8d6c6bd286', '5b8ecada-4c8f-4cdf-a1ac-e6404b3a0c4f', 2, 14.41, '2026-03-12 15:20:03');
INSERT INTO order_items (id, order_id, product_id, quantity, unit_price, created_at) VALUES ('0489ca06-7af8-4f97-a8ae-09aa4aac921b', 'e7e93108-9e87-48f3-9fe8-0d8d6c6bd286', '1ab3a714-0ef7-4ec2-a8e5-006b33a80448', 2, 54.71, '2026-03-12 15:20:19');
INSERT INTO orders (id, buyer_id, seller_id, total_amount, status, created_at, updated_at) VALUES ('1acb91a2-0a89-4b64-9816-0e5e62f81b82', '6fb78c4a-717f-46fb-819a-3632d89331f0', '2a75a981-7955-4f44-8c17-a8d38943ac11', 73.05, 'completed', '2026-03-09 08:22:43', '2026-03-09 08:22:07');
INSERT INTO order_items (id, order_id, product_id, quantity, unit_price, created_at) VALUES ('81dd04cc-7251-4d24-bba5-8a4f47d65dec', '1acb91a2-0a89-4b64-9816-0e5e62f81b82', 'a423596d-cf1e-4bec-8d5e-424aa198daf5', 3, 24.35, '2026-03-09 08:22:39');
INSERT INTO orders (id, buyer_id, seller_id, total_amount, status, created_at, updated_at) VALUES ('854dcf2e-bbe8-40f9-b6de-fec2be268896', 'c9466a52-5bc1-4f3a-8bb1-6d83e68ad493', 'b55a3a64-d409-454f-848e-8b2dbb7dea01', 39.55, 'completed', '2026-03-12 11:53:06', '2026-03-12 11:53:07');
INSERT INTO order_items (id, order_id, product_id, quantity, unit_price, created_at) VALUES ('08e396c0-8968-42ef-af1d-a7d00ca6b037', '854dcf2e-bbe8-40f9-b6de-fec2be268896', '1a49f936-586b-4ddd-90d5-a83e5608912e', 1, 39.55, '2026-03-12 11:53:37');
INSERT INTO orders (id, buyer_id, seller_id, total_amount, status, created_at, updated_at) VALUES ('ad46a354-deaa-4965-95db-7bfae83316cb', '12da5177-cbb8-4a70-8316-6e59ec1d49a7', '2a75a981-7955-4f44-8c17-a8d38943ac11', 188.28, 'completed', '2026-03-10 11:29:03', '2026-03-10 11:29:41');
INSERT INTO order_items (id, order_id, product_id, quantity, unit_price, created_at) VALUES ('e1fdfbc9-41c7-4242-b2c5-7326d7feec01', 'ad46a354-deaa-4965-95db-7bfae83316cb', 'c2287b0f-e609-4f82-b85c-13c021d01029', 3, 13.27, '2026-03-10 11:29:36');
INSERT INTO order_items (id, order_id, product_id, quantity, unit_price, created_at) VALUES ('6ad68396-ddd2-4053-96d5-e4a3a5820e4a', 'ad46a354-deaa-4965-95db-7bfae83316cb', '2e4b657c-d613-4fe5-9081-2a18addec3ce', 3, 25.14, '2026-03-10 11:29:12');
INSERT INTO order_items (id, order_id, product_id, quantity, unit_price, created_at) VALUES ('19191651-a8a1-4c2d-90b4-7820bc2b1a60', 'ad46a354-deaa-4965-95db-7bfae83316cb', 'a423596d-cf1e-4bec-8d5e-424aa198daf5', 3, 24.35, '2026-03-10 11:29:41');
INSERT INTO orders (id, buyer_id, seller_id, total_amount, status, created_at, updated_at) VALUES ('d668f5d2-b052-4650-a34e-cce7e177788b', '67353710-22d3-4560-a7a8-d03d9735c866', '70cc8c20-4ecd-4b23-be5d-413a3f56589e', 45.12, 'completed', '2026-03-13 09:37:59', '2026-03-13 09:37:05');
INSERT INTO order_items (id, order_id, product_id, quantity, unit_price, created_at) VALUES ('29ac0537-8816-4e24-88ce-1845889c6dc3', 'd668f5d2-b052-4650-a34e-cce7e177788b', '3a840b25-30f7-4f1f-b578-b10ca5f9a872', 3, 15.04, '2026-03-13 09:37:13');
INSERT INTO orders (id, buyer_id, seller_id, total_amount, status, created_at, updated_at) VALUES ('23710170-e42e-42af-9106-4f77142c3177', '6f9af9de-dd5a-4254-b8aa-2a888dfe76d6', '2a75a981-7955-4f44-8c17-a8d38943ac11', 156.79, 'completed', '2026-03-12 09:37:50', '2026-03-12 09:37:55');
INSERT INTO order_items (id, order_id, product_id, quantity, unit_price, created_at) VALUES ('404dfd13-e128-4e2a-b504-6c975329a171', '23710170-e42e-42af-9106-4f77142c3177', '2e4b657c-d613-4fe5-9081-2a18addec3ce', 3, 25.14, '2026-03-12 09:37:43');
INSERT INTO order_items (id, order_id, product_id, quantity, unit_price, created_at) VALUES ('53c6ca23-248c-40b8-971e-dd12c44a6162', '23710170-e42e-42af-9106-4f77142c3177', 'a423596d-cf1e-4bec-8d5e-424aa198daf5', 3, 24.35, '2026-03-12 09:37:06');
INSERT INTO order_items (id, order_id, product_id, quantity, unit_price, created_at) VALUES ('89e6125b-1ac6-4eff-9f4a-e44c765d0f00', '23710170-e42e-42af-9106-4f77142c3177', '4f0d4e89-33ab-4aa7-8248-ee87e9dcb169', 1, 8.32, '2026-03-12 09:37:08');
INSERT INTO orders (id, buyer_id, seller_id, total_amount, status, created_at, updated_at) VALUES ('7b06edc8-1ca6-473f-a220-4d16b57a7b77', 'c9466a52-5bc1-4f3a-8bb1-6d83e68ad493', '1167a03f-db17-407a-9350-96c84d1299b9', 209.89, 'completed', '2026-03-20 14:42:27', '2026-03-20 14:42:06');
INSERT INTO order_items (id, order_id, product_id, quantity, unit_price, created_at) VALUES ('cc8b500e-2f33-43d5-853e-ad7063f600a4', '7b06edc8-1ca6-473f-a220-4d16b57a7b77', '0ccd60ee-d4e9-45d2-9dd7-d03dff1cbf51', 3, 56.29, '2026-03-20 14:42:05');
INSERT INTO order_items (id, order_id, product_id, quantity, unit_price, created_at) VALUES ('6a5977a2-6eae-4ef3-b04f-8ef7ad820ce8', '7b06edc8-1ca6-473f-a220-4d16b57a7b77', '68faf759-f8e4-4c65-b25c-3ac2d52000f2', 2, 20.51, '2026-03-20 14:42:58');
INSERT INTO orders (id, buyer_id, seller_id, total_amount, status, created_at, updated_at) VALUES ('74c79864-fe92-417f-8306-04706e40ffa6', '3173083d-0ddd-4562-b7a7-3a793b70c1a4', '2a75a981-7955-4f44-8c17-a8d38943ac11', 34.86, 'completed', '2026-03-19 09:27:45', '2026-03-19 09:27:17');
INSERT INTO order_items (id, order_id, product_id, quantity, unit_price, created_at) VALUES ('0a1a956b-a549-4ab1-a41f-92bd37440afd', '74c79864-fe92-417f-8306-04706e40ffa6', '4f0d4e89-33ab-4aa7-8248-ee87e9dcb169', 1, 8.32, '2026-03-19 09:27:16');
INSERT INTO order_items (id, order_id, product_id, quantity, unit_price, created_at) VALUES ('eeb32b8e-481e-437d-95ee-35924a5a7b0f', '74c79864-fe92-417f-8306-04706e40ffa6', 'c2287b0f-e609-4f82-b85c-13c021d01029', 2, 13.27, '2026-03-19 09:27:03');
INSERT INTO orders (id, buyer_id, seller_id, total_amount, status, created_at, updated_at) VALUES ('6d93da5d-1ab3-43f7-a0af-ce2e30e7927b', '7a29b129-5cb3-4857-aec4-43a576e06171', '0b509ac3-8a29-442b-9e33-cd466ebb6126', 32.06, 'completed', '2026-03-13 15:29:02', '2026-03-13 15:29:02');
INSERT INTO order_items (id, order_id, product_id, quantity, unit_price, created_at) VALUES ('08055c47-2343-4d22-b64a-66c58d3b238e', '6d93da5d-1ab3-43f7-a0af-ce2e30e7927b', '3ea3bf9c-22ef-47a0-9264-a48ca359035a', 1, 12.84, '2026-03-13 15:29:48');
INSERT INTO order_items (id, order_id, product_id, quantity, unit_price, created_at) VALUES ('3400d9f6-9c6c-4c79-a040-d23bc18e029b', '6d93da5d-1ab3-43f7-a0af-ce2e30e7927b', '7dbb5e6b-07db-4acf-a0a2-637a637e7579', 1, 19.22, '2026-03-13 15:29:46');
INSERT INTO orders (id, buyer_id, seller_id, total_amount, status, created_at, updated_at) VALUES ('fb121cd1-27b5-4467-ba9b-2be476f167b3', '0d17ca10-022d-4bd7-a0fb-54adb997e7ee', '2a75a981-7955-4f44-8c17-a8d38943ac11', 91.27, 'completed', '2026-03-12 15:36:41', '2026-03-12 15:36:08');
INSERT INTO order_items (id, order_id, product_id, quantity, unit_price, created_at) VALUES ('4ab5a8ab-16ea-4d35-8a8b-ffd7a0cce97a', 'fb121cd1-27b5-4467-ba9b-2be476f167b3', '4f0d4e89-33ab-4aa7-8248-ee87e9dcb169', 2, 8.32, '2026-03-12 15:36:26');
INSERT INTO order_items (id, order_id, product_id, quantity, unit_price, created_at) VALUES ('d51595e3-9f96-4ecf-88e5-00f55671a040', 'fb121cd1-27b5-4467-ba9b-2be476f167b3', '2e4b657c-d613-4fe5-9081-2a18addec3ce', 2, 25.14, '2026-03-12 15:36:53');
INSERT INTO order_items (id, order_id, product_id, quantity, unit_price, created_at) VALUES ('d8570238-dbd4-4df4-a2b0-2d0145931b05', 'fb121cd1-27b5-4467-ba9b-2be476f167b3', 'a423596d-cf1e-4bec-8d5e-424aa198daf5', 1, 24.35, '2026-03-12 15:36:36');
INSERT INTO orders (id, buyer_id, seller_id, total_amount, status, created_at, updated_at) VALUES ('879b99cb-d934-4780-96c3-40e50ca5649d', 'a5dd5f4f-d7c7-48b3-a2bf-c7ab1ea50d5b', '70cc8c20-4ecd-4b23-be5d-413a3f56589e', 55.18, 'completed', '2026-03-17 12:21:20', '2026-03-17 12:21:41');
INSERT INTO order_items (id, order_id, product_id, quantity, unit_price, created_at) VALUES ('0d92386b-6809-488e-a298-9046f4261263', '879b99cb-d934-4780-96c3-40e50ca5649d', '3a840b25-30f7-4f1f-b578-b10ca5f9a872', 1, 15.04, '2026-03-17 12:21:57');
INSERT INTO order_items (id, order_id, product_id, quantity, unit_price, created_at) VALUES ('107deb79-fbed-4122-81c3-cff8a8e2b6a7', '879b99cb-d934-4780-96c3-40e50ca5649d', 'f6fade2b-b376-4fa5-b5f0-e4e326f8343e', 3, 13.38, '2026-03-17 12:21:39');
INSERT INTO orders (id, buyer_id, seller_id, total_amount, status, created_at, updated_at) VALUES ('e2c709e0-1161-4fd8-80b4-ae92e351c238', '33d63a63-ea47-4a31-9586-9afc292f3adb', 'b55a3a64-d409-454f-848e-8b2dbb7dea01', 206.97, 'completed', '2026-03-12 14:31:02', '2026-03-12 14:31:58');
INSERT INTO order_items (id, order_id, product_id, quantity, unit_price, created_at) VALUES ('d9f6f1c9-4f89-46cd-a66c-4e5defa17434', 'e2c709e0-1161-4fd8-80b4-ae92e351c238', '1a49f936-586b-4ddd-90d5-a83e5608912e', 3, 39.55, '2026-03-12 14:31:05');
INSERT INTO order_items (id, order_id, product_id, quantity, unit_price, created_at) VALUES ('80d34098-c819-4772-bfcf-ed9f4a58882e', 'e2c709e0-1161-4fd8-80b4-ae92e351c238', '62b5ee34-2747-4924-84ea-9226d2274ace', 3, 21.52, '2026-03-12 14:31:46');
INSERT INTO order_items (id, order_id, product_id, quantity, unit_price, created_at) VALUES ('168cb21d-0ce3-405c-a289-faa091cb3546', 'e2c709e0-1161-4fd8-80b4-ae92e351c238', '7574221b-4b15-4e7f-9e34-80cc14cefb84', 2, 11.88, '2026-03-12 14:31:24');
INSERT INTO orders (id, buyer_id, seller_id, total_amount, status, created_at, updated_at) VALUES ('a01f336b-a81c-4e58-9742-995ecc267dfb', 'a80d151a-8d79-4c18-bc35-fcf4ca81c6c3', 'b55a3a64-d409-454f-848e-8b2dbb7dea01', 154.29, 'completed', '2026-03-10 12:14:14', '2026-03-10 12:14:35');
INSERT INTO order_items (id, order_id, product_id, quantity, unit_price, created_at) VALUES ('0f8614e2-27b4-432d-a748-2a83e1523e27', 'a01f336b-a81c-4e58-9742-995ecc267dfb', '1a49f936-586b-4ddd-90d5-a83e5608912e', 3, 39.55, '2026-03-10 12:14:58');
INSERT INTO order_items (id, order_id, product_id, quantity, unit_price, created_at) VALUES ('abc25b54-4977-4f45-937d-fb7932077c1e', 'a01f336b-a81c-4e58-9742-995ecc267dfb', '7574221b-4b15-4e7f-9e34-80cc14cefb84', 3, 11.88, '2026-03-10 12:14:41');
INSERT INTO orders (id, buyer_id, seller_id, total_amount, status, created_at, updated_at) VALUES ('02e530e7-c9fb-4e99-a062-86f469ca285d', '77172e09-77c4-4422-aaa3-d87815efbada', '2a75a981-7955-4f44-8c17-a8d38943ac11', 93.46, 'completed', '2026-03-20 13:27:43', '2026-03-20 13:27:50');
INSERT INTO order_items (id, order_id, product_id, quantity, unit_price, created_at) VALUES ('f2f4d342-192b-407d-8233-b9ac9ca8ed6d', '02e530e7-c9fb-4e99-a062-86f469ca285d', 'c2287b0f-e609-4f82-b85c-13c021d01029', 2, 13.27, '2026-03-20 13:27:18');
INSERT INTO order_items (id, order_id, product_id, quantity, unit_price, created_at) VALUES ('d59af065-73b5-42d6-bacf-61be02fa6ded', '02e530e7-c9fb-4e99-a062-86f469ca285d', '2e4b657c-d613-4fe5-9081-2a18addec3ce', 2, 25.14, '2026-03-20 13:27:25');
INSERT INTO order_items (id, order_id, product_id, quantity, unit_price, created_at) VALUES ('41678359-aae2-440a-9029-09e54a736e10', '02e530e7-c9fb-4e99-a062-86f469ca285d', '4f0d4e89-33ab-4aa7-8248-ee87e9dcb169', 2, 8.32, '2026-03-20 13:27:44');
INSERT INTO orders (id, buyer_id, seller_id, total_amount, status, created_at, updated_at) VALUES ('0f69aacd-fcf6-4e79-bf70-6152ed192c2b', '230da9ce-d41b-4ec5-9ceb-386924ea1c06', 'b55a3a64-d409-454f-848e-8b2dbb7dea01', 226.85, 'completed', '2026-03-12 13:07:29', '2026-03-12 13:07:33');
INSERT INTO order_items (id, order_id, product_id, quantity, unit_price, created_at) VALUES ('1987176d-01d4-45da-8b70-40e772728e5e', '0f69aacd-fcf6-4e79-bf70-6152ed192c2b', '1a49f936-586b-4ddd-90d5-a83e5608912e', 3, 39.55, '2026-03-12 13:07:43');
INSERT INTO order_items (id, order_id, product_id, quantity, unit_price, created_at) VALUES ('74cd7ee5-70ef-45ec-85f1-1155e4f99970', '0f69aacd-fcf6-4e79-bf70-6152ed192c2b', 'e66706b7-638d-4264-b53d-91ec84f67728', 2, 32.58, '2026-03-12 13:07:08');
INSERT INTO order_items (id, order_id, product_id, quantity, unit_price, created_at) VALUES ('583b36ab-2094-446f-82b2-34bd8f97cfc2', '0f69aacd-fcf6-4e79-bf70-6152ed192c2b', '62b5ee34-2747-4924-84ea-9226d2274ace', 2, 21.52, '2026-03-12 13:07:40');
INSERT INTO orders (id, buyer_id, seller_id, total_amount, status, created_at, updated_at) VALUES ('4703692e-f607-43ac-b882-e2340d5bd04a', '730ca2c2-2771-4352-a87e-f1e6b9d5b829', '0b509ac3-8a29-442b-9e33-cd466ebb6126', 12.84, 'completed', '2026-03-13 09:53:57', '2026-03-13 09:53:45');
INSERT INTO order_items (id, order_id, product_id, quantity, unit_price, created_at) VALUES ('9629bf0b-2470-4244-82cb-679c1b5d4224', '4703692e-f607-43ac-b882-e2340d5bd04a', '3ea3bf9c-22ef-47a0-9264-a48ca359035a', 1, 12.84, '2026-03-13 09:53:12');
INSERT INTO orders (id, buyer_id, seller_id, total_amount, status, created_at, updated_at) VALUES ('57c314a7-0d87-4a3c-bedf-e072d5458e91', '77172e09-77c4-4422-aaa3-d87815efbada', '70cc8c20-4ecd-4b23-be5d-413a3f56589e', 133.46, 'completed', '2026-03-13 08:45:52', '2026-03-13 08:45:29');
INSERT INTO order_items (id, order_id, product_id, quantity, unit_price, created_at) VALUES ('ace7e1d0-741c-40e5-bdcf-00cb8e918624', '57c314a7-0d87-4a3c-bedf-e072d5458e91', '4393ffe2-f873-4c8d-8826-5a899492643a', 1, 38.04, '2026-03-13 08:45:39');
INSERT INTO order_items (id, order_id, product_id, quantity, unit_price, created_at) VALUES ('1ceea0d3-dd00-498c-af0f-0b876370ae9d', '57c314a7-0d87-4a3c-bedf-e072d5458e91', 'f6fade2b-b376-4fa5-b5f0-e4e326f8343e', 3, 13.38, '2026-03-13 08:45:01');
INSERT INTO order_items (id, order_id, product_id, quantity, unit_price, created_at) VALUES ('fda821ac-74fd-45a7-b7b7-5f245eacad7c', '57c314a7-0d87-4a3c-bedf-e072d5458e91', '510b7a08-bcf1-48ae-afc3-7754f000364e', 2, 27.64, '2026-03-13 08:45:25');
INSERT INTO orders (id, buyer_id, seller_id, total_amount, status, created_at, updated_at) VALUES ('d8851d50-f4d5-4086-8b10-5dcdee4e4f8a', '12da5177-cbb8-4a70-8316-6e59ec1d49a7', '2a75a981-7955-4f44-8c17-a8d38943ac11', 66.92, 'completed', '2026-03-10 08:36:22', '2026-03-10 08:36:23');
INSERT INTO order_items (id, order_id, product_id, quantity, unit_price, created_at) VALUES ('f26a61e9-82a1-40fa-8140-7f8a13256254', 'd8851d50-f4d5-4086-8b10-5dcdee4e4f8a', '4f0d4e89-33ab-4aa7-8248-ee87e9dcb169', 2, 8.32, '2026-03-10 08:36:32');
INSERT INTO order_items (id, order_id, product_id, quantity, unit_price, created_at) VALUES ('82232833-b124-4765-a464-e1a78628a334', 'd8851d50-f4d5-4086-8b10-5dcdee4e4f8a', '2e4b657c-d613-4fe5-9081-2a18addec3ce', 2, 25.14, '2026-03-10 08:36:42');
INSERT INTO orders (id, buyer_id, seller_id, total_amount, status, created_at, updated_at) VALUES ('5ea37e7f-9812-45dc-b515-f34c575bdab1', '7a29b129-5cb3-4857-aec4-43a576e06171', 'b55a3a64-d409-454f-848e-8b2dbb7dea01', 23.76, 'completed', '2026-03-13 15:07:46', '2026-03-13 15:07:54');
INSERT INTO order_items (id, order_id, product_id, quantity, unit_price, created_at) VALUES ('e66cd10c-b5bf-46b1-92dc-f74f63a5c040', '5ea37e7f-9812-45dc-b515-f34c575bdab1', '7574221b-4b15-4e7f-9e34-80cc14cefb84', 2, 11.88, '2026-03-13 15:07:15');
INSERT INTO orders (id, buyer_id, seller_id, total_amount, status, created_at, updated_at) VALUES ('3bd10ac9-2de4-4766-90ce-002e2db52b6f', 'e39f9c3d-5835-49cf-898d-39f7ee06e757', '0b509ac3-8a29-442b-9e33-cd466ebb6126', 121.60, 'completed', '2026-03-09 10:09:05', '2026-03-09 10:09:39');
INSERT INTO order_items (id, order_id, product_id, quantity, unit_price, created_at) VALUES ('4f41bebf-7ad8-44b0-9f41-33b928d27a5b', '3bd10ac9-2de4-4766-90ce-002e2db52b6f', '3ea3bf9c-22ef-47a0-9264-a48ca359035a', 1, 12.84, '2026-03-09 10:09:55');
INSERT INTO order_items (id, order_id, product_id, quantity, unit_price, created_at) VALUES ('bac6a66c-1b6d-4919-bfdd-01ea52e3820c', '3bd10ac9-2de4-4766-90ce-002e2db52b6f', '3b632f10-4276-4777-a066-685920b76863', 3, 27.38, '2026-03-09 10:09:21');
INSERT INTO order_items (id, order_id, product_id, quantity, unit_price, created_at) VALUES ('60091317-0704-4a9a-b415-7dcec0dc4a88', '3bd10ac9-2de4-4766-90ce-002e2db52b6f', '157fe97c-a64f-4be8-b2e6-4c7249164e82', 2, 13.31, '2026-03-09 10:09:28');
INSERT INTO orders (id, buyer_id, seller_id, total_amount, status, created_at, updated_at) VALUES ('83b42938-5d25-47f9-856b-b167fb207cb9', '230da9ce-d41b-4ec5-9ceb-386924ea1c06', '0b509ac3-8a29-442b-9e33-cd466ebb6126', 52.30, 'completed', '2026-03-18 15:58:58', '2026-03-18 15:58:52');
INSERT INTO order_items (id, order_id, product_id, quantity, unit_price, created_at) VALUES ('f5e0557a-e9cd-4230-bf8b-28eb5fb2354f', '83b42938-5d25-47f9-856b-b167fb207cb9', '3ea3bf9c-22ef-47a0-9264-a48ca359035a', 2, 12.84, '2026-03-18 15:58:35');
INSERT INTO order_items (id, order_id, product_id, quantity, unit_price, created_at) VALUES ('30008625-9ed1-4c9d-a4e2-8feb63a0a794', '83b42938-5d25-47f9-856b-b167fb207cb9', '157fe97c-a64f-4be8-b2e6-4c7249164e82', 2, 13.31, '2026-03-18 15:58:39');
INSERT INTO orders (id, buyer_id, seller_id, total_amount, status, created_at, updated_at) VALUES ('ed67d49e-aece-4bdc-b68b-7b050e10574f', '5f660a50-a300-43ea-9f54-238281c53f8e', '0b509ac3-8a29-442b-9e33-cd466ebb6126', 38.52, 'completed', '2026-03-10 11:40:14', '2026-03-10 11:40:38');
INSERT INTO order_items (id, order_id, product_id, quantity, unit_price, created_at) VALUES ('b48acb1d-2431-471c-b459-1366ab42bd8f', 'ed67d49e-aece-4bdc-b68b-7b050e10574f', '3ea3bf9c-22ef-47a0-9264-a48ca359035a', 3, 12.84, '2026-03-10 11:40:41');
INSERT INTO orders (id, buyer_id, seller_id, total_amount, status, created_at, updated_at) VALUES ('6c8db86e-d11f-4f04-a3e7-f1f4d007265d', '6fb78c4a-717f-46fb-819a-3632d89331f0', '70cc8c20-4ecd-4b23-be5d-413a3f56589e', 38.04, 'completed', '2026-03-12 10:35:27', '2026-03-12 10:35:24');
INSERT INTO order_items (id, order_id, product_id, quantity, unit_price, created_at) VALUES ('94625ecb-d189-463a-99b7-4436ec072aa5', '6c8db86e-d11f-4f04-a3e7-f1f4d007265d', '4393ffe2-f873-4c8d-8826-5a899492643a', 1, 38.04, '2026-03-12 10:35:09');
INSERT INTO orders (id, buyer_id, seller_id, total_amount, status, created_at, updated_at) VALUES ('021d8374-24ff-41a0-be53-eb1611402590', '1b0c09ee-6918-4dee-8877-25178ad686b3', '2a75a981-7955-4f44-8c17-a8d38943ac11', 39.81, 'completed', '2026-03-19 12:02:40', '2026-03-19 12:02:22');
INSERT INTO order_items (id, order_id, product_id, quantity, unit_price, created_at) VALUES ('9942dd6d-8814-4d88-b5ca-04f9333a2639', '021d8374-24ff-41a0-be53-eb1611402590', 'c2287b0f-e609-4f82-b85c-13c021d01029', 3, 13.27, '2026-03-19 12:02:52');
INSERT INTO orders (id, buyer_id, seller_id, total_amount, status, created_at, updated_at) VALUES ('d8fd6a0e-25cb-4ea8-ba96-242114eb4ec4', '2e442dea-1261-4122-bb3a-53813bbdc731', '2a75a981-7955-4f44-8c17-a8d38943ac11', 50.10, 'completed', '2026-03-10 11:59:17', '2026-03-10 11:59:47');
INSERT INTO order_items (id, order_id, product_id, quantity, unit_price, created_at) VALUES ('4d49789c-6fb6-4b99-8a84-b4ec5e3a9e85', 'd8fd6a0e-25cb-4ea8-ba96-242114eb4ec4', '2e4b657c-d613-4fe5-9081-2a18addec3ce', 1, 25.14, '2026-03-10 11:59:35');
INSERT INTO order_items (id, order_id, product_id, quantity, unit_price, created_at) VALUES ('f4c49ec8-42b5-45c8-8a34-62ff46ddc43a', 'd8fd6a0e-25cb-4ea8-ba96-242114eb4ec4', '4f0d4e89-33ab-4aa7-8248-ee87e9dcb169', 3, 8.32, '2026-03-10 11:59:46');
INSERT INTO orders (id, buyer_id, seller_id, total_amount, status, created_at, updated_at) VALUES ('dae2fc4b-0888-455a-a0f6-8ffdc440a3a4', '230da9ce-d41b-4ec5-9ceb-386924ea1c06', '70cc8c20-4ecd-4b23-be5d-413a3f56589e', 76.08, 'completed', '2026-03-13 10:04:14', '2026-03-13 10:04:02');
INSERT INTO order_items (id, order_id, product_id, quantity, unit_price, created_at) VALUES ('041a388a-8f2a-472e-a61e-213692c64621', 'dae2fc4b-0888-455a-a0f6-8ffdc440a3a4', '4393ffe2-f873-4c8d-8826-5a899492643a', 2, 38.04, '2026-03-13 10:04:36');
INSERT INTO orders (id, buyer_id, seller_id, total_amount, status, created_at, updated_at) VALUES ('77aaa5b5-d2b1-401a-b907-9c5048f488dc', '2e442dea-1261-4122-bb3a-53813bbdc731', '2a75a981-7955-4f44-8c17-a8d38943ac11', 100.38, 'completed', '2026-03-10 15:44:13', '2026-03-10 15:44:42');
INSERT INTO order_items (id, order_id, product_id, quantity, unit_price, created_at) VALUES ('4d66eee1-c887-422c-bc22-7a96ca22e47a', '77aaa5b5-d2b1-401a-b907-9c5048f488dc', '4f0d4e89-33ab-4aa7-8248-ee87e9dcb169', 3, 8.32, '2026-03-10 15:44:27');
INSERT INTO order_items (id, order_id, product_id, quantity, unit_price, created_at) VALUES ('94dbbf74-89da-4e3a-aeb8-053ca7a70530', '77aaa5b5-d2b1-401a-b907-9c5048f488dc', '2e4b657c-d613-4fe5-9081-2a18addec3ce', 3, 25.14, '2026-03-10 15:44:59');
INSERT INTO orders (id, buyer_id, seller_id, total_amount, status, created_at, updated_at) VALUES ('b6a361f5-3281-4a42-b778-d82014d2b3d8', 'a5dd5f4f-d7c7-48b3-a2bf-c7ab1ea50d5b', '2a75a981-7955-4f44-8c17-a8d38943ac11', 34.86, 'completed', '2026-03-10 08:56:26', '2026-03-10 08:56:11');
INSERT INTO order_items (id, order_id, product_id, quantity, unit_price, created_at) VALUES ('a870d3d6-62de-439b-bb94-b5665103c74c', 'b6a361f5-3281-4a42-b778-d82014d2b3d8', 'c2287b0f-e609-4f82-b85c-13c021d01029', 2, 13.27, '2026-03-10 08:56:09');
INSERT INTO order_items (id, order_id, product_id, quantity, unit_price, created_at) VALUES ('d171288d-ce2a-404b-add2-7694df0e7fe0', 'b6a361f5-3281-4a42-b778-d82014d2b3d8', '4f0d4e89-33ab-4aa7-8248-ee87e9dcb169', 1, 8.32, '2026-03-10 08:56:23');
INSERT INTO orders (id, buyer_id, seller_id, total_amount, status, created_at, updated_at) VALUES ('b6eb8b5c-98f2-49bc-a4c8-ae4aabae0ead', '6fb78c4a-717f-46fb-819a-3632d89331f0', '70cc8c20-4ecd-4b23-be5d-413a3f56589e', 76.08, 'completed', '2026-03-09 12:36:14', '2026-03-09 12:36:20');
INSERT INTO order_items (id, order_id, product_id, quantity, unit_price, created_at) VALUES ('67414657-d863-4d3e-aeee-d26c88558126', 'b6eb8b5c-98f2-49bc-a4c8-ae4aabae0ead', '4393ffe2-f873-4c8d-8826-5a899492643a', 2, 38.04, '2026-03-09 12:36:41');
INSERT INTO orders (id, buyer_id, seller_id, total_amount, status, created_at, updated_at) VALUES ('724e5a65-f625-4309-b7e5-691c481bc884', '730ca2c2-2771-4352-a87e-f1e6b9d5b829', '2a75a981-7955-4f44-8c17-a8d38943ac11', 65.34, 'completed', '2026-03-13 10:37:15', '2026-03-13 10:37:40');
INSERT INTO order_items (id, order_id, product_id, quantity, unit_price, created_at) VALUES ('83b1b660-459f-48a3-adc9-d8048a54c7ec', '724e5a65-f625-4309-b7e5-691c481bc884', '4f0d4e89-33ab-4aa7-8248-ee87e9dcb169', 2, 8.32, '2026-03-13 10:37:47');
INSERT INTO order_items (id, order_id, product_id, quantity, unit_price, created_at) VALUES ('3d8e0d7a-2ecf-41af-9524-85bccd3c3cf4', '724e5a65-f625-4309-b7e5-691c481bc884', 'a423596d-cf1e-4bec-8d5e-424aa198daf5', 2, 24.35, '2026-03-13 10:37:59');
INSERT INTO orders (id, buyer_id, seller_id, total_amount, status, created_at, updated_at) VALUES ('b64d3ba8-f66a-46d6-8816-500ad4d9b56a', '1b0c09ee-6918-4dee-8877-25178ad686b3', '1167a03f-db17-407a-9350-96c84d1299b9', 41.02, 'completed', '2026-03-17 09:54:27', '2026-03-17 09:54:33');
INSERT INTO order_items (id, order_id, product_id, quantity, unit_price, created_at) VALUES ('dafec6d1-a470-4a1f-9448-c87bfcdb6d87', 'b64d3ba8-f66a-46d6-8816-500ad4d9b56a', '68faf759-f8e4-4c65-b25c-3ac2d52000f2', 2, 20.51, '2026-03-17 09:54:44');
INSERT INTO orders (id, buyer_id, seller_id, total_amount, status, created_at, updated_at) VALUES ('b17c4073-882f-4c5d-a7f2-c77e38ef0dfb', 'a5dd5f4f-d7c7-48b3-a2bf-c7ab1ea50d5b', '1167a03f-db17-407a-9350-96c84d1299b9', 41.02, 'completed', '2026-03-18 08:29:44', '2026-03-18 08:29:44');
INSERT INTO order_items (id, order_id, product_id, quantity, unit_price, created_at) VALUES ('adef15dd-f333-4534-bd07-45a8a5ceee99', 'b17c4073-882f-4c5d-a7f2-c77e38ef0dfb', '68faf759-f8e4-4c65-b25c-3ac2d52000f2', 2, 20.51, '2026-03-18 08:29:08');
INSERT INTO orders (id, buyer_id, seller_id, total_amount, status, created_at, updated_at) VALUES ('a60d9e89-8b73-4735-b5d9-66033d49b986', 'bf19b247-f850-4e54-a4ae-ff71de360284', 'b55a3a64-d409-454f-848e-8b2dbb7dea01', 195.69, 'completed', '2026-03-18 08:42:35', '2026-03-18 08:42:49');
INSERT INTO order_items (id, order_id, product_id, quantity, unit_price, created_at) VALUES ('f9abb325-dcb2-4ee4-a84d-a18af655aeb9', 'a60d9e89-8b73-4735-b5d9-66033d49b986', '7574221b-4b15-4e7f-9e34-80cc14cefb84', 1, 11.88, '2026-03-18 08:42:13');
INSERT INTO order_items (id, order_id, product_id, quantity, unit_price, created_at) VALUES ('fcc8ee64-700f-498c-a5bc-3cfa6f1d913e', 'a60d9e89-8b73-4735-b5d9-66033d49b986', '1a49f936-586b-4ddd-90d5-a83e5608912e', 3, 39.55, '2026-03-18 08:42:25');
INSERT INTO order_items (id, order_id, product_id, quantity, unit_price, created_at) VALUES ('849aea5a-9b35-4361-bb70-b7c31dfc5f29', 'a60d9e89-8b73-4735-b5d9-66033d49b986', 'e66706b7-638d-4264-b53d-91ec84f67728', 2, 32.58, '2026-03-18 08:42:24');
INSERT INTO orders (id, buyer_id, seller_id, total_amount, status, created_at, updated_at) VALUES ('40da6733-cf67-4ce6-85ba-abc45c01fee5', 'a5dd5f4f-d7c7-48b3-a2bf-c7ab1ea50d5b', '2a75a981-7955-4f44-8c17-a8d38943ac11', 105.33, 'completed', '2026-03-09 11:17:48', '2026-03-09 11:17:38');
INSERT INTO order_items (id, order_id, product_id, quantity, unit_price, created_at) VALUES ('f0061568-9918-430b-bc0d-27729d956ccb', '40da6733-cf67-4ce6-85ba-abc45c01fee5', '2e4b657c-d613-4fe5-9081-2a18addec3ce', 3, 25.14, '2026-03-09 11:17:48');
INSERT INTO order_items (id, order_id, product_id, quantity, unit_price, created_at) VALUES ('d1fe73c5-8293-4e15-b95b-3d14de7a24c9', '40da6733-cf67-4ce6-85ba-abc45c01fee5', '4f0d4e89-33ab-4aa7-8248-ee87e9dcb169', 2, 8.32, '2026-03-09 11:17:24');
INSERT INTO order_items (id, order_id, product_id, quantity, unit_price, created_at) VALUES ('b7f1aaf3-5c29-4a70-bb66-2275586d79da', '40da6733-cf67-4ce6-85ba-abc45c01fee5', 'c2287b0f-e609-4f82-b85c-13c021d01029', 1, 13.27, '2026-03-09 11:17:45');
INSERT INTO orders (id, buyer_id, seller_id, total_amount, status, created_at, updated_at) VALUES ('e4405be4-8460-471c-9f55-263063d5116e', '21d546d5-a204-47d5-93ee-0b038dc26535', '0b509ac3-8a29-442b-9e33-cd466ebb6126', 59.44, 'completed', '2026-03-12 10:19:35', '2026-03-12 10:19:37');
INSERT INTO order_items (id, order_id, product_id, quantity, unit_price, created_at) VALUES ('6efbadc2-6e09-40bd-a713-4f9f40c30919', 'e4405be4-8460-471c-9f55-263063d5116e', '3b632f10-4276-4777-a066-685920b76863', 1, 27.38, '2026-03-12 10:19:54');
INSERT INTO order_items (id, order_id, product_id, quantity, unit_price, created_at) VALUES ('655fe245-643f-478a-be09-0d524e57960c', 'e4405be4-8460-471c-9f55-263063d5116e', '3ea3bf9c-22ef-47a0-9264-a48ca359035a', 1, 12.84, '2026-03-12 10:19:59');
INSERT INTO order_items (id, order_id, product_id, quantity, unit_price, created_at) VALUES ('215cdc79-0434-46cb-8598-8b14a8321c7e', 'e4405be4-8460-471c-9f55-263063d5116e', '7dbb5e6b-07db-4acf-a0a2-637a637e7579', 1, 19.22, '2026-03-12 10:19:48');
INSERT INTO orders (id, buyer_id, seller_id, total_amount, status, created_at, updated_at) VALUES ('8fb81fcb-4d32-4657-b2e7-34eb152e020e', '2824350a-2dd8-45d2-bd34-fdfd19bc56e7', 'b55a3a64-d409-454f-848e-8b2dbb7dea01', 145.90, 'completed', '2026-03-11 15:59:27', '2026-03-11 15:59:39');
INSERT INTO order_items (id, order_id, product_id, quantity, unit_price, created_at) VALUES ('4560ce2c-4529-45a6-afaa-fbd91018aece', '8fb81fcb-4d32-4657-b2e7-34eb152e020e', '62b5ee34-2747-4924-84ea-9226d2274ace', 2, 21.52, '2026-03-11 15:59:58');
INSERT INTO order_items (id, order_id, product_id, quantity, unit_price, created_at) VALUES ('b1a30e66-10b1-48cf-aa2d-6ddb25266560', '8fb81fcb-4d32-4657-b2e7-34eb152e020e', '7574221b-4b15-4e7f-9e34-80cc14cefb84', 2, 11.88, '2026-03-11 15:59:05');
INSERT INTO order_items (id, order_id, product_id, quantity, unit_price, created_at) VALUES ('a62d520e-fb3d-438e-b2ca-a0784fcee5fe', '8fb81fcb-4d32-4657-b2e7-34eb152e020e', '1a49f936-586b-4ddd-90d5-a83e5608912e', 2, 39.55, '2026-03-11 15:59:37');
INSERT INTO orders (id, buyer_id, seller_id, total_amount, status, created_at, updated_at) VALUES ('cc361460-99e7-4c56-80b3-d5565d02aefc', '2d5f606f-9ae7-4c10-b1c2-2393a692d40d', '2a75a981-7955-4f44-8c17-a8d38943ac11', 25.14, 'completed', '2026-03-20 10:24:43', '2026-03-20 10:24:59');
INSERT INTO order_items (id, order_id, product_id, quantity, unit_price, created_at) VALUES ('63ad2c43-e6fe-45e0-b553-d77b70932a19', 'cc361460-99e7-4c56-80b3-d5565d02aefc', '2e4b657c-d613-4fe5-9081-2a18addec3ce', 1, 25.14, '2026-03-20 10:24:55');
INSERT INTO orders (id, buyer_id, seller_id, total_amount, status, created_at, updated_at) VALUES ('692725b8-de5c-4671-9382-abfe31e32a76', '0d17ca10-022d-4bd7-a0fb-54adb997e7ee', '2a75a981-7955-4f44-8c17-a8d38943ac11', 39.81, 'completed', '2026-03-17 12:52:35', '2026-03-17 12:52:11');
INSERT INTO order_items (id, order_id, product_id, quantity, unit_price, created_at) VALUES ('98f8b68d-a671-4c27-8742-fc1c11df4301', '692725b8-de5c-4671-9382-abfe31e32a76', 'c2287b0f-e609-4f82-b85c-13c021d01029', 3, 13.27, '2026-03-17 12:52:42');
INSERT INTO orders (id, buyer_id, seller_id, total_amount, status, created_at, updated_at) VALUES ('2d6b9aa5-bbda-48f2-98f9-11c58d8a98f8', '9b808deb-9b28-450f-8eab-1ff280394a6a', '0b509ac3-8a29-442b-9e33-cd466ebb6126', 123.27, 'completed', '2026-03-19 10:28:14', '2026-03-19 10:28:01');
INSERT INTO order_items (id, order_id, product_id, quantity, unit_price, created_at) VALUES ('5be9d5fa-7929-4402-865b-14c6ba1fc0fb', '2d6b9aa5-bbda-48f2-98f9-11c58d8a98f8', '157fe97c-a64f-4be8-b2e6-4c7249164e82', 3, 13.31, '2026-03-19 10:28:44');
INSERT INTO order_items (id, order_id, product_id, quantity, unit_price, created_at) VALUES ('aa05f9cc-b8d1-471d-8d02-1cdf0e17249a', '2d6b9aa5-bbda-48f2-98f9-11c58d8a98f8', '7dbb5e6b-07db-4acf-a0a2-637a637e7579', 3, 19.22, '2026-03-19 10:28:18');
INSERT INTO order_items (id, order_id, product_id, quantity, unit_price, created_at) VALUES ('58f86a50-1642-4665-ab3a-13edaecc4d85', '2d6b9aa5-bbda-48f2-98f9-11c58d8a98f8', '3ea3bf9c-22ef-47a0-9264-a48ca359035a', 2, 12.84, '2026-03-19 10:28:59');
INSERT INTO orders (id, buyer_id, seller_id, total_amount, status, created_at, updated_at) VALUES ('097c6071-ac8a-4caa-91c0-420ac8b74726', '2824350a-2dd8-45d2-bd34-fdfd19bc56e7', '1167a03f-db17-407a-9350-96c84d1299b9', 83.53, 'completed', '2026-03-12 11:36:04', '2026-03-12 11:36:57');
INSERT INTO order_items (id, order_id, product_id, quantity, unit_price, created_at) VALUES ('185d506d-d514-4e68-9fc6-43af7dae2ca0', '097c6071-ac8a-4caa-91c0-420ac8b74726', '1ab3a714-0ef7-4ec2-a8e5-006b33a80448', 1, 54.71, '2026-03-12 11:36:06');
INSERT INTO order_items (id, order_id, product_id, quantity, unit_price, created_at) VALUES ('d939ddaf-2cf7-4e35-8f0d-1a93cefeee69', '097c6071-ac8a-4caa-91c0-420ac8b74726', '5b8ecada-4c8f-4cdf-a1ac-e6404b3a0c4f', 2, 14.41, '2026-03-12 11:36:09');
INSERT INTO orders (id, buyer_id, seller_id, total_amount, status, created_at, updated_at) VALUES ('30f7662e-ecbc-41d4-aefc-024df116eff0', '7db5ddb6-84be-4932-8634-77357bc78773', '2a75a981-7955-4f44-8c17-a8d38943ac11', 75.42, 'completed', '2026-03-18 10:31:05', '2026-03-18 10:31:46');
INSERT INTO order_items (id, order_id, product_id, quantity, unit_price, created_at) VALUES ('9d8f46ce-61d8-408d-8d2a-a95dbdd8da50', '30f7662e-ecbc-41d4-aefc-024df116eff0', '2e4b657c-d613-4fe5-9081-2a18addec3ce', 3, 25.14, '2026-03-18 10:31:28');
INSERT INTO orders (id, buyer_id, seller_id, total_amount, status, created_at, updated_at) VALUES ('9656c901-092e-4901-99bb-bfe2d586fab1', '383362c3-26c1-44d6-bf0a-ec9aa6d1d435', 'b55a3a64-d409-454f-848e-8b2dbb7dea01', 75.62, 'completed', '2026-03-19 09:33:18', '2026-03-19 09:33:21');
INSERT INTO order_items (id, order_id, product_id, quantity, unit_price, created_at) VALUES ('6a8779f1-db45-49cf-8499-51880e6110a9', '9656c901-092e-4901-99bb-bfe2d586fab1', 'e66706b7-638d-4264-b53d-91ec84f67728', 1, 32.58, '2026-03-19 09:33:12');
INSERT INTO order_items (id, order_id, product_id, quantity, unit_price, created_at) VALUES ('a923c710-04cf-4923-9510-bc3d127da10b', '9656c901-092e-4901-99bb-bfe2d586fab1', '62b5ee34-2747-4924-84ea-9226d2274ace', 2, 21.52, '2026-03-19 09:33:15');
INSERT INTO orders (id, buyer_id, seller_id, total_amount, status, created_at, updated_at) VALUES ('04d2f2cf-839a-4676-9899-40a8494bf358', 'cb755f08-0c95-464e-8220-36224f8a3277', 'b55a3a64-d409-454f-848e-8b2dbb7dea01', 186.06, 'completed', '2026-03-19 12:21:27', '2026-03-19 12:21:41');
INSERT INTO order_items (id, order_id, product_id, quantity, unit_price, created_at) VALUES ('5808fc3e-9ea7-416d-9a3b-ab13f1f3681d', '04d2f2cf-839a-4676-9899-40a8494bf358', '7574221b-4b15-4e7f-9e34-80cc14cefb84', 2, 11.88, '2026-03-19 12:21:19');
INSERT INTO order_items (id, order_id, product_id, quantity, unit_price, created_at) VALUES ('0dd39afa-7f8b-4746-b348-eea06d3f9e02', '04d2f2cf-839a-4676-9899-40a8494bf358', '62b5ee34-2747-4924-84ea-9226d2274ace', 3, 21.52, '2026-03-19 12:21:44');
INSERT INTO order_items (id, order_id, product_id, quantity, unit_price, created_at) VALUES ('4301d938-df32-4c91-b67d-7ee7aad3302a', '04d2f2cf-839a-4676-9899-40a8494bf358', 'e66706b7-638d-4264-b53d-91ec84f67728', 3, 32.58, '2026-03-19 12:21:03');
INSERT INTO orders (id, buyer_id, seller_id, total_amount, status, created_at, updated_at) VALUES ('01b05090-0003-4fa3-a1b7-8cadca56000d', '6f9af9de-dd5a-4254-b8aa-2a888dfe76d6', '1167a03f-db17-407a-9350-96c84d1299b9', 164.13, 'completed', '2026-03-19 08:39:38', '2026-03-19 08:39:05');
INSERT INTO order_items (id, order_id, product_id, quantity, unit_price, created_at) VALUES ('9967b39a-673e-43fd-ae1b-48771b1b8f9d', '01b05090-0003-4fa3-a1b7-8cadca56000d', '1ab3a714-0ef7-4ec2-a8e5-006b33a80448', 3, 54.71, '2026-03-19 08:39:19');
INSERT INTO orders (id, buyer_id, seller_id, total_amount, status, created_at, updated_at) VALUES ('680d6883-2132-4b95-a2b4-807a34cc6430', '2e442dea-1261-4122-bb3a-53813bbdc731', '70cc8c20-4ecd-4b23-be5d-413a3f56589e', 172.38, 'completed', '2026-03-10 14:06:54', '2026-03-10 14:06:10');
INSERT INTO order_items (id, order_id, product_id, quantity, unit_price, created_at) VALUES ('a9c6b319-82e7-4145-8907-c6a5f89248bf', '680d6883-2132-4b95-a2b4-807a34cc6430', '510b7a08-bcf1-48ae-afc3-7754f000364e', 3, 27.64, '2026-03-10 14:06:13');
INSERT INTO order_items (id, order_id, product_id, quantity, unit_price, created_at) VALUES ('28c303a7-8b79-4a8a-b786-57184e45aad3', '680d6883-2132-4b95-a2b4-807a34cc6430', '4393ffe2-f873-4c8d-8826-5a899492643a', 2, 38.04, '2026-03-10 14:06:32');
INSERT INTO order_items (id, order_id, product_id, quantity, unit_price, created_at) VALUES ('8f9cfb37-85cd-42b9-a7d3-24b2823456f8', '680d6883-2132-4b95-a2b4-807a34cc6430', 'f6fade2b-b376-4fa5-b5f0-e4e326f8343e', 1, 13.38, '2026-03-10 14:06:08');
INSERT INTO orders (id, buyer_id, seller_id, total_amount, status, created_at, updated_at) VALUES ('bddc542d-e082-42ce-ade4-3520d0bce4ea', 'c9466a52-5bc1-4f3a-8bb1-6d83e68ad493', '1167a03f-db17-407a-9350-96c84d1299b9', 183.28, 'completed', '2026-03-09 12:22:17', '2026-03-09 12:22:11');
INSERT INTO order_items (id, order_id, product_id, quantity, unit_price, created_at) VALUES ('f01ac6df-7404-40a9-9c7e-5e7815084062', 'bddc542d-e082-42ce-ade4-3520d0bce4ea', '5b8ecada-4c8f-4cdf-a1ac-e6404b3a0c4f', 1, 14.41, '2026-03-09 12:22:16');
INSERT INTO order_items (id, order_id, product_id, quantity, unit_price, created_at) VALUES ('524a3aad-2563-4aab-b0eb-6a25fc55fb7c', 'bddc542d-e082-42ce-ade4-3520d0bce4ea', '0ccd60ee-d4e9-45d2-9dd7-d03dff1cbf51', 3, 56.29, '2026-03-09 12:22:50');
INSERT INTO orders (id, buyer_id, seller_id, total_amount, status, created_at, updated_at) VALUES ('43e66c8a-2deb-49c6-a621-e26fd163da9c', '1b0c09ee-6918-4dee-8877-25178ad686b3', '0b509ac3-8a29-442b-9e33-cd466ebb6126', 39.93, 'completed', '2026-03-11 10:11:04', '2026-03-11 10:11:34');
INSERT INTO order_items (id, order_id, product_id, quantity, unit_price, created_at) VALUES ('454e61a2-412b-4b47-ab47-5567b426946c', '43e66c8a-2deb-49c6-a621-e26fd163da9c', '157fe97c-a64f-4be8-b2e6-4c7249164e82', 3, 13.31, '2026-03-11 10:11:31');
INSERT INTO orders (id, buyer_id, seller_id, total_amount, status, created_at, updated_at) VALUES ('27297cc7-0595-499d-bca7-88901097617b', '2d5f606f-9ae7-4c10-b1c2-2393a692d40d', '2a75a981-7955-4f44-8c17-a8d38943ac11', 81.59, 'completed', '2026-03-11 11:29:25', '2026-03-11 11:29:37');
INSERT INTO order_items (id, order_id, product_id, quantity, unit_price, created_at) VALUES ('20c84742-c433-409f-81bd-630576245db6', '27297cc7-0595-499d-bca7-88901097617b', 'c2287b0f-e609-4f82-b85c-13c021d01029', 3, 13.27, '2026-03-11 11:29:52');
INSERT INTO order_items (id, order_id, product_id, quantity, unit_price, created_at) VALUES ('817a8997-dc41-4d3b-9df5-2993b3bb2e40', '27297cc7-0595-499d-bca7-88901097617b', '2e4b657c-d613-4fe5-9081-2a18addec3ce', 1, 25.14, '2026-03-11 11:29:17');
INSERT INTO order_items (id, order_id, product_id, quantity, unit_price, created_at) VALUES ('c26cb53f-b0f5-4f45-9f7c-0dceccd18f73', '27297cc7-0595-499d-bca7-88901097617b', '4f0d4e89-33ab-4aa7-8248-ee87e9dcb169', 2, 8.32, '2026-03-11 11:29:55');
INSERT INTO orders (id, buyer_id, seller_id, total_amount, status, created_at, updated_at) VALUES ('3c71c4ca-dc33-4e7d-84aa-dc515cbd0f94', '2e442dea-1261-4122-bb3a-53813bbdc731', '0b509ac3-8a29-442b-9e33-cd466ebb6126', 65.61, 'completed', '2026-03-11 09:28:39', '2026-03-11 09:28:16');
INSERT INTO order_items (id, order_id, product_id, quantity, unit_price, created_at) VALUES ('9c445460-5e7e-47db-b728-bb3392f3bb78', '3c71c4ca-dc33-4e7d-84aa-dc515cbd0f94', '3ea3bf9c-22ef-47a0-9264-a48ca359035a', 2, 12.84, '2026-03-11 09:28:05');
INSERT INTO order_items (id, order_id, product_id, quantity, unit_price, created_at) VALUES ('64ca99b9-f7d3-458a-a5a4-46c1a6f522d2', '3c71c4ca-dc33-4e7d-84aa-dc515cbd0f94', '157fe97c-a64f-4be8-b2e6-4c7249164e82', 3, 13.31, '2026-03-11 09:28:27');
INSERT INTO orders (id, buyer_id, seller_id, total_amount, status, created_at, updated_at) VALUES ('0ba423e4-840a-4510-8b41-32b87b0737f8', 'e67cde45-f9ae-4fee-9aa4-f03ccf2e6bb5', '2a75a981-7955-4f44-8c17-a8d38943ac11', 73.66, 'completed', '2026-03-13 11:24:51', '2026-03-13 11:24:23');
INSERT INTO order_items (id, order_id, product_id, quantity, unit_price, created_at) VALUES ('64f48ae2-24aa-4f16-bd32-5d1496b67d01', '0ba423e4-840a-4510-8b41-32b87b0737f8', 'a423596d-cf1e-4bec-8d5e-424aa198daf5', 2, 24.35, '2026-03-13 11:24:15');
INSERT INTO order_items (id, order_id, product_id, quantity, unit_price, created_at) VALUES ('5301b8e4-4a07-4e86-af91-12fdd4fe5286', '0ba423e4-840a-4510-8b41-32b87b0737f8', '4f0d4e89-33ab-4aa7-8248-ee87e9dcb169', 3, 8.32, '2026-03-13 11:24:02');
INSERT INTO orders (id, buyer_id, seller_id, total_amount, status, created_at, updated_at) VALUES ('8879c755-ec22-4c62-9b0f-1b653e6612b4', '455c4044-9993-4160-8bbc-c86f7d1ae87a', '0b509ac3-8a29-442b-9e33-cd466ebb6126', 179.73, 'completed', '2026-03-13 12:01:26', '2026-03-13 12:01:36');
INSERT INTO order_items (id, order_id, product_id, quantity, unit_price, created_at) VALUES ('8ad79ecf-d16d-4441-8a36-85cce86dbe5d', '8879c755-ec22-4c62-9b0f-1b653e6612b4', '157fe97c-a64f-4be8-b2e6-4c7249164e82', 3, 13.31, '2026-03-13 12:01:35');
INSERT INTO order_items (id, order_id, product_id, quantity, unit_price, created_at) VALUES ('e5922952-a622-40ea-a090-e97db7b6b19d', '8879c755-ec22-4c62-9b0f-1b653e6612b4', '7dbb5e6b-07db-4acf-a0a2-637a637e7579', 3, 19.22, '2026-03-13 12:01:24');
INSERT INTO order_items (id, order_id, product_id, quantity, unit_price, created_at) VALUES ('1d5b119e-7c6f-461b-9067-9d701eacc53f', '8879c755-ec22-4c62-9b0f-1b653e6612b4', '3b632f10-4276-4777-a066-685920b76863', 3, 27.38, '2026-03-13 12:01:45');
INSERT INTO orders (id, buyer_id, seller_id, total_amount, status, created_at, updated_at) VALUES ('21908c88-a2a3-458b-af73-39e0fb6a8776', '5f660a50-a300-43ea-9f54-238281c53f8e', '0b509ac3-8a29-442b-9e33-cd466ebb6126', 12.84, 'completed', '2026-03-19 12:49:47', '2026-03-19 12:49:14');
INSERT INTO order_items (id, order_id, product_id, quantity, unit_price, created_at) VALUES ('c0d1afb1-4a0f-45da-8233-89f3f7af440b', '21908c88-a2a3-458b-af73-39e0fb6a8776', '3ea3bf9c-22ef-47a0-9264-a48ca359035a', 1, 12.84, '2026-03-19 12:49:13');
INSERT INTO orders (id, buyer_id, seller_id, total_amount, status, created_at, updated_at) VALUES ('2086c699-1d7d-4e03-a5e7-89cda1446d71', '33d63a63-ea47-4a31-9586-9afc292f3adb', '0b509ac3-8a29-442b-9e33-cd466ebb6126', 54.76, 'completed', '2026-03-13 10:40:36', '2026-03-13 10:40:16');
INSERT INTO order_items (id, order_id, product_id, quantity, unit_price, created_at) VALUES ('676dd2fa-c498-442b-a67b-0ebf83f213ab', '2086c699-1d7d-4e03-a5e7-89cda1446d71', '3b632f10-4276-4777-a066-685920b76863', 2, 27.38, '2026-03-13 10:40:48');
INSERT INTO orders (id, buyer_id, seller_id, total_amount, status, created_at, updated_at) VALUES ('2ccf963f-2594-49d6-85a7-2928785d2a46', 'a80d151a-8d79-4c18-bc35-fcf4ca81c6c3', 'b55a3a64-d409-454f-848e-8b2dbb7dea01', 54.92, 'completed', '2026-03-17 10:05:15', '2026-03-17 10:05:05');
INSERT INTO order_items (id, order_id, product_id, quantity, unit_price, created_at) VALUES ('c8551e43-8b69-421f-9ccb-0a49d956663b', '2ccf963f-2594-49d6-85a7-2928785d2a46', '62b5ee34-2747-4924-84ea-9226d2274ace', 2, 21.52, '2026-03-17 10:05:41');
INSERT INTO order_items (id, order_id, product_id, quantity, unit_price, created_at) VALUES ('4289d394-fb60-4020-9c9e-6ab9b9a3be2e', '2ccf963f-2594-49d6-85a7-2928785d2a46', '7574221b-4b15-4e7f-9e34-80cc14cefb84', 1, 11.88, '2026-03-17 10:05:38');
INSERT INTO orders (id, buyer_id, seller_id, total_amount, status, created_at, updated_at) VALUES ('39dae1dd-ef27-47c0-9d9f-c01dbf59cdf3', '33d63a63-ea47-4a31-9586-9afc292f3adb', '70cc8c20-4ecd-4b23-be5d-413a3f56589e', 199.48, 'completed', '2026-03-20 13:33:51', '2026-03-20 13:33:57');
INSERT INTO order_items (id, order_id, product_id, quantity, unit_price, created_at) VALUES ('bd8d0646-dcdf-4cd9-8011-7d9cc730f029', '39dae1dd-ef27-47c0-9d9f-c01dbf59cdf3', '3a840b25-30f7-4f1f-b578-b10ca5f9a872', 2, 15.04, '2026-03-20 13:33:48');
INSERT INTO order_items (id, order_id, product_id, quantity, unit_price, created_at) VALUES ('e386e772-47ea-43e2-9b3e-779291145bd8', '39dae1dd-ef27-47c0-9d9f-c01dbf59cdf3', '510b7a08-bcf1-48ae-afc3-7754f000364e', 2, 27.64, '2026-03-20 13:33:14');
INSERT INTO order_items (id, order_id, product_id, quantity, unit_price, created_at) VALUES ('75db2172-ad6e-4a24-90f2-db978b4c5d8d', '39dae1dd-ef27-47c0-9d9f-c01dbf59cdf3', '4393ffe2-f873-4c8d-8826-5a899492643a', 3, 38.04, '2026-03-20 13:33:34');
INSERT INTO orders (id, buyer_id, seller_id, total_amount, status, created_at, updated_at) VALUES ('00a364d9-17c0-4bbc-a964-ee3d039698d3', '383362c3-26c1-44d6-bf0a-ec9aa6d1d435', 'b55a3a64-d409-454f-848e-8b2dbb7dea01', 35.64, 'completed', '2026-03-19 09:09:09', '2026-03-19 09:09:55');
INSERT INTO order_items (id, order_id, product_id, quantity, unit_price, created_at) VALUES ('37c3fe96-48aa-4f85-8a46-eecc19861614', '00a364d9-17c0-4bbc-a964-ee3d039698d3', '7574221b-4b15-4e7f-9e34-80cc14cefb84', 3, 11.88, '2026-03-19 09:09:54');
INSERT INTO orders (id, buyer_id, seller_id, total_amount, status, created_at, updated_at) VALUES ('fd7fcc5c-8a5a-417f-bd40-251450c26c75', '77172e09-77c4-4422-aaa3-d87815efbada', 'b55a3a64-d409-454f-848e-8b2dbb7dea01', 280.95, 'completed', '2026-03-18 08:16:50', '2026-03-18 08:16:06');
INSERT INTO order_items (id, order_id, product_id, quantity, unit_price, created_at) VALUES ('d8143ff3-9b50-4a59-957c-27df90ac0a16', 'fd7fcc5c-8a5a-417f-bd40-251450c26c75', 'e66706b7-638d-4264-b53d-91ec84f67728', 3, 32.58, '2026-03-18 08:16:22');
INSERT INTO order_items (id, order_id, product_id, quantity, unit_price, created_at) VALUES ('0ef19ab3-bb2f-4724-a944-6b760f71c3b0', 'fd7fcc5c-8a5a-417f-bd40-251450c26c75', '1a49f936-586b-4ddd-90d5-a83e5608912e', 3, 39.55, '2026-03-18 08:16:08');
INSERT INTO order_items (id, order_id, product_id, quantity, unit_price, created_at) VALUES ('14b79d9f-c248-4dc7-bf02-d04ad6f90ebd', 'fd7fcc5c-8a5a-417f-bd40-251450c26c75', '62b5ee34-2747-4924-84ea-9226d2274ace', 3, 21.52, '2026-03-18 08:16:36');
INSERT INTO orders (id, buyer_id, seller_id, total_amount, status, created_at, updated_at) VALUES ('58ebe2ea-8060-4183-80a1-17a2dc9cdb65', 'e67cde45-f9ae-4fee-9aa4-f03ccf2e6bb5', '0b509ac3-8a29-442b-9e33-cd466ebb6126', 152.35, 'completed', '2026-03-18 13:06:23', '2026-03-18 13:06:09');
INSERT INTO order_items (id, order_id, product_id, quantity, unit_price, created_at) VALUES ('587f1f6b-cb1b-461c-8a75-7e1388325040', '58ebe2ea-8060-4183-80a1-17a2dc9cdb65', '7dbb5e6b-07db-4acf-a0a2-637a637e7579', 3, 19.22, '2026-03-18 13:06:52');
INSERT INTO order_items (id, order_id, product_id, quantity, unit_price, created_at) VALUES ('06f9bac0-3269-43f5-9cda-6e921166f792', '58ebe2ea-8060-4183-80a1-17a2dc9cdb65', '157fe97c-a64f-4be8-b2e6-4c7249164e82', 3, 13.31, '2026-03-18 13:06:38');
INSERT INTO order_items (id, order_id, product_id, quantity, unit_price, created_at) VALUES ('d5f25eeb-eeea-47e0-b357-9c0cd6c03f7b', '58ebe2ea-8060-4183-80a1-17a2dc9cdb65', '3b632f10-4276-4777-a066-685920b76863', 2, 27.38, '2026-03-18 13:06:05');
INSERT INTO orders (id, buyer_id, seller_id, total_amount, status, created_at, updated_at) VALUES ('f14c259d-5b84-468e-9327-e7decef6c65e', '230da9ce-d41b-4ec5-9ceb-386924ea1c06', 'b55a3a64-d409-454f-848e-8b2dbb7dea01', 44.46, 'completed', '2026-03-19 12:41:49', '2026-03-19 12:41:28');
INSERT INTO order_items (id, order_id, product_id, quantity, unit_price, created_at) VALUES ('5d92838a-35d1-4ebd-8c51-1c8d5ecd9281', 'f14c259d-5b84-468e-9327-e7decef6c65e', 'e66706b7-638d-4264-b53d-91ec84f67728', 1, 32.58, '2026-03-19 12:41:36');
INSERT INTO order_items (id, order_id, product_id, quantity, unit_price, created_at) VALUES ('5216f9a7-576a-4160-908f-e992a22b91d6', 'f14c259d-5b84-468e-9327-e7decef6c65e', '7574221b-4b15-4e7f-9e34-80cc14cefb84', 1, 11.88, '2026-03-19 12:41:46');
INSERT INTO orders (id, buyer_id, seller_id, total_amount, status, created_at, updated_at) VALUES ('3dd56d0c-8431-4239-a9d3-117cc20ba1e3', '9b808deb-9b28-450f-8eab-1ff280394a6a', '2a75a981-7955-4f44-8c17-a8d38943ac11', 115.05, 'completed', '2026-03-10 09:15:05', '2026-03-10 09:15:27');
INSERT INTO order_items (id, order_id, product_id, quantity, unit_price, created_at) VALUES ('c475dd56-1ba8-4224-b2f0-33c887ea7004', '3dd56d0c-8431-4239-a9d3-117cc20ba1e3', '2e4b657c-d613-4fe5-9081-2a18addec3ce', 2, 25.14, '2026-03-10 09:15:04');
INSERT INTO order_items (id, order_id, product_id, quantity, unit_price, created_at) VALUES ('77424d0f-3a07-4861-8cc7-c7df786a8a65', '3dd56d0c-8431-4239-a9d3-117cc20ba1e3', '4f0d4e89-33ab-4aa7-8248-ee87e9dcb169', 3, 8.32, '2026-03-10 09:15:02');
INSERT INTO order_items (id, order_id, product_id, quantity, unit_price, created_at) VALUES ('c3cccaac-c024-486c-b6e1-6cb0832ce232', '3dd56d0c-8431-4239-a9d3-117cc20ba1e3', 'c2287b0f-e609-4f82-b85c-13c021d01029', 3, 13.27, '2026-03-10 09:15:53');
INSERT INTO orders (id, buyer_id, seller_id, total_amount, status, created_at, updated_at) VALUES ('e96be5d8-d551-476f-ba5d-727f6cd4daa6', 'ba12757c-91f4-49b2-8640-a84cc5f3315f', '2a75a981-7955-4f44-8c17-a8d38943ac11', 24.96, 'completed', '2026-03-11 14:41:27', '2026-03-11 14:41:55');
INSERT INTO order_items (id, order_id, product_id, quantity, unit_price, created_at) VALUES ('f73c9538-7c13-42c9-9067-b51591903f1b', 'e96be5d8-d551-476f-ba5d-727f6cd4daa6', '4f0d4e89-33ab-4aa7-8248-ee87e9dcb169', 3, 8.32, '2026-03-11 14:41:18');
INSERT INTO orders (id, buyer_id, seller_id, total_amount, status, created_at, updated_at) VALUES ('653dabab-4d2e-464b-9f6c-7f4f9365a453', '1b0c09ee-6918-4dee-8877-25178ad686b3', '1167a03f-db17-407a-9350-96c84d1299b9', 85.11, 'completed', '2026-03-09 13:13:15', '2026-03-09 13:13:55');
INSERT INTO order_items (id, order_id, product_id, quantity, unit_price, created_at) VALUES ('073cf80a-49e7-43dd-a337-2d6bb851df85', '653dabab-4d2e-464b-9f6c-7f4f9365a453', '5b8ecada-4c8f-4cdf-a1ac-e6404b3a0c4f', 2, 14.41, '2026-03-09 13:13:06');
INSERT INTO order_items (id, order_id, product_id, quantity, unit_price, created_at) VALUES ('a77b0200-ffa6-4227-92ff-f7d14adc30e4', '653dabab-4d2e-464b-9f6c-7f4f9365a453', '0ccd60ee-d4e9-45d2-9dd7-d03dff1cbf51', 1, 56.29, '2026-03-09 13:13:58');

-- DAILY SALES & DETAILS

INSERT INTO daily_sales (id, seller_id, sale_date, total_investment, total_revenue, units_sold, units_lost, is_closed, total_waste_cost, break_even_units) VALUES ('34f3aa9e-ab07-4594-9a41-5754c123e833', 'b55a3a64-d409-454f-848e-8b2dbb7dea01', '2026-03-09', 99.34, 56.34, 3, 6, true, 72.74, 5.29);
INSERT INTO sale_details (id, daily_sale_id, product_id, quantity_prepared, quantity_sold, quantity_lost, unit_cost, unit_price, waste_cost, waste_reason) VALUES ('92ef9769-622d-45be-942b-4765dd281267', '34f3aa9e-ab07-4594-9a41-5754c123e833', 'e66706b7-638d-4264-b53d-91ec84f67728', 5, 1, 4, 15.38, 32.58, 61.52, 'damaged');
INSERT INTO sale_details (id, daily_sale_id, product_id, quantity_prepared, quantity_sold, quantity_lost, unit_cost, unit_price, waste_cost, waste_reason) VALUES ('d08c80cb-b545-4db3-aab8-b36d0d3860ef', '34f3aa9e-ab07-4594-9a41-5754c123e833', '7574221b-4b15-4e7f-9e34-80cc14cefb84', 4, 2, 2, 5.61, 11.88, 11.22, 'expired');
INSERT INTO daily_sales (id, seller_id, sale_date, total_investment, total_revenue, units_sold, units_lost, is_closed, total_waste_cost, break_even_units) VALUES ('82a8d9fe-761a-4e87-a085-8a2050ebfbad', 'b55a3a64-d409-454f-848e-8b2dbb7dea01', '2026-03-10', 281.99, 449.18, 15, 7, true, 69.94, 9.42);
INSERT INTO sale_details (id, daily_sale_id, product_id, quantity_prepared, quantity_sold, quantity_lost, unit_cost, unit_price, waste_cost, waste_reason) VALUES ('14dd732b-6706-4569-884f-a911d171ad92', '82a8d9fe-761a-4e87-a085-8a2050ebfbad', 'e66706b7-638d-4264-b53d-91ec84f67728', 1, 1, 0, 15.38, 32.58, 0.00, NULL);
INSERT INTO sale_details (id, daily_sale_id, product_id, quantity_prepared, quantity_sold, quantity_lost, unit_cost, unit_price, waste_cost, waste_reason) VALUES ('d8e7ff4c-e89c-4972-94f4-37a74a88d56c', '82a8d9fe-761a-4e87-a085-8a2050ebfbad', '1a49f936-586b-4ddd-90d5-a83e5608912e', 10, 8, 2, 18.67, 39.55, 37.34, 'expired');
INSERT INTO sale_details (id, daily_sale_id, product_id, quantity_prepared, quantity_sold, quantity_lost, unit_cost, unit_price, waste_cost, waste_reason) VALUES ('3d121fe8-2b9c-43e6-8920-46bc0d71a4ac', '82a8d9fe-761a-4e87-a085-8a2050ebfbad', '62b5ee34-2747-4924-84ea-9226d2274ace', 4, 3, 1, 10.16, 21.52, 10.16, 'other');
INSERT INTO sale_details (id, daily_sale_id, product_id, quantity_prepared, quantity_sold, quantity_lost, unit_cost, unit_price, waste_cost, waste_reason) VALUES ('0b527044-14ba-4965-9568-1bef72f4e499', '82a8d9fe-761a-4e87-a085-8a2050ebfbad', '7574221b-4b15-4e7f-9e34-80cc14cefb84', 7, 3, 4, 5.61, 11.88, 22.44, 'damaged');
INSERT INTO daily_sales (id, seller_id, sale_date, total_investment, total_revenue, units_sold, units_lost, is_closed, total_waste_cost, break_even_units) VALUES ('2b7d5005-04d3-4b10-8f0d-386f7614d58e', 'b55a3a64-d409-454f-848e-8b2dbb7dea01', '2026-03-11', 145.21, 145.90, 6, 5, true, 76.33, 5.97);
INSERT INTO sale_details (id, daily_sale_id, product_id, quantity_prepared, quantity_sold, quantity_lost, unit_cost, unit_price, waste_cost, waste_reason) VALUES ('00be0e19-2d3b-4a65-974a-db9e7edce91c', '2b7d5005-04d3-4b10-8f0d-386f7614d58e', '1a49f936-586b-4ddd-90d5-a83e5608912e', 5, 2, 3, 18.67, 39.55, 56.01, 'expired');
INSERT INTO sale_details (id, daily_sale_id, product_id, quantity_prepared, quantity_sold, quantity_lost, unit_cost, unit_price, waste_cost, waste_reason) VALUES ('b29f195f-27e5-464f-bed9-9476e7dc377b', '2b7d5005-04d3-4b10-8f0d-386f7614d58e', '62b5ee34-2747-4924-84ea-9226d2274ace', 4, 2, 2, 10.16, 21.52, 20.32, 'expired');
INSERT INTO sale_details (id, daily_sale_id, product_id, quantity_prepared, quantity_sold, quantity_lost, unit_cost, unit_price, waste_cost, waste_reason) VALUES ('3ab34f64-76c8-478c-9fee-cfb9182a31ae', '2b7d5005-04d3-4b10-8f0d-386f7614d58e', '7574221b-4b15-4e7f-9e34-80cc14cefb84', 2, 2, 0, 5.61, 11.88, 0.00, NULL);
INSERT INTO daily_sales (id, seller_id, sale_date, total_investment, total_revenue, units_sold, units_lost, is_closed, total_waste_cost, break_even_units) VALUES ('db3592a7-3e09-4455-a319-85a8ccd768b9', 'b55a3a64-d409-454f-848e-8b2dbb7dea01', '2026-03-12', 332.59, 585.87, 20, 3, true, 56.01, 11.35);
INSERT INTO sale_details (id, daily_sale_id, product_id, quantity_prepared, quantity_sold, quantity_lost, unit_cost, unit_price, waste_cost, waste_reason) VALUES ('050f05e9-6c4c-4f22-8034-2b437936fb3a', 'db3592a7-3e09-4455-a319-85a8ccd768b9', 'e66706b7-638d-4264-b53d-91ec84f67728', 2, 2, 0, 15.38, 32.58, 0.00, NULL);
INSERT INTO sale_details (id, daily_sale_id, product_id, quantity_prepared, quantity_sold, quantity_lost, unit_cost, unit_price, waste_cost, waste_reason) VALUES ('11ae5e3d-2a5d-4614-8957-7de84564dc70', 'db3592a7-3e09-4455-a319-85a8ccd768b9', '1a49f936-586b-4ddd-90d5-a83e5608912e', 12, 9, 3, 18.67, 39.55, 56.01, 'expired');
INSERT INTO sale_details (id, daily_sale_id, product_id, quantity_prepared, quantity_sold, quantity_lost, unit_cost, unit_price, waste_cost, waste_reason) VALUES ('b3cd9164-b643-41c6-bfa5-f63f9cf9a426', 'db3592a7-3e09-4455-a319-85a8ccd768b9', '62b5ee34-2747-4924-84ea-9226d2274ace', 6, 6, 0, 10.16, 21.52, 0.00, NULL);
INSERT INTO sale_details (id, daily_sale_id, product_id, quantity_prepared, quantity_sold, quantity_lost, unit_cost, unit_price, waste_cost, waste_reason) VALUES ('f6737f17-a987-42db-9775-c917fdcf14ba', 'db3592a7-3e09-4455-a319-85a8ccd768b9', '7574221b-4b15-4e7f-9e34-80cc14cefb84', 3, 3, 0, 5.61, 11.88, 0.00, NULL);
INSERT INTO daily_sales (id, seller_id, sale_date, total_investment, total_revenue, units_sold, units_lost, is_closed, total_waste_cost, break_even_units) VALUES ('dd95082d-39b4-47f0-a45f-5990915dcf7f', 'b55a3a64-d409-454f-848e-8b2dbb7dea01', '2026-03-13', 145.02, 167.42, 7, 7, true, 65.98, 6.06);
INSERT INTO sale_details (id, daily_sale_id, product_id, quantity_prepared, quantity_sold, quantity_lost, unit_cost, unit_price, waste_cost, waste_reason) VALUES ('584ee377-6cbd-4031-bd37-58ce8b62f20d', 'dd95082d-39b4-47f0-a45f-5990915dcf7f', '1a49f936-586b-4ddd-90d5-a83e5608912e', 3, 2, 1, 18.67, 39.55, 18.67, 'expired');
INSERT INTO sale_details (id, daily_sale_id, product_id, quantity_prepared, quantity_sold, quantity_lost, unit_cost, unit_price, waste_cost, waste_reason) VALUES ('3cca6c55-7812-4638-9631-2f3929fb82ee', 'dd95082d-39b4-47f0-a45f-5990915dcf7f', '62b5ee34-2747-4924-84ea-9226d2274ace', 6, 3, 3, 10.16, 21.52, 30.48, 'damaged');
INSERT INTO sale_details (id, daily_sale_id, product_id, quantity_prepared, quantity_sold, quantity_lost, unit_cost, unit_price, waste_cost, waste_reason) VALUES ('c03ec889-68c6-4ece-a07c-ad16281dced3', 'dd95082d-39b4-47f0-a45f-5990915dcf7f', '7574221b-4b15-4e7f-9e34-80cc14cefb84', 5, 2, 3, 5.61, 11.88, 16.83, 'damaged');
INSERT INTO daily_sales (id, seller_id, sale_date, total_investment, total_revenue, units_sold, units_lost, is_closed, total_waste_cost, break_even_units) VALUES ('34aa18dd-b376-4197-b2fc-afe355ca5d0a', 'b55a3a64-d409-454f-848e-8b2dbb7dea01', '2026-03-17', 62.30, 120.08, 5, 1, true, 5.61, 2.59);
INSERT INTO sale_details (id, daily_sale_id, product_id, quantity_prepared, quantity_sold, quantity_lost, unit_cost, unit_price, waste_cost, waste_reason) VALUES ('62cbb416-17c6-414f-893f-0a77cfcd94f8', '34aa18dd-b376-4197-b2fc-afe355ca5d0a', 'e66706b7-638d-4264-b53d-91ec84f67728', 2, 2, 0, 15.38, 32.58, 0.00, NULL);
INSERT INTO sale_details (id, daily_sale_id, product_id, quantity_prepared, quantity_sold, quantity_lost, unit_cost, unit_price, waste_cost, waste_reason) VALUES ('63e65582-dc10-46aa-91a3-57e10e45a643', '34aa18dd-b376-4197-b2fc-afe355ca5d0a', '62b5ee34-2747-4924-84ea-9226d2274ace', 2, 2, 0, 10.16, 21.52, 0.00, NULL);
INSERT INTO sale_details (id, daily_sale_id, product_id, quantity_prepared, quantity_sold, quantity_lost, unit_cost, unit_price, waste_cost, waste_reason) VALUES ('431af72c-d23f-44fe-b484-3334de1597f4', '34aa18dd-b376-4197-b2fc-afe355ca5d0a', '7574221b-4b15-4e7f-9e34-80cc14cefb84', 2, 1, 1, 5.61, 11.88, 5.61, 'other');
INSERT INTO daily_sales (id, seller_id, sale_date, total_investment, total_revenue, units_sold, units_lost, is_closed, total_waste_cost, break_even_units) VALUES ('09477d11-417c-43a2-aab2-c24a5140ff8c', 'b55a3a64-d409-454f-848e-8b2dbb7dea01', '2026-03-18', 440.73, 901.00, 32, 1, true, 15.38, 15.65);
INSERT INTO sale_details (id, daily_sale_id, product_id, quantity_prepared, quantity_sold, quantity_lost, unit_cost, unit_price, waste_cost, waste_reason) VALUES ('a42897ce-6dad-4f3e-99a8-b29c50389c3d', '09477d11-417c-43a2-aab2-c24a5140ff8c', 'e66706b7-638d-4264-b53d-91ec84f67728', 10, 9, 1, 15.38, 32.58, 15.38, 'expired');
INSERT INTO sale_details (id, daily_sale_id, product_id, quantity_prepared, quantity_sold, quantity_lost, unit_cost, unit_price, waste_cost, waste_reason) VALUES ('a666ea26-d1c1-478e-893c-1275d8efd95a', '09477d11-417c-43a2-aab2-c24a5140ff8c', '1a49f936-586b-4ddd-90d5-a83e5608912e', 10, 10, 0, 18.67, 39.55, 0.00, NULL);
INSERT INTO sale_details (id, daily_sale_id, product_id, quantity_prepared, quantity_sold, quantity_lost, unit_cost, unit_price, waste_cost, waste_reason) VALUES ('dd17de18-e224-4cd5-8db2-b7982739549c', '09477d11-417c-43a2-aab2-c24a5140ff8c', '62b5ee34-2747-4924-84ea-9226d2274ace', 6, 6, 0, 10.16, 21.52, 0.00, NULL);
INSERT INTO sale_details (id, daily_sale_id, product_id, quantity_prepared, quantity_sold, quantity_lost, unit_cost, unit_price, waste_cost, waste_reason) VALUES ('9d693946-a9ce-46cf-a7c6-9d2eac982657', '09477d11-417c-43a2-aab2-c24a5140ff8c', '7574221b-4b15-4e7f-9e34-80cc14cefb84', 7, 7, 0, 5.61, 11.88, 0.00, NULL);
INSERT INTO daily_sales (id, seller_id, sale_date, total_investment, total_revenue, units_sold, units_lost, is_closed, total_waste_cost, break_even_units) VALUES ('11c66c21-8b92-4708-99d9-d513b597f155', 'b55a3a64-d409-454f-848e-8b2dbb7dea01', '2026-03-19', 213.89, 441.16, 21, 1, true, 5.61, 10.18);
INSERT INTO sale_details (id, daily_sale_id, product_id, quantity_prepared, quantity_sold, quantity_lost, unit_cost, unit_price, waste_cost, waste_reason) VALUES ('e8bc5411-4037-4cfc-a4d6-01b85cee6cd1', '11c66c21-8b92-4708-99d9-d513b597f155', 'e66706b7-638d-4264-b53d-91ec84f67728', 6, 6, 0, 15.38, 32.58, 0.00, NULL);
INSERT INTO sale_details (id, daily_sale_id, product_id, quantity_prepared, quantity_sold, quantity_lost, unit_cost, unit_price, waste_cost, waste_reason) VALUES ('ffe8c576-86ad-41e0-9067-e9fdac9a136a', '11c66c21-8b92-4708-99d9-d513b597f155', '62b5ee34-2747-4924-84ea-9226d2274ace', 7, 7, 0, 10.16, 21.52, 0.00, NULL);
INSERT INTO sale_details (id, daily_sale_id, product_id, quantity_prepared, quantity_sold, quantity_lost, unit_cost, unit_price, waste_cost, waste_reason) VALUES ('5aec2a84-cdac-4963-937b-23b943a70f41', '11c66c21-8b92-4708-99d9-d513b597f155', '7574221b-4b15-4e7f-9e34-80cc14cefb84', 9, 8, 1, 5.61, 11.88, 5.61, 'other');
INSERT INTO daily_sales (id, seller_id, sale_date, total_investment, total_revenue, units_sold, units_lost, is_closed, total_waste_cost, break_even_units) VALUES ('948600ce-76e6-4e38-91d4-c86c14e5b281', 'b55a3a64-d409-454f-848e-8b2dbb7dea01', '2026-03-20', 30.76, 32.58, 1, 1, true, 15.38, 0.94);
INSERT INTO sale_details (id, daily_sale_id, product_id, quantity_prepared, quantity_sold, quantity_lost, unit_cost, unit_price, waste_cost, waste_reason) VALUES ('42926c97-6017-4afd-9d55-7232264a5e8c', '948600ce-76e6-4e38-91d4-c86c14e5b281', 'e66706b7-638d-4264-b53d-91ec84f67728', 2, 1, 1, 15.38, 32.58, 15.38, 'damaged');
INSERT INTO daily_sales (id, seller_id, sale_date, total_investment, total_revenue, units_sold, units_lost, is_closed, total_waste_cost, break_even_units) VALUES ('2f329510-4f15-4ff2-ace3-cabdb337d855', '70cc8c20-4ecd-4b23-be5d-413a3f56589e', '2026-03-09', 282.11, 351.30, 12, 5, true, 73.58, 9.64);
INSERT INTO sale_details (id, daily_sale_id, product_id, quantity_prepared, quantity_sold, quantity_lost, unit_cost, unit_price, waste_cost, waste_reason) VALUES ('64e73e2e-676d-4e21-b280-cb3a987f18ef', '2f329510-4f15-4ff2-ace3-cabdb337d855', '510b7a08-bcf1-48ae-afc3-7754f000364e', 7, 3, 4, 16.41, 27.64, 65.64, 'damaged');
INSERT INTO sale_details (id, daily_sale_id, product_id, quantity_prepared, quantity_sold, quantity_lost, unit_cost, unit_price, waste_cost, waste_reason) VALUES ('10b93e98-1fcb-4fed-b6e5-463272b986be', '2f329510-4f15-4ff2-ace3-cabdb337d855', '4393ffe2-f873-4c8d-8826-5a899492643a', 6, 6, 0, 22.58, 38.04, 0.00, NULL);
INSERT INTO sale_details (id, daily_sale_id, product_id, quantity_prepared, quantity_sold, quantity_lost, unit_cost, unit_price, waste_cost, waste_reason) VALUES ('c5b0d58a-9a2f-4fb7-a3ba-482c673a70bd', '2f329510-4f15-4ff2-ace3-cabdb337d855', 'f6fade2b-b376-4fa5-b5f0-e4e326f8343e', 4, 3, 1, 7.94, 13.38, 7.94, 'other');
INSERT INTO daily_sales (id, seller_id, sale_date, total_investment, total_revenue, units_sold, units_lost, is_closed, total_waste_cost, break_even_units) VALUES ('18fe2818-175f-41f6-a4f8-644752bb6977', '70cc8c20-4ecd-4b23-be5d-413a3f56589e', '2026-03-10', 233.22, 281.52, 11, 5, true, 66.10, 9.11);
INSERT INTO sale_details (id, daily_sale_id, product_id, quantity_prepared, quantity_sold, quantity_lost, unit_cost, unit_price, waste_cost, waste_reason) VALUES ('df18d5bc-045e-45eb-a83d-70ff291c7ff1', '18fe2818-175f-41f6-a4f8-644752bb6977', '510b7a08-bcf1-48ae-afc3-7754f000364e', 7, 4, 3, 16.41, 27.64, 49.23, 'other');
INSERT INTO sale_details (id, daily_sale_id, product_id, quantity_prepared, quantity_sold, quantity_lost, unit_cost, unit_price, waste_cost, waste_reason) VALUES ('9d4dae95-d3e9-4d33-9f0c-218dc2029f17', '18fe2818-175f-41f6-a4f8-644752bb6977', '4393ffe2-f873-4c8d-8826-5a899492643a', 3, 3, 0, 22.58, 38.04, 0.00, NULL);
INSERT INTO sale_details (id, daily_sale_id, product_id, quantity_prepared, quantity_sold, quantity_lost, unit_cost, unit_price, waste_cost, waste_reason) VALUES ('8f0e783f-9ea8-4441-94c1-492c3c89a411', '18fe2818-175f-41f6-a4f8-644752bb6977', '3a840b25-30f7-4f1f-b578-b10ca5f9a872', 3, 2, 1, 8.93, 15.04, 8.93, 'expired');
INSERT INTO sale_details (id, daily_sale_id, product_id, quantity_prepared, quantity_sold, quantity_lost, unit_cost, unit_price, waste_cost, waste_reason) VALUES ('9ce5f4b2-d669-43f3-adb4-4c79710187e1', '18fe2818-175f-41f6-a4f8-644752bb6977', 'f6fade2b-b376-4fa5-b5f0-e4e326f8343e', 3, 2, 1, 7.94, 13.38, 7.94, 'expired');
INSERT INTO daily_sales (id, seller_id, sale_date, total_investment, total_revenue, units_sold, units_lost, is_closed, total_waste_cost, break_even_units) VALUES ('b427d1a6-c361-4424-a8d8-9825aca5ebe1', '70cc8c20-4ecd-4b23-be5d-413a3f56589e', '2026-03-11', 174.32, 133.46, 6, 8, true, 95.10, 7.84);
INSERT INTO sale_details (id, daily_sale_id, product_id, quantity_prepared, quantity_sold, quantity_lost, unit_cost, unit_price, waste_cost, waste_reason) VALUES ('162ae9c4-5725-4ae3-8751-e05bb970f66b', 'b427d1a6-c361-4424-a8d8-9825aca5ebe1', '510b7a08-bcf1-48ae-afc3-7754f000364e', 4, 2, 2, 16.41, 27.64, 32.82, 'expired');
INSERT INTO sale_details (id, daily_sale_id, product_id, quantity_prepared, quantity_sold, quantity_lost, unit_cost, unit_price, waste_cost, waste_reason) VALUES ('0acfb35c-7b6c-4a39-9cee-01852b525241', 'b427d1a6-c361-4424-a8d8-9825aca5ebe1', '4393ffe2-f873-4c8d-8826-5a899492643a', 2, 1, 1, 22.58, 38.04, 22.58, 'expired');
INSERT INTO sale_details (id, daily_sale_id, product_id, quantity_prepared, quantity_sold, quantity_lost, unit_cost, unit_price, waste_cost, waste_reason) VALUES ('80986aaa-9d1c-485b-b1c8-f5f3e5fd9f22', 'b427d1a6-c361-4424-a8d8-9825aca5ebe1', 'f6fade2b-b376-4fa5-b5f0-e4e326f8343e', 8, 3, 5, 7.94, 13.38, 39.70, 'expired');
INSERT INTO daily_sales (id, seller_id, sale_date, total_investment, total_revenue, units_sold, units_lost, is_closed, total_waste_cost, break_even_units) VALUES ('ba331c50-8346-46ab-9aaf-36a13e94d061', '70cc8c20-4ecd-4b23-be5d-413a3f56589e', '2026-03-12', 90.32, 38.04, 1, 3, true, 67.74, 2.37);
INSERT INTO sale_details (id, daily_sale_id, product_id, quantity_prepared, quantity_sold, quantity_lost, unit_cost, unit_price, waste_cost, waste_reason) VALUES ('c9c80a3b-3df3-48e3-8444-32fae865cf4d', 'ba331c50-8346-46ab-9aaf-36a13e94d061', '4393ffe2-f873-4c8d-8826-5a899492643a', 4, 1, 3, 22.58, 38.04, 67.74, 'expired');
INSERT INTO daily_sales (id, seller_id, sale_date, total_investment, total_revenue, units_sold, units_lost, is_closed, total_waste_cost, break_even_units) VALUES ('5ab05bda-3ed3-4485-ba66-fed7cb3dafa1', '70cc8c20-4ecd-4b23-be5d-413a3f56589e', '2026-03-13', 276.35, 354.18, 17, 5, true, 66.10, 13.26);
INSERT INTO sale_details (id, daily_sale_id, product_id, quantity_prepared, quantity_sold, quantity_lost, unit_cost, unit_price, waste_cost, waste_reason) VALUES ('787eaa56-8ab1-44f5-84d6-b419a125cb6f', '5ab05bda-3ed3-4485-ba66-fed7cb3dafa1', '510b7a08-bcf1-48ae-afc3-7754f000364e', 6, 3, 3, 16.41, 27.64, 49.23, 'expired');
INSERT INTO sale_details (id, daily_sale_id, product_id, quantity_prepared, quantity_sold, quantity_lost, unit_cost, unit_price, waste_cost, waste_reason) VALUES ('78bdf0c0-cc4f-46aa-a109-45abed6905b1', '5ab05bda-3ed3-4485-ba66-fed7cb3dafa1', '4393ffe2-f873-4c8d-8826-5a899492643a', 3, 3, 0, 22.58, 38.04, 0.00, NULL);
INSERT INTO sale_details (id, daily_sale_id, product_id, quantity_prepared, quantity_sold, quantity_lost, unit_cost, unit_price, waste_cost, waste_reason) VALUES ('d25efe87-2029-4f3b-83cf-b29e4b9d939e', '5ab05bda-3ed3-4485-ba66-fed7cb3dafa1', '3a840b25-30f7-4f1f-b578-b10ca5f9a872', 7, 6, 1, 8.93, 15.04, 8.93, 'other');
INSERT INTO sale_details (id, daily_sale_id, product_id, quantity_prepared, quantity_sold, quantity_lost, unit_cost, unit_price, waste_cost, waste_reason) VALUES ('c4169f41-1f1f-43d5-87f9-73394077905f', '5ab05bda-3ed3-4485-ba66-fed7cb3dafa1', 'f6fade2b-b376-4fa5-b5f0-e4e326f8343e', 6, 5, 1, 7.94, 13.38, 7.94, 'other');
INSERT INTO daily_sales (id, seller_id, sale_date, total_investment, total_revenue, units_sold, units_lost, is_closed, total_waste_cost, break_even_units) VALUES ('a37fc1f2-e884-40d4-8f32-b91ede7fb0af', '70cc8c20-4ecd-4b23-be5d-413a3f56589e', '2026-03-17', 150.18, 237.96, 10, 1, true, 8.93, 6.31);
INSERT INTO sale_details (id, daily_sale_id, product_id, quantity_prepared, quantity_sold, quantity_lost, unit_cost, unit_price, waste_cost, waste_reason) VALUES ('92f6bbb4-ae77-45ba-b227-b9b66fa201e4', 'a37fc1f2-e884-40d4-8f32-b91ede7fb0af', '510b7a08-bcf1-48ae-afc3-7754f000364e', 2, 2, 0, 16.41, 27.64, 0.00, NULL);
INSERT INTO sale_details (id, daily_sale_id, product_id, quantity_prepared, quantity_sold, quantity_lost, unit_cost, unit_price, waste_cost, waste_reason) VALUES ('93da7d5d-bb38-4363-b892-48a8a6ccc248', 'a37fc1f2-e884-40d4-8f32-b91ede7fb0af', '4393ffe2-f873-4c8d-8826-5a899492643a', 3, 3, 0, 22.58, 38.04, 0.00, NULL);
INSERT INTO sale_details (id, daily_sale_id, product_id, quantity_prepared, quantity_sold, quantity_lost, unit_cost, unit_price, waste_cost, waste_reason) VALUES ('e4aedde1-bbd3-463b-8057-ea083bbb3094', 'a37fc1f2-e884-40d4-8f32-b91ede7fb0af', '3a840b25-30f7-4f1f-b578-b10ca5f9a872', 2, 1, 1, 8.93, 15.04, 8.93, 'expired');
INSERT INTO sale_details (id, daily_sale_id, product_id, quantity_prepared, quantity_sold, quantity_lost, unit_cost, unit_price, waste_cost, waste_reason) VALUES ('41b3032b-2658-4f65-81a2-ca5ace961513', 'a37fc1f2-e884-40d4-8f32-b91ede7fb0af', 'f6fade2b-b376-4fa5-b5f0-e4e326f8343e', 4, 4, 0, 7.94, 13.38, 0.00, NULL);
INSERT INTO daily_sales (id, seller_id, sale_date, total_investment, total_revenue, units_sold, units_lost, is_closed, total_waste_cost, break_even_units) VALUES ('64031e0a-547a-4cf6-92b7-4b2e4c602f74', '70cc8c20-4ecd-4b23-be5d-413a3f56589e', '2026-03-18', 285.22, 480.46, 18, 0, true, 0.00, 10.69);
INSERT INTO sale_details (id, daily_sale_id, product_id, quantity_prepared, quantity_sold, quantity_lost, unit_cost, unit_price, waste_cost, waste_reason) VALUES ('f3922687-e892-435e-855d-26aabe528017', '64031e0a-547a-4cf6-92b7-4b2e4c602f74', '510b7a08-bcf1-48ae-afc3-7754f000364e', 4, 4, 0, 16.41, 27.64, 0.00, NULL);
INSERT INTO sale_details (id, daily_sale_id, product_id, quantity_prepared, quantity_sold, quantity_lost, unit_cost, unit_price, waste_cost, waste_reason) VALUES ('f6a9d043-c77d-4089-a4b8-39b359f040ab', '64031e0a-547a-4cf6-92b7-4b2e4c602f74', '4393ffe2-f873-4c8d-8826-5a899492643a', 7, 7, 0, 22.58, 38.04, 0.00, NULL);
INSERT INTO sale_details (id, daily_sale_id, product_id, quantity_prepared, quantity_sold, quantity_lost, unit_cost, unit_price, waste_cost, waste_reason) VALUES ('68609328-53a5-49f9-8d20-9cc58e3afdf5', '64031e0a-547a-4cf6-92b7-4b2e4c602f74', '3a840b25-30f7-4f1f-b578-b10ca5f9a872', 6, 6, 0, 8.93, 15.04, 0.00, NULL);
INSERT INTO sale_details (id, daily_sale_id, product_id, quantity_prepared, quantity_sold, quantity_lost, unit_cost, unit_price, waste_cost, waste_reason) VALUES ('165d6371-7471-43ef-965f-9b621edc7306', '64031e0a-547a-4cf6-92b7-4b2e4c602f74', 'f6fade2b-b376-4fa5-b5f0-e4e326f8343e', 1, 1, 0, 7.94, 13.38, 0.00, NULL);
INSERT INTO daily_sales (id, seller_id, sale_date, total_investment, total_revenue, units_sold, units_lost, is_closed, total_waste_cost, break_even_units) VALUES ('388439d8-dcdf-487f-b180-cd33410d3664', '70cc8c20-4ecd-4b23-be5d-413a3f56589e', '2026-03-19', 97.15, 136.00, 5, 1, true, 16.41, 3.57);
INSERT INTO sale_details (id, daily_sale_id, product_id, quantity_prepared, quantity_sold, quantity_lost, unit_cost, unit_price, waste_cost, waste_reason) VALUES ('cb58dccb-dcc1-41e9-808d-2e3d20d231a9', '388439d8-dcdf-487f-b180-cd33410d3664', '510b7a08-bcf1-48ae-afc3-7754f000364e', 4, 3, 1, 16.41, 27.64, 16.41, 'expired');
INSERT INTO sale_details (id, daily_sale_id, product_id, quantity_prepared, quantity_sold, quantity_lost, unit_cost, unit_price, waste_cost, waste_reason) VALUES ('d99cc884-d35c-45f1-9b3f-d7f512bbdca1', '388439d8-dcdf-487f-b180-cd33410d3664', '4393ffe2-f873-4c8d-8826-5a899492643a', 1, 1, 0, 22.58, 38.04, 0.00, NULL);
INSERT INTO sale_details (id, daily_sale_id, product_id, quantity_prepared, quantity_sold, quantity_lost, unit_cost, unit_price, waste_cost, waste_reason) VALUES ('7412ed68-8d9a-48ed-9684-f8cc12c01895', '388439d8-dcdf-487f-b180-cd33410d3664', '3a840b25-30f7-4f1f-b578-b10ca5f9a872', 1, 1, 0, 8.93, 15.04, 0.00, NULL);
INSERT INTO daily_sales (id, seller_id, sale_date, total_investment, total_revenue, units_sold, units_lost, is_closed, total_waste_cost, break_even_units) VALUES ('82f4aa03-925c-420d-a28a-f8b3e942c6a9', '70cc8c20-4ecd-4b23-be5d-413a3f56589e', '2026-03-20', 173.29, 291.92, 11, 0, true, 0.00, 6.53);
INSERT INTO sale_details (id, daily_sale_id, product_id, quantity_prepared, quantity_sold, quantity_lost, unit_cost, unit_price, waste_cost, waste_reason) VALUES ('914805ba-5937-4a7e-8498-8ff4b40d3889', '82f4aa03-925c-420d-a28a-f8b3e942c6a9', '510b7a08-bcf1-48ae-afc3-7754f000364e', 3, 3, 0, 16.41, 27.64, 0.00, NULL);
INSERT INTO sale_details (id, daily_sale_id, product_id, quantity_prepared, quantity_sold, quantity_lost, unit_cost, unit_price, waste_cost, waste_reason) VALUES ('4ecba4b6-2dcd-486a-baa0-79f9d28b24fc', '82f4aa03-925c-420d-a28a-f8b3e942c6a9', '4393ffe2-f873-4c8d-8826-5a899492643a', 4, 4, 0, 22.58, 38.04, 0.00, NULL);
INSERT INTO sale_details (id, daily_sale_id, product_id, quantity_prepared, quantity_sold, quantity_lost, unit_cost, unit_price, waste_cost, waste_reason) VALUES ('bc8dc97c-b4dc-46de-bf73-b654a322923d', '82f4aa03-925c-420d-a28a-f8b3e942c6a9', '3a840b25-30f7-4f1f-b578-b10ca5f9a872', 2, 2, 0, 8.93, 15.04, 0.00, NULL);
INSERT INTO sale_details (id, daily_sale_id, product_id, quantity_prepared, quantity_sold, quantity_lost, unit_cost, unit_price, waste_cost, waste_reason) VALUES ('e07d9b1b-a1ed-479c-96d5-fd2ed280e8eb', '82f4aa03-925c-420d-a28a-f8b3e942c6a9', 'f6fade2b-b376-4fa5-b5f0-e4e326f8343e', 2, 2, 0, 7.94, 13.38, 0.00, NULL);
INSERT INTO daily_sales (id, seller_id, sale_date, total_investment, total_revenue, units_sold, units_lost, is_closed, total_waste_cost, break_even_units) VALUES ('7d550f36-7763-416a-809c-c4e03fa66179', '1167a03f-db17-407a-9350-96c84d1299b9', '2026-03-09', 244.76, 329.92, 10, 9, true, 85.68, 7.42);
INSERT INTO sale_details (id, daily_sale_id, product_id, quantity_prepared, quantity_sold, quantity_lost, unit_cost, unit_price, waste_cost, waste_reason) VALUES ('8cc78403-6b7d-4c3e-80f8-9c1036cc6140', '7d550f36-7763-416a-809c-c4e03fa66179', '0ccd60ee-d4e9-45d2-9dd7-d03dff1cbf51', 5, 4, 1, 27.14, 56.29, 27.14, 'damaged');
INSERT INTO sale_details (id, daily_sale_id, product_id, quantity_prepared, quantity_sold, quantity_lost, unit_cost, unit_price, waste_cost, waste_reason) VALUES ('658a6f29-78ef-4a3d-93c7-7b0d27a453ea', '7d550f36-7763-416a-809c-c4e03fa66179', '68faf759-f8e4-4c65-b25c-3ac2d52000f2', 4, 3, 1, 9.89, 20.51, 9.89, 'damaged');
INSERT INTO sale_details (id, daily_sale_id, product_id, quantity_prepared, quantity_sold, quantity_lost, unit_cost, unit_price, waste_cost, waste_reason) VALUES ('dd12d97a-3ef1-4066-acba-a808a2e25dbf', '7d550f36-7763-416a-809c-c4e03fa66179', '5b8ecada-4c8f-4cdf-a1ac-e6404b3a0c4f', 10, 3, 7, 6.95, 14.41, 48.65, 'damaged');
INSERT INTO daily_sales (id, seller_id, sale_date, total_investment, total_revenue, units_sold, units_lost, is_closed, total_waste_cost, break_even_units) VALUES ('567ee425-3f2e-4bea-9695-577ccfee7e36', '1167a03f-db17-407a-9350-96c84d1299b9', '2026-03-10', 0.00, 0.00, 0, 0, true, 0.00, 0.00);
INSERT INTO daily_sales (id, seller_id, sale_date, total_investment, total_revenue, units_sold, units_lost, is_closed, total_waste_cost, break_even_units) VALUES ('3f1d4f06-b4c1-47a1-9cba-a63e9e98b2e0', '1167a03f-db17-407a-9350-96c84d1299b9', '2026-03-11', 105.52, 109.42, 2, 2, true, 52.76, 1.93);
INSERT INTO sale_details (id, daily_sale_id, product_id, quantity_prepared, quantity_sold, quantity_lost, unit_cost, unit_price, waste_cost, waste_reason) VALUES ('e109ce2a-58da-4c38-af07-e2353e9e850f', '3f1d4f06-b4c1-47a1-9cba-a63e9e98b2e0', '1ab3a714-0ef7-4ec2-a8e5-006b33a80448', 4, 2, 2, 26.38, 54.71, 52.76, 'expired');
INSERT INTO daily_sales (id, seller_id, sale_date, total_investment, total_revenue, units_sold, units_lost, is_closed, total_waste_cost, break_even_units) VALUES ('e7874189-178d-4e92-8729-bdf81d5bb30a', '1167a03f-db17-407a-9350-96c84d1299b9', '2026-03-12', 343.99, 567.46, 18, 4, true, 70.36, 10.91);
INSERT INTO sale_details (id, daily_sale_id, product_id, quantity_prepared, quantity_sold, quantity_lost, unit_cost, unit_price, waste_cost, waste_reason) VALUES ('62b257b1-a1d5-4e81-b4b8-bfebd869ab58', 'e7874189-178d-4e92-8729-bdf81d5bb30a', '0ccd60ee-d4e9-45d2-9dd7-d03dff1cbf51', 2, 1, 1, 27.14, 56.29, 27.14, 'expired');
INSERT INTO sale_details (id, daily_sale_id, product_id, quantity_prepared, quantity_sold, quantity_lost, unit_cost, unit_price, waste_cost, waste_reason) VALUES ('ca500451-e713-4f88-9735-315266f496df', 'e7874189-178d-4e92-8729-bdf81d5bb30a', '1ab3a714-0ef7-4ec2-a8e5-006b33a80448', 7, 6, 1, 26.38, 54.71, 26.38, 'other');
INSERT INTO sale_details (id, daily_sale_id, product_id, quantity_prepared, quantity_sold, quantity_lost, unit_cost, unit_price, waste_cost, waste_reason) VALUES ('6b1c5c1a-7246-48c4-8c5a-749cb86e8ddc', 'e7874189-178d-4e92-8729-bdf81d5bb30a', '68faf759-f8e4-4c65-b25c-3ac2d52000f2', 5, 4, 1, 9.89, 20.51, 9.89, 'other');
INSERT INTO sale_details (id, daily_sale_id, product_id, quantity_prepared, quantity_sold, quantity_lost, unit_cost, unit_price, waste_cost, waste_reason) VALUES ('9f2885c7-b00f-48b7-a1bb-55b7a0ec37d0', 'e7874189-178d-4e92-8729-bdf81d5bb30a', '5b8ecada-4c8f-4cdf-a1ac-e6404b3a0c4f', 8, 7, 1, 6.95, 14.41, 6.95, 'expired');
INSERT INTO daily_sales (id, seller_id, sale_date, total_investment, total_revenue, units_sold, units_lost, is_closed, total_waste_cost, break_even_units) VALUES ('09edc27f-b69c-4648-926f-1cd9f37efa77', '1167a03f-db17-407a-9350-96c84d1299b9', '2026-03-13', 192.00, 261.44, 6, 5, true, 65.94, 4.41);
INSERT INTO sale_details (id, daily_sale_id, product_id, quantity_prepared, quantity_sold, quantity_lost, unit_cost, unit_price, waste_cost, waste_reason) VALUES ('fe7488f8-38fa-4967-8e21-a76b47531cca', '09edc27f-b69c-4648-926f-1cd9f37efa77', '0ccd60ee-d4e9-45d2-9dd7-d03dff1cbf51', 1, 1, 0, 27.14, 56.29, 0.00, NULL);
INSERT INTO sale_details (id, daily_sale_id, product_id, quantity_prepared, quantity_sold, quantity_lost, unit_cost, unit_price, waste_cost, waste_reason) VALUES ('11a0b6e4-8aba-4c07-9be8-f8af61186087', '09edc27f-b69c-4648-926f-1cd9f37efa77', '1ab3a714-0ef7-4ec2-a8e5-006b33a80448', 4, 3, 1, 26.38, 54.71, 26.38, 'expired');
INSERT INTO sale_details (id, daily_sale_id, product_id, quantity_prepared, quantity_sold, quantity_lost, unit_cost, unit_price, waste_cost, waste_reason) VALUES ('d6e4ce81-2f6b-473c-a108-a240136f0547', '09edc27f-b69c-4648-926f-1cd9f37efa77', '68faf759-f8e4-4c65-b25c-3ac2d52000f2', 6, 2, 4, 9.89, 20.51, 39.56, 'damaged');
INSERT INTO daily_sales (id, seller_id, sale_date, total_investment, total_revenue, units_sold, units_lost, is_closed, total_waste_cost, break_even_units) VALUES ('2409f298-010c-4500-a133-c18796c280ae', '1167a03f-db17-407a-9350-96c84d1299b9', '2026-03-17', 29.67, 41.02, 2, 1, true, 9.89, 1.45);
INSERT INTO sale_details (id, daily_sale_id, product_id, quantity_prepared, quantity_sold, quantity_lost, unit_cost, unit_price, waste_cost, waste_reason) VALUES ('ae9e5684-a868-4149-8836-8acdabf307b1', '2409f298-010c-4500-a133-c18796c280ae', '68faf759-f8e4-4c65-b25c-3ac2d52000f2', 3, 2, 1, 9.89, 20.51, 9.89, 'expired');
INSERT INTO daily_sales (id, seller_id, sale_date, total_investment, total_revenue, units_sold, units_lost, is_closed, total_waste_cost, break_even_units) VALUES ('2daa4d62-3761-482c-aa83-9d02577f709e', '1167a03f-db17-407a-9350-96c84d1299b9', '2026-03-18', 29.67, 41.02, 2, 1, true, 9.89, 1.45);
INSERT INTO sale_details (id, daily_sale_id, product_id, quantity_prepared, quantity_sold, quantity_lost, unit_cost, unit_price, waste_cost, waste_reason) VALUES ('13928f1e-8715-4c87-8263-fc4fd15dcdbc', '2daa4d62-3761-482c-aa83-9d02577f709e', '68faf759-f8e4-4c65-b25c-3ac2d52000f2', 3, 2, 1, 9.89, 20.51, 9.89, 'expired');
INSERT INTO daily_sales (id, seller_id, sale_date, total_investment, total_revenue, units_sold, units_lost, is_closed, total_waste_cost, break_even_units) VALUES ('d083470e-c807-494e-8bc2-497ad46a8d53', '1167a03f-db17-407a-9350-96c84d1299b9', '2026-03-19', 79.14, 164.13, 3, 0, true, 0.00, 1.45);
INSERT INTO sale_details (id, daily_sale_id, product_id, quantity_prepared, quantity_sold, quantity_lost, unit_cost, unit_price, waste_cost, waste_reason) VALUES ('e60c0dc5-e3af-409f-8331-b2b3b19ae7f5', 'd083470e-c807-494e-8bc2-497ad46a8d53', '0ccd60ee-d4e9-45d2-9dd7-d03dff1cbf51', 0, 0, 0, 27.14, 56.29, 0.00, NULL);
INSERT INTO sale_details (id, daily_sale_id, product_id, quantity_prepared, quantity_sold, quantity_lost, unit_cost, unit_price, waste_cost, waste_reason) VALUES ('3b45776e-bfe3-4ea2-af59-29d5eede84cb', 'd083470e-c807-494e-8bc2-497ad46a8d53', '1ab3a714-0ef7-4ec2-a8e5-006b33a80448', 3, 3, 0, 26.38, 54.71, 0.00, NULL);
INSERT INTO daily_sales (id, seller_id, sale_date, total_investment, total_revenue, units_sold, units_lost, is_closed, total_waste_cost, break_even_units) VALUES ('e64bcf32-c18f-400a-92b2-db63d7eb2d7f', '1167a03f-db17-407a-9350-96c84d1299b9', '2026-03-20', 155.48, 322.47, 7, 0, true, 0.00, 3.38);
INSERT INTO sale_details (id, daily_sale_id, product_id, quantity_prepared, quantity_sold, quantity_lost, unit_cost, unit_price, waste_cost, waste_reason) VALUES ('9f3ea418-5195-44b9-bcff-29bfc6b2de43', 'e64bcf32-c18f-400a-92b2-db63d7eb2d7f', '0ccd60ee-d4e9-45d2-9dd7-d03dff1cbf51', 5, 5, 0, 27.14, 56.29, 0.00, NULL);
INSERT INTO sale_details (id, daily_sale_id, product_id, quantity_prepared, quantity_sold, quantity_lost, unit_cost, unit_price, waste_cost, waste_reason) VALUES ('a389ecc0-4029-47b4-89cc-9e2cc6bf8c0c', 'e64bcf32-c18f-400a-92b2-db63d7eb2d7f', '68faf759-f8e4-4c65-b25c-3ac2d52000f2', 2, 2, 0, 9.89, 20.51, 0.00, NULL);
INSERT INTO daily_sales (id, seller_id, sale_date, total_investment, total_revenue, units_sold, units_lost, is_closed, total_waste_cost, break_even_units) VALUES ('976d1c7c-434e-4dd1-954d-3b3e318ef844', '2a75a981-7955-4f44-8c17-a8d38943ac11', '2026-03-09', 235.74, 204.92, 11, 4, true, 67.00, 12.65);
INSERT INTO sale_details (id, daily_sale_id, product_id, quantity_prepared, quantity_sold, quantity_lost, unit_cost, unit_price, waste_cost, waste_reason) VALUES ('15dc14c4-4b09-4f46-aa5c-cf6c1a71dabd', '976d1c7c-434e-4dd1-954d-3b3e318ef844', 'a423596d-cf1e-4bec-8d5e-424aa198daf5', 6, 3, 3, 20.05, 24.35, 60.15, 'expired');
INSERT INTO sale_details (id, daily_sale_id, product_id, quantity_prepared, quantity_sold, quantity_lost, unit_cost, unit_price, waste_cost, waste_reason) VALUES ('d2ea5fea-f76d-47c7-a4bd-9918f2218d16', '976d1c7c-434e-4dd1-954d-3b3e318ef844', '2e4b657c-d613-4fe5-9081-2a18addec3ce', 3, 3, 0, 20.70, 25.14, 0.00, NULL);
INSERT INTO sale_details (id, daily_sale_id, product_id, quantity_prepared, quantity_sold, quantity_lost, unit_cost, unit_price, waste_cost, waste_reason) VALUES ('8df17a55-7b8b-4b00-af27-25c52cde4914', '976d1c7c-434e-4dd1-954d-3b3e318ef844', 'c2287b0f-e609-4f82-b85c-13c021d01029', 3, 3, 0, 10.93, 13.27, 0.00, NULL);
INSERT INTO sale_details (id, daily_sale_id, product_id, quantity_prepared, quantity_sold, quantity_lost, unit_cost, unit_price, waste_cost, waste_reason) VALUES ('1e70e664-01f0-4962-87ce-3f2ccc5b24d7', '976d1c7c-434e-4dd1-954d-3b3e318ef844', '4f0d4e89-33ab-4aa7-8248-ee87e9dcb169', 3, 2, 1, 6.85, 8.32, 6.85, 'other');
INSERT INTO daily_sales (id, seller_id, sale_date, total_investment, total_revenue, units_sold, units_lost, is_closed, total_waste_cost, break_even_units) VALUES ('1ba91ff6-4723-49f0-824d-bcdadebf5849', '2a75a981-7955-4f44-8c17-a8d38943ac11', '2026-03-10', 691.75, 744.66, 44, 5, true, 78.58, 40.87);
INSERT INTO sale_details (id, daily_sale_id, product_id, quantity_prepared, quantity_sold, quantity_lost, unit_cost, unit_price, waste_cost, waste_reason) VALUES ('730bce4a-c9bf-4c4a-ab03-13e1e5572f35', '1ba91ff6-4723-49f0-824d-bcdadebf5849', 'a423596d-cf1e-4bec-8d5e-424aa198daf5', 5, 3, 2, 20.05, 24.35, 40.10, 'expired');
INSERT INTO sale_details (id, daily_sale_id, product_id, quantity_prepared, quantity_sold, quantity_lost, unit_cost, unit_price, waste_cost, waste_reason) VALUES ('6b316a89-5297-418a-a825-e64d9215dcb4', '1ba91ff6-4723-49f0-824d-bcdadebf5849', '2e4b657c-d613-4fe5-9081-2a18addec3ce', 18, 17, 1, 20.70, 25.14, 20.70, 'damaged');
INSERT INTO sale_details (id, daily_sale_id, product_id, quantity_prepared, quantity_sold, quantity_lost, unit_cost, unit_price, waste_cost, waste_reason) VALUES ('258b8766-043b-4be6-8462-c78a17d221e8', '1ba91ff6-4723-49f0-824d-bcdadebf5849', 'c2287b0f-e609-4f82-b85c-13c021d01029', 10, 9, 1, 10.93, 13.27, 10.93, 'expired');
INSERT INTO sale_details (id, daily_sale_id, product_id, quantity_prepared, quantity_sold, quantity_lost, unit_cost, unit_price, waste_cost, waste_reason) VALUES ('4e5e4380-e993-4138-9711-29e47cbe8999', '1ba91ff6-4723-49f0-824d-bcdadebf5849', '4f0d4e89-33ab-4aa7-8248-ee87e9dcb169', 16, 15, 1, 6.85, 8.32, 6.85, 'expired');
INSERT INTO daily_sales (id, seller_id, sale_date, total_investment, total_revenue, units_sold, units_lost, is_closed, total_waste_cost, break_even_units) VALUES ('8bef81ad-7235-4bdf-8e40-caf8bd83e1a0', '2a75a981-7955-4f44-8c17-a8d38943ac11', '2026-03-11', 252.45, 203.38, 15, 8, true, 84.97, 18.62);
INSERT INTO sale_details (id, daily_sale_id, product_id, quantity_prepared, quantity_sold, quantity_lost, unit_cost, unit_price, waste_cost, waste_reason) VALUES ('b64fda28-1579-41fd-a421-bec5b2b7ff18', '8bef81ad-7235-4bdf-8e40-caf8bd83e1a0', 'a423596d-cf1e-4bec-8d5e-424aa198daf5', 2, 2, 0, 20.05, 24.35, 0.00, NULL);
INSERT INTO sale_details (id, daily_sale_id, product_id, quantity_prepared, quantity_sold, quantity_lost, unit_cost, unit_price, waste_cost, waste_reason) VALUES ('ec878ac9-92c8-4ae2-b630-8b61ff30a2fa', '8bef81ad-7235-4bdf-8e40-caf8bd83e1a0', '2e4b657c-d613-4fe5-9081-2a18addec3ce', 2, 1, 1, 20.70, 25.14, 20.70, 'damaged');
INSERT INTO sale_details (id, daily_sale_id, product_id, quantity_prepared, quantity_sold, quantity_lost, unit_cost, unit_price, waste_cost, waste_reason) VALUES ('f1165443-0c3f-430c-8b6a-c1af40181245', '8bef81ad-7235-4bdf-8e40-caf8bd83e1a0', 'c2287b0f-e609-4f82-b85c-13c021d01029', 10, 6, 4, 10.93, 13.27, 43.72, 'damaged');
INSERT INTO sale_details (id, daily_sale_id, product_id, quantity_prepared, quantity_sold, quantity_lost, unit_cost, unit_price, waste_cost, waste_reason) VALUES ('cdb8d8a3-8876-48c8-b13b-207b106920d8', '8bef81ad-7235-4bdf-8e40-caf8bd83e1a0', '4f0d4e89-33ab-4aa7-8248-ee87e9dcb169', 9, 6, 3, 6.85, 8.32, 20.55, 'expired');
INSERT INTO daily_sales (id, seller_id, sale_date, total_investment, total_revenue, units_sold, units_lost, is_closed, total_waste_cost, break_even_units) VALUES ('ebc91390-ede2-4ba3-bca2-42ff408fcee3', '2a75a981-7955-4f44-8c17-a8d38943ac11', '2026-03-12', 315.76, 286.47, 14, 5, true, 79.88, 15.43);
INSERT INTO sale_details (id, daily_sale_id, product_id, quantity_prepared, quantity_sold, quantity_lost, unit_cost, unit_price, waste_cost, waste_reason) VALUES ('8bb107a8-b699-4979-b9e7-2cdb2037aab8', 'ebc91390-ede2-4ba3-bca2-42ff408fcee3', 'a423596d-cf1e-4bec-8d5e-424aa198daf5', 4, 4, 0, 20.05, 24.35, 0.00, NULL);
INSERT INTO sale_details (id, daily_sale_id, product_id, quantity_prepared, quantity_sold, quantity_lost, unit_cost, unit_price, waste_cost, waste_reason) VALUES ('d53a20f6-7568-4a4d-8a24-4c57e0972cf8', 'ebc91390-ede2-4ba3-bca2-42ff408fcee3', '2e4b657c-d613-4fe5-9081-2a18addec3ce', 9, 6, 3, 20.70, 25.14, 62.10, 'expired');
INSERT INTO sale_details (id, daily_sale_id, product_id, quantity_prepared, quantity_sold, quantity_lost, unit_cost, unit_price, waste_cost, waste_reason) VALUES ('178d082c-bfd5-42bf-8a71-61934984b35e', 'ebc91390-ede2-4ba3-bca2-42ff408fcee3', 'c2287b0f-e609-4f82-b85c-13c021d01029', 2, 1, 1, 10.93, 13.27, 10.93, 'damaged');
INSERT INTO sale_details (id, daily_sale_id, product_id, quantity_prepared, quantity_sold, quantity_lost, unit_cost, unit_price, waste_cost, waste_reason) VALUES ('a65d294a-8573-4744-91c4-f82d53112ca3', 'ebc91390-ede2-4ba3-bca2-42ff408fcee3', '4f0d4e89-33ab-4aa7-8248-ee87e9dcb169', 4, 3, 1, 6.85, 8.32, 6.85, 'expired');
INSERT INTO daily_sales (id, seller_id, sale_date, total_investment, total_revenue, units_sold, units_lost, is_closed, total_waste_cost, break_even_units) VALUES ('a50b433b-ba18-40d1-a8b3-5e36b29e0a35', '2a75a981-7955-4f44-8c17-a8d38943ac11', '2026-03-13', 190.25, 139.00, 9, 5, true, 75.80, 12.32);
INSERT INTO sale_details (id, daily_sale_id, product_id, quantity_prepared, quantity_sold, quantity_lost, unit_cost, unit_price, waste_cost, waste_reason) VALUES ('f1d60a56-b12d-4941-8cd1-04e0fe6be5d2', 'a50b433b-ba18-40d1-a8b3-5e36b29e0a35', 'a423596d-cf1e-4bec-8d5e-424aa198daf5', 4, 4, 0, 20.05, 24.35, 0.00, NULL);
INSERT INTO sale_details (id, daily_sale_id, product_id, quantity_prepared, quantity_sold, quantity_lost, unit_cost, unit_price, waste_cost, waste_reason) VALUES ('75685a1b-a3a8-41c6-bd74-e74abe6ae284', 'a50b433b-ba18-40d1-a8b3-5e36b29e0a35', '2e4b657c-d613-4fe5-9081-2a18addec3ce', 3, 0, 3, 20.70, 25.14, 62.10, 'damaged');
INSERT INTO sale_details (id, daily_sale_id, product_id, quantity_prepared, quantity_sold, quantity_lost, unit_cost, unit_price, waste_cost, waste_reason) VALUES ('9cdab41d-4ff8-4ed9-8fcb-d9112037e484', 'a50b433b-ba18-40d1-a8b3-5e36b29e0a35', '4f0d4e89-33ab-4aa7-8248-ee87e9dcb169', 7, 5, 2, 6.85, 8.32, 13.70, 'damaged');
INSERT INTO daily_sales (id, seller_id, sale_date, total_investment, total_revenue, units_sold, units_lost, is_closed, total_waste_cost, break_even_units) VALUES ('7762ee6b-9e97-4638-8214-16da850316cf', '2a75a981-7955-4f44-8c17-a8d38943ac11', '2026-03-17', 286.97, 324.13, 18, 1, true, 20.05, 15.94);
INSERT INTO sale_details (id, daily_sale_id, product_id, quantity_prepared, quantity_sold, quantity_lost, unit_cost, unit_price, waste_cost, waste_reason) VALUES ('e05bbfd7-3d9d-4a0c-9772-700aee375be4', '7762ee6b-9e97-4638-8214-16da850316cf', 'a423596d-cf1e-4bec-8d5e-424aa198daf5', 7, 6, 1, 20.05, 24.35, 20.05, 'damaged');
INSERT INTO sale_details (id, daily_sale_id, product_id, quantity_prepared, quantity_sold, quantity_lost, unit_cost, unit_price, waste_cost, waste_reason) VALUES ('35443063-7b47-4b12-9429-ea981cda3bc6', '7762ee6b-9e97-4638-8214-16da850316cf', '2e4b657c-d613-4fe5-9081-2a18addec3ce', 2, 2, 0, 20.70, 25.14, 0.00, NULL);
INSERT INTO sale_details (id, daily_sale_id, product_id, quantity_prepared, quantity_sold, quantity_lost, unit_cost, unit_price, waste_cost, waste_reason) VALUES ('2a98e2f0-5619-4c9b-a8e3-abaed0308b94', '7762ee6b-9e97-4638-8214-16da850316cf', 'c2287b0f-e609-4f82-b85c-13c021d01029', 9, 9, 0, 10.93, 13.27, 0.00, NULL);
INSERT INTO sale_details (id, daily_sale_id, product_id, quantity_prepared, quantity_sold, quantity_lost, unit_cost, unit_price, waste_cost, waste_reason) VALUES ('ae8745ad-2683-42ec-be9e-f1b81692cef8', '7762ee6b-9e97-4638-8214-16da850316cf', '4f0d4e89-33ab-4aa7-8248-ee87e9dcb169', 1, 1, 0, 6.85, 8.32, 0.00, NULL);
INSERT INTO daily_sales (id, seller_id, sale_date, total_investment, total_revenue, units_sold, units_lost, is_closed, total_waste_cost, break_even_units) VALUES ('3b766def-0d4b-42c1-8a13-e185b84ce988', '2a75a981-7955-4f44-8c17-a8d38943ac11', '2026-03-18', 73.03, 75.42, 3, 1, true, 10.93, 2.90);
INSERT INTO sale_details (id, daily_sale_id, product_id, quantity_prepared, quantity_sold, quantity_lost, unit_cost, unit_price, waste_cost, waste_reason) VALUES ('9d79713a-6b24-4407-b635-c4b662fc91cd', '3b766def-0d4b-42c1-8a13-e185b84ce988', '2e4b657c-d613-4fe5-9081-2a18addec3ce', 3, 3, 0, 20.70, 25.14, 0.00, NULL);
INSERT INTO sale_details (id, daily_sale_id, product_id, quantity_prepared, quantity_sold, quantity_lost, unit_cost, unit_price, waste_cost, waste_reason) VALUES ('e9a5d8aa-6e87-4e91-ad3d-4c6d24c53748', '3b766def-0d4b-42c1-8a13-e185b84ce988', 'c2287b0f-e609-4f82-b85c-13c021d01029', 1, 0, 1, 10.93, 13.27, 10.93, 'expired');
INSERT INTO daily_sales (id, seller_id, sale_date, total_investment, total_revenue, units_sold, units_lost, is_closed, total_waste_cost, break_even_units) VALUES ('9b13759b-4542-4752-87f8-5e4e12ccbed3', '2a75a981-7955-4f44-8c17-a8d38943ac11', '2026-03-19', 102.25, 99.02, 7, 1, true, 20.70, 7.23);
INSERT INTO sale_details (id, daily_sale_id, product_id, quantity_prepared, quantity_sold, quantity_lost, unit_cost, unit_price, waste_cost, waste_reason) VALUES ('c344c4ea-f1f3-461a-9722-e49817b96868', '9b13759b-4542-4752-87f8-5e4e12ccbed3', 'a423596d-cf1e-4bec-8d5e-424aa198daf5', 1, 1, 0, 20.05, 24.35, 0.00, NULL);
INSERT INTO sale_details (id, daily_sale_id, product_id, quantity_prepared, quantity_sold, quantity_lost, unit_cost, unit_price, waste_cost, waste_reason) VALUES ('d50e5548-cca8-4671-aea9-251ad1183f8f', '9b13759b-4542-4752-87f8-5e4e12ccbed3', '2e4b657c-d613-4fe5-9081-2a18addec3ce', 1, 0, 1, 20.70, 25.14, 20.70, 'damaged');
INSERT INTO sale_details (id, daily_sale_id, product_id, quantity_prepared, quantity_sold, quantity_lost, unit_cost, unit_price, waste_cost, waste_reason) VALUES ('32e487ed-5112-4050-bacd-12d51fa5b706', '9b13759b-4542-4752-87f8-5e4e12ccbed3', 'c2287b0f-e609-4f82-b85c-13c021d01029', 5, 5, 0, 10.93, 13.27, 0.00, NULL);
INSERT INTO sale_details (id, daily_sale_id, product_id, quantity_prepared, quantity_sold, quantity_lost, unit_cost, unit_price, waste_cost, waste_reason) VALUES ('b4bbd3a9-c1a5-41d5-b04b-53117e0e2a0b', '9b13759b-4542-4752-87f8-5e4e12ccbed3', '4f0d4e89-33ab-4aa7-8248-ee87e9dcb169', 1, 1, 0, 6.85, 8.32, 0.00, NULL);
INSERT INTO daily_sales (id, seller_id, sale_date, total_investment, total_revenue, units_sold, units_lost, is_closed, total_waste_cost, break_even_units) VALUES ('e0a07d13-cf20-44b6-a653-264cb6a40cd8', '2a75a981-7955-4f44-8c17-a8d38943ac11', '2026-03-20', 244.59, 297.02, 19, 0, true, 0.00, 15.65);
INSERT INTO sale_details (id, daily_sale_id, product_id, quantity_prepared, quantity_sold, quantity_lost, unit_cost, unit_price, waste_cost, waste_reason) VALUES ('115567a8-3693-4ec8-8850-37d7bdf9fe74', 'e0a07d13-cf20-44b6-a653-264cb6a40cd8', 'a423596d-cf1e-4bec-8d5e-424aa198daf5', 2, 2, 0, 20.05, 24.35, 0.00, NULL);
INSERT INTO sale_details (id, daily_sale_id, product_id, quantity_prepared, quantity_sold, quantity_lost, unit_cost, unit_price, waste_cost, waste_reason) VALUES ('c9e20285-652b-406c-a789-417fe7fd7541', 'e0a07d13-cf20-44b6-a653-264cb6a40cd8', '2e4b657c-d613-4fe5-9081-2a18addec3ce', 4, 4, 0, 20.70, 25.14, 0.00, NULL);
INSERT INTO sale_details (id, daily_sale_id, product_id, quantity_prepared, quantity_sold, quantity_lost, unit_cost, unit_price, waste_cost, waste_reason) VALUES ('93cb3a66-da0a-4b3d-b11f-2eaacda156cc', 'e0a07d13-cf20-44b6-a653-264cb6a40cd8', 'c2287b0f-e609-4f82-b85c-13c021d01029', 8, 8, 0, 10.93, 13.27, 0.00, NULL);
INSERT INTO sale_details (id, daily_sale_id, product_id, quantity_prepared, quantity_sold, quantity_lost, unit_cost, unit_price, waste_cost, waste_reason) VALUES ('7a6cb770-6d4e-42e1-a6e5-c6e16cf9ac00', 'e0a07d13-cf20-44b6-a653-264cb6a40cd8', '4f0d4e89-33ab-4aa7-8248-ee87e9dcb169', 5, 5, 0, 6.85, 8.32, 0.00, NULL);
INSERT INTO daily_sales (id, seller_id, sale_date, total_investment, total_revenue, units_sold, units_lost, is_closed, total_waste_cost, break_even_units) VALUES ('f9f6b99d-30f0-43e2-9d3d-098c6541993e', '0b509ac3-8a29-442b-9e33-cd466ebb6126', '2026-03-09', 237.87, 176.36, 8, 7, true, 89.46, 10.79);
INSERT INTO sale_details (id, daily_sale_id, product_id, quantity_prepared, quantity_sold, quantity_lost, unit_cost, unit_price, waste_cost, waste_reason) VALUES ('f721206f-2cc0-47b1-acfe-8f7498c08817', 'f9f6b99d-30f0-43e2-9d3d-098c6541993e', '3b632f10-4276-4777-a066-685920b76863', 6, 5, 1, 23.04, 27.38, 23.04, 'expired');
INSERT INTO sale_details (id, daily_sale_id, product_id, quantity_prepared, quantity_sold, quantity_lost, unit_cost, unit_price, waste_cost, waste_reason) VALUES ('b1f2eb8f-6dc1-45fa-bf20-9ef05402f9c3', 'f9f6b99d-30f0-43e2-9d3d-098c6541993e', '3ea3bf9c-22ef-47a0-9264-a48ca359035a', 3, 1, 2, 10.81, 12.84, 21.62, 'expired');
INSERT INTO sale_details (id, daily_sale_id, product_id, quantity_prepared, quantity_sold, quantity_lost, unit_cost, unit_price, waste_cost, waste_reason) VALUES ('d93a895d-a60d-4ad0-9c99-879290718455', 'f9f6b99d-30f0-43e2-9d3d-098c6541993e', '157fe97c-a64f-4be8-b2e6-4c7249164e82', 6, 2, 4, 11.20, 13.31, 44.80, 'other');
INSERT INTO daily_sales (id, seller_id, sale_date, total_investment, total_revenue, units_sold, units_lost, is_closed, total_waste_cost, break_even_units) VALUES ('e3e0263b-9fec-4ceb-8dec-954532337e27', '0b509ac3-8a29-442b-9e33-cd466ebb6126', '2026-03-10', 97.29, 38.52, 3, 6, true, 64.86, 7.58);
INSERT INTO sale_details (id, daily_sale_id, product_id, quantity_prepared, quantity_sold, quantity_lost, unit_cost, unit_price, waste_cost, waste_reason) VALUES ('9f25d952-1d10-4985-8c2b-ee82b7e9ad30', 'e3e0263b-9fec-4ceb-8dec-954532337e27', '3ea3bf9c-22ef-47a0-9264-a48ca359035a', 9, 3, 6, 10.81, 12.84, 64.86, 'damaged');
INSERT INTO daily_sales (id, seller_id, sale_date, total_investment, total_revenue, units_sold, units_lost, is_closed, total_waste_cost, break_even_units) VALUES ('c5fe6eed-9edf-4efe-9abc-e96e3b61b32c', '0b509ac3-8a29-442b-9e33-cd466ebb6126', '2026-03-11', 331.22, 327.63, 21, 4, true, 55.47, 21.23);
INSERT INTO sale_details (id, daily_sale_id, product_id, quantity_prepared, quantity_sold, quantity_lost, unit_cost, unit_price, waste_cost, waste_reason) VALUES ('9c5310a2-1cb7-4539-8af7-aa81b8b2c4f5', 'c5fe6eed-9edf-4efe-9abc-e96e3b61b32c', '3b632f10-4276-4777-a066-685920b76863', 2, 1, 1, 23.04, 27.38, 23.04, 'damaged');
INSERT INTO sale_details (id, daily_sale_id, product_id, quantity_prepared, quantity_sold, quantity_lost, unit_cost, unit_price, waste_cost, waste_reason) VALUES ('63e28f35-46f6-40d9-a58f-7cd646e715bf', 'c5fe6eed-9edf-4efe-9abc-e96e3b61b32c', '7dbb5e6b-07db-4acf-a0a2-637a637e7579', 6, 6, 0, 16.18, 19.22, 0.00, NULL);
INSERT INTO sale_details (id, daily_sale_id, product_id, quantity_prepared, quantity_sold, quantity_lost, unit_cost, unit_price, waste_cost, waste_reason) VALUES ('5dd3ab59-6c90-4e29-97d2-4169839a9e1b', 'c5fe6eed-9edf-4efe-9abc-e96e3b61b32c', '3ea3bf9c-22ef-47a0-9264-a48ca359035a', 6, 3, 3, 10.81, 12.84, 32.43, 'expired');
INSERT INTO sale_details (id, daily_sale_id, product_id, quantity_prepared, quantity_sold, quantity_lost, unit_cost, unit_price, waste_cost, waste_reason) VALUES ('27daf288-7b1d-4c18-a3e4-5804f747e30a', 'c5fe6eed-9edf-4efe-9abc-e96e3b61b32c', '157fe97c-a64f-4be8-b2e6-4c7249164e82', 11, 11, 0, 11.20, 13.31, 0.00, NULL);
INSERT INTO daily_sales (id, seller_id, sale_date, total_investment, total_revenue, units_sold, units_lost, is_closed, total_waste_cost, break_even_units) VALUES ('653897f6-0e20-4a93-b4bd-b68338f8f227', '0b509ac3-8a29-442b-9e33-cd466ebb6126', '2026-03-12', 121.61, 59.44, 3, 4, true, 71.58, 6.14);
INSERT INTO sale_details (id, daily_sale_id, product_id, quantity_prepared, quantity_sold, quantity_lost, unit_cost, unit_price, waste_cost, waste_reason) VALUES ('ff1fd170-1934-4c06-9427-c1cb86b19f33', '653897f6-0e20-4a93-b4bd-b68338f8f227', '3b632f10-4276-4777-a066-685920b76863', 2, 1, 1, 23.04, 27.38, 23.04, 'damaged');
INSERT INTO sale_details (id, daily_sale_id, product_id, quantity_prepared, quantity_sold, quantity_lost, unit_cost, unit_price, waste_cost, waste_reason) VALUES ('3ba7363e-114f-4dfd-993c-bee857953ba3', '653897f6-0e20-4a93-b4bd-b68338f8f227', '7dbb5e6b-07db-4acf-a0a2-637a637e7579', 4, 1, 3, 16.18, 19.22, 48.54, 'other');
INSERT INTO sale_details (id, daily_sale_id, product_id, quantity_prepared, quantity_sold, quantity_lost, unit_cost, unit_price, waste_cost, waste_reason) VALUES ('943b91d6-f44a-45af-bd13-d94ab1f44602', '653897f6-0e20-4a93-b4bd-b68338f8f227', '3ea3bf9c-22ef-47a0-9264-a48ca359035a', 1, 1, 0, 10.81, 12.84, 0.00, NULL);
INSERT INTO sale_details (id, daily_sale_id, product_id, quantity_prepared, quantity_sold, quantity_lost, unit_cost, unit_price, waste_cost, waste_reason) VALUES ('73752322-3e0d-4211-8b7f-9b39741a1c5a', '653897f6-0e20-4a93-b4bd-b68338f8f227', '157fe97c-a64f-4be8-b2e6-4c7249164e82', 0, 0, 0, 11.20, 13.31, 0.00, NULL);
INSERT INTO daily_sales (id, seller_id, sale_date, total_investment, total_revenue, units_sold, units_lost, is_closed, total_waste_cost, break_even_units) VALUES ('894e42ad-edac-4f1e-9959-41457f885e4d', '0b509ac3-8a29-442b-9e33-cd466ebb6126', '2026-03-13', 368.80, 333.39, 17, 6, true, 88.22, 18.81);
INSERT INTO sale_details (id, daily_sale_id, product_id, quantity_prepared, quantity_sold, quantity_lost, unit_cost, unit_price, waste_cost, waste_reason) VALUES ('8cbd57ae-1ab3-4808-9ee2-bd5e1751a863', '894e42ad-edac-4f1e-9959-41457f885e4d', '3b632f10-4276-4777-a066-685920b76863', 7, 6, 1, 23.04, 27.38, 23.04, 'expired');
INSERT INTO sale_details (id, daily_sale_id, product_id, quantity_prepared, quantity_sold, quantity_lost, unit_cost, unit_price, waste_cost, waste_reason) VALUES ('8435ca6b-f8d0-4388-99b6-12ca8e23ad12', '894e42ad-edac-4f1e-9959-41457f885e4d', '7dbb5e6b-07db-4acf-a0a2-637a637e7579', 6, 4, 2, 16.18, 19.22, 32.36, 'expired');
INSERT INTO sale_details (id, daily_sale_id, product_id, quantity_prepared, quantity_sold, quantity_lost, unit_cost, unit_price, waste_cost, waste_reason) VALUES ('c1c97f4d-8b0f-41fe-b1c2-8a6d5fd929f6', '894e42ad-edac-4f1e-9959-41457f885e4d', '3ea3bf9c-22ef-47a0-9264-a48ca359035a', 4, 2, 2, 10.81, 12.84, 21.62, 'expired');
INSERT INTO sale_details (id, daily_sale_id, product_id, quantity_prepared, quantity_sold, quantity_lost, unit_cost, unit_price, waste_cost, waste_reason) VALUES ('987a4824-7e09-4ed0-a17e-68a28062051c', '894e42ad-edac-4f1e-9959-41457f885e4d', '157fe97c-a64f-4be8-b2e6-4c7249164e82', 6, 5, 1, 11.20, 13.31, 11.20, 'expired');
INSERT INTO daily_sales (id, seller_id, sale_date, total_investment, total_revenue, units_sold, units_lost, is_closed, total_waste_cost, break_even_units) VALUES ('b5cc10ed-95d6-41b4-b8bd-89ef44370128', '0b509ac3-8a29-442b-9e33-cd466ebb6126', '2026-03-17', 86.80, 90.27, 6, 1, true, 10.81, 5.77);
INSERT INTO sale_details (id, daily_sale_id, product_id, quantity_prepared, quantity_sold, quantity_lost, unit_cost, unit_price, waste_cost, waste_reason) VALUES ('1bee3f9d-0801-45da-87df-8a5a87ed2c0a', 'b5cc10ed-95d6-41b4-b8bd-89ef44370128', '7dbb5e6b-07db-4acf-a0a2-637a637e7579', 2, 2, 0, 16.18, 19.22, 0.00, NULL);
INSERT INTO sale_details (id, daily_sale_id, product_id, quantity_prepared, quantity_sold, quantity_lost, unit_cost, unit_price, waste_cost, waste_reason) VALUES ('60687c1a-76f1-414d-b9a9-4a245262bc27', 'b5cc10ed-95d6-41b4-b8bd-89ef44370128', '3ea3bf9c-22ef-47a0-9264-a48ca359035a', 4, 3, 1, 10.81, 12.84, 10.81, 'other');
INSERT INTO sale_details (id, daily_sale_id, product_id, quantity_prepared, quantity_sold, quantity_lost, unit_cost, unit_price, waste_cost, waste_reason) VALUES ('57bae665-74f7-4478-a436-0f6e1720fd8a', 'b5cc10ed-95d6-41b4-b8bd-89ef44370128', '157fe97c-a64f-4be8-b2e6-4c7249164e82', 1, 1, 0, 11.20, 13.31, 0.00, NULL);
INSERT INTO daily_sales (id, seller_id, sale_date, total_investment, total_revenue, units_sold, units_lost, is_closed, total_waste_cost, break_even_units) VALUES ('c0731025-7291-4e61-adb9-0c264856075f', '0b509ac3-8a29-442b-9e33-cd466ebb6126', '2026-03-18', 231.98, 262.31, 15, 1, true, 11.20, 13.27);
INSERT INTO sale_details (id, daily_sale_id, product_id, quantity_prepared, quantity_sold, quantity_lost, unit_cost, unit_price, waste_cost, waste_reason) VALUES ('c51273a1-9801-45c1-a21f-08f2b08d13c8', 'c0731025-7291-4e61-adb9-0c264856075f', '3b632f10-4276-4777-a066-685920b76863', 2, 2, 0, 23.04, 27.38, 0.00, NULL);
INSERT INTO sale_details (id, daily_sale_id, product_id, quantity_prepared, quantity_sold, quantity_lost, unit_cost, unit_price, waste_cost, waste_reason) VALUES ('13334e83-4d28-4463-a1d5-c70e2f9c1474', 'c0731025-7291-4e61-adb9-0c264856075f', '7dbb5e6b-07db-4acf-a0a2-637a637e7579', 6, 6, 0, 16.18, 19.22, 0.00, NULL);
INSERT INTO sale_details (id, daily_sale_id, product_id, quantity_prepared, quantity_sold, quantity_lost, unit_cost, unit_price, waste_cost, waste_reason) VALUES ('97b5157f-c612-4b05-8d78-a91bc38816db', 'c0731025-7291-4e61-adb9-0c264856075f', '3ea3bf9c-22ef-47a0-9264-a48ca359035a', 2, 2, 0, 10.81, 12.84, 0.00, NULL);
INSERT INTO sale_details (id, daily_sale_id, product_id, quantity_prepared, quantity_sold, quantity_lost, unit_cost, unit_price, waste_cost, waste_reason) VALUES ('7f7ee6f6-51f8-4932-bd1f-3428f9b9600c', 'c0731025-7291-4e61-adb9-0c264856075f', '157fe97c-a64f-4be8-b2e6-4c7249164e82', 6, 5, 1, 11.20, 13.31, 11.20, 'other');
INSERT INTO daily_sales (id, seller_id, sale_date, total_investment, total_revenue, units_sold, units_lost, is_closed, total_waste_cost, break_even_units) VALUES ('41f2943d-f481-4c8c-b5f7-8ef2da9ef4cc', '0b509ac3-8a29-442b-9e33-cd466ebb6126', '2026-03-19', 205.31, 243.93, 14, 0, true, 0.00, 11.78);
INSERT INTO sale_details (id, daily_sale_id, product_id, quantity_prepared, quantity_sold, quantity_lost, unit_cost, unit_price, waste_cost, waste_reason) VALUES ('392e20e8-98fb-4e61-b965-ed8ed0da6009', '41f2943d-f481-4c8c-b5f7-8ef2da9ef4cc', '3b632f10-4276-4777-a066-685920b76863', 3, 3, 0, 23.04, 27.38, 0.00, NULL);
INSERT INTO sale_details (id, daily_sale_id, product_id, quantity_prepared, quantity_sold, quantity_lost, unit_cost, unit_price, waste_cost, waste_reason) VALUES ('5a9892b4-c268-4150-9769-d89ee48f51f6', '41f2943d-f481-4c8c-b5f7-8ef2da9ef4cc', '7dbb5e6b-07db-4acf-a0a2-637a637e7579', 3, 3, 0, 16.18, 19.22, 0.00, NULL);
INSERT INTO sale_details (id, daily_sale_id, product_id, quantity_prepared, quantity_sold, quantity_lost, unit_cost, unit_price, waste_cost, waste_reason) VALUES ('ceb2f6fb-1c4a-40a0-8148-d56f9f4b1e15', '41f2943d-f481-4c8c-b5f7-8ef2da9ef4cc', '3ea3bf9c-22ef-47a0-9264-a48ca359035a', 5, 5, 0, 10.81, 12.84, 0.00, NULL);
INSERT INTO sale_details (id, daily_sale_id, product_id, quantity_prepared, quantity_sold, quantity_lost, unit_cost, unit_price, waste_cost, waste_reason) VALUES ('a9d255e2-bb77-4b3c-b508-bcd3adbc2f88', '41f2943d-f481-4c8c-b5f7-8ef2da9ef4cc', '157fe97c-a64f-4be8-b2e6-4c7249164e82', 3, 3, 0, 11.20, 13.31, 0.00, NULL);
INSERT INTO daily_sales (id, seller_id, sale_date, total_investment, total_revenue, units_sold, units_lost, is_closed, total_waste_cost, break_even_units) VALUES ('a921583d-f929-4420-93b1-eb9b3467a5fa', '0b509ac3-8a29-442b-9e33-cd466ebb6126', '2026-03-20', 152.11, 167.44, 9, 1, true, 11.20, 8.18);
INSERT INTO sale_details (id, daily_sale_id, product_id, quantity_prepared, quantity_sold, quantity_lost, unit_cost, unit_price, waste_cost, waste_reason) VALUES ('4eacdc59-b29c-4cfe-ae2c-895276964d0c', 'a921583d-f929-4420-93b1-eb9b3467a5fa', '3b632f10-4276-4777-a066-685920b76863', 3, 3, 0, 23.04, 27.38, 0.00, NULL);
INSERT INTO sale_details (id, daily_sale_id, product_id, quantity_prepared, quantity_sold, quantity_lost, unit_cost, unit_price, waste_cost, waste_reason) VALUES ('d4b31109-e00b-4f44-b0b0-b25e66588982', 'a921583d-f929-4420-93b1-eb9b3467a5fa', '7dbb5e6b-07db-4acf-a0a2-637a637e7579', 1, 1, 0, 16.18, 19.22, 0.00, NULL);
INSERT INTO sale_details (id, daily_sale_id, product_id, quantity_prepared, quantity_sold, quantity_lost, unit_cost, unit_price, waste_cost, waste_reason) VALUES ('0a7cf8a1-37d8-4a45-ba83-93cbad7ffa5c', 'a921583d-f929-4420-93b1-eb9b3467a5fa', '3ea3bf9c-22ef-47a0-9264-a48ca359035a', 1, 1, 0, 10.81, 12.84, 0.00, NULL);
INSERT INTO sale_details (id, daily_sale_id, product_id, quantity_prepared, quantity_sold, quantity_lost, unit_cost, unit_price, waste_cost, waste_reason) VALUES ('42c73f63-3fb1-4737-b09d-90abc00597bf', 'a921583d-f929-4420-93b1-eb9b3467a5fa', '157fe97c-a64f-4be8-b2e6-4c7249164e82', 5, 4, 1, 11.20, 13.31, 11.20, 'other');
