-- MASSIVE DATA SEED V7 - REALISMO CAMPUS
BEGIN;
TRUNCATE TABLE audit_logs, sale_details, daily_sales, inventory_records, order_items, orders, products, categories, users CASCADE;
INSERT INTO users (id, email, password_hash, first_name, last_name, role, is_active, is_email_verified, created_at) 
              VALUES ('7d1a78d2-596b-4041-abf8-8cd10f21216f', 'jarassanchezl@gmail.com', '$argon2id$v=19$m=65536,t=3,p=4$6m4Lg7S7Kvz/nQ+J3F8A/A$GqB0lT7Y3g4m5Y6h7j8k9l0m1n2o3p4q5r6s7t8u9v0', 'Isaac', 'Jaras', 'admin', true, true, '2026-02-14T08:00:00.000Z');
INSERT INTO audit_logs (id, action, user_id, description, level, created_at) 
              VALUES ('9174efc2-4445-4eb5-a41c-de1d362d07a0', 'USER_REGISTERED', '7d1a78d2-596b-4041-abf8-8cd10f21216f', 'Usuario jarassanchezl@gmail.com registrado en el sistema', 'info', '2026-02-14T08:00:00.000Z');
INSERT INTO users (id, email, password_hash, first_name, last_name, role, is_active, is_email_verified, created_at) 
              VALUES ('6adabb60-eed5-4dd0-b80c-41983dd81404', 'antonio.dehoyos@tienditacampus.com', '$argon2id$v=19$m=65536,t=3,p=4$6m4Lg7S7Kvz/nQ+J3F8A/A$GqB0lT7Y3g4m5Y6h7j8k9l0m1n2o3p4q5r6s7t8u9v0', 'Antonio', 'de Hoyos', 'seller', true, true, '2026-02-17T08:00:00.000Z');
INSERT INTO audit_logs (id, action, user_id, description, level, created_at) 
              VALUES ('0b508f41-247b-4673-a373-b6a072864eb7', 'USER_REGISTERED', '6adabb60-eed5-4dd0-b80c-41983dd81404', 'Usuario antonio.dehoyos@tienditacampus.com registrado en el sistema', 'info', '2026-02-17T08:00:00.000Z');
INSERT INTO users (id, email, password_hash, first_name, last_name, role, is_active, is_email_verified, created_at) 
              VALUES ('5f552e5d-c288-453c-a685-b287e1c0c64a', 'marian.perez@campus.mx', '$argon2id$v=19$m=65536,t=3,p=4$6m4Lg7S7Kvz/nQ+J3F8A/A$GqB0lT7Y3g4m5Y6h7j8k9l0m1n2o3p4q5r6s7t8u9v0', 'Marian', 'Perez', 'seller', true, true, '2026-02-20T08:00:00.000Z');
INSERT INTO audit_logs (id, action, user_id, description, level, created_at) 
              VALUES ('a17ded71-dd17-41b1-9e4f-e0776fdad0b0', 'USER_REGISTERED', '5f552e5d-c288-453c-a685-b287e1c0c64a', 'Usuario marian.perez@campus.mx registrado en el sistema', 'info', '2026-02-20T08:00:00.000Z');
INSERT INTO users (id, email, password_hash, first_name, last_name, role, is_active, is_email_verified, created_at) 
              VALUES ('522afd0e-5b6f-4f57-be80-46fd79ba12db', 'pablo.sanchez@campus.mx', '$argon2id$v=19$m=65536,t=3,p=4$6m4Lg7S7Kvz/nQ+J3F8A/A$GqB0lT7Y3g4m5Y6h7j8k9l0m1n2o3p4q5r6s7t8u9v0', 'Pablo', 'Sanchez', 'seller', true, true, '2026-02-23T08:00:00.000Z');
INSERT INTO audit_logs (id, action, user_id, description, level, created_at) 
              VALUES ('bf41041b-35f9-475a-bdbd-6915acd314d5', 'USER_REGISTERED', '522afd0e-5b6f-4f57-be80-46fd79ba12db', 'Usuario pablo.sanchez@campus.mx registrado en el sistema', 'info', '2026-02-23T08:00:00.000Z');
INSERT INTO users (id, email, password_hash, first_name, last_name, role, is_active, is_email_verified, created_at) 
              VALUES ('da273443-bae3-4781-ae4e-819d0c9d56a6', 'lucia.gomez@u.mx', '$argon2id$v=19$m=65536,t=3,p=4$6m4Lg7S7Kvz/nQ+J3F8A/A$GqB0lT7Y3g4m5Y6h7j8k9l0m1n2o3p4q5r6s7t8u9v0', 'Lucia', 'Gomez', 'seller', true, true, '2026-02-26T08:00:00.000Z');
INSERT INTO audit_logs (id, action, user_id, description, level, created_at) 
              VALUES ('dde3ff03-31d8-40c9-842f-aaa3f1f8e044', 'USER_REGISTERED', 'da273443-bae3-4781-ae4e-819d0c9d56a6', 'Usuario lucia.gomez@u.mx registrado en el sistema', 'info', '2026-02-26T08:00:00.000Z');
INSERT INTO users (id, email, password_hash, first_name, last_name, role, is_active, is_email_verified, created_at) 
              VALUES ('cdc7b576-3957-4e3f-9e87-6630e4ef1950', 'diego.martinez@u.mx', '$argon2id$v=19$m=65536,t=3,p=4$6m4Lg7S7Kvz/nQ+J3F8A/A$GqB0lT7Y3g4m5Y6h7j8k9l0m1n2o3p4q5r6s7t8u9v0', 'Diego', 'Martinez', 'seller', true, true, '2026-03-01T08:00:00.000Z');
INSERT INTO audit_logs (id, action, user_id, description, level, created_at) 
              VALUES ('2fb503ae-fee2-477d-b172-66735f626fa0', 'USER_REGISTERED', 'cdc7b576-3957-4e3f-9e87-6630e4ef1950', 'Usuario diego.martinez@u.mx registrado en el sistema', 'info', '2026-03-01T08:00:00.000Z');
INSERT INTO users (id, email, password_hash, first_name, last_name, role, is_active, is_email_verified, created_at) 
              VALUES ('6c8c4ad9-70e8-48cb-9ce8-5d01c349ffcc', 'elena.rodriguez@u.mx', '$argon2id$v=19$m=65536,t=3,p=4$6m4Lg7S7Kvz/nQ+J3F8A/A$GqB0lT7Y3g4m5Y6h7j8k9l0m1n2o3p4q5r6s7t8u9v0', 'Elena', 'Rodriguez', 'buyer', true, true, '2026-03-04T08:00:00.000Z');
INSERT INTO audit_logs (id, action, user_id, description, level, created_at) 
              VALUES ('7fba7c12-d814-44a1-af43-d4aed03d5ce0', 'USER_REGISTERED', '6c8c4ad9-70e8-48cb-9ce8-5d01c349ffcc', 'Usuario elena.rodriguez@u.mx registrado en el sistema', 'info', '2026-03-04T08:00:00.000Z');
INSERT INTO users (id, email, password_hash, first_name, last_name, role, is_active, is_email_verified, created_at) 
              VALUES ('aa9e3c8c-e997-4408-ac68-6265851f972d', 'rogelio.montes@u.mx', '$argon2id$v=19$m=65536,t=3,p=4$6m4Lg7S7Kvz/nQ+J3F8A/A$GqB0lT7Y3g4m5Y6h7j8k9l0m1n2o3p4q5r6s7t8u9v0', 'Rogelio', 'Montes', 'buyer', true, true, '2026-03-07T08:00:00.000Z');
INSERT INTO audit_logs (id, action, user_id, description, level, created_at) 
              VALUES ('b9fbe09e-65f5-42e9-915a-b82bc210791e', 'USER_REGISTERED', 'aa9e3c8c-e997-4408-ac68-6265851f972d', 'Usuario rogelio.montes@u.mx registrado en el sistema', 'info', '2026-03-07T08:00:00.000Z');
INSERT INTO users (id, email, password_hash, first_name, last_name, role, is_active, is_email_verified, created_at) 
              VALUES ('79768ab4-b021-418b-bf3c-0dd52f857b65', 'sofia.castro@u.mx', '$argon2id$v=19$m=65536,t=3,p=4$6m4Lg7S7Kvz/nQ+J3F8A/A$GqB0lT7Y3g4m5Y6h7j8k9l0m1n2o3p4q5r6s7t8u9v0', 'Sofia', 'Castro', 'buyer', true, true, '2026-03-10T08:00:00.000Z');
INSERT INTO audit_logs (id, action, user_id, description, level, created_at) 
              VALUES ('97ba7522-6eba-4c9c-94af-47afe91b5e5d', 'USER_REGISTERED', '79768ab4-b021-418b-bf3c-0dd52f857b65', 'Usuario sofia.castro@u.mx registrado en el sistema', 'info', '2026-03-10T08:00:00.000Z');
INSERT INTO users (id, email, password_hash, first_name, last_name, role, is_active, is_email_verified, created_at) 
              VALUES ('233694a0-da98-4b19-8640-7b99f406554e', 'mateo.valdez@u.mx', '$argon2id$v=19$m=65536,t=3,p=4$6m4Lg7S7Kvz/nQ+J3F8A/A$GqB0lT7Y3g4m5Y6h7j8k9l0m1n2o3p4q5r6s7t8u9v0', 'Mateo', 'Valdez', 'buyer', true, true, '2026-03-13T08:00:00.000Z');
INSERT INTO audit_logs (id, action, user_id, description, level, created_at) 
              VALUES ('9553c4a6-dba0-4575-9ef7-020c7a966811', 'USER_REGISTERED', '233694a0-da98-4b19-8640-7b99f406554e', 'Usuario mateo.valdez@u.mx registrado en el sistema', 'info', '2026-03-13T08:00:00.000Z');
INSERT INTO users (id, email, password_hash, first_name, last_name, role, is_active, is_email_verified, created_at) 
              VALUES ('ac51e939-ec0b-40c3-b3e7-39711b12845a', 'isabella.rios@u.mx', '$argon2id$v=19$m=65536,t=3,p=4$6m4Lg7S7Kvz/nQ+J3F8A/A$GqB0lT7Y3g4m5Y6h7j8k9l0m1n2o3p4q5r6s7t8u9v0', 'Isabella', 'Rios', 'buyer', true, true, '2026-03-16T08:00:00.000Z');
INSERT INTO audit_logs (id, action, user_id, description, level, created_at) 
              VALUES ('72c0c4fc-5c8c-48e1-99a3-e292335584f4', 'USER_REGISTERED', 'ac51e939-ec0b-40c3-b3e7-39711b12845a', 'Usuario isabella.rios@u.mx registrado en el sistema', 'info', '2026-03-16T08:00:00.000Z');
INSERT INTO users (id, email, password_hash, first_name, last_name, role, is_active, is_email_verified, created_at) 
              VALUES ('1161fb73-809d-4954-a73a-738a9a1868f7', 'javier.luna@u.mx', '$argon2id$v=19$m=65536,t=3,p=4$6m4Lg7S7Kvz/nQ+J3F8A/A$GqB0lT7Y3g4m5Y6h7j8k9l0m1n2o3p4q5r6s7t8u9v0', 'Javier', 'Luna', 'buyer', true, true, '2026-03-19T08:00:00.000Z');
INSERT INTO audit_logs (id, action, user_id, description, level, created_at) 
              VALUES ('cf648f17-88c4-4cb8-b004-11c381b17b05', 'USER_REGISTERED', '1161fb73-809d-4954-a73a-738a9a1868f7', 'Usuario javier.luna@u.mx registrado en el sistema', 'info', '2026-03-19T08:00:00.000Z');
INSERT INTO users (id, email, password_hash, first_name, last_name, role, is_active, is_email_verified, created_at) 
              VALUES ('b03c172d-3388-458c-8054-b6ad7db24e27', 'camila.solis@u.mx', '$argon2id$v=19$m=65536,t=3,p=4$6m4Lg7S7Kvz/nQ+J3F8A/A$GqB0lT7Y3g4m5Y6h7j8k9l0m1n2o3p4q5r6s7t8u9v0', 'Camila', 'Solis', 'buyer', true, true, '2026-03-22T08:00:00.000Z');
INSERT INTO audit_logs (id, action, user_id, description, level, created_at) 
              VALUES ('436915e3-b6ed-40fa-ba63-960a7ece86de', 'USER_REGISTERED', 'b03c172d-3388-458c-8054-b6ad7db24e27', 'Usuario camila.solis@u.mx registrado en el sistema', 'info', '2026-03-22T08:00:00.000Z');
INSERT INTO categories (id, name, description) VALUES ('7b4b1be9-0eba-41b3-992b-44f0098d3f99', 'Alimentos Preparados', 'Comidas calientes y snacks del día');
INSERT INTO categories (id, name, description) VALUES ('de077770-2631-49a3-93ea-afb1703a019d', 'Bebidas', 'Refrescos y jugos naturales');
INSERT INTO categories (id, name, description) VALUES ('e8b76722-f1bc-4196-99bf-384a8a56451b', 'Snacks y Dulces', 'Botanas empaquetadas');
INSERT INTO products (id, seller_id, category_id, name, description, unit_cost, sale_price, is_active, created_at, is_perishable, image_url) 
              VALUES ('cd4cb45a-05bc-4729-bb2a-06d122f369fc', '6adabb60-eed5-4dd0-b80c-41983dd81404', '7b4b1be9-0eba-41b3-992b-44f0098d3f99', 'Burritos Mixtos (Antonio)', 'Producto premium de alta calidad', 40, 75, true, '2026-02-14T08:00:00.000Z', true, 'https://images.unsplash.com/photo-1584031036380-3fb6f2d51882?q=80&w=800');
INSERT INTO products (id, seller_id, category_id, name, description, unit_cost, sale_price, is_active, created_at, is_perishable, image_url) 
              VALUES ('90ccc3f8-627a-4af7-aab2-9c7967c2f50d', '5f552e5d-c288-453c-a685-b287e1c0c64a', '7b4b1be9-0eba-41b3-992b-44f0098d3f99', 'Pastel de Chocolate', 'Producto premium de alta calidad', 20, 45, true, '2026-02-14T08:00:00.000Z', true, 'https://images.unsplash.com/photo-1578985545062-69928b1d9587?q=80&w=800');
INSERT INTO products (id, seller_id, category_id, name, description, unit_cost, sale_price, is_active, created_at, is_perishable, image_url) 
              VALUES ('c865d401-6592-418d-98d5-1aa633799680', '522afd0e-5b6f-4f57-be80-46fd79ba12db', 'e8b76722-f1bc-4196-99bf-384a8a56451b', 'Papas Caseras', 'Producto premium de alta calidad', 12, 30, true, '2026-02-14T08:00:00.000Z', true, 'https://images.unsplash.com/photo-1566478989037-eec170784d0b?q=80&w=800');
INSERT INTO products (id, seller_id, category_id, name, description, unit_cost, sale_price, is_active, created_at, is_perishable, image_url) 
              VALUES ('ea84c406-f235-4e9c-b061-71ed9401e63b', 'da273443-bae3-4781-ae4e-819d0c9d56a6', 'de077770-2631-49a3-93ea-afb1703a019d', 'Agua de Jamaica 1L', 'Producto premium de alta calidad', 8, 25, true, '2026-02-14T08:00:00.000Z', true, 'https://images.unsplash.com/photo-1556881286-fc6915169721?q=80&w=800');
INSERT INTO products (id, seller_id, category_id, name, description, unit_cost, sale_price, is_active, created_at, is_perishable, image_url) 
              VALUES ('49e54b55-6e07-407b-9dac-36e93e1f8aa2', 'cdc7b576-3957-4e3f-9e87-6630e4ef1950', '7b4b1be9-0eba-41b3-992b-44f0098d3f99', 'Torta de Jamón', 'Producto premium de alta calidad', 25, 55, true, '2026-02-14T08:00:00.000Z', true, 'https://images.unsplash.com/photo-1553909489-cd47e0907980?q=80&w=800');
INSERT INTO audit_logs (id, action, user_id, description, level, created_at) 
                  VALUES ('e8a33309-59ad-429c-bf6d-3b4807ae4da4', 'USER_LOGIN', '6adabb60-eed5-4dd0-b80c-41983dd81404', 'Vendedor inició sesión para jornada', 'info', '2026-02-14T14:09:00.000Z');
INSERT INTO daily_sales (id, seller_id, sale_date, total_investment, total_revenue, units_sold, units_lost, total_waste_cost, is_closed) 
                  VALUES ('0786154c-ece0-43e0-8a28-c1296e2c6b14', '6adabb60-eed5-4dd0-b80c-41983dd81404', '2026-02-14', 480, 750, 10, 2, 80, true);
INSERT INTO sale_details (id, daily_sale_id, product_id, quantity_prepared, quantity_sold, quantity_lost, unit_cost, unit_price, waste_cost, waste_reason) 
                  VALUES ('2832e318-4990-46f0-bc91-953b67087871', '0786154c-ece0-43e0-8a28-c1296e2c6b14', 'cd4cb45a-05bc-4729-bb2a-06d122f369fc', 12, 10, 2, 40, 75, 80, 'expired');
INSERT INTO orders (id, buyer_id, seller_id, total_amount, status, created_at) 
                      VALUES ('0de73919-8730-4195-b8aa-9c7a0ad28c3f', 'ac51e939-ec0b-40c3-b3e7-39711b12845a', '6adabb60-eed5-4dd0-b80c-41983dd81404', 75, 'completed', '2026-02-14T19:52:00.000Z');
INSERT INTO order_items (id, order_id, product_id, quantity, unit_price, subtotal, created_at) 
                      VALUES ('7fb292ec-a647-4d5d-ba03-898b571fc191', '0de73919-8730-4195-b8aa-9c7a0ad28c3f', 'cd4cb45a-05bc-4729-bb2a-06d122f369fc', 1, 75, 75, '2026-02-14T19:52:00.000Z');
INSERT INTO orders (id, buyer_id, seller_id, total_amount, status, created_at) 
                      VALUES ('c719672c-e029-4ee8-b6fc-936d84e205be', 'b03c172d-3388-458c-8054-b6ad7db24e27', '6adabb60-eed5-4dd0-b80c-41983dd81404', 75, 'completed', '2026-02-14T21:17:00.000Z');
INSERT INTO order_items (id, order_id, product_id, quantity, unit_price, subtotal, created_at) 
                      VALUES ('d927d52e-87f2-48df-83b8-1f47a75fdba1', 'c719672c-e029-4ee8-b6fc-936d84e205be', 'cd4cb45a-05bc-4729-bb2a-06d122f369fc', 1, 75, 75, '2026-02-14T21:17:00.000Z');
INSERT INTO orders (id, buyer_id, seller_id, total_amount, status, created_at) 
                      VALUES ('4614b8da-49d6-409a-91b3-bca93d7606bd', '1161fb73-809d-4954-a73a-738a9a1868f7', '6adabb60-eed5-4dd0-b80c-41983dd81404', 75, 'completed', '2026-02-14T20:05:00.000Z');
INSERT INTO order_items (id, order_id, product_id, quantity, unit_price, subtotal, created_at) 
                      VALUES ('812c04bf-3c9b-4744-bfb3-89ecaca19e28', '4614b8da-49d6-409a-91b3-bca93d7606bd', 'cd4cb45a-05bc-4729-bb2a-06d122f369fc', 1, 75, 75, '2026-02-14T20:05:00.000Z');
INSERT INTO orders (id, buyer_id, seller_id, total_amount, status, created_at) 
                      VALUES ('6b529cc3-6019-4dad-86ce-0d6030753b05', 'b03c172d-3388-458c-8054-b6ad7db24e27', '6adabb60-eed5-4dd0-b80c-41983dd81404', 75, 'completed', '2026-02-14T19:49:00.000Z');
INSERT INTO order_items (id, order_id, product_id, quantity, unit_price, subtotal, created_at) 
                      VALUES ('22dc7a8f-f44c-4dd4-8806-d269d6aac845', '6b529cc3-6019-4dad-86ce-0d6030753b05', 'cd4cb45a-05bc-4729-bb2a-06d122f369fc', 1, 75, 75, '2026-02-14T19:49:00.000Z');
INSERT INTO orders (id, buyer_id, seller_id, total_amount, status, created_at) 
                      VALUES ('5188a47f-92d9-4cd7-b220-eb81a075be6c', '233694a0-da98-4b19-8640-7b99f406554e', '6adabb60-eed5-4dd0-b80c-41983dd81404', 75, 'completed', '2026-02-14T20:05:00.000Z');
INSERT INTO order_items (id, order_id, product_id, quantity, unit_price, subtotal, created_at) 
                      VALUES ('a5a22b19-2d56-482e-b305-f164ecbcd5b9', '5188a47f-92d9-4cd7-b220-eb81a075be6c', 'cd4cb45a-05bc-4729-bb2a-06d122f369fc', 1, 75, 75, '2026-02-14T20:05:00.000Z');
INSERT INTO orders (id, buyer_id, seller_id, total_amount, status, created_at) 
                      VALUES ('9f844f91-950a-4a42-a71c-09712b36ebf0', '1161fb73-809d-4954-a73a-738a9a1868f7', '6adabb60-eed5-4dd0-b80c-41983dd81404', 75, 'completed', '2026-02-14T16:17:00.000Z');
INSERT INTO order_items (id, order_id, product_id, quantity, unit_price, subtotal, created_at) 
                      VALUES ('02d280bc-910d-4174-9f13-a660610400b3', '9f844f91-950a-4a42-a71c-09712b36ebf0', 'cd4cb45a-05bc-4729-bb2a-06d122f369fc', 1, 75, 75, '2026-02-14T16:17:00.000Z');
INSERT INTO orders (id, buyer_id, seller_id, total_amount, status, created_at) 
                      VALUES ('907ab77a-8cce-4ac2-bef2-113a3a06cc14', '79768ab4-b021-418b-bf3c-0dd52f857b65', '6adabb60-eed5-4dd0-b80c-41983dd81404', 75, 'completed', '2026-02-14T17:20:00.000Z');
INSERT INTO order_items (id, order_id, product_id, quantity, unit_price, subtotal, created_at) 
                      VALUES ('c750d6c4-7383-4ca3-a490-a754cc2fa38e', '907ab77a-8cce-4ac2-bef2-113a3a06cc14', 'cd4cb45a-05bc-4729-bb2a-06d122f369fc', 1, 75, 75, '2026-02-14T17:20:00.000Z');
INSERT INTO orders (id, buyer_id, seller_id, total_amount, status, created_at) 
                      VALUES ('d38af3e7-dc9e-4858-bf9d-b8fac63eb204', '1161fb73-809d-4954-a73a-738a9a1868f7', '6adabb60-eed5-4dd0-b80c-41983dd81404', 75, 'completed', '2026-02-14T18:45:00.000Z');
INSERT INTO order_items (id, order_id, product_id, quantity, unit_price, subtotal, created_at) 
                      VALUES ('19f3994f-ac15-4a7c-a4c9-f8606192bbe0', 'd38af3e7-dc9e-4858-bf9d-b8fac63eb204', 'cd4cb45a-05bc-4729-bb2a-06d122f369fc', 1, 75, 75, '2026-02-14T18:45:00.000Z');
INSERT INTO orders (id, buyer_id, seller_id, total_amount, status, created_at) 
                      VALUES ('2f785467-8af6-409d-9f41-79a8fdfdcf80', '79768ab4-b021-418b-bf3c-0dd52f857b65', '6adabb60-eed5-4dd0-b80c-41983dd81404', 75, 'completed', '2026-02-14T20:10:00.000Z');
INSERT INTO order_items (id, order_id, product_id, quantity, unit_price, subtotal, created_at) 
                      VALUES ('e27f8eaf-1a24-4d8c-927a-29425dcb69ec', '2f785467-8af6-409d-9f41-79a8fdfdcf80', 'cd4cb45a-05bc-4729-bb2a-06d122f369fc', 1, 75, 75, '2026-02-14T20:10:00.000Z');
INSERT INTO orders (id, buyer_id, seller_id, total_amount, status, created_at) 
                      VALUES ('f4edd46f-0417-43be-b5d1-fa7ce82d7afc', 'b03c172d-3388-458c-8054-b6ad7db24e27', '6adabb60-eed5-4dd0-b80c-41983dd81404', 75, 'completed', '2026-02-14T19:20:00.000Z');
INSERT INTO order_items (id, order_id, product_id, quantity, unit_price, subtotal, created_at) 
                      VALUES ('229e7898-5d7e-4e1f-a82d-8ef99ae29b38', 'f4edd46f-0417-43be-b5d1-fa7ce82d7afc', 'cd4cb45a-05bc-4729-bb2a-06d122f369fc', 1, 75, 75, '2026-02-14T19:20:00.000Z');
INSERT INTO audit_logs (id, action, user_id, description, level, created_at) 
                  VALUES ('355cef90-2aa0-4531-81ce-fe3bb1ca8c9a', 'USER_LOGIN', '5f552e5d-c288-453c-a685-b287e1c0c64a', 'Vendedor inició sesión para jornada', 'info', '2026-02-14T14:28:00.000Z');
INSERT INTO daily_sales (id, seller_id, sale_date, total_investment, total_revenue, units_sold, units_lost, total_waste_cost, is_closed) 
                  VALUES ('b7eb3012-5003-4301-8fb4-1ceda7bc9ef4', '5f552e5d-c288-453c-a685-b287e1c0c64a', '2026-02-14', 240, 495, 11, 1, 20, true);
INSERT INTO sale_details (id, daily_sale_id, product_id, quantity_prepared, quantity_sold, quantity_lost, unit_cost, unit_price, waste_cost, waste_reason) 
                  VALUES ('a6ce52da-538f-4c31-aa82-c4695085c001', 'b7eb3012-5003-4301-8fb4-1ceda7bc9ef4', '90ccc3f8-627a-4af7-aab2-9c7967c2f50d', 12, 11, 1, 20, 45, 20, 'expired');
INSERT INTO orders (id, buyer_id, seller_id, total_amount, status, created_at) 
                      VALUES ('73d99046-2889-494b-b2eb-50b2b40c2678', 'b03c172d-3388-458c-8054-b6ad7db24e27', '5f552e5d-c288-453c-a685-b287e1c0c64a', 45, 'completed', '2026-02-14T19:34:00.000Z');
INSERT INTO order_items (id, order_id, product_id, quantity, unit_price, subtotal, created_at) 
                      VALUES ('17e24145-57a0-47aa-97e2-c09044a1f7f5', '73d99046-2889-494b-b2eb-50b2b40c2678', '90ccc3f8-627a-4af7-aab2-9c7967c2f50d', 1, 45, 45, '2026-02-14T19:34:00.000Z');
INSERT INTO orders (id, buyer_id, seller_id, total_amount, status, created_at) 
                      VALUES ('1aa68979-86f1-4d68-a6c1-5440d006ac74', '1161fb73-809d-4954-a73a-738a9a1868f7', '5f552e5d-c288-453c-a685-b287e1c0c64a', 45, 'completed', '2026-02-14T17:12:00.000Z');
INSERT INTO order_items (id, order_id, product_id, quantity, unit_price, subtotal, created_at) 
                      VALUES ('936e7aa7-7279-4d76-97c9-0c338189e036', '1aa68979-86f1-4d68-a6c1-5440d006ac74', '90ccc3f8-627a-4af7-aab2-9c7967c2f50d', 1, 45, 45, '2026-02-14T17:12:00.000Z');
INSERT INTO orders (id, buyer_id, seller_id, total_amount, status, created_at) 
                      VALUES ('6840ce69-e297-4bce-8253-7ddb44b492cd', '1161fb73-809d-4954-a73a-738a9a1868f7', '5f552e5d-c288-453c-a685-b287e1c0c64a', 45, 'completed', '2026-02-14T21:19:00.000Z');
INSERT INTO order_items (id, order_id, product_id, quantity, unit_price, subtotal, created_at) 
                      VALUES ('248d3247-44a9-413e-a8cf-7fd62b34f50b', '6840ce69-e297-4bce-8253-7ddb44b492cd', '90ccc3f8-627a-4af7-aab2-9c7967c2f50d', 1, 45, 45, '2026-02-14T21:19:00.000Z');
INSERT INTO orders (id, buyer_id, seller_id, total_amount, status, created_at) 
                      VALUES ('4052f359-b8ea-4530-93e1-b66f2e495e76', 'aa9e3c8c-e997-4408-ac68-6265851f972d', '5f552e5d-c288-453c-a685-b287e1c0c64a', 45, 'completed', '2026-02-14T16:36:00.000Z');
INSERT INTO order_items (id, order_id, product_id, quantity, unit_price, subtotal, created_at) 
                      VALUES ('9d9d8362-e223-4f7f-905c-0c69f222503a', '4052f359-b8ea-4530-93e1-b66f2e495e76', '90ccc3f8-627a-4af7-aab2-9c7967c2f50d', 1, 45, 45, '2026-02-14T16:36:00.000Z');
INSERT INTO orders (id, buyer_id, seller_id, total_amount, status, created_at) 
                      VALUES ('0100294a-96ae-46de-971c-b4e689dfd1d4', '1161fb73-809d-4954-a73a-738a9a1868f7', '5f552e5d-c288-453c-a685-b287e1c0c64a', 45, 'completed', '2026-02-14T17:58:00.000Z');
INSERT INTO order_items (id, order_id, product_id, quantity, unit_price, subtotal, created_at) 
                      VALUES ('191c7c53-1801-4be0-a949-233eacb0aace', '0100294a-96ae-46de-971c-b4e689dfd1d4', '90ccc3f8-627a-4af7-aab2-9c7967c2f50d', 1, 45, 45, '2026-02-14T17:58:00.000Z');
INSERT INTO orders (id, buyer_id, seller_id, total_amount, status, created_at) 
                      VALUES ('c4dba498-978b-44a6-8ecc-8a0e75b0d605', '233694a0-da98-4b19-8640-7b99f406554e', '5f552e5d-c288-453c-a685-b287e1c0c64a', 45, 'completed', '2026-02-14T17:48:00.000Z');
INSERT INTO order_items (id, order_id, product_id, quantity, unit_price, subtotal, created_at) 
                      VALUES ('809db90c-4c98-407d-8781-bb14a4d50624', 'c4dba498-978b-44a6-8ecc-8a0e75b0d605', '90ccc3f8-627a-4af7-aab2-9c7967c2f50d', 1, 45, 45, '2026-02-14T17:48:00.000Z');
INSERT INTO orders (id, buyer_id, seller_id, total_amount, status, created_at) 
                      VALUES ('7865d40f-333b-4b91-8445-7a3768508beb', 'aa9e3c8c-e997-4408-ac68-6265851f972d', '5f552e5d-c288-453c-a685-b287e1c0c64a', 45, 'completed', '2026-02-14T16:57:00.000Z');
INSERT INTO order_items (id, order_id, product_id, quantity, unit_price, subtotal, created_at) 
                      VALUES ('99b73424-b4af-4097-b4ce-00f85f1caa13', '7865d40f-333b-4b91-8445-7a3768508beb', '90ccc3f8-627a-4af7-aab2-9c7967c2f50d', 1, 45, 45, '2026-02-14T16:57:00.000Z');
INSERT INTO orders (id, buyer_id, seller_id, total_amount, status, created_at) 
                      VALUES ('0dc876a0-5d77-45b9-b048-b72d06c543b2', '79768ab4-b021-418b-bf3c-0dd52f857b65', '5f552e5d-c288-453c-a685-b287e1c0c64a', 45, 'completed', '2026-02-14T21:43:00.000Z');
INSERT INTO order_items (id, order_id, product_id, quantity, unit_price, subtotal, created_at) 
                      VALUES ('85071ca9-7dd2-416e-a743-231ac1587d44', '0dc876a0-5d77-45b9-b048-b72d06c543b2', '90ccc3f8-627a-4af7-aab2-9c7967c2f50d', 1, 45, 45, '2026-02-14T21:43:00.000Z');
INSERT INTO orders (id, buyer_id, seller_id, total_amount, status, created_at) 
                      VALUES ('e479385c-d98b-481d-b21b-f2a9d5cbf539', '6c8c4ad9-70e8-48cb-9ce8-5d01c349ffcc', '5f552e5d-c288-453c-a685-b287e1c0c64a', 45, 'completed', '2026-02-14T20:36:00.000Z');
INSERT INTO order_items (id, order_id, product_id, quantity, unit_price, subtotal, created_at) 
                      VALUES ('46ddd1a8-1eb8-42bc-bcbd-a99baabfbf79', 'e479385c-d98b-481d-b21b-f2a9d5cbf539', '90ccc3f8-627a-4af7-aab2-9c7967c2f50d', 1, 45, 45, '2026-02-14T20:36:00.000Z');
INSERT INTO orders (id, buyer_id, seller_id, total_amount, status, created_at) 
                      VALUES ('d579cbdb-2017-409b-be57-cc5771aa2a8a', '6c8c4ad9-70e8-48cb-9ce8-5d01c349ffcc', '5f552e5d-c288-453c-a685-b287e1c0c64a', 45, 'completed', '2026-02-14T18:23:00.000Z');
INSERT INTO order_items (id, order_id, product_id, quantity, unit_price, subtotal, created_at) 
                      VALUES ('d05ede13-c6b9-463a-85d5-05838c670bac', 'd579cbdb-2017-409b-be57-cc5771aa2a8a', '90ccc3f8-627a-4af7-aab2-9c7967c2f50d', 1, 45, 45, '2026-02-14T18:23:00.000Z');
INSERT INTO orders (id, buyer_id, seller_id, total_amount, status, created_at) 
                      VALUES ('066f4a79-f7e6-4386-bcd1-93122cc8821a', 'aa9e3c8c-e997-4408-ac68-6265851f972d', '5f552e5d-c288-453c-a685-b287e1c0c64a', 45, 'completed', '2026-02-14T21:08:00.000Z');
INSERT INTO order_items (id, order_id, product_id, quantity, unit_price, subtotal, created_at) 
                      VALUES ('d830b32f-7110-4e0a-b7c9-54b2d7cb7685', '066f4a79-f7e6-4386-bcd1-93122cc8821a', '90ccc3f8-627a-4af7-aab2-9c7967c2f50d', 1, 45, 45, '2026-02-14T21:08:00.000Z');
INSERT INTO audit_logs (id, action, user_id, description, level, created_at) 
                  VALUES ('507ae8bb-2051-46a8-99e6-6f5118718001', 'USER_LOGIN', '522afd0e-5b6f-4f57-be80-46fd79ba12db', 'Vendedor inició sesión para jornada', 'info', '2026-02-14T14:24:00.000Z');
INSERT INTO daily_sales (id, seller_id, sale_date, total_investment, total_revenue, units_sold, units_lost, total_waste_cost, is_closed) 
                  VALUES ('9a973184-8738-46c7-b204-473b879b83a7', '522afd0e-5b6f-4f57-be80-46fd79ba12db', '2026-02-14', 132, 270, 9, 2, 24, true);
INSERT INTO sale_details (id, daily_sale_id, product_id, quantity_prepared, quantity_sold, quantity_lost, unit_cost, unit_price, waste_cost, waste_reason) 
                  VALUES ('3c38ec44-2016-4202-920d-68cd7fe085fa', '9a973184-8738-46c7-b204-473b879b83a7', 'c865d401-6592-418d-98d5-1aa633799680', 11, 9, 2, 12, 30, 24, 'expired');
INSERT INTO orders (id, buyer_id, seller_id, total_amount, status, created_at) 
                      VALUES ('2671ed94-591a-46a2-9a5a-fbfd92c29e6c', 'b03c172d-3388-458c-8054-b6ad7db24e27', '522afd0e-5b6f-4f57-be80-46fd79ba12db', 30, 'completed', '2026-02-14T16:37:00.000Z');
INSERT INTO order_items (id, order_id, product_id, quantity, unit_price, subtotal, created_at) 
                      VALUES ('9f0161ff-cd47-4768-98df-25ee32e0d52b', '2671ed94-591a-46a2-9a5a-fbfd92c29e6c', 'c865d401-6592-418d-98d5-1aa633799680', 1, 30, 30, '2026-02-14T16:37:00.000Z');
INSERT INTO orders (id, buyer_id, seller_id, total_amount, status, created_at) 
                      VALUES ('0c4f93b9-f892-41be-883a-3b1760fb30e5', '6c8c4ad9-70e8-48cb-9ce8-5d01c349ffcc', '522afd0e-5b6f-4f57-be80-46fd79ba12db', 30, 'completed', '2026-02-14T17:22:00.000Z');
INSERT INTO order_items (id, order_id, product_id, quantity, unit_price, subtotal, created_at) 
                      VALUES ('6e8071db-8d50-464a-9f76-81e09c06db5b', '0c4f93b9-f892-41be-883a-3b1760fb30e5', 'c865d401-6592-418d-98d5-1aa633799680', 1, 30, 30, '2026-02-14T17:22:00.000Z');
INSERT INTO orders (id, buyer_id, seller_id, total_amount, status, created_at) 
                      VALUES ('99e19c2a-5a51-488d-8211-f5fa1a9e304c', '233694a0-da98-4b19-8640-7b99f406554e', '522afd0e-5b6f-4f57-be80-46fd79ba12db', 30, 'completed', '2026-02-14T18:47:00.000Z');
INSERT INTO order_items (id, order_id, product_id, quantity, unit_price, subtotal, created_at) 
                      VALUES ('5a85fcd0-329f-46d1-b66a-517b926608cf', '99e19c2a-5a51-488d-8211-f5fa1a9e304c', 'c865d401-6592-418d-98d5-1aa633799680', 1, 30, 30, '2026-02-14T18:47:00.000Z');
INSERT INTO orders (id, buyer_id, seller_id, total_amount, status, created_at) 
                      VALUES ('ebdccd82-6732-415f-8aa6-073372d4818d', 'ac51e939-ec0b-40c3-b3e7-39711b12845a', '522afd0e-5b6f-4f57-be80-46fd79ba12db', 30, 'completed', '2026-02-14T18:46:00.000Z');
INSERT INTO order_items (id, order_id, product_id, quantity, unit_price, subtotal, created_at) 
                      VALUES ('515a15ee-81fe-4abe-bcfc-06bc0b3837a5', 'ebdccd82-6732-415f-8aa6-073372d4818d', 'c865d401-6592-418d-98d5-1aa633799680', 1, 30, 30, '2026-02-14T18:46:00.000Z');
INSERT INTO orders (id, buyer_id, seller_id, total_amount, status, created_at) 
                      VALUES ('80324d18-860d-44c3-9f5e-ae7094de84c2', 'ac51e939-ec0b-40c3-b3e7-39711b12845a', '522afd0e-5b6f-4f57-be80-46fd79ba12db', 30, 'completed', '2026-02-14T18:59:00.000Z');
INSERT INTO order_items (id, order_id, product_id, quantity, unit_price, subtotal, created_at) 
                      VALUES ('5c5b0abc-9ff5-48b9-adaa-fd85afc89c48', '80324d18-860d-44c3-9f5e-ae7094de84c2', 'c865d401-6592-418d-98d5-1aa633799680', 1, 30, 30, '2026-02-14T18:59:00.000Z');
INSERT INTO orders (id, buyer_id, seller_id, total_amount, status, created_at) 
                      VALUES ('29c750a0-d575-4646-a62f-53dcde730495', '6c8c4ad9-70e8-48cb-9ce8-5d01c349ffcc', '522afd0e-5b6f-4f57-be80-46fd79ba12db', 30, 'completed', '2026-02-14T17:22:00.000Z');
INSERT INTO order_items (id, order_id, product_id, quantity, unit_price, subtotal, created_at) 
                      VALUES ('4557d7ba-9793-463f-a784-7d91e8e06936', '29c750a0-d575-4646-a62f-53dcde730495', 'c865d401-6592-418d-98d5-1aa633799680', 1, 30, 30, '2026-02-14T17:22:00.000Z');
INSERT INTO orders (id, buyer_id, seller_id, total_amount, status, created_at) 
                      VALUES ('ed56f0d4-0af3-4e2c-ae34-f429ea531669', '1161fb73-809d-4954-a73a-738a9a1868f7', '522afd0e-5b6f-4f57-be80-46fd79ba12db', 30, 'completed', '2026-02-14T21:44:00.000Z');
INSERT INTO order_items (id, order_id, product_id, quantity, unit_price, subtotal, created_at) 
                      VALUES ('cb088a81-477b-432c-bb91-f3caa13f1a6f', 'ed56f0d4-0af3-4e2c-ae34-f429ea531669', 'c865d401-6592-418d-98d5-1aa633799680', 1, 30, 30, '2026-02-14T21:44:00.000Z');
INSERT INTO orders (id, buyer_id, seller_id, total_amount, status, created_at) 
                      VALUES ('94475d7a-01fe-49a6-b9f9-e9c6c4837788', '6c8c4ad9-70e8-48cb-9ce8-5d01c349ffcc', '522afd0e-5b6f-4f57-be80-46fd79ba12db', 30, 'completed', '2026-02-14T21:09:00.000Z');
INSERT INTO order_items (id, order_id, product_id, quantity, unit_price, subtotal, created_at) 
                      VALUES ('18864484-3101-4795-bfcb-0d56ce288d0b', '94475d7a-01fe-49a6-b9f9-e9c6c4837788', 'c865d401-6592-418d-98d5-1aa633799680', 1, 30, 30, '2026-02-14T21:09:00.000Z');
INSERT INTO orders (id, buyer_id, seller_id, total_amount, status, created_at) 
                      VALUES ('f8dae3fa-c0fa-4259-a978-e3b23e63a8d9', 'aa9e3c8c-e997-4408-ac68-6265851f972d', '522afd0e-5b6f-4f57-be80-46fd79ba12db', 30, 'completed', '2026-02-14T19:22:00.000Z');
INSERT INTO order_items (id, order_id, product_id, quantity, unit_price, subtotal, created_at) 
                      VALUES ('c3199be8-e4f7-4081-b6d9-0e13eafdda86', 'f8dae3fa-c0fa-4259-a978-e3b23e63a8d9', 'c865d401-6592-418d-98d5-1aa633799680', 1, 30, 30, '2026-02-14T19:22:00.000Z');
INSERT INTO audit_logs (id, action, user_id, description, level, created_at) 
                  VALUES ('f110741c-280d-463a-8cfd-1a9ad1658814', 'USER_LOGIN', 'da273443-bae3-4781-ae4e-819d0c9d56a6', 'Vendedor inició sesión para jornada', 'info', '2026-02-14T14:26:00.000Z');
INSERT INTO daily_sales (id, seller_id, sale_date, total_investment, total_revenue, units_sold, units_lost, total_waste_cost, is_closed) 
                  VALUES ('d76a9e37-e7db-437a-a91d-c1f629fe6d98', 'da273443-bae3-4781-ae4e-819d0c9d56a6', '2026-02-14', 112, 325, 13, 1, 8, true);
INSERT INTO sale_details (id, daily_sale_id, product_id, quantity_prepared, quantity_sold, quantity_lost, unit_cost, unit_price, waste_cost, waste_reason) 
                  VALUES ('44bc1e5a-8ea3-4d6a-a03d-12eba333c351', 'd76a9e37-e7db-437a-a91d-c1f629fe6d98', 'ea84c406-f235-4e9c-b061-71ed9401e63b', 14, 13, 1, 8, 25, 8, 'expired');
INSERT INTO orders (id, buyer_id, seller_id, total_amount, status, created_at) 
                      VALUES ('2d4b540d-30f0-480c-865b-44e7c576d6ba', 'aa9e3c8c-e997-4408-ac68-6265851f972d', 'da273443-bae3-4781-ae4e-819d0c9d56a6', 25, 'completed', '2026-02-14T17:22:00.000Z');
INSERT INTO order_items (id, order_id, product_id, quantity, unit_price, subtotal, created_at) 
                      VALUES ('4e8eb607-c1f7-45eb-b032-84b8603ece87', '2d4b540d-30f0-480c-865b-44e7c576d6ba', 'ea84c406-f235-4e9c-b061-71ed9401e63b', 1, 25, 25, '2026-02-14T17:22:00.000Z');
INSERT INTO orders (id, buyer_id, seller_id, total_amount, status, created_at) 
                      VALUES ('6033c553-1206-4cb9-ac6e-72c8da72dcb4', '79768ab4-b021-418b-bf3c-0dd52f857b65', 'da273443-bae3-4781-ae4e-819d0c9d56a6', 25, 'completed', '2026-02-14T19:39:00.000Z');
INSERT INTO order_items (id, order_id, product_id, quantity, unit_price, subtotal, created_at) 
                      VALUES ('3f53286a-756d-4a49-83f4-457ee71f986b', '6033c553-1206-4cb9-ac6e-72c8da72dcb4', 'ea84c406-f235-4e9c-b061-71ed9401e63b', 1, 25, 25, '2026-02-14T19:39:00.000Z');
INSERT INTO orders (id, buyer_id, seller_id, total_amount, status, created_at) 
                      VALUES ('7ce33256-2ab0-4d2d-828e-a998c8d93174', '1161fb73-809d-4954-a73a-738a9a1868f7', 'da273443-bae3-4781-ae4e-819d0c9d56a6', 25, 'completed', '2026-02-14T18:19:00.000Z');
INSERT INTO order_items (id, order_id, product_id, quantity, unit_price, subtotal, created_at) 
                      VALUES ('5effb395-050e-4864-85ad-1a0e054308da', '7ce33256-2ab0-4d2d-828e-a998c8d93174', 'ea84c406-f235-4e9c-b061-71ed9401e63b', 1, 25, 25, '2026-02-14T18:19:00.000Z');
INSERT INTO orders (id, buyer_id, seller_id, total_amount, status, created_at) 
                      VALUES ('b3a0d505-f33a-4026-b872-105381d82c50', '79768ab4-b021-418b-bf3c-0dd52f857b65', 'da273443-bae3-4781-ae4e-819d0c9d56a6', 25, 'completed', '2026-02-14T18:47:00.000Z');
INSERT INTO order_items (id, order_id, product_id, quantity, unit_price, subtotal, created_at) 
                      VALUES ('0cb694f7-c8ef-4d9c-9e66-d346ab0a27d6', 'b3a0d505-f33a-4026-b872-105381d82c50', 'ea84c406-f235-4e9c-b061-71ed9401e63b', 1, 25, 25, '2026-02-14T18:47:00.000Z');
INSERT INTO orders (id, buyer_id, seller_id, total_amount, status, created_at) 
                      VALUES ('e9a7e8ac-cf35-4021-b4b7-485c72c78780', '1161fb73-809d-4954-a73a-738a9a1868f7', 'da273443-bae3-4781-ae4e-819d0c9d56a6', 25, 'completed', '2026-02-14T19:10:00.000Z');
INSERT INTO order_items (id, order_id, product_id, quantity, unit_price, subtotal, created_at) 
                      VALUES ('f7d6e87e-7f27-42aa-9d02-6b804260e8ad', 'e9a7e8ac-cf35-4021-b4b7-485c72c78780', 'ea84c406-f235-4e9c-b061-71ed9401e63b', 1, 25, 25, '2026-02-14T19:10:00.000Z');
INSERT INTO orders (id, buyer_id, seller_id, total_amount, status, created_at) 
                      VALUES ('55347882-279a-457e-9750-8da27a23e37c', '6c8c4ad9-70e8-48cb-9ce8-5d01c349ffcc', 'da273443-bae3-4781-ae4e-819d0c9d56a6', 25, 'completed', '2026-02-14T21:28:00.000Z');
INSERT INTO order_items (id, order_id, product_id, quantity, unit_price, subtotal, created_at) 
                      VALUES ('736df90e-013f-456d-98c3-0ca51d336303', '55347882-279a-457e-9750-8da27a23e37c', 'ea84c406-f235-4e9c-b061-71ed9401e63b', 1, 25, 25, '2026-02-14T21:28:00.000Z');
INSERT INTO orders (id, buyer_id, seller_id, total_amount, status, created_at) 
                      VALUES ('a2aaf9be-3dd5-4f28-89e8-b3b5bba0d6db', 'aa9e3c8c-e997-4408-ac68-6265851f972d', 'da273443-bae3-4781-ae4e-819d0c9d56a6', 25, 'completed', '2026-02-14T21:36:00.000Z');
INSERT INTO order_items (id, order_id, product_id, quantity, unit_price, subtotal, created_at) 
                      VALUES ('287be1dd-1ab5-47a6-837e-1748aeb6b5aa', 'a2aaf9be-3dd5-4f28-89e8-b3b5bba0d6db', 'ea84c406-f235-4e9c-b061-71ed9401e63b', 1, 25, 25, '2026-02-14T21:36:00.000Z');
INSERT INTO orders (id, buyer_id, seller_id, total_amount, status, created_at) 
                      VALUES ('8aaa247e-0130-4d30-a5b5-baef73651cb9', '1161fb73-809d-4954-a73a-738a9a1868f7', 'da273443-bae3-4781-ae4e-819d0c9d56a6', 25, 'completed', '2026-02-14T19:17:00.000Z');
INSERT INTO order_items (id, order_id, product_id, quantity, unit_price, subtotal, created_at) 
                      VALUES ('53ffb303-520f-4960-aea7-8caf28e18bfc', '8aaa247e-0130-4d30-a5b5-baef73651cb9', 'ea84c406-f235-4e9c-b061-71ed9401e63b', 1, 25, 25, '2026-02-14T19:17:00.000Z');
INSERT INTO orders (id, buyer_id, seller_id, total_amount, status, created_at) 
                      VALUES ('c856407a-eb8f-45ba-9286-5aa3b98ec63b', '233694a0-da98-4b19-8640-7b99f406554e', 'da273443-bae3-4781-ae4e-819d0c9d56a6', 25, 'completed', '2026-02-14T16:19:00.000Z');
INSERT INTO order_items (id, order_id, product_id, quantity, unit_price, subtotal, created_at) 
                      VALUES ('ff133af0-eafa-46c7-ba3a-df006b87e617', 'c856407a-eb8f-45ba-9286-5aa3b98ec63b', 'ea84c406-f235-4e9c-b061-71ed9401e63b', 1, 25, 25, '2026-02-14T16:19:00.000Z');
INSERT INTO orders (id, buyer_id, seller_id, total_amount, status, created_at) 
                      VALUES ('fed5e101-0dc6-4f50-91f1-de87f4bbf2f4', '1161fb73-809d-4954-a73a-738a9a1868f7', 'da273443-bae3-4781-ae4e-819d0c9d56a6', 25, 'completed', '2026-02-14T20:38:00.000Z');
INSERT INTO order_items (id, order_id, product_id, quantity, unit_price, subtotal, created_at) 
                      VALUES ('7dce86dc-cedc-4219-aee5-dd888cfe1fa9', 'fed5e101-0dc6-4f50-91f1-de87f4bbf2f4', 'ea84c406-f235-4e9c-b061-71ed9401e63b', 1, 25, 25, '2026-02-14T20:38:00.000Z');
INSERT INTO orders (id, buyer_id, seller_id, total_amount, status, created_at) 
                      VALUES ('6840e548-09c8-46e4-ab9e-44813260bdc9', 'b03c172d-3388-458c-8054-b6ad7db24e27', 'da273443-bae3-4781-ae4e-819d0c9d56a6', 25, 'completed', '2026-02-14T17:59:00.000Z');
INSERT INTO order_items (id, order_id, product_id, quantity, unit_price, subtotal, created_at) 
                      VALUES ('c13b9826-cc8a-4968-8a0c-1786d16b2bce', '6840e548-09c8-46e4-ab9e-44813260bdc9', 'ea84c406-f235-4e9c-b061-71ed9401e63b', 1, 25, 25, '2026-02-14T17:59:00.000Z');
INSERT INTO orders (id, buyer_id, seller_id, total_amount, status, created_at) 
                      VALUES ('127dcc79-e90f-4168-b21a-10344b45fc63', '6c8c4ad9-70e8-48cb-9ce8-5d01c349ffcc', 'da273443-bae3-4781-ae4e-819d0c9d56a6', 25, 'completed', '2026-02-14T19:37:00.000Z');
INSERT INTO order_items (id, order_id, product_id, quantity, unit_price, subtotal, created_at) 
                      VALUES ('356d635b-489a-4273-9fcb-5f89cfe2795a', '127dcc79-e90f-4168-b21a-10344b45fc63', 'ea84c406-f235-4e9c-b061-71ed9401e63b', 1, 25, 25, '2026-02-14T19:37:00.000Z');
INSERT INTO orders (id, buyer_id, seller_id, total_amount, status, created_at) 
                      VALUES ('9405871e-4993-4cdf-ab81-2b48286e8b00', 'ac51e939-ec0b-40c3-b3e7-39711b12845a', 'da273443-bae3-4781-ae4e-819d0c9d56a6', 25, 'completed', '2026-02-14T17:40:00.000Z');
INSERT INTO order_items (id, order_id, product_id, quantity, unit_price, subtotal, created_at) 
                      VALUES ('23d867e2-4711-440c-96b7-338da89c8d6f', '9405871e-4993-4cdf-ab81-2b48286e8b00', 'ea84c406-f235-4e9c-b061-71ed9401e63b', 1, 25, 25, '2026-02-14T17:40:00.000Z');
INSERT INTO audit_logs (id, action, user_id, description, level, created_at) 
                  VALUES ('698615fd-1714-4a14-a77d-d319c877e58b', 'USER_LOGIN', 'cdc7b576-3957-4e3f-9e87-6630e4ef1950', 'Vendedor inició sesión para jornada', 'info', '2026-02-14T14:26:00.000Z');
INSERT INTO daily_sales (id, seller_id, sale_date, total_investment, total_revenue, units_sold, units_lost, total_waste_cost, is_closed) 
                  VALUES ('1750ae8f-eeca-4423-8516-ca6a90dce765', 'cdc7b576-3957-4e3f-9e87-6630e4ef1950', '2026-02-14', 250, 440, 8, 2, 50, true);
INSERT INTO sale_details (id, daily_sale_id, product_id, quantity_prepared, quantity_sold, quantity_lost, unit_cost, unit_price, waste_cost, waste_reason) 
                  VALUES ('b05c2f81-2aa8-49ec-9ef9-ba7843a568ce', '1750ae8f-eeca-4423-8516-ca6a90dce765', '49e54b55-6e07-407b-9dac-36e93e1f8aa2', 10, 8, 2, 25, 55, 50, 'expired');
INSERT INTO orders (id, buyer_id, seller_id, total_amount, status, created_at) 
                      VALUES ('f87b3055-432a-4387-8035-554a539deb36', '6c8c4ad9-70e8-48cb-9ce8-5d01c349ffcc', 'cdc7b576-3957-4e3f-9e87-6630e4ef1950', 55, 'completed', '2026-02-14T19:24:00.000Z');
INSERT INTO order_items (id, order_id, product_id, quantity, unit_price, subtotal, created_at) 
                      VALUES ('065647f0-f557-4d0b-bafb-8551fd6411a0', 'f87b3055-432a-4387-8035-554a539deb36', '49e54b55-6e07-407b-9dac-36e93e1f8aa2', 1, 55, 55, '2026-02-14T19:24:00.000Z');
INSERT INTO orders (id, buyer_id, seller_id, total_amount, status, created_at) 
                      VALUES ('a8dd955d-76b3-46be-a491-8b9084a8b824', '6c8c4ad9-70e8-48cb-9ce8-5d01c349ffcc', 'cdc7b576-3957-4e3f-9e87-6630e4ef1950', 55, 'completed', '2026-02-14T17:44:00.000Z');
INSERT INTO order_items (id, order_id, product_id, quantity, unit_price, subtotal, created_at) 
                      VALUES ('e5c9d85b-e6ae-48da-8645-4b7a6c571a34', 'a8dd955d-76b3-46be-a491-8b9084a8b824', '49e54b55-6e07-407b-9dac-36e93e1f8aa2', 1, 55, 55, '2026-02-14T17:44:00.000Z');
INSERT INTO orders (id, buyer_id, seller_id, total_amount, status, created_at) 
                      VALUES ('52d7a31d-eea1-4bbf-bf94-49ca5a0c4452', '1161fb73-809d-4954-a73a-738a9a1868f7', 'cdc7b576-3957-4e3f-9e87-6630e4ef1950', 55, 'completed', '2026-02-14T17:50:00.000Z');
INSERT INTO order_items (id, order_id, product_id, quantity, unit_price, subtotal, created_at) 
                      VALUES ('3512a71e-57b9-4823-a180-a487d46db478', '52d7a31d-eea1-4bbf-bf94-49ca5a0c4452', '49e54b55-6e07-407b-9dac-36e93e1f8aa2', 1, 55, 55, '2026-02-14T17:50:00.000Z');
INSERT INTO orders (id, buyer_id, seller_id, total_amount, status, created_at) 
                      VALUES ('63eca8cd-84bc-4b86-af90-0082ac88bf03', '6c8c4ad9-70e8-48cb-9ce8-5d01c349ffcc', 'cdc7b576-3957-4e3f-9e87-6630e4ef1950', 55, 'completed', '2026-02-14T19:23:00.000Z');
INSERT INTO order_items (id, order_id, product_id, quantity, unit_price, subtotal, created_at) 
                      VALUES ('8ccbd03e-57e2-4be6-b45d-4d291105f078', '63eca8cd-84bc-4b86-af90-0082ac88bf03', '49e54b55-6e07-407b-9dac-36e93e1f8aa2', 1, 55, 55, '2026-02-14T19:23:00.000Z');
INSERT INTO orders (id, buyer_id, seller_id, total_amount, status, created_at) 
                      VALUES ('7c3b2818-99ac-4d0d-9bd1-0bfdc96ef73b', 'aa9e3c8c-e997-4408-ac68-6265851f972d', 'cdc7b576-3957-4e3f-9e87-6630e4ef1950', 55, 'completed', '2026-02-14T21:25:00.000Z');
INSERT INTO order_items (id, order_id, product_id, quantity, unit_price, subtotal, created_at) 
                      VALUES ('07859aff-0de8-432f-86b6-6e6fd051183b', '7c3b2818-99ac-4d0d-9bd1-0bfdc96ef73b', '49e54b55-6e07-407b-9dac-36e93e1f8aa2', 1, 55, 55, '2026-02-14T21:25:00.000Z');
INSERT INTO orders (id, buyer_id, seller_id, total_amount, status, created_at) 
                      VALUES ('918e7565-b5b0-4b64-811d-57130505e24e', '6c8c4ad9-70e8-48cb-9ce8-5d01c349ffcc', 'cdc7b576-3957-4e3f-9e87-6630e4ef1950', 55, 'completed', '2026-02-14T21:55:00.000Z');
INSERT INTO order_items (id, order_id, product_id, quantity, unit_price, subtotal, created_at) 
                      VALUES ('78d43d51-0e60-47cc-bd26-b4c4fcc13acb', '918e7565-b5b0-4b64-811d-57130505e24e', '49e54b55-6e07-407b-9dac-36e93e1f8aa2', 1, 55, 55, '2026-02-14T21:55:00.000Z');
INSERT INTO orders (id, buyer_id, seller_id, total_amount, status, created_at) 
                      VALUES ('a0d434cf-c8c8-4dcc-991d-4ee9a69c6f4f', '79768ab4-b021-418b-bf3c-0dd52f857b65', 'cdc7b576-3957-4e3f-9e87-6630e4ef1950', 55, 'completed', '2026-02-14T19:19:00.000Z');
INSERT INTO order_items (id, order_id, product_id, quantity, unit_price, subtotal, created_at) 
                      VALUES ('0b077d91-7d06-4503-a3f3-0c15ca139f01', 'a0d434cf-c8c8-4dcc-991d-4ee9a69c6f4f', '49e54b55-6e07-407b-9dac-36e93e1f8aa2', 1, 55, 55, '2026-02-14T19:19:00.000Z');
INSERT INTO orders (id, buyer_id, seller_id, total_amount, status, created_at) 
                      VALUES ('a4bc14eb-9364-401a-bb21-5070fabbf16d', '6c8c4ad9-70e8-48cb-9ce8-5d01c349ffcc', 'cdc7b576-3957-4e3f-9e87-6630e4ef1950', 55, 'completed', '2026-02-14T21:43:00.000Z');
INSERT INTO order_items (id, order_id, product_id, quantity, unit_price, subtotal, created_at) 
                      VALUES ('c0600280-970e-48c7-aa5f-72db6919141b', 'a4bc14eb-9364-401a-bb21-5070fabbf16d', '49e54b55-6e07-407b-9dac-36e93e1f8aa2', 1, 55, 55, '2026-02-14T21:43:00.000Z');
INSERT INTO audit_logs (id, action, user_id, description, level, created_at) 
                  VALUES ('f198a2a7-91a5-46d9-953c-25110993be92', 'USER_LOGIN', '6adabb60-eed5-4dd0-b80c-41983dd81404', 'Vendedor inició sesión para jornada', 'info', '2026-02-16T14:18:00.000Z');
INSERT INTO daily_sales (id, seller_id, sale_date, total_investment, total_revenue, units_sold, units_lost, total_waste_cost, is_closed) 
                  VALUES ('a8d57cd7-a70f-43d9-b4dd-200a1897e9c2', '6adabb60-eed5-4dd0-b80c-41983dd81404', '2026-02-16', 440, 825, 11, 0, 0, true);
INSERT INTO sale_details (id, daily_sale_id, product_id, quantity_prepared, quantity_sold, quantity_lost, unit_cost, unit_price, waste_cost, waste_reason) 
                  VALUES ('bea5a826-f578-4b95-bdc2-05d2a1bed6c2', 'a8d57cd7-a70f-43d9-b4dd-200a1897e9c2', 'cd4cb45a-05bc-4729-bb2a-06d122f369fc', 11, 11, 0, 40, 75, 0, 'expired');
INSERT INTO orders (id, buyer_id, seller_id, total_amount, status, created_at) 
                      VALUES ('7adbe6a1-11f6-4b1d-be0f-0101e41e203f', '1161fb73-809d-4954-a73a-738a9a1868f7', '6adabb60-eed5-4dd0-b80c-41983dd81404', 75, 'completed', '2026-02-16T17:17:00.000Z');
INSERT INTO order_items (id, order_id, product_id, quantity, unit_price, subtotal, created_at) 
                      VALUES ('4ae6bb25-f615-4a50-b028-8b0c665db883', '7adbe6a1-11f6-4b1d-be0f-0101e41e203f', 'cd4cb45a-05bc-4729-bb2a-06d122f369fc', 1, 75, 75, '2026-02-16T17:17:00.000Z');
INSERT INTO orders (id, buyer_id, seller_id, total_amount, status, created_at) 
                      VALUES ('4a853355-48e2-474c-9e24-c011d882adc9', '233694a0-da98-4b19-8640-7b99f406554e', '6adabb60-eed5-4dd0-b80c-41983dd81404', 75, 'completed', '2026-02-16T21:11:00.000Z');
INSERT INTO order_items (id, order_id, product_id, quantity, unit_price, subtotal, created_at) 
                      VALUES ('d061785d-6dc9-46f2-a8b4-55b5fe78a2e0', '4a853355-48e2-474c-9e24-c011d882adc9', 'cd4cb45a-05bc-4729-bb2a-06d122f369fc', 1, 75, 75, '2026-02-16T21:11:00.000Z');
INSERT INTO orders (id, buyer_id, seller_id, total_amount, status, created_at) 
                      VALUES ('c4dbdd76-ce29-4c57-a9ff-6fb81af69e55', 'aa9e3c8c-e997-4408-ac68-6265851f972d', '6adabb60-eed5-4dd0-b80c-41983dd81404', 75, 'completed', '2026-02-16T18:59:00.000Z');
INSERT INTO order_items (id, order_id, product_id, quantity, unit_price, subtotal, created_at) 
                      VALUES ('46951693-9c5d-4f89-a50e-9db5ed0f2f0c', 'c4dbdd76-ce29-4c57-a9ff-6fb81af69e55', 'cd4cb45a-05bc-4729-bb2a-06d122f369fc', 1, 75, 75, '2026-02-16T18:59:00.000Z');
INSERT INTO orders (id, buyer_id, seller_id, total_amount, status, created_at) 
                      VALUES ('92d8a546-0d65-4c55-8155-0a76afc57d31', '233694a0-da98-4b19-8640-7b99f406554e', '6adabb60-eed5-4dd0-b80c-41983dd81404', 75, 'completed', '2026-02-16T21:34:00.000Z');
INSERT INTO order_items (id, order_id, product_id, quantity, unit_price, subtotal, created_at) 
                      VALUES ('80f6eb3b-6756-4fb0-9bd8-120ccd190034', '92d8a546-0d65-4c55-8155-0a76afc57d31', 'cd4cb45a-05bc-4729-bb2a-06d122f369fc', 1, 75, 75, '2026-02-16T21:34:00.000Z');
INSERT INTO orders (id, buyer_id, seller_id, total_amount, status, created_at) 
                      VALUES ('fc8c437d-1420-4b6f-a964-c50bd8c98daf', '233694a0-da98-4b19-8640-7b99f406554e', '6adabb60-eed5-4dd0-b80c-41983dd81404', 75, 'completed', '2026-02-16T18:56:00.000Z');
INSERT INTO order_items (id, order_id, product_id, quantity, unit_price, subtotal, created_at) 
                      VALUES ('8a4c4d52-342b-45c3-92e2-445d14ef5a29', 'fc8c437d-1420-4b6f-a964-c50bd8c98daf', 'cd4cb45a-05bc-4729-bb2a-06d122f369fc', 1, 75, 75, '2026-02-16T18:56:00.000Z');
INSERT INTO orders (id, buyer_id, seller_id, total_amount, status, created_at) 
                      VALUES ('06040b59-e0bf-447b-a024-25537de84291', 'aa9e3c8c-e997-4408-ac68-6265851f972d', '6adabb60-eed5-4dd0-b80c-41983dd81404', 75, 'completed', '2026-02-16T19:29:00.000Z');
INSERT INTO order_items (id, order_id, product_id, quantity, unit_price, subtotal, created_at) 
                      VALUES ('b92c52e6-7a4c-46d4-89b7-e9a2f389022f', '06040b59-e0bf-447b-a024-25537de84291', 'cd4cb45a-05bc-4729-bb2a-06d122f369fc', 1, 75, 75, '2026-02-16T19:29:00.000Z');
INSERT INTO orders (id, buyer_id, seller_id, total_amount, status, created_at) 
                      VALUES ('dc807d23-8779-40df-a03e-cd150efa6e02', '79768ab4-b021-418b-bf3c-0dd52f857b65', '6adabb60-eed5-4dd0-b80c-41983dd81404', 75, 'completed', '2026-02-16T18:48:00.000Z');
INSERT INTO order_items (id, order_id, product_id, quantity, unit_price, subtotal, created_at) 
                      VALUES ('91a449c9-b276-4559-b2fd-ead2f7f88969', 'dc807d23-8779-40df-a03e-cd150efa6e02', 'cd4cb45a-05bc-4729-bb2a-06d122f369fc', 1, 75, 75, '2026-02-16T18:48:00.000Z');
INSERT INTO orders (id, buyer_id, seller_id, total_amount, status, created_at) 
                      VALUES ('f08de733-a3af-4953-b0ee-39666fc7482a', '1161fb73-809d-4954-a73a-738a9a1868f7', '6adabb60-eed5-4dd0-b80c-41983dd81404', 75, 'completed', '2026-02-16T21:16:00.000Z');
INSERT INTO order_items (id, order_id, product_id, quantity, unit_price, subtotal, created_at) 
                      VALUES ('3eeb6096-75fd-489e-b3c2-1ee143b72a97', 'f08de733-a3af-4953-b0ee-39666fc7482a', 'cd4cb45a-05bc-4729-bb2a-06d122f369fc', 1, 75, 75, '2026-02-16T21:16:00.000Z');
INSERT INTO orders (id, buyer_id, seller_id, total_amount, status, created_at) 
                      VALUES ('f47552be-10ec-4fd2-b4b5-ab6cf983cf81', 'aa9e3c8c-e997-4408-ac68-6265851f972d', '6adabb60-eed5-4dd0-b80c-41983dd81404', 75, 'completed', '2026-02-16T16:21:00.000Z');
INSERT INTO order_items (id, order_id, product_id, quantity, unit_price, subtotal, created_at) 
                      VALUES ('822c02a8-05f6-4508-8dd7-68c893e6ac06', 'f47552be-10ec-4fd2-b4b5-ab6cf983cf81', 'cd4cb45a-05bc-4729-bb2a-06d122f369fc', 1, 75, 75, '2026-02-16T16:21:00.000Z');
INSERT INTO orders (id, buyer_id, seller_id, total_amount, status, created_at) 
                      VALUES ('f891f6f1-d1ae-44a7-8086-2f44de3e1306', 'b03c172d-3388-458c-8054-b6ad7db24e27', '6adabb60-eed5-4dd0-b80c-41983dd81404', 75, 'completed', '2026-02-16T16:19:00.000Z');
INSERT INTO order_items (id, order_id, product_id, quantity, unit_price, subtotal, created_at) 
                      VALUES ('52ff656c-eda1-4a0b-a128-107d2d998bb0', 'f891f6f1-d1ae-44a7-8086-2f44de3e1306', 'cd4cb45a-05bc-4729-bb2a-06d122f369fc', 1, 75, 75, '2026-02-16T16:19:00.000Z');
INSERT INTO orders (id, buyer_id, seller_id, total_amount, status, created_at) 
                      VALUES ('a24893c7-642e-4f43-8729-045d79dee482', 'aa9e3c8c-e997-4408-ac68-6265851f972d', '6adabb60-eed5-4dd0-b80c-41983dd81404', 75, 'completed', '2026-02-16T17:28:00.000Z');
INSERT INTO order_items (id, order_id, product_id, quantity, unit_price, subtotal, created_at) 
                      VALUES ('55d85984-4823-4092-ad8e-e22295aa723b', 'a24893c7-642e-4f43-8729-045d79dee482', 'cd4cb45a-05bc-4729-bb2a-06d122f369fc', 1, 75, 75, '2026-02-16T17:28:00.000Z');
INSERT INTO audit_logs (id, action, user_id, description, level, created_at) 
                  VALUES ('7b795c5c-190a-4bd7-a3a4-0b72a9da5589', 'USER_LOGIN', '5f552e5d-c288-453c-a685-b287e1c0c64a', 'Vendedor inició sesión para jornada', 'info', '2026-02-16T14:21:00.000Z');
INSERT INTO daily_sales (id, seller_id, sale_date, total_investment, total_revenue, units_sold, units_lost, total_waste_cost, is_closed) 
                  VALUES ('23855f84-a9a7-47a7-bec8-b55390eeb683', '5f552e5d-c288-453c-a685-b287e1c0c64a', '2026-02-16', 260, 585, 13, 0, 0, true);
INSERT INTO sale_details (id, daily_sale_id, product_id, quantity_prepared, quantity_sold, quantity_lost, unit_cost, unit_price, waste_cost, waste_reason) 
                  VALUES ('be954ec4-bead-4656-ae07-f712064f1e24', '23855f84-a9a7-47a7-bec8-b55390eeb683', '90ccc3f8-627a-4af7-aab2-9c7967c2f50d', 13, 13, 0, 20, 45, 0, 'expired');
INSERT INTO orders (id, buyer_id, seller_id, total_amount, status, created_at) 
                      VALUES ('faba4c48-5ff3-4b19-86c6-5776b74b3d9d', 'b03c172d-3388-458c-8054-b6ad7db24e27', '5f552e5d-c288-453c-a685-b287e1c0c64a', 45, 'completed', '2026-02-16T21:02:00.000Z');
INSERT INTO order_items (id, order_id, product_id, quantity, unit_price, subtotal, created_at) 
                      VALUES ('d4c4be29-c0bb-4b3e-96fa-1cceef164b70', 'faba4c48-5ff3-4b19-86c6-5776b74b3d9d', '90ccc3f8-627a-4af7-aab2-9c7967c2f50d', 1, 45, 45, '2026-02-16T21:02:00.000Z');
INSERT INTO orders (id, buyer_id, seller_id, total_amount, status, created_at) 
                      VALUES ('a1def740-c573-4fdf-b9d0-c38958c4edd6', 'b03c172d-3388-458c-8054-b6ad7db24e27', '5f552e5d-c288-453c-a685-b287e1c0c64a', 45, 'completed', '2026-02-16T18:54:00.000Z');
INSERT INTO order_items (id, order_id, product_id, quantity, unit_price, subtotal, created_at) 
                      VALUES ('aeec58ab-266a-48df-ab75-0ad3b79a96d7', 'a1def740-c573-4fdf-b9d0-c38958c4edd6', '90ccc3f8-627a-4af7-aab2-9c7967c2f50d', 1, 45, 45, '2026-02-16T18:54:00.000Z');
INSERT INTO orders (id, buyer_id, seller_id, total_amount, status, created_at) 
                      VALUES ('0e142f4b-946c-44aa-9e39-f847b905cb19', '79768ab4-b021-418b-bf3c-0dd52f857b65', '5f552e5d-c288-453c-a685-b287e1c0c64a', 45, 'completed', '2026-02-16T19:58:00.000Z');
INSERT INTO order_items (id, order_id, product_id, quantity, unit_price, subtotal, created_at) 
                      VALUES ('5d3221f4-7116-4f09-a331-c3df389d12dc', '0e142f4b-946c-44aa-9e39-f847b905cb19', '90ccc3f8-627a-4af7-aab2-9c7967c2f50d', 1, 45, 45, '2026-02-16T19:58:00.000Z');
INSERT INTO orders (id, buyer_id, seller_id, total_amount, status, created_at) 
                      VALUES ('f1dd8617-54a6-498b-ab4c-d380cb10682f', '233694a0-da98-4b19-8640-7b99f406554e', '5f552e5d-c288-453c-a685-b287e1c0c64a', 45, 'completed', '2026-02-16T19:26:00.000Z');
INSERT INTO order_items (id, order_id, product_id, quantity, unit_price, subtotal, created_at) 
                      VALUES ('0efcbb19-a360-44d8-a757-b49e54bb9ce3', 'f1dd8617-54a6-498b-ab4c-d380cb10682f', '90ccc3f8-627a-4af7-aab2-9c7967c2f50d', 1, 45, 45, '2026-02-16T19:26:00.000Z');
INSERT INTO orders (id, buyer_id, seller_id, total_amount, status, created_at) 
                      VALUES ('48beb62a-d5b3-4af4-97d8-0b93c1ff7d39', '1161fb73-809d-4954-a73a-738a9a1868f7', '5f552e5d-c288-453c-a685-b287e1c0c64a', 45, 'completed', '2026-02-16T16:15:00.000Z');
INSERT INTO order_items (id, order_id, product_id, quantity, unit_price, subtotal, created_at) 
                      VALUES ('b22c75f2-9dbc-40c7-b587-62cf92a9c0fb', '48beb62a-d5b3-4af4-97d8-0b93c1ff7d39', '90ccc3f8-627a-4af7-aab2-9c7967c2f50d', 1, 45, 45, '2026-02-16T16:15:00.000Z');
INSERT INTO orders (id, buyer_id, seller_id, total_amount, status, created_at) 
                      VALUES ('2d7f278d-8b9f-49db-92e4-e2bfe24041bc', '233694a0-da98-4b19-8640-7b99f406554e', '5f552e5d-c288-453c-a685-b287e1c0c64a', 45, 'completed', '2026-02-16T16:07:00.000Z');
INSERT INTO order_items (id, order_id, product_id, quantity, unit_price, subtotal, created_at) 
                      VALUES ('36a5a7f3-7cf6-4d6f-b6ff-bea21661db66', '2d7f278d-8b9f-49db-92e4-e2bfe24041bc', '90ccc3f8-627a-4af7-aab2-9c7967c2f50d', 1, 45, 45, '2026-02-16T16:07:00.000Z');
INSERT INTO orders (id, buyer_id, seller_id, total_amount, status, created_at) 
                      VALUES ('90779c60-0e5c-402b-b9ca-93ad3a66a4b5', '1161fb73-809d-4954-a73a-738a9a1868f7', '5f552e5d-c288-453c-a685-b287e1c0c64a', 45, 'completed', '2026-02-16T19:22:00.000Z');
INSERT INTO order_items (id, order_id, product_id, quantity, unit_price, subtotal, created_at) 
                      VALUES ('bad99b96-be0f-47e6-80c1-e5a1ee5195c6', '90779c60-0e5c-402b-b9ca-93ad3a66a4b5', '90ccc3f8-627a-4af7-aab2-9c7967c2f50d', 1, 45, 45, '2026-02-16T19:22:00.000Z');
INSERT INTO orders (id, buyer_id, seller_id, total_amount, status, created_at) 
                      VALUES ('80bb7f45-9ac2-4a11-b774-fe143f5f66bf', 'ac51e939-ec0b-40c3-b3e7-39711b12845a', '5f552e5d-c288-453c-a685-b287e1c0c64a', 45, 'completed', '2026-02-16T16:44:00.000Z');
INSERT INTO order_items (id, order_id, product_id, quantity, unit_price, subtotal, created_at) 
                      VALUES ('357f6eb9-0994-47bf-aa7f-d5a6b3e81c3d', '80bb7f45-9ac2-4a11-b774-fe143f5f66bf', '90ccc3f8-627a-4af7-aab2-9c7967c2f50d', 1, 45, 45, '2026-02-16T16:44:00.000Z');
INSERT INTO orders (id, buyer_id, seller_id, total_amount, status, created_at) 
                      VALUES ('95592b95-1f5a-4197-b3e4-1749e868d7a4', '6c8c4ad9-70e8-48cb-9ce8-5d01c349ffcc', '5f552e5d-c288-453c-a685-b287e1c0c64a', 45, 'completed', '2026-02-16T20:33:00.000Z');
INSERT INTO order_items (id, order_id, product_id, quantity, unit_price, subtotal, created_at) 
                      VALUES ('cbf67866-4d44-4fbc-9b87-5da591c84347', '95592b95-1f5a-4197-b3e4-1749e868d7a4', '90ccc3f8-627a-4af7-aab2-9c7967c2f50d', 1, 45, 45, '2026-02-16T20:33:00.000Z');
INSERT INTO orders (id, buyer_id, seller_id, total_amount, status, created_at) 
                      VALUES ('2616a807-a27b-472f-b548-37010634b450', '79768ab4-b021-418b-bf3c-0dd52f857b65', '5f552e5d-c288-453c-a685-b287e1c0c64a', 45, 'completed', '2026-02-16T21:36:00.000Z');
INSERT INTO order_items (id, order_id, product_id, quantity, unit_price, subtotal, created_at) 
                      VALUES ('deacb79e-7b12-4296-a89f-1152ddee425c', '2616a807-a27b-472f-b548-37010634b450', '90ccc3f8-627a-4af7-aab2-9c7967c2f50d', 1, 45, 45, '2026-02-16T21:36:00.000Z');
INSERT INTO orders (id, buyer_id, seller_id, total_amount, status, created_at) 
                      VALUES ('cf7655c8-44f6-4188-bef2-3576e6060e93', 'b03c172d-3388-458c-8054-b6ad7db24e27', '5f552e5d-c288-453c-a685-b287e1c0c64a', 45, 'completed', '2026-02-16T21:33:00.000Z');
INSERT INTO order_items (id, order_id, product_id, quantity, unit_price, subtotal, created_at) 
                      VALUES ('3bdc98f5-9b25-4ee4-a4b0-46944be32391', 'cf7655c8-44f6-4188-bef2-3576e6060e93', '90ccc3f8-627a-4af7-aab2-9c7967c2f50d', 1, 45, 45, '2026-02-16T21:33:00.000Z');
INSERT INTO orders (id, buyer_id, seller_id, total_amount, status, created_at) 
                      VALUES ('4935d004-5e07-4743-a586-ada98fa68c23', 'ac51e939-ec0b-40c3-b3e7-39711b12845a', '5f552e5d-c288-453c-a685-b287e1c0c64a', 45, 'completed', '2026-02-16T18:37:00.000Z');
INSERT INTO order_items (id, order_id, product_id, quantity, unit_price, subtotal, created_at) 
                      VALUES ('8cd8d076-bd7c-46d6-ab97-534ed83f33bd', '4935d004-5e07-4743-a586-ada98fa68c23', '90ccc3f8-627a-4af7-aab2-9c7967c2f50d', 1, 45, 45, '2026-02-16T18:37:00.000Z');
INSERT INTO orders (id, buyer_id, seller_id, total_amount, status, created_at) 
                      VALUES ('14c62e72-841f-4f06-ae4b-66765cfd07f7', 'aa9e3c8c-e997-4408-ac68-6265851f972d', '5f552e5d-c288-453c-a685-b287e1c0c64a', 45, 'completed', '2026-02-16T17:18:00.000Z');
INSERT INTO order_items (id, order_id, product_id, quantity, unit_price, subtotal, created_at) 
                      VALUES ('9409bbaf-6e7b-4dd0-9009-cda25a97fd70', '14c62e72-841f-4f06-ae4b-66765cfd07f7', '90ccc3f8-627a-4af7-aab2-9c7967c2f50d', 1, 45, 45, '2026-02-16T17:18:00.000Z');
INSERT INTO audit_logs (id, action, user_id, description, level, created_at) 
                  VALUES ('03df50aa-8f26-4ad8-8ab5-aca6a5882dbb', 'USER_LOGIN', '522afd0e-5b6f-4f57-be80-46fd79ba12db', 'Vendedor inició sesión para jornada', 'info', '2026-02-16T14:27:00.000Z');
INSERT INTO daily_sales (id, seller_id, sale_date, total_investment, total_revenue, units_sold, units_lost, total_waste_cost, is_closed) 
                  VALUES ('3fa0880a-6e81-4ccc-889e-c9de3cbd5de9', '522afd0e-5b6f-4f57-be80-46fd79ba12db', '2026-02-16', 168, 420, 14, 0, 0, true);
INSERT INTO sale_details (id, daily_sale_id, product_id, quantity_prepared, quantity_sold, quantity_lost, unit_cost, unit_price, waste_cost, waste_reason) 
                  VALUES ('78ab9984-e213-4448-80ea-0ed9bbdeed15', '3fa0880a-6e81-4ccc-889e-c9de3cbd5de9', 'c865d401-6592-418d-98d5-1aa633799680', 14, 14, 0, 12, 30, 0, 'expired');
INSERT INTO orders (id, buyer_id, seller_id, total_amount, status, created_at) 
                      VALUES ('5eb352a5-f9fc-4e58-abda-deaefafbac32', 'b03c172d-3388-458c-8054-b6ad7db24e27', '522afd0e-5b6f-4f57-be80-46fd79ba12db', 30, 'completed', '2026-02-16T18:24:00.000Z');
INSERT INTO order_items (id, order_id, product_id, quantity, unit_price, subtotal, created_at) 
                      VALUES ('5b099516-1813-4cd1-9d27-ae047592def9', '5eb352a5-f9fc-4e58-abda-deaefafbac32', 'c865d401-6592-418d-98d5-1aa633799680', 1, 30, 30, '2026-02-16T18:24:00.000Z');
INSERT INTO orders (id, buyer_id, seller_id, total_amount, status, created_at) 
                      VALUES ('4e083936-a621-4df2-93f6-78bb9a37b1e6', 'ac51e939-ec0b-40c3-b3e7-39711b12845a', '522afd0e-5b6f-4f57-be80-46fd79ba12db', 30, 'completed', '2026-02-16T17:08:00.000Z');
INSERT INTO order_items (id, order_id, product_id, quantity, unit_price, subtotal, created_at) 
                      VALUES ('14ab6a52-345f-47c5-b2d1-e0ffbf97b295', '4e083936-a621-4df2-93f6-78bb9a37b1e6', 'c865d401-6592-418d-98d5-1aa633799680', 1, 30, 30, '2026-02-16T17:08:00.000Z');
INSERT INTO orders (id, buyer_id, seller_id, total_amount, status, created_at) 
                      VALUES ('016d9fbf-2433-4591-b14e-08016c2d2b58', '233694a0-da98-4b19-8640-7b99f406554e', '522afd0e-5b6f-4f57-be80-46fd79ba12db', 30, 'completed', '2026-02-16T16:09:00.000Z');
INSERT INTO order_items (id, order_id, product_id, quantity, unit_price, subtotal, created_at) 
                      VALUES ('87353a9c-31c5-4483-92c5-d23c1447522e', '016d9fbf-2433-4591-b14e-08016c2d2b58', 'c865d401-6592-418d-98d5-1aa633799680', 1, 30, 30, '2026-02-16T16:09:00.000Z');
INSERT INTO orders (id, buyer_id, seller_id, total_amount, status, created_at) 
                      VALUES ('c0929b89-ba58-49dd-b694-72c662954f3b', 'b03c172d-3388-458c-8054-b6ad7db24e27', '522afd0e-5b6f-4f57-be80-46fd79ba12db', 30, 'completed', '2026-02-16T20:24:00.000Z');
INSERT INTO order_items (id, order_id, product_id, quantity, unit_price, subtotal, created_at) 
                      VALUES ('111b944e-bbb1-4953-a337-ed31643835c8', 'c0929b89-ba58-49dd-b694-72c662954f3b', 'c865d401-6592-418d-98d5-1aa633799680', 1, 30, 30, '2026-02-16T20:24:00.000Z');
INSERT INTO orders (id, buyer_id, seller_id, total_amount, status, created_at) 
                      VALUES ('ed899659-0d2f-48e5-a0b4-40387549e51b', '6c8c4ad9-70e8-48cb-9ce8-5d01c349ffcc', '522afd0e-5b6f-4f57-be80-46fd79ba12db', 30, 'completed', '2026-02-16T16:35:00.000Z');
INSERT INTO order_items (id, order_id, product_id, quantity, unit_price, subtotal, created_at) 
                      VALUES ('102fe932-920a-412e-9b0c-70189ff2bb5a', 'ed899659-0d2f-48e5-a0b4-40387549e51b', 'c865d401-6592-418d-98d5-1aa633799680', 1, 30, 30, '2026-02-16T16:35:00.000Z');
INSERT INTO orders (id, buyer_id, seller_id, total_amount, status, created_at) 
                      VALUES ('ea44ae94-7f88-432a-9201-1433dd9c67fd', '233694a0-da98-4b19-8640-7b99f406554e', '522afd0e-5b6f-4f57-be80-46fd79ba12db', 30, 'completed', '2026-02-16T16:20:00.000Z');
INSERT INTO order_items (id, order_id, product_id, quantity, unit_price, subtotal, created_at) 
                      VALUES ('90be94cb-82e5-4bb2-bfa5-7cbe5f98f535', 'ea44ae94-7f88-432a-9201-1433dd9c67fd', 'c865d401-6592-418d-98d5-1aa633799680', 1, 30, 30, '2026-02-16T16:20:00.000Z');
INSERT INTO orders (id, buyer_id, seller_id, total_amount, status, created_at) 
                      VALUES ('fe2b2634-c77a-4b10-82b9-4c7b1113f511', '233694a0-da98-4b19-8640-7b99f406554e', '522afd0e-5b6f-4f57-be80-46fd79ba12db', 30, 'completed', '2026-02-16T20:21:00.000Z');
INSERT INTO order_items (id, order_id, product_id, quantity, unit_price, subtotal, created_at) 
                      VALUES ('d7530aa2-010d-4494-92a3-c6104a1e9c9c', 'fe2b2634-c77a-4b10-82b9-4c7b1113f511', 'c865d401-6592-418d-98d5-1aa633799680', 1, 30, 30, '2026-02-16T20:21:00.000Z');
INSERT INTO orders (id, buyer_id, seller_id, total_amount, status, created_at) 
                      VALUES ('b91db13d-8912-4343-8438-45b13b424667', 'ac51e939-ec0b-40c3-b3e7-39711b12845a', '522afd0e-5b6f-4f57-be80-46fd79ba12db', 30, 'completed', '2026-02-16T21:09:00.000Z');
INSERT INTO order_items (id, order_id, product_id, quantity, unit_price, subtotal, created_at) 
                      VALUES ('f264d1d6-6c12-4a03-8c78-acbf263ad0f5', 'b91db13d-8912-4343-8438-45b13b424667', 'c865d401-6592-418d-98d5-1aa633799680', 1, 30, 30, '2026-02-16T21:09:00.000Z');
INSERT INTO orders (id, buyer_id, seller_id, total_amount, status, created_at) 
                      VALUES ('549c4362-30ce-43c1-8749-8a9e41254830', '1161fb73-809d-4954-a73a-738a9a1868f7', '522afd0e-5b6f-4f57-be80-46fd79ba12db', 30, 'completed', '2026-02-16T21:56:00.000Z');
INSERT INTO order_items (id, order_id, product_id, quantity, unit_price, subtotal, created_at) 
                      VALUES ('68f5ad26-371d-461b-854c-afd24c8f3030', '549c4362-30ce-43c1-8749-8a9e41254830', 'c865d401-6592-418d-98d5-1aa633799680', 1, 30, 30, '2026-02-16T21:56:00.000Z');
INSERT INTO orders (id, buyer_id, seller_id, total_amount, status, created_at) 
                      VALUES ('9a6bcf3b-c878-4100-9473-32408af85e87', 'aa9e3c8c-e997-4408-ac68-6265851f972d', '522afd0e-5b6f-4f57-be80-46fd79ba12db', 30, 'completed', '2026-02-16T18:38:00.000Z');
INSERT INTO order_items (id, order_id, product_id, quantity, unit_price, subtotal, created_at) 
                      VALUES ('ddb2de84-54e7-42df-9c1f-31230d1204df', '9a6bcf3b-c878-4100-9473-32408af85e87', 'c865d401-6592-418d-98d5-1aa633799680', 1, 30, 30, '2026-02-16T18:38:00.000Z');
INSERT INTO orders (id, buyer_id, seller_id, total_amount, status, created_at) 
                      VALUES ('3f4202e5-a888-4782-a3ee-ffe9b1460c57', 'ac51e939-ec0b-40c3-b3e7-39711b12845a', '522afd0e-5b6f-4f57-be80-46fd79ba12db', 30, 'completed', '2026-02-16T20:46:00.000Z');
INSERT INTO order_items (id, order_id, product_id, quantity, unit_price, subtotal, created_at) 
                      VALUES ('f6102fb8-a3b7-4f8e-98e8-f24da8312ec7', '3f4202e5-a888-4782-a3ee-ffe9b1460c57', 'c865d401-6592-418d-98d5-1aa633799680', 1, 30, 30, '2026-02-16T20:46:00.000Z');
INSERT INTO orders (id, buyer_id, seller_id, total_amount, status, created_at) 
                      VALUES ('666f7a82-eefd-4631-97ed-6d1eb255a050', 'b03c172d-3388-458c-8054-b6ad7db24e27', '522afd0e-5b6f-4f57-be80-46fd79ba12db', 30, 'completed', '2026-02-16T17:27:00.000Z');
INSERT INTO order_items (id, order_id, product_id, quantity, unit_price, subtotal, created_at) 
                      VALUES ('502f3f3a-de24-4347-845b-c498bcd0e3fc', '666f7a82-eefd-4631-97ed-6d1eb255a050', 'c865d401-6592-418d-98d5-1aa633799680', 1, 30, 30, '2026-02-16T17:27:00.000Z');
INSERT INTO orders (id, buyer_id, seller_id, total_amount, status, created_at) 
                      VALUES ('587ba00f-c98c-44ab-9ce2-79ee839ed1c0', '79768ab4-b021-418b-bf3c-0dd52f857b65', '522afd0e-5b6f-4f57-be80-46fd79ba12db', 30, 'completed', '2026-02-16T16:20:00.000Z');
INSERT INTO order_items (id, order_id, product_id, quantity, unit_price, subtotal, created_at) 
                      VALUES ('1d23197c-a2d3-4baf-9d6a-8db346cead05', '587ba00f-c98c-44ab-9ce2-79ee839ed1c0', 'c865d401-6592-418d-98d5-1aa633799680', 1, 30, 30, '2026-02-16T16:20:00.000Z');
INSERT INTO orders (id, buyer_id, seller_id, total_amount, status, created_at) 
                      VALUES ('a438954c-8707-4768-a224-ef11ab76238a', 'aa9e3c8c-e997-4408-ac68-6265851f972d', '522afd0e-5b6f-4f57-be80-46fd79ba12db', 30, 'completed', '2026-02-16T20:40:00.000Z');
INSERT INTO order_items (id, order_id, product_id, quantity, unit_price, subtotal, created_at) 
                      VALUES ('3ef1f5fb-942d-428b-a37d-11b724f83f42', 'a438954c-8707-4768-a224-ef11ab76238a', 'c865d401-6592-418d-98d5-1aa633799680', 1, 30, 30, '2026-02-16T20:40:00.000Z');
INSERT INTO audit_logs (id, action, user_id, description, level, created_at) 
                  VALUES ('2a3ad99f-2195-462b-a535-8a08764abbc4', 'USER_LOGIN', 'da273443-bae3-4781-ae4e-819d0c9d56a6', 'Vendedor inició sesión para jornada', 'info', '2026-02-16T14:01:00.000Z');
INSERT INTO daily_sales (id, seller_id, sale_date, total_investment, total_revenue, units_sold, units_lost, total_waste_cost, is_closed) 
                  VALUES ('c803c067-f280-41ab-932d-3d1769f007ba', 'da273443-bae3-4781-ae4e-819d0c9d56a6', '2026-02-16', 80, 250, 10, 0, 0, true);
INSERT INTO sale_details (id, daily_sale_id, product_id, quantity_prepared, quantity_sold, quantity_lost, unit_cost, unit_price, waste_cost, waste_reason) 
                  VALUES ('620065dd-557b-4850-a278-dee9e6b2ead4', 'c803c067-f280-41ab-932d-3d1769f007ba', 'ea84c406-f235-4e9c-b061-71ed9401e63b', 10, 10, 0, 8, 25, 0, 'expired');
INSERT INTO orders (id, buyer_id, seller_id, total_amount, status, created_at) 
                      VALUES ('d8340a21-87e3-4c46-81f9-131f658e2afd', '233694a0-da98-4b19-8640-7b99f406554e', 'da273443-bae3-4781-ae4e-819d0c9d56a6', 25, 'completed', '2026-02-16T19:58:00.000Z');
INSERT INTO order_items (id, order_id, product_id, quantity, unit_price, subtotal, created_at) 
                      VALUES ('c40310ed-9b88-47ba-8e75-cf3aed3d3117', 'd8340a21-87e3-4c46-81f9-131f658e2afd', 'ea84c406-f235-4e9c-b061-71ed9401e63b', 1, 25, 25, '2026-02-16T19:58:00.000Z');
INSERT INTO orders (id, buyer_id, seller_id, total_amount, status, created_at) 
                      VALUES ('4c6fbd7c-e030-4d3e-a5e6-c0170c1e7713', 'aa9e3c8c-e997-4408-ac68-6265851f972d', 'da273443-bae3-4781-ae4e-819d0c9d56a6', 25, 'completed', '2026-02-16T18:39:00.000Z');
INSERT INTO order_items (id, order_id, product_id, quantity, unit_price, subtotal, created_at) 
                      VALUES ('0e5f954e-53ff-4a82-8ea8-964bc352ecbd', '4c6fbd7c-e030-4d3e-a5e6-c0170c1e7713', 'ea84c406-f235-4e9c-b061-71ed9401e63b', 1, 25, 25, '2026-02-16T18:39:00.000Z');
INSERT INTO orders (id, buyer_id, seller_id, total_amount, status, created_at) 
                      VALUES ('6a3c3837-8e35-45b4-b071-a4e7546827a1', '6c8c4ad9-70e8-48cb-9ce8-5d01c349ffcc', 'da273443-bae3-4781-ae4e-819d0c9d56a6', 25, 'completed', '2026-02-16T20:09:00.000Z');
INSERT INTO order_items (id, order_id, product_id, quantity, unit_price, subtotal, created_at) 
                      VALUES ('bd86d54d-d586-40ab-9931-2a7e631c619e', '6a3c3837-8e35-45b4-b071-a4e7546827a1', 'ea84c406-f235-4e9c-b061-71ed9401e63b', 1, 25, 25, '2026-02-16T20:09:00.000Z');
INSERT INTO orders (id, buyer_id, seller_id, total_amount, status, created_at) 
                      VALUES ('f98bf34b-9901-4f07-b924-3dcc53d6bee0', 'b03c172d-3388-458c-8054-b6ad7db24e27', 'da273443-bae3-4781-ae4e-819d0c9d56a6', 25, 'completed', '2026-02-16T17:45:00.000Z');
INSERT INTO order_items (id, order_id, product_id, quantity, unit_price, subtotal, created_at) 
                      VALUES ('0a486ae4-75aa-4bea-98ea-c491fece978a', 'f98bf34b-9901-4f07-b924-3dcc53d6bee0', 'ea84c406-f235-4e9c-b061-71ed9401e63b', 1, 25, 25, '2026-02-16T17:45:00.000Z');
INSERT INTO orders (id, buyer_id, seller_id, total_amount, status, created_at) 
                      VALUES ('a8f670da-d54a-4e8e-a990-9c7e82f83984', 'b03c172d-3388-458c-8054-b6ad7db24e27', 'da273443-bae3-4781-ae4e-819d0c9d56a6', 25, 'completed', '2026-02-16T17:53:00.000Z');
INSERT INTO order_items (id, order_id, product_id, quantity, unit_price, subtotal, created_at) 
                      VALUES ('05a647e0-e44b-45e5-b96e-99a5dd49a3ef', 'a8f670da-d54a-4e8e-a990-9c7e82f83984', 'ea84c406-f235-4e9c-b061-71ed9401e63b', 1, 25, 25, '2026-02-16T17:53:00.000Z');
INSERT INTO orders (id, buyer_id, seller_id, total_amount, status, created_at) 
                      VALUES ('4ebfe490-462d-43ee-9c63-1a932694a489', '1161fb73-809d-4954-a73a-738a9a1868f7', 'da273443-bae3-4781-ae4e-819d0c9d56a6', 25, 'completed', '2026-02-16T19:43:00.000Z');
INSERT INTO order_items (id, order_id, product_id, quantity, unit_price, subtotal, created_at) 
                      VALUES ('5d7ba91a-6a75-4f00-9cea-a0a15616a71b', '4ebfe490-462d-43ee-9c63-1a932694a489', 'ea84c406-f235-4e9c-b061-71ed9401e63b', 1, 25, 25, '2026-02-16T19:43:00.000Z');
INSERT INTO orders (id, buyer_id, seller_id, total_amount, status, created_at) 
                      VALUES ('b2ccc80d-2268-4923-94de-59327927185c', '79768ab4-b021-418b-bf3c-0dd52f857b65', 'da273443-bae3-4781-ae4e-819d0c9d56a6', 25, 'completed', '2026-02-16T21:12:00.000Z');
INSERT INTO order_items (id, order_id, product_id, quantity, unit_price, subtotal, created_at) 
                      VALUES ('f4fbfb47-dcc7-4569-a361-58cb50bc0030', 'b2ccc80d-2268-4923-94de-59327927185c', 'ea84c406-f235-4e9c-b061-71ed9401e63b', 1, 25, 25, '2026-02-16T21:12:00.000Z');
INSERT INTO orders (id, buyer_id, seller_id, total_amount, status, created_at) 
                      VALUES ('84f32a04-0b54-4339-8515-156d4c64c284', '1161fb73-809d-4954-a73a-738a9a1868f7', 'da273443-bae3-4781-ae4e-819d0c9d56a6', 25, 'completed', '2026-02-16T18:27:00.000Z');
INSERT INTO order_items (id, order_id, product_id, quantity, unit_price, subtotal, created_at) 
                      VALUES ('c75c0edb-dd12-4f4b-89be-849b9b528f1d', '84f32a04-0b54-4339-8515-156d4c64c284', 'ea84c406-f235-4e9c-b061-71ed9401e63b', 1, 25, 25, '2026-02-16T18:27:00.000Z');
INSERT INTO orders (id, buyer_id, seller_id, total_amount, status, created_at) 
                      VALUES ('475a2112-04ba-45b1-9b10-be7acb20b244', 'ac51e939-ec0b-40c3-b3e7-39711b12845a', 'da273443-bae3-4781-ae4e-819d0c9d56a6', 25, 'completed', '2026-02-16T16:57:00.000Z');
INSERT INTO order_items (id, order_id, product_id, quantity, unit_price, subtotal, created_at) 
                      VALUES ('7cb529ef-8fab-4a43-9a4d-f74dc19202db', '475a2112-04ba-45b1-9b10-be7acb20b244', 'ea84c406-f235-4e9c-b061-71ed9401e63b', 1, 25, 25, '2026-02-16T16:57:00.000Z');
INSERT INTO orders (id, buyer_id, seller_id, total_amount, status, created_at) 
                      VALUES ('e589bfe6-43f4-4c9d-8343-0a0e98dbcacf', '6c8c4ad9-70e8-48cb-9ce8-5d01c349ffcc', 'da273443-bae3-4781-ae4e-819d0c9d56a6', 25, 'completed', '2026-02-16T17:47:00.000Z');
INSERT INTO order_items (id, order_id, product_id, quantity, unit_price, subtotal, created_at) 
                      VALUES ('2d1b75b8-f97f-44c9-9a85-fe5f9228dd8d', 'e589bfe6-43f4-4c9d-8343-0a0e98dbcacf', 'ea84c406-f235-4e9c-b061-71ed9401e63b', 1, 25, 25, '2026-02-16T17:47:00.000Z');
INSERT INTO audit_logs (id, action, user_id, description, level, created_at) 
                  VALUES ('dce3d210-ebfa-401c-8751-9c2c8257eb2e', 'USER_LOGIN', 'cdc7b576-3957-4e3f-9e87-6630e4ef1950', 'Vendedor inició sesión para jornada', 'info', '2026-02-16T14:14:00.000Z');
INSERT INTO daily_sales (id, seller_id, sale_date, total_investment, total_revenue, units_sold, units_lost, total_waste_cost, is_closed) 
                  VALUES ('04731354-83e1-47ee-975e-bcfe942e5483', 'cdc7b576-3957-4e3f-9e87-6630e4ef1950', '2026-02-16', 275, 550, 10, 1, 25, true);
INSERT INTO sale_details (id, daily_sale_id, product_id, quantity_prepared, quantity_sold, quantity_lost, unit_cost, unit_price, waste_cost, waste_reason) 
                  VALUES ('be5832a7-e2a9-436c-9396-0ad337723393', '04731354-83e1-47ee-975e-bcfe942e5483', '49e54b55-6e07-407b-9dac-36e93e1f8aa2', 11, 10, 1, 25, 55, 25, 'expired');
INSERT INTO orders (id, buyer_id, seller_id, total_amount, status, created_at) 
                      VALUES ('8038e705-d5a3-4b5d-8af4-297bfdcf04bc', '233694a0-da98-4b19-8640-7b99f406554e', 'cdc7b576-3957-4e3f-9e87-6630e4ef1950', 55, 'completed', '2026-02-16T21:57:00.000Z');
INSERT INTO order_items (id, order_id, product_id, quantity, unit_price, subtotal, created_at) 
                      VALUES ('bbd642ea-59d9-48c9-a690-bffffa789436', '8038e705-d5a3-4b5d-8af4-297bfdcf04bc', '49e54b55-6e07-407b-9dac-36e93e1f8aa2', 1, 55, 55, '2026-02-16T21:57:00.000Z');
INSERT INTO orders (id, buyer_id, seller_id, total_amount, status, created_at) 
                      VALUES ('ec3a9d0b-7058-4344-a981-ee8137d11aa4', 'aa9e3c8c-e997-4408-ac68-6265851f972d', 'cdc7b576-3957-4e3f-9e87-6630e4ef1950', 55, 'completed', '2026-02-16T17:28:00.000Z');
INSERT INTO order_items (id, order_id, product_id, quantity, unit_price, subtotal, created_at) 
                      VALUES ('bb84dcea-0c34-437a-a98e-eeab5207d5d9', 'ec3a9d0b-7058-4344-a981-ee8137d11aa4', '49e54b55-6e07-407b-9dac-36e93e1f8aa2', 1, 55, 55, '2026-02-16T17:28:00.000Z');
INSERT INTO orders (id, buyer_id, seller_id, total_amount, status, created_at) 
                      VALUES ('89d605d7-47cd-47bf-a6b5-ea17c082c87f', 'aa9e3c8c-e997-4408-ac68-6265851f972d', 'cdc7b576-3957-4e3f-9e87-6630e4ef1950', 55, 'completed', '2026-02-16T20:36:00.000Z');
INSERT INTO order_items (id, order_id, product_id, quantity, unit_price, subtotal, created_at) 
                      VALUES ('0c8ff6fc-b638-4123-9afc-6dbf8f4f5fa1', '89d605d7-47cd-47bf-a6b5-ea17c082c87f', '49e54b55-6e07-407b-9dac-36e93e1f8aa2', 1, 55, 55, '2026-02-16T20:36:00.000Z');
INSERT INTO orders (id, buyer_id, seller_id, total_amount, status, created_at) 
                      VALUES ('6687f5f6-efa0-4ed9-bd02-2bf09ea777cb', '1161fb73-809d-4954-a73a-738a9a1868f7', 'cdc7b576-3957-4e3f-9e87-6630e4ef1950', 55, 'completed', '2026-02-16T18:32:00.000Z');
INSERT INTO order_items (id, order_id, product_id, quantity, unit_price, subtotal, created_at) 
                      VALUES ('f0d9eefa-e8eb-4384-8e68-c9cd18c7e95f', '6687f5f6-efa0-4ed9-bd02-2bf09ea777cb', '49e54b55-6e07-407b-9dac-36e93e1f8aa2', 1, 55, 55, '2026-02-16T18:32:00.000Z');
INSERT INTO orders (id, buyer_id, seller_id, total_amount, status, created_at) 
                      VALUES ('1b067f58-9d59-4726-bf65-a5a7f50f677f', '233694a0-da98-4b19-8640-7b99f406554e', 'cdc7b576-3957-4e3f-9e87-6630e4ef1950', 55, 'completed', '2026-02-16T16:10:00.000Z');
INSERT INTO order_items (id, order_id, product_id, quantity, unit_price, subtotal, created_at) 
                      VALUES ('891f4217-07f2-404d-b0c9-6112b8ad98cb', '1b067f58-9d59-4726-bf65-a5a7f50f677f', '49e54b55-6e07-407b-9dac-36e93e1f8aa2', 1, 55, 55, '2026-02-16T16:10:00.000Z');
INSERT INTO orders (id, buyer_id, seller_id, total_amount, status, created_at) 
                      VALUES ('f0a9d8df-9f50-4c7d-a12c-234f2d159d1c', '6c8c4ad9-70e8-48cb-9ce8-5d01c349ffcc', 'cdc7b576-3957-4e3f-9e87-6630e4ef1950', 55, 'completed', '2026-02-16T17:58:00.000Z');
INSERT INTO order_items (id, order_id, product_id, quantity, unit_price, subtotal, created_at) 
                      VALUES ('e1989d41-b67a-46b0-8aa3-ffa878608ce5', 'f0a9d8df-9f50-4c7d-a12c-234f2d159d1c', '49e54b55-6e07-407b-9dac-36e93e1f8aa2', 1, 55, 55, '2026-02-16T17:58:00.000Z');
INSERT INTO orders (id, buyer_id, seller_id, total_amount, status, created_at) 
                      VALUES ('8ebb2dff-d848-4c05-be57-eab4c2fcdc5d', 'ac51e939-ec0b-40c3-b3e7-39711b12845a', 'cdc7b576-3957-4e3f-9e87-6630e4ef1950', 55, 'completed', '2026-02-16T18:51:00.000Z');
INSERT INTO order_items (id, order_id, product_id, quantity, unit_price, subtotal, created_at) 
                      VALUES ('fd1da934-2d9c-4db7-8e47-744f03ed681f', '8ebb2dff-d848-4c05-be57-eab4c2fcdc5d', '49e54b55-6e07-407b-9dac-36e93e1f8aa2', 1, 55, 55, '2026-02-16T18:51:00.000Z');
INSERT INTO orders (id, buyer_id, seller_id, total_amount, status, created_at) 
                      VALUES ('782c4ee1-23a7-42b4-9b9f-e193af0151e6', '6c8c4ad9-70e8-48cb-9ce8-5d01c349ffcc', 'cdc7b576-3957-4e3f-9e87-6630e4ef1950', 55, 'completed', '2026-02-16T16:37:00.000Z');
INSERT INTO order_items (id, order_id, product_id, quantity, unit_price, subtotal, created_at) 
                      VALUES ('d5d4e27b-abd3-477f-9025-39c61e068402', '782c4ee1-23a7-42b4-9b9f-e193af0151e6', '49e54b55-6e07-407b-9dac-36e93e1f8aa2', 1, 55, 55, '2026-02-16T16:37:00.000Z');
INSERT INTO orders (id, buyer_id, seller_id, total_amount, status, created_at) 
                      VALUES ('13f230ef-6790-4f2a-ac7d-5d5597b4b8c2', '79768ab4-b021-418b-bf3c-0dd52f857b65', 'cdc7b576-3957-4e3f-9e87-6630e4ef1950', 55, 'completed', '2026-02-16T17:32:00.000Z');
INSERT INTO order_items (id, order_id, product_id, quantity, unit_price, subtotal, created_at) 
                      VALUES ('9d8e94da-7a22-4a89-bae8-86fb09c64705', '13f230ef-6790-4f2a-ac7d-5d5597b4b8c2', '49e54b55-6e07-407b-9dac-36e93e1f8aa2', 1, 55, 55, '2026-02-16T17:32:00.000Z');
INSERT INTO orders (id, buyer_id, seller_id, total_amount, status, created_at) 
                      VALUES ('76743f0c-67ec-4566-8a29-0445845d2de5', '233694a0-da98-4b19-8640-7b99f406554e', 'cdc7b576-3957-4e3f-9e87-6630e4ef1950', 55, 'completed', '2026-02-16T19:34:00.000Z');
INSERT INTO order_items (id, order_id, product_id, quantity, unit_price, subtotal, created_at) 
                      VALUES ('0542b098-7168-4da9-a2bc-c05ae795eed5', '76743f0c-67ec-4566-8a29-0445845d2de5', '49e54b55-6e07-407b-9dac-36e93e1f8aa2', 1, 55, 55, '2026-02-16T19:34:00.000Z');
INSERT INTO audit_logs (id, action, user_id, description, level, created_at) 
                  VALUES ('d134c678-5244-45b8-96a2-a466e67c6714', 'USER_LOGIN', '6adabb60-eed5-4dd0-b80c-41983dd81404', 'Vendedor inició sesión para jornada', 'info', '2026-02-17T14:28:00.000Z');
INSERT INTO daily_sales (id, seller_id, sale_date, total_investment, total_revenue, units_sold, units_lost, total_waste_cost, is_closed) 
                  VALUES ('b946d7f7-6262-4e45-b95f-bf0c44929df2', '6adabb60-eed5-4dd0-b80c-41983dd81404', '2026-02-17', 560, 900, 12, 2, 80, true);
INSERT INTO sale_details (id, daily_sale_id, product_id, quantity_prepared, quantity_sold, quantity_lost, unit_cost, unit_price, waste_cost, waste_reason) 
                  VALUES ('7c3bf63c-b693-483a-b81a-3bdc8745f9ee', 'b946d7f7-6262-4e45-b95f-bf0c44929df2', 'cd4cb45a-05bc-4729-bb2a-06d122f369fc', 14, 12, 2, 40, 75, 80, 'expired');
INSERT INTO orders (id, buyer_id, seller_id, total_amount, status, created_at) 
                      VALUES ('2bb5244d-d446-46db-a9f0-cc8e132224f9', 'ac51e939-ec0b-40c3-b3e7-39711b12845a', '6adabb60-eed5-4dd0-b80c-41983dd81404', 75, 'completed', '2026-02-17T17:55:00.000Z');
INSERT INTO order_items (id, order_id, product_id, quantity, unit_price, subtotal, created_at) 
                      VALUES ('d2749336-c3b7-4c0d-ad44-3f438c6e13ad', '2bb5244d-d446-46db-a9f0-cc8e132224f9', 'cd4cb45a-05bc-4729-bb2a-06d122f369fc', 1, 75, 75, '2026-02-17T17:55:00.000Z');
INSERT INTO orders (id, buyer_id, seller_id, total_amount, status, created_at) 
                      VALUES ('d6c2d653-647c-4fae-95ef-62721346a775', 'aa9e3c8c-e997-4408-ac68-6265851f972d', '6adabb60-eed5-4dd0-b80c-41983dd81404', 75, 'completed', '2026-02-17T20:26:00.000Z');
INSERT INTO order_items (id, order_id, product_id, quantity, unit_price, subtotal, created_at) 
                      VALUES ('0ce5ef1d-fa55-45b2-a92d-8b9420a8a858', 'd6c2d653-647c-4fae-95ef-62721346a775', 'cd4cb45a-05bc-4729-bb2a-06d122f369fc', 1, 75, 75, '2026-02-17T20:26:00.000Z');
INSERT INTO orders (id, buyer_id, seller_id, total_amount, status, created_at) 
                      VALUES ('18d25e19-b601-42f9-9b1d-9d0aeb3fb036', '6c8c4ad9-70e8-48cb-9ce8-5d01c349ffcc', '6adabb60-eed5-4dd0-b80c-41983dd81404', 75, 'completed', '2026-02-17T17:54:00.000Z');
INSERT INTO order_items (id, order_id, product_id, quantity, unit_price, subtotal, created_at) 
                      VALUES ('3e2c55e2-1645-479a-b602-e08dd88d429e', '18d25e19-b601-42f9-9b1d-9d0aeb3fb036', 'cd4cb45a-05bc-4729-bb2a-06d122f369fc', 1, 75, 75, '2026-02-17T17:54:00.000Z');
INSERT INTO orders (id, buyer_id, seller_id, total_amount, status, created_at) 
                      VALUES ('690a35b2-5100-4e61-946f-7828ab07ac7f', '6c8c4ad9-70e8-48cb-9ce8-5d01c349ffcc', '6adabb60-eed5-4dd0-b80c-41983dd81404', 75, 'completed', '2026-02-17T20:36:00.000Z');
INSERT INTO order_items (id, order_id, product_id, quantity, unit_price, subtotal, created_at) 
                      VALUES ('272d1349-c3b5-4282-bb87-6b22e9c23f6b', '690a35b2-5100-4e61-946f-7828ab07ac7f', 'cd4cb45a-05bc-4729-bb2a-06d122f369fc', 1, 75, 75, '2026-02-17T20:36:00.000Z');
INSERT INTO orders (id, buyer_id, seller_id, total_amount, status, created_at) 
                      VALUES ('89318e57-4e51-4291-b683-32d81efe087a', '233694a0-da98-4b19-8640-7b99f406554e', '6adabb60-eed5-4dd0-b80c-41983dd81404', 75, 'completed', '2026-02-17T17:16:00.000Z');
INSERT INTO order_items (id, order_id, product_id, quantity, unit_price, subtotal, created_at) 
                      VALUES ('50c1959b-29d9-4969-a5de-578bb342fe96', '89318e57-4e51-4291-b683-32d81efe087a', 'cd4cb45a-05bc-4729-bb2a-06d122f369fc', 1, 75, 75, '2026-02-17T17:16:00.000Z');
INSERT INTO orders (id, buyer_id, seller_id, total_amount, status, created_at) 
                      VALUES ('3bafe54d-120e-4a59-9c4a-ce4d74facad1', 'ac51e939-ec0b-40c3-b3e7-39711b12845a', '6adabb60-eed5-4dd0-b80c-41983dd81404', 75, 'completed', '2026-02-17T20:42:00.000Z');
INSERT INTO order_items (id, order_id, product_id, quantity, unit_price, subtotal, created_at) 
                      VALUES ('a4bbfb51-8a2e-47ba-918c-66ed4e73df75', '3bafe54d-120e-4a59-9c4a-ce4d74facad1', 'cd4cb45a-05bc-4729-bb2a-06d122f369fc', 1, 75, 75, '2026-02-17T20:42:00.000Z');
INSERT INTO orders (id, buyer_id, seller_id, total_amount, status, created_at) 
                      VALUES ('471820f8-7705-4e9a-bb28-1b4aa8ceaf2a', '1161fb73-809d-4954-a73a-738a9a1868f7', '6adabb60-eed5-4dd0-b80c-41983dd81404', 75, 'completed', '2026-02-17T20:46:00.000Z');
INSERT INTO order_items (id, order_id, product_id, quantity, unit_price, subtotal, created_at) 
                      VALUES ('74ca1832-be93-48fe-a8a0-2b7537ef17bc', '471820f8-7705-4e9a-bb28-1b4aa8ceaf2a', 'cd4cb45a-05bc-4729-bb2a-06d122f369fc', 1, 75, 75, '2026-02-17T20:46:00.000Z');
INSERT INTO orders (id, buyer_id, seller_id, total_amount, status, created_at) 
                      VALUES ('7fd7dd8d-900b-4afd-95ec-91b37e784927', '6c8c4ad9-70e8-48cb-9ce8-5d01c349ffcc', '6adabb60-eed5-4dd0-b80c-41983dd81404', 75, 'completed', '2026-02-17T18:01:00.000Z');
INSERT INTO order_items (id, order_id, product_id, quantity, unit_price, subtotal, created_at) 
                      VALUES ('84960fc7-cefa-4a56-9c8e-998440c259a7', '7fd7dd8d-900b-4afd-95ec-91b37e784927', 'cd4cb45a-05bc-4729-bb2a-06d122f369fc', 1, 75, 75, '2026-02-17T18:01:00.000Z');
INSERT INTO orders (id, buyer_id, seller_id, total_amount, status, created_at) 
                      VALUES ('74fbcc0b-c5ac-456a-9ca0-8116771596e4', 'b03c172d-3388-458c-8054-b6ad7db24e27', '6adabb60-eed5-4dd0-b80c-41983dd81404', 75, 'completed', '2026-02-17T17:27:00.000Z');
INSERT INTO order_items (id, order_id, product_id, quantity, unit_price, subtotal, created_at) 
                      VALUES ('2243abd6-fba7-4c28-ac26-79663a90c724', '74fbcc0b-c5ac-456a-9ca0-8116771596e4', 'cd4cb45a-05bc-4729-bb2a-06d122f369fc', 1, 75, 75, '2026-02-17T17:27:00.000Z');
INSERT INTO orders (id, buyer_id, seller_id, total_amount, status, created_at) 
                      VALUES ('a8c1411d-b77f-4f31-9fbf-89ae4846b0c0', '233694a0-da98-4b19-8640-7b99f406554e', '6adabb60-eed5-4dd0-b80c-41983dd81404', 75, 'completed', '2026-02-17T21:39:00.000Z');
INSERT INTO order_items (id, order_id, product_id, quantity, unit_price, subtotal, created_at) 
                      VALUES ('9946214b-c32c-43ba-9d75-e53d945cd1a5', 'a8c1411d-b77f-4f31-9fbf-89ae4846b0c0', 'cd4cb45a-05bc-4729-bb2a-06d122f369fc', 1, 75, 75, '2026-02-17T21:39:00.000Z');
INSERT INTO orders (id, buyer_id, seller_id, total_amount, status, created_at) 
                      VALUES ('6dc6d72f-f1ec-4577-a60d-cf8d953e8253', '1161fb73-809d-4954-a73a-738a9a1868f7', '6adabb60-eed5-4dd0-b80c-41983dd81404', 75, 'completed', '2026-02-17T16:46:00.000Z');
INSERT INTO order_items (id, order_id, product_id, quantity, unit_price, subtotal, created_at) 
                      VALUES ('cbe14111-ef6f-4157-8c4e-5d90f64c0a8f', '6dc6d72f-f1ec-4577-a60d-cf8d953e8253', 'cd4cb45a-05bc-4729-bb2a-06d122f369fc', 1, 75, 75, '2026-02-17T16:46:00.000Z');
INSERT INTO orders (id, buyer_id, seller_id, total_amount, status, created_at) 
                      VALUES ('d19eca25-fb7f-493d-bfab-199debf67e94', '233694a0-da98-4b19-8640-7b99f406554e', '6adabb60-eed5-4dd0-b80c-41983dd81404', 75, 'completed', '2026-02-17T17:29:00.000Z');
INSERT INTO order_items (id, order_id, product_id, quantity, unit_price, subtotal, created_at) 
                      VALUES ('a92cdc6a-0f94-4507-b2c8-d219427a888c', 'd19eca25-fb7f-493d-bfab-199debf67e94', 'cd4cb45a-05bc-4729-bb2a-06d122f369fc', 1, 75, 75, '2026-02-17T17:29:00.000Z');
INSERT INTO audit_logs (id, action, user_id, description, level, created_at) 
                  VALUES ('05e9e96f-c70c-4add-8e6b-65754fae0450', 'USER_LOGIN', '5f552e5d-c288-453c-a685-b287e1c0c64a', 'Vendedor inició sesión para jornada', 'info', '2026-02-17T14:29:00.000Z');
INSERT INTO daily_sales (id, seller_id, sale_date, total_investment, total_revenue, units_sold, units_lost, total_waste_cost, is_closed) 
                  VALUES ('c2268cc9-62c2-48da-a997-70e9dcc55fc3', '5f552e5d-c288-453c-a685-b287e1c0c64a', '2026-02-17', 260, 540, 12, 1, 20, true);
INSERT INTO sale_details (id, daily_sale_id, product_id, quantity_prepared, quantity_sold, quantity_lost, unit_cost, unit_price, waste_cost, waste_reason) 
                  VALUES ('8ce5f11c-89e2-403f-b5e9-33f6d269690b', 'c2268cc9-62c2-48da-a997-70e9dcc55fc3', '90ccc3f8-627a-4af7-aab2-9c7967c2f50d', 13, 12, 1, 20, 45, 20, 'expired');
INSERT INTO orders (id, buyer_id, seller_id, total_amount, status, created_at) 
                      VALUES ('e8e64c1c-2de8-455a-9772-b0c9bbdd6a73', '6c8c4ad9-70e8-48cb-9ce8-5d01c349ffcc', '5f552e5d-c288-453c-a685-b287e1c0c64a', 45, 'completed', '2026-02-17T17:21:00.000Z');
INSERT INTO order_items (id, order_id, product_id, quantity, unit_price, subtotal, created_at) 
                      VALUES ('3bbdc985-5d4d-4c29-a5f3-fd999e677423', 'e8e64c1c-2de8-455a-9772-b0c9bbdd6a73', '90ccc3f8-627a-4af7-aab2-9c7967c2f50d', 1, 45, 45, '2026-02-17T17:21:00.000Z');
INSERT INTO orders (id, buyer_id, seller_id, total_amount, status, created_at) 
                      VALUES ('903f534c-2e8c-4c1e-b05f-4a4ae8b5b30f', 'b03c172d-3388-458c-8054-b6ad7db24e27', '5f552e5d-c288-453c-a685-b287e1c0c64a', 45, 'completed', '2026-02-17T17:13:00.000Z');
INSERT INTO order_items (id, order_id, product_id, quantity, unit_price, subtotal, created_at) 
                      VALUES ('2765646a-75fa-4484-8851-96de5f80c64e', '903f534c-2e8c-4c1e-b05f-4a4ae8b5b30f', '90ccc3f8-627a-4af7-aab2-9c7967c2f50d', 1, 45, 45, '2026-02-17T17:13:00.000Z');
INSERT INTO orders (id, buyer_id, seller_id, total_amount, status, created_at) 
                      VALUES ('9bb47a8d-cdf5-4c99-a304-ff80de456727', '79768ab4-b021-418b-bf3c-0dd52f857b65', '5f552e5d-c288-453c-a685-b287e1c0c64a', 45, 'completed', '2026-02-17T21:05:00.000Z');
INSERT INTO order_items (id, order_id, product_id, quantity, unit_price, subtotal, created_at) 
                      VALUES ('52e18511-9e01-49d0-a1c3-ff30ae430836', '9bb47a8d-cdf5-4c99-a304-ff80de456727', '90ccc3f8-627a-4af7-aab2-9c7967c2f50d', 1, 45, 45, '2026-02-17T21:05:00.000Z');
INSERT INTO orders (id, buyer_id, seller_id, total_amount, status, created_at) 
                      VALUES ('a69687e8-76e3-49c6-af1a-1ffad1afafee', '79768ab4-b021-418b-bf3c-0dd52f857b65', '5f552e5d-c288-453c-a685-b287e1c0c64a', 45, 'completed', '2026-02-17T20:29:00.000Z');
INSERT INTO order_items (id, order_id, product_id, quantity, unit_price, subtotal, created_at) 
                      VALUES ('c8bfdc19-1fbe-4a2e-a716-ac9468e1db65', 'a69687e8-76e3-49c6-af1a-1ffad1afafee', '90ccc3f8-627a-4af7-aab2-9c7967c2f50d', 1, 45, 45, '2026-02-17T20:29:00.000Z');
INSERT INTO orders (id, buyer_id, seller_id, total_amount, status, created_at) 
                      VALUES ('644bf80f-4691-4028-8958-d54a55b8fd1e', '233694a0-da98-4b19-8640-7b99f406554e', '5f552e5d-c288-453c-a685-b287e1c0c64a', 45, 'completed', '2026-02-17T18:19:00.000Z');
INSERT INTO order_items (id, order_id, product_id, quantity, unit_price, subtotal, created_at) 
                      VALUES ('5d80af64-855c-4164-8c1b-010233314931', '644bf80f-4691-4028-8958-d54a55b8fd1e', '90ccc3f8-627a-4af7-aab2-9c7967c2f50d', 1, 45, 45, '2026-02-17T18:19:00.000Z');
INSERT INTO orders (id, buyer_id, seller_id, total_amount, status, created_at) 
                      VALUES ('5d4b599d-28e5-4639-90b5-d58104203e31', 'ac51e939-ec0b-40c3-b3e7-39711b12845a', '5f552e5d-c288-453c-a685-b287e1c0c64a', 45, 'completed', '2026-02-17T20:56:00.000Z');
INSERT INTO order_items (id, order_id, product_id, quantity, unit_price, subtotal, created_at) 
                      VALUES ('10aea812-b81a-49c5-b8ba-46431fff059c', '5d4b599d-28e5-4639-90b5-d58104203e31', '90ccc3f8-627a-4af7-aab2-9c7967c2f50d', 1, 45, 45, '2026-02-17T20:56:00.000Z');
INSERT INTO orders (id, buyer_id, seller_id, total_amount, status, created_at) 
                      VALUES ('17f4a236-96b2-4e67-8bf4-cbf1537a5f32', '6c8c4ad9-70e8-48cb-9ce8-5d01c349ffcc', '5f552e5d-c288-453c-a685-b287e1c0c64a', 45, 'completed', '2026-02-17T17:33:00.000Z');
INSERT INTO order_items (id, order_id, product_id, quantity, unit_price, subtotal, created_at) 
                      VALUES ('a8382fc3-7f88-4e1a-b6ac-65ad3754a018', '17f4a236-96b2-4e67-8bf4-cbf1537a5f32', '90ccc3f8-627a-4af7-aab2-9c7967c2f50d', 1, 45, 45, '2026-02-17T17:33:00.000Z');
INSERT INTO orders (id, buyer_id, seller_id, total_amount, status, created_at) 
                      VALUES ('8036c02c-79fb-49fe-99d7-06d4c9ab8e5c', '6c8c4ad9-70e8-48cb-9ce8-5d01c349ffcc', '5f552e5d-c288-453c-a685-b287e1c0c64a', 45, 'completed', '2026-02-17T21:22:00.000Z');
INSERT INTO order_items (id, order_id, product_id, quantity, unit_price, subtotal, created_at) 
                      VALUES ('ff7cc782-a43d-42c8-a02f-e08cb3356133', '8036c02c-79fb-49fe-99d7-06d4c9ab8e5c', '90ccc3f8-627a-4af7-aab2-9c7967c2f50d', 1, 45, 45, '2026-02-17T21:22:00.000Z');
INSERT INTO orders (id, buyer_id, seller_id, total_amount, status, created_at) 
                      VALUES ('caec93e9-5add-479b-abcd-ec7049f08743', '1161fb73-809d-4954-a73a-738a9a1868f7', '5f552e5d-c288-453c-a685-b287e1c0c64a', 45, 'completed', '2026-02-17T21:15:00.000Z');
INSERT INTO order_items (id, order_id, product_id, quantity, unit_price, subtotal, created_at) 
                      VALUES ('ad0eda1b-4efe-46e4-8f82-da9677ba5bb3', 'caec93e9-5add-479b-abcd-ec7049f08743', '90ccc3f8-627a-4af7-aab2-9c7967c2f50d', 1, 45, 45, '2026-02-17T21:15:00.000Z');
INSERT INTO orders (id, buyer_id, seller_id, total_amount, status, created_at) 
                      VALUES ('e4d6b450-9748-478a-8812-f59461019afe', '1161fb73-809d-4954-a73a-738a9a1868f7', '5f552e5d-c288-453c-a685-b287e1c0c64a', 45, 'completed', '2026-02-17T17:46:00.000Z');
INSERT INTO order_items (id, order_id, product_id, quantity, unit_price, subtotal, created_at) 
                      VALUES ('4f39b570-c85b-4731-9909-b87cf1f6b23f', 'e4d6b450-9748-478a-8812-f59461019afe', '90ccc3f8-627a-4af7-aab2-9c7967c2f50d', 1, 45, 45, '2026-02-17T17:46:00.000Z');
INSERT INTO orders (id, buyer_id, seller_id, total_amount, status, created_at) 
                      VALUES ('a6a714cd-c725-4266-a92c-f634443f261d', 'b03c172d-3388-458c-8054-b6ad7db24e27', '5f552e5d-c288-453c-a685-b287e1c0c64a', 45, 'completed', '2026-02-17T16:01:00.000Z');
INSERT INTO order_items (id, order_id, product_id, quantity, unit_price, subtotal, created_at) 
                      VALUES ('ab34435b-8997-4026-b9be-c54c355a0020', 'a6a714cd-c725-4266-a92c-f634443f261d', '90ccc3f8-627a-4af7-aab2-9c7967c2f50d', 1, 45, 45, '2026-02-17T16:01:00.000Z');
INSERT INTO orders (id, buyer_id, seller_id, total_amount, status, created_at) 
                      VALUES ('7cb2d681-e979-4fdb-ac26-8e21b79d86c0', 'b03c172d-3388-458c-8054-b6ad7db24e27', '5f552e5d-c288-453c-a685-b287e1c0c64a', 45, 'completed', '2026-02-17T21:55:00.000Z');
INSERT INTO order_items (id, order_id, product_id, quantity, unit_price, subtotal, created_at) 
                      VALUES ('814b1df0-b1aa-4240-a058-501b62f7e3b7', '7cb2d681-e979-4fdb-ac26-8e21b79d86c0', '90ccc3f8-627a-4af7-aab2-9c7967c2f50d', 1, 45, 45, '2026-02-17T21:55:00.000Z');
INSERT INTO audit_logs (id, action, user_id, description, level, created_at) 
                  VALUES ('46890fdf-2cf1-486a-b224-29c68738b63e', 'USER_LOGIN', '522afd0e-5b6f-4f57-be80-46fd79ba12db', 'Vendedor inició sesión para jornada', 'info', '2026-02-17T14:02:00.000Z');
INSERT INTO daily_sales (id, seller_id, sale_date, total_investment, total_revenue, units_sold, units_lost, total_waste_cost, is_closed) 
                  VALUES ('5eb9f9f4-38f3-4b7c-841d-6ac579e7326c', '522afd0e-5b6f-4f57-be80-46fd79ba12db', '2026-02-17', 156, 390, 13, 0, 0, true);
INSERT INTO sale_details (id, daily_sale_id, product_id, quantity_prepared, quantity_sold, quantity_lost, unit_cost, unit_price, waste_cost, waste_reason) 
                  VALUES ('d9735c7a-bbd7-4ae6-bb52-32f4a2fe402d', '5eb9f9f4-38f3-4b7c-841d-6ac579e7326c', 'c865d401-6592-418d-98d5-1aa633799680', 13, 13, 0, 12, 30, 0, 'expired');
INSERT INTO orders (id, buyer_id, seller_id, total_amount, status, created_at) 
                      VALUES ('2035da32-02c8-4a27-9759-5df2ee4612d8', '79768ab4-b021-418b-bf3c-0dd52f857b65', '522afd0e-5b6f-4f57-be80-46fd79ba12db', 30, 'completed', '2026-02-17T19:35:00.000Z');
INSERT INTO order_items (id, order_id, product_id, quantity, unit_price, subtotal, created_at) 
                      VALUES ('fc357cfb-419a-43b5-8c37-dc1651b1fe4f', '2035da32-02c8-4a27-9759-5df2ee4612d8', 'c865d401-6592-418d-98d5-1aa633799680', 1, 30, 30, '2026-02-17T19:35:00.000Z');
INSERT INTO orders (id, buyer_id, seller_id, total_amount, status, created_at) 
                      VALUES ('f4c18ed3-7ae8-4971-82e3-40dd0f3deccb', '233694a0-da98-4b19-8640-7b99f406554e', '522afd0e-5b6f-4f57-be80-46fd79ba12db', 30, 'completed', '2026-02-17T21:59:00.000Z');
INSERT INTO order_items (id, order_id, product_id, quantity, unit_price, subtotal, created_at) 
                      VALUES ('c4068c8c-e645-4ca8-af3b-3c20dd4b94d4', 'f4c18ed3-7ae8-4971-82e3-40dd0f3deccb', 'c865d401-6592-418d-98d5-1aa633799680', 1, 30, 30, '2026-02-17T21:59:00.000Z');
INSERT INTO orders (id, buyer_id, seller_id, total_amount, status, created_at) 
                      VALUES ('49e31931-3d35-41e3-8593-0819c1f41f3c', 'ac51e939-ec0b-40c3-b3e7-39711b12845a', '522afd0e-5b6f-4f57-be80-46fd79ba12db', 30, 'completed', '2026-02-17T18:58:00.000Z');
INSERT INTO order_items (id, order_id, product_id, quantity, unit_price, subtotal, created_at) 
                      VALUES ('57453c72-857a-4ab0-9e38-fd46c6cfdc71', '49e31931-3d35-41e3-8593-0819c1f41f3c', 'c865d401-6592-418d-98d5-1aa633799680', 1, 30, 30, '2026-02-17T18:58:00.000Z');
INSERT INTO orders (id, buyer_id, seller_id, total_amount, status, created_at) 
                      VALUES ('02cce1d9-a338-44f1-96d7-2f49dae972b6', 'ac51e939-ec0b-40c3-b3e7-39711b12845a', '522afd0e-5b6f-4f57-be80-46fd79ba12db', 30, 'completed', '2026-02-17T19:11:00.000Z');
INSERT INTO order_items (id, order_id, product_id, quantity, unit_price, subtotal, created_at) 
                      VALUES ('fd495bc1-4740-4db9-99c0-9a273cb17717', '02cce1d9-a338-44f1-96d7-2f49dae972b6', 'c865d401-6592-418d-98d5-1aa633799680', 1, 30, 30, '2026-02-17T19:11:00.000Z');
INSERT INTO orders (id, buyer_id, seller_id, total_amount, status, created_at) 
                      VALUES ('89f88f90-d310-4ada-956d-fbc460170864', '233694a0-da98-4b19-8640-7b99f406554e', '522afd0e-5b6f-4f57-be80-46fd79ba12db', 30, 'completed', '2026-02-17T20:33:00.000Z');
INSERT INTO order_items (id, order_id, product_id, quantity, unit_price, subtotal, created_at) 
                      VALUES ('7604b345-a6e7-4f86-99f1-49e0c846f0cb', '89f88f90-d310-4ada-956d-fbc460170864', 'c865d401-6592-418d-98d5-1aa633799680', 1, 30, 30, '2026-02-17T20:33:00.000Z');
INSERT INTO orders (id, buyer_id, seller_id, total_amount, status, created_at) 
                      VALUES ('e38b5d6f-75b2-48cc-9919-a37ba1061a2c', 'aa9e3c8c-e997-4408-ac68-6265851f972d', '522afd0e-5b6f-4f57-be80-46fd79ba12db', 30, 'completed', '2026-02-17T17:06:00.000Z');
INSERT INTO order_items (id, order_id, product_id, quantity, unit_price, subtotal, created_at) 
                      VALUES ('75c06a6c-838a-4976-a200-d32a1704cb46', 'e38b5d6f-75b2-48cc-9919-a37ba1061a2c', 'c865d401-6592-418d-98d5-1aa633799680', 1, 30, 30, '2026-02-17T17:06:00.000Z');
INSERT INTO orders (id, buyer_id, seller_id, total_amount, status, created_at) 
                      VALUES ('60054462-c6c2-4c85-91b2-b6c0e5c42e57', '79768ab4-b021-418b-bf3c-0dd52f857b65', '522afd0e-5b6f-4f57-be80-46fd79ba12db', 30, 'completed', '2026-02-17T18:43:00.000Z');
INSERT INTO order_items (id, order_id, product_id, quantity, unit_price, subtotal, created_at) 
                      VALUES ('a4600fde-c154-45e6-8fb4-0f531f204ae3', '60054462-c6c2-4c85-91b2-b6c0e5c42e57', 'c865d401-6592-418d-98d5-1aa633799680', 1, 30, 30, '2026-02-17T18:43:00.000Z');
INSERT INTO orders (id, buyer_id, seller_id, total_amount, status, created_at) 
                      VALUES ('c3fd49f0-c619-4f60-8cb8-c0c73bf94953', 'ac51e939-ec0b-40c3-b3e7-39711b12845a', '522afd0e-5b6f-4f57-be80-46fd79ba12db', 30, 'completed', '2026-02-17T17:29:00.000Z');
INSERT INTO order_items (id, order_id, product_id, quantity, unit_price, subtotal, created_at) 
                      VALUES ('ae1631fb-34eb-4c63-9501-7ea7b7e4c194', 'c3fd49f0-c619-4f60-8cb8-c0c73bf94953', 'c865d401-6592-418d-98d5-1aa633799680', 1, 30, 30, '2026-02-17T17:29:00.000Z');
INSERT INTO orders (id, buyer_id, seller_id, total_amount, status, created_at) 
                      VALUES ('b8eb3ce5-d7f9-48af-b4e4-efac952ca5ad', '1161fb73-809d-4954-a73a-738a9a1868f7', '522afd0e-5b6f-4f57-be80-46fd79ba12db', 30, 'completed', '2026-02-17T18:59:00.000Z');
INSERT INTO order_items (id, order_id, product_id, quantity, unit_price, subtotal, created_at) 
                      VALUES ('6a452f1a-b5d8-4b1f-b62f-1e61e7ab157e', 'b8eb3ce5-d7f9-48af-b4e4-efac952ca5ad', 'c865d401-6592-418d-98d5-1aa633799680', 1, 30, 30, '2026-02-17T18:59:00.000Z');
INSERT INTO orders (id, buyer_id, seller_id, total_amount, status, created_at) 
                      VALUES ('ebcb59fa-4991-4b4a-8632-209a4d4c3f27', '1161fb73-809d-4954-a73a-738a9a1868f7', '522afd0e-5b6f-4f57-be80-46fd79ba12db', 30, 'completed', '2026-02-17T17:23:00.000Z');
INSERT INTO order_items (id, order_id, product_id, quantity, unit_price, subtotal, created_at) 
                      VALUES ('d2ae01af-0968-4fe6-9d29-6e14212af6da', 'ebcb59fa-4991-4b4a-8632-209a4d4c3f27', 'c865d401-6592-418d-98d5-1aa633799680', 1, 30, 30, '2026-02-17T17:23:00.000Z');
INSERT INTO orders (id, buyer_id, seller_id, total_amount, status, created_at) 
                      VALUES ('c4ac25d0-2638-4edf-a12a-f582995f7d8d', 'ac51e939-ec0b-40c3-b3e7-39711b12845a', '522afd0e-5b6f-4f57-be80-46fd79ba12db', 30, 'completed', '2026-02-17T21:38:00.000Z');
INSERT INTO order_items (id, order_id, product_id, quantity, unit_price, subtotal, created_at) 
                      VALUES ('ead4bc32-797a-47f5-bb6f-c1546e06e6ff', 'c4ac25d0-2638-4edf-a12a-f582995f7d8d', 'c865d401-6592-418d-98d5-1aa633799680', 1, 30, 30, '2026-02-17T21:38:00.000Z');
INSERT INTO orders (id, buyer_id, seller_id, total_amount, status, created_at) 
                      VALUES ('fdec779d-160e-4cf5-81e9-f9e7793f7109', '6c8c4ad9-70e8-48cb-9ce8-5d01c349ffcc', '522afd0e-5b6f-4f57-be80-46fd79ba12db', 30, 'completed', '2026-02-17T17:38:00.000Z');
INSERT INTO order_items (id, order_id, product_id, quantity, unit_price, subtotal, created_at) 
                      VALUES ('6bb79e70-ceab-4e00-a962-71ef3e6d38ea', 'fdec779d-160e-4cf5-81e9-f9e7793f7109', 'c865d401-6592-418d-98d5-1aa633799680', 1, 30, 30, '2026-02-17T17:38:00.000Z');
INSERT INTO orders (id, buyer_id, seller_id, total_amount, status, created_at) 
                      VALUES ('15531726-0718-4e50-ab6a-acde983a1ddf', '6c8c4ad9-70e8-48cb-9ce8-5d01c349ffcc', '522afd0e-5b6f-4f57-be80-46fd79ba12db', 30, 'completed', '2026-02-17T19:19:00.000Z');
INSERT INTO order_items (id, order_id, product_id, quantity, unit_price, subtotal, created_at) 
                      VALUES ('5722eef0-ac5c-42bf-b989-d98dbeb9e573', '15531726-0718-4e50-ab6a-acde983a1ddf', 'c865d401-6592-418d-98d5-1aa633799680', 1, 30, 30, '2026-02-17T19:19:00.000Z');
INSERT INTO audit_logs (id, action, user_id, description, level, created_at) 
                  VALUES ('1ef43ae3-f4d4-4105-9769-f0ec863576b5', 'USER_LOGIN', 'da273443-bae3-4781-ae4e-819d0c9d56a6', 'Vendedor inició sesión para jornada', 'info', '2026-02-17T14:15:00.000Z');
INSERT INTO daily_sales (id, seller_id, sale_date, total_investment, total_revenue, units_sold, units_lost, total_waste_cost, is_closed) 
                  VALUES ('b0a0b012-a78e-4e72-a232-bdf96447bfe6', 'da273443-bae3-4781-ae4e-819d0c9d56a6', '2026-02-17', 80, 200, 8, 2, 16, true);
INSERT INTO sale_details (id, daily_sale_id, product_id, quantity_prepared, quantity_sold, quantity_lost, unit_cost, unit_price, waste_cost, waste_reason) 
                  VALUES ('d04c6eaf-145b-49a9-973f-1654e856b1ec', 'b0a0b012-a78e-4e72-a232-bdf96447bfe6', 'ea84c406-f235-4e9c-b061-71ed9401e63b', 10, 8, 2, 8, 25, 16, 'expired');
INSERT INTO orders (id, buyer_id, seller_id, total_amount, status, created_at) 
                      VALUES ('15e4392b-86e6-43e2-9435-47417599f8c2', 'b03c172d-3388-458c-8054-b6ad7db24e27', 'da273443-bae3-4781-ae4e-819d0c9d56a6', 25, 'completed', '2026-02-17T16:49:00.000Z');
INSERT INTO order_items (id, order_id, product_id, quantity, unit_price, subtotal, created_at) 
                      VALUES ('4330e78a-b494-4736-a38a-4a8a83b5421f', '15e4392b-86e6-43e2-9435-47417599f8c2', 'ea84c406-f235-4e9c-b061-71ed9401e63b', 1, 25, 25, '2026-02-17T16:49:00.000Z');
INSERT INTO orders (id, buyer_id, seller_id, total_amount, status, created_at) 
                      VALUES ('e6e59f20-772a-4320-8cbf-0fa91cb6c180', '79768ab4-b021-418b-bf3c-0dd52f857b65', 'da273443-bae3-4781-ae4e-819d0c9d56a6', 25, 'completed', '2026-02-17T21:40:00.000Z');
INSERT INTO order_items (id, order_id, product_id, quantity, unit_price, subtotal, created_at) 
                      VALUES ('92d2139b-4499-40cb-bc64-1ed5e64a8f1b', 'e6e59f20-772a-4320-8cbf-0fa91cb6c180', 'ea84c406-f235-4e9c-b061-71ed9401e63b', 1, 25, 25, '2026-02-17T21:40:00.000Z');
INSERT INTO orders (id, buyer_id, seller_id, total_amount, status, created_at) 
                      VALUES ('2f55f820-9d0b-4e7d-91de-aac422178021', '1161fb73-809d-4954-a73a-738a9a1868f7', 'da273443-bae3-4781-ae4e-819d0c9d56a6', 25, 'completed', '2026-02-17T21:19:00.000Z');
INSERT INTO order_items (id, order_id, product_id, quantity, unit_price, subtotal, created_at) 
                      VALUES ('fc132180-845a-45ad-987f-c388990e0d05', '2f55f820-9d0b-4e7d-91de-aac422178021', 'ea84c406-f235-4e9c-b061-71ed9401e63b', 1, 25, 25, '2026-02-17T21:19:00.000Z');
INSERT INTO orders (id, buyer_id, seller_id, total_amount, status, created_at) 
                      VALUES ('1a85981c-287d-4a6a-a0ea-e31da2d026a3', '1161fb73-809d-4954-a73a-738a9a1868f7', 'da273443-bae3-4781-ae4e-819d0c9d56a6', 25, 'completed', '2026-02-17T21:32:00.000Z');
INSERT INTO order_items (id, order_id, product_id, quantity, unit_price, subtotal, created_at) 
                      VALUES ('6f66d6c6-1ddb-49cc-810b-cc0b21642a97', '1a85981c-287d-4a6a-a0ea-e31da2d026a3', 'ea84c406-f235-4e9c-b061-71ed9401e63b', 1, 25, 25, '2026-02-17T21:32:00.000Z');
INSERT INTO orders (id, buyer_id, seller_id, total_amount, status, created_at) 
                      VALUES ('4f00f140-06df-4bdc-915c-b734478be7d3', '1161fb73-809d-4954-a73a-738a9a1868f7', 'da273443-bae3-4781-ae4e-819d0c9d56a6', 25, 'completed', '2026-02-17T16:45:00.000Z');
INSERT INTO order_items (id, order_id, product_id, quantity, unit_price, subtotal, created_at) 
                      VALUES ('30fce3bc-ad49-4f95-b407-3c5cb56b4b11', '4f00f140-06df-4bdc-915c-b734478be7d3', 'ea84c406-f235-4e9c-b061-71ed9401e63b', 1, 25, 25, '2026-02-17T16:45:00.000Z');
INSERT INTO orders (id, buyer_id, seller_id, total_amount, status, created_at) 
                      VALUES ('befca979-5f76-4ae7-b4e3-1911295ec031', '6c8c4ad9-70e8-48cb-9ce8-5d01c349ffcc', 'da273443-bae3-4781-ae4e-819d0c9d56a6', 25, 'completed', '2026-02-17T21:40:00.000Z');
INSERT INTO order_items (id, order_id, product_id, quantity, unit_price, subtotal, created_at) 
                      VALUES ('09c398d0-92a0-4d15-b7d8-e8bb8971287b', 'befca979-5f76-4ae7-b4e3-1911295ec031', 'ea84c406-f235-4e9c-b061-71ed9401e63b', 1, 25, 25, '2026-02-17T21:40:00.000Z');
INSERT INTO orders (id, buyer_id, seller_id, total_amount, status, created_at) 
                      VALUES ('563a3561-6658-4732-a130-d00c50f6861d', '6c8c4ad9-70e8-48cb-9ce8-5d01c349ffcc', 'da273443-bae3-4781-ae4e-819d0c9d56a6', 25, 'completed', '2026-02-17T19:16:00.000Z');
INSERT INTO order_items (id, order_id, product_id, quantity, unit_price, subtotal, created_at) 
                      VALUES ('ca610956-23f5-494a-a490-451292fb2811', '563a3561-6658-4732-a130-d00c50f6861d', 'ea84c406-f235-4e9c-b061-71ed9401e63b', 1, 25, 25, '2026-02-17T19:16:00.000Z');
INSERT INTO orders (id, buyer_id, seller_id, total_amount, status, created_at) 
                      VALUES ('6614a6a0-7d01-4f46-a550-d75cafa3abf2', '6c8c4ad9-70e8-48cb-9ce8-5d01c349ffcc', 'da273443-bae3-4781-ae4e-819d0c9d56a6', 25, 'completed', '2026-02-17T20:10:00.000Z');
INSERT INTO order_items (id, order_id, product_id, quantity, unit_price, subtotal, created_at) 
                      VALUES ('2e133ec3-ae6a-4034-b55a-5710258c0ba7', '6614a6a0-7d01-4f46-a550-d75cafa3abf2', 'ea84c406-f235-4e9c-b061-71ed9401e63b', 1, 25, 25, '2026-02-17T20:10:00.000Z');
INSERT INTO audit_logs (id, action, user_id, description, level, created_at) 
                  VALUES ('294fff89-f91b-431d-a4be-936585e78182', 'USER_LOGIN', 'cdc7b576-3957-4e3f-9e87-6630e4ef1950', 'Vendedor inició sesión para jornada', 'info', '2026-02-17T14:18:00.000Z');
INSERT INTO daily_sales (id, seller_id, sale_date, total_investment, total_revenue, units_sold, units_lost, total_waste_cost, is_closed) 
                  VALUES ('829b859d-c14f-46f2-8205-ec6adfde4c94', 'cdc7b576-3957-4e3f-9e87-6630e4ef1950', '2026-02-17', 250, 440, 8, 2, 50, true);
INSERT INTO sale_details (id, daily_sale_id, product_id, quantity_prepared, quantity_sold, quantity_lost, unit_cost, unit_price, waste_cost, waste_reason) 
                  VALUES ('f47562b5-2b14-4015-b932-bfacf0d62ae5', '829b859d-c14f-46f2-8205-ec6adfde4c94', '49e54b55-6e07-407b-9dac-36e93e1f8aa2', 10, 8, 2, 25, 55, 50, 'expired');
INSERT INTO orders (id, buyer_id, seller_id, total_amount, status, created_at) 
                      VALUES ('1729efcd-f0df-404e-a191-abbdac5ebd44', 'ac51e939-ec0b-40c3-b3e7-39711b12845a', 'cdc7b576-3957-4e3f-9e87-6630e4ef1950', 55, 'completed', '2026-02-17T17:09:00.000Z');
INSERT INTO order_items (id, order_id, product_id, quantity, unit_price, subtotal, created_at) 
                      VALUES ('0cba126a-2159-45a8-bd00-415909b93d99', '1729efcd-f0df-404e-a191-abbdac5ebd44', '49e54b55-6e07-407b-9dac-36e93e1f8aa2', 1, 55, 55, '2026-02-17T17:09:00.000Z');
INSERT INTO orders (id, buyer_id, seller_id, total_amount, status, created_at) 
                      VALUES ('a1c3ea1b-0ba4-4b14-8e7f-d3d2e4405fe9', '233694a0-da98-4b19-8640-7b99f406554e', 'cdc7b576-3957-4e3f-9e87-6630e4ef1950', 55, 'completed', '2026-02-17T16:37:00.000Z');
INSERT INTO order_items (id, order_id, product_id, quantity, unit_price, subtotal, created_at) 
                      VALUES ('70d98865-3829-40bc-8884-874059d170ae', 'a1c3ea1b-0ba4-4b14-8e7f-d3d2e4405fe9', '49e54b55-6e07-407b-9dac-36e93e1f8aa2', 1, 55, 55, '2026-02-17T16:37:00.000Z');
INSERT INTO orders (id, buyer_id, seller_id, total_amount, status, created_at) 
                      VALUES ('5cbe6764-62e5-4ca1-83a9-99f025d3f247', '1161fb73-809d-4954-a73a-738a9a1868f7', 'cdc7b576-3957-4e3f-9e87-6630e4ef1950', 55, 'completed', '2026-02-17T20:19:00.000Z');
INSERT INTO order_items (id, order_id, product_id, quantity, unit_price, subtotal, created_at) 
                      VALUES ('88495d58-e067-44e1-9d12-946dc477c22b', '5cbe6764-62e5-4ca1-83a9-99f025d3f247', '49e54b55-6e07-407b-9dac-36e93e1f8aa2', 1, 55, 55, '2026-02-17T20:19:00.000Z');
INSERT INTO orders (id, buyer_id, seller_id, total_amount, status, created_at) 
                      VALUES ('69e85923-0cd9-402a-ac91-e17238b4b5e9', 'ac51e939-ec0b-40c3-b3e7-39711b12845a', 'cdc7b576-3957-4e3f-9e87-6630e4ef1950', 55, 'completed', '2026-02-17T18:22:00.000Z');
INSERT INTO order_items (id, order_id, product_id, quantity, unit_price, subtotal, created_at) 
                      VALUES ('2c6cfb7c-5129-4bb6-82c0-107b34d1552a', '69e85923-0cd9-402a-ac91-e17238b4b5e9', '49e54b55-6e07-407b-9dac-36e93e1f8aa2', 1, 55, 55, '2026-02-17T18:22:00.000Z');
INSERT INTO orders (id, buyer_id, seller_id, total_amount, status, created_at) 
                      VALUES ('9bc6f3a6-b666-4168-a3d7-dfc9c304abc4', 'aa9e3c8c-e997-4408-ac68-6265851f972d', 'cdc7b576-3957-4e3f-9e87-6630e4ef1950', 55, 'completed', '2026-02-17T21:22:00.000Z');
INSERT INTO order_items (id, order_id, product_id, quantity, unit_price, subtotal, created_at) 
                      VALUES ('e47296ab-a5b2-4ac6-a666-d7189650d9a3', '9bc6f3a6-b666-4168-a3d7-dfc9c304abc4', '49e54b55-6e07-407b-9dac-36e93e1f8aa2', 1, 55, 55, '2026-02-17T21:22:00.000Z');
INSERT INTO orders (id, buyer_id, seller_id, total_amount, status, created_at) 
                      VALUES ('6d81fff2-24cd-434b-a7d4-afd6986089d7', 'b03c172d-3388-458c-8054-b6ad7db24e27', 'cdc7b576-3957-4e3f-9e87-6630e4ef1950', 55, 'completed', '2026-02-17T21:55:00.000Z');
INSERT INTO order_items (id, order_id, product_id, quantity, unit_price, subtotal, created_at) 
                      VALUES ('eb96a91d-b1a4-47e0-bc3f-b7c22fd87f97', '6d81fff2-24cd-434b-a7d4-afd6986089d7', '49e54b55-6e07-407b-9dac-36e93e1f8aa2', 1, 55, 55, '2026-02-17T21:55:00.000Z');
INSERT INTO orders (id, buyer_id, seller_id, total_amount, status, created_at) 
                      VALUES ('45fe002f-5bed-4f99-a4ff-c333bb80c7ec', 'aa9e3c8c-e997-4408-ac68-6265851f972d', 'cdc7b576-3957-4e3f-9e87-6630e4ef1950', 55, 'completed', '2026-02-17T19:56:00.000Z');
INSERT INTO order_items (id, order_id, product_id, quantity, unit_price, subtotal, created_at) 
                      VALUES ('c5bd8b50-fe90-4688-b57b-03098c05a5b8', '45fe002f-5bed-4f99-a4ff-c333bb80c7ec', '49e54b55-6e07-407b-9dac-36e93e1f8aa2', 1, 55, 55, '2026-02-17T19:56:00.000Z');
INSERT INTO orders (id, buyer_id, seller_id, total_amount, status, created_at) 
                      VALUES ('f1e02734-52a1-412b-a401-2464bbc8b432', '233694a0-da98-4b19-8640-7b99f406554e', 'cdc7b576-3957-4e3f-9e87-6630e4ef1950', 55, 'completed', '2026-02-17T18:44:00.000Z');
INSERT INTO order_items (id, order_id, product_id, quantity, unit_price, subtotal, created_at) 
                      VALUES ('1184ba43-7ef4-45a8-9613-3c38e1e10a92', 'f1e02734-52a1-412b-a401-2464bbc8b432', '49e54b55-6e07-407b-9dac-36e93e1f8aa2', 1, 55, 55, '2026-02-17T18:44:00.000Z');
INSERT INTO audit_logs (id, action, user_id, description, level, created_at) 
                  VALUES ('8cccfe0c-e7ac-464b-880e-9ca46ae91be8', 'USER_LOGIN', '6adabb60-eed5-4dd0-b80c-41983dd81404', 'Vendedor inició sesión para jornada', 'info', '2026-02-18T14:02:00.000Z');
INSERT INTO daily_sales (id, seller_id, sale_date, total_investment, total_revenue, units_sold, units_lost, total_waste_cost, is_closed) 
                  VALUES ('6e5c15f9-2534-409e-8bd2-590a3c453515', '6adabb60-eed5-4dd0-b80c-41983dd81404', '2026-02-18', 400, 675, 9, 1, 40, true);
INSERT INTO sale_details (id, daily_sale_id, product_id, quantity_prepared, quantity_sold, quantity_lost, unit_cost, unit_price, waste_cost, waste_reason) 
                  VALUES ('44c60edc-70b4-4ae8-a6fb-cf2b3ba77fc3', '6e5c15f9-2534-409e-8bd2-590a3c453515', 'cd4cb45a-05bc-4729-bb2a-06d122f369fc', 10, 9, 1, 40, 75, 40, 'expired');
INSERT INTO orders (id, buyer_id, seller_id, total_amount, status, created_at) 
                      VALUES ('a96d6886-a474-4c5b-8bc7-bdab5e640273', 'ac51e939-ec0b-40c3-b3e7-39711b12845a', '6adabb60-eed5-4dd0-b80c-41983dd81404', 75, 'completed', '2026-02-18T20:33:00.000Z');
INSERT INTO order_items (id, order_id, product_id, quantity, unit_price, subtotal, created_at) 
                      VALUES ('b05ad718-a360-47ae-9a59-943ee33d0144', 'a96d6886-a474-4c5b-8bc7-bdab5e640273', 'cd4cb45a-05bc-4729-bb2a-06d122f369fc', 1, 75, 75, '2026-02-18T20:33:00.000Z');
INSERT INTO orders (id, buyer_id, seller_id, total_amount, status, created_at) 
                      VALUES ('2832e0b9-0b27-4c52-9704-452aaafa23f2', '79768ab4-b021-418b-bf3c-0dd52f857b65', '6adabb60-eed5-4dd0-b80c-41983dd81404', 75, 'completed', '2026-02-18T21:42:00.000Z');
INSERT INTO order_items (id, order_id, product_id, quantity, unit_price, subtotal, created_at) 
                      VALUES ('a759f6da-264e-442f-99c5-0545bf38e235', '2832e0b9-0b27-4c52-9704-452aaafa23f2', 'cd4cb45a-05bc-4729-bb2a-06d122f369fc', 1, 75, 75, '2026-02-18T21:42:00.000Z');
INSERT INTO orders (id, buyer_id, seller_id, total_amount, status, created_at) 
                      VALUES ('6af84584-11ec-40e2-a230-55779cfe0271', '233694a0-da98-4b19-8640-7b99f406554e', '6adabb60-eed5-4dd0-b80c-41983dd81404', 75, 'completed', '2026-02-18T20:11:00.000Z');
INSERT INTO order_items (id, order_id, product_id, quantity, unit_price, subtotal, created_at) 
                      VALUES ('044086eb-b7bc-411a-9cdd-12f434d7f474', '6af84584-11ec-40e2-a230-55779cfe0271', 'cd4cb45a-05bc-4729-bb2a-06d122f369fc', 1, 75, 75, '2026-02-18T20:11:00.000Z');
INSERT INTO orders (id, buyer_id, seller_id, total_amount, status, created_at) 
                      VALUES ('596a3647-a1e8-4dac-b39d-c69cd46bddc2', 'ac51e939-ec0b-40c3-b3e7-39711b12845a', '6adabb60-eed5-4dd0-b80c-41983dd81404', 75, 'completed', '2026-02-18T20:29:00.000Z');
INSERT INTO order_items (id, order_id, product_id, quantity, unit_price, subtotal, created_at) 
                      VALUES ('1af0e69f-ad6d-4e9c-a73c-e6a8e298e5ed', '596a3647-a1e8-4dac-b39d-c69cd46bddc2', 'cd4cb45a-05bc-4729-bb2a-06d122f369fc', 1, 75, 75, '2026-02-18T20:29:00.000Z');
INSERT INTO orders (id, buyer_id, seller_id, total_amount, status, created_at) 
                      VALUES ('67d6bf63-91f8-48ed-916f-b7ed85a24ae9', 'aa9e3c8c-e997-4408-ac68-6265851f972d', '6adabb60-eed5-4dd0-b80c-41983dd81404', 75, 'completed', '2026-02-18T17:09:00.000Z');
INSERT INTO order_items (id, order_id, product_id, quantity, unit_price, subtotal, created_at) 
                      VALUES ('00ce962c-baec-42fb-8f27-7b016a629726', '67d6bf63-91f8-48ed-916f-b7ed85a24ae9', 'cd4cb45a-05bc-4729-bb2a-06d122f369fc', 1, 75, 75, '2026-02-18T17:09:00.000Z');
INSERT INTO orders (id, buyer_id, seller_id, total_amount, status, created_at) 
                      VALUES ('e807358c-1baa-44b9-a9db-3ede661eae38', '233694a0-da98-4b19-8640-7b99f406554e', '6adabb60-eed5-4dd0-b80c-41983dd81404', 75, 'completed', '2026-02-18T20:30:00.000Z');
INSERT INTO order_items (id, order_id, product_id, quantity, unit_price, subtotal, created_at) 
                      VALUES ('00036da7-d050-42cc-b2ed-4012ccd2b56d', 'e807358c-1baa-44b9-a9db-3ede661eae38', 'cd4cb45a-05bc-4729-bb2a-06d122f369fc', 1, 75, 75, '2026-02-18T20:30:00.000Z');
INSERT INTO orders (id, buyer_id, seller_id, total_amount, status, created_at) 
                      VALUES ('874d06e1-6ae6-4ca9-8cee-3373b9ac3c5b', 'b03c172d-3388-458c-8054-b6ad7db24e27', '6adabb60-eed5-4dd0-b80c-41983dd81404', 75, 'completed', '2026-02-18T19:57:00.000Z');
INSERT INTO order_items (id, order_id, product_id, quantity, unit_price, subtotal, created_at) 
                      VALUES ('11236726-a0b0-4a52-ae0a-efd30ffb5c45', '874d06e1-6ae6-4ca9-8cee-3373b9ac3c5b', 'cd4cb45a-05bc-4729-bb2a-06d122f369fc', 1, 75, 75, '2026-02-18T19:57:00.000Z');
INSERT INTO orders (id, buyer_id, seller_id, total_amount, status, created_at) 
                      VALUES ('c0e9a15c-2dcc-44af-b0ee-7239b81332e6', '233694a0-da98-4b19-8640-7b99f406554e', '6adabb60-eed5-4dd0-b80c-41983dd81404', 75, 'completed', '2026-02-18T19:24:00.000Z');
INSERT INTO order_items (id, order_id, product_id, quantity, unit_price, subtotal, created_at) 
                      VALUES ('8efb6ade-154d-4e11-9a8f-88c66e1c2321', 'c0e9a15c-2dcc-44af-b0ee-7239b81332e6', 'cd4cb45a-05bc-4729-bb2a-06d122f369fc', 1, 75, 75, '2026-02-18T19:24:00.000Z');
INSERT INTO orders (id, buyer_id, seller_id, total_amount, status, created_at) 
                      VALUES ('b30db33a-e4bd-4e9d-9145-7bd6653f96ff', '6c8c4ad9-70e8-48cb-9ce8-5d01c349ffcc', '6adabb60-eed5-4dd0-b80c-41983dd81404', 75, 'completed', '2026-02-18T16:47:00.000Z');
INSERT INTO order_items (id, order_id, product_id, quantity, unit_price, subtotal, created_at) 
                      VALUES ('f7bc2e37-a64c-4f2e-8643-f8487245941e', 'b30db33a-e4bd-4e9d-9145-7bd6653f96ff', 'cd4cb45a-05bc-4729-bb2a-06d122f369fc', 1, 75, 75, '2026-02-18T16:47:00.000Z');
INSERT INTO audit_logs (id, action, user_id, description, level, created_at) 
                  VALUES ('42788742-f105-4c58-89f3-3ec6874953bd', 'USER_LOGIN', '5f552e5d-c288-453c-a685-b287e1c0c64a', 'Vendedor inició sesión para jornada', 'info', '2026-02-18T14:01:00.000Z');
INSERT INTO daily_sales (id, seller_id, sale_date, total_investment, total_revenue, units_sold, units_lost, total_waste_cost, is_closed) 
                  VALUES ('806cc4b6-5ccc-4544-bd7f-1dd090c4fbd9', '5f552e5d-c288-453c-a685-b287e1c0c64a', '2026-02-18', 200, 450, 10, 0, 0, true);
INSERT INTO sale_details (id, daily_sale_id, product_id, quantity_prepared, quantity_sold, quantity_lost, unit_cost, unit_price, waste_cost, waste_reason) 
                  VALUES ('522205a8-60e6-489a-96e3-fca11af594a8', '806cc4b6-5ccc-4544-bd7f-1dd090c4fbd9', '90ccc3f8-627a-4af7-aab2-9c7967c2f50d', 10, 10, 0, 20, 45, 0, 'expired');
INSERT INTO orders (id, buyer_id, seller_id, total_amount, status, created_at) 
                      VALUES ('b463592e-71b5-467c-8ebe-6c46c40dc10b', '233694a0-da98-4b19-8640-7b99f406554e', '5f552e5d-c288-453c-a685-b287e1c0c64a', 45, 'completed', '2026-02-18T17:03:00.000Z');
INSERT INTO order_items (id, order_id, product_id, quantity, unit_price, subtotal, created_at) 
                      VALUES ('d72394ee-7e8b-43b5-9d85-14481cbe8136', 'b463592e-71b5-467c-8ebe-6c46c40dc10b', '90ccc3f8-627a-4af7-aab2-9c7967c2f50d', 1, 45, 45, '2026-02-18T17:03:00.000Z');
INSERT INTO orders (id, buyer_id, seller_id, total_amount, status, created_at) 
                      VALUES ('34f180ed-81f0-4700-a588-73e69947c088', 'ac51e939-ec0b-40c3-b3e7-39711b12845a', '5f552e5d-c288-453c-a685-b287e1c0c64a', 45, 'completed', '2026-02-18T17:22:00.000Z');
INSERT INTO order_items (id, order_id, product_id, quantity, unit_price, subtotal, created_at) 
                      VALUES ('b3399cfc-abcd-4571-a060-38b0625ea372', '34f180ed-81f0-4700-a588-73e69947c088', '90ccc3f8-627a-4af7-aab2-9c7967c2f50d', 1, 45, 45, '2026-02-18T17:22:00.000Z');
INSERT INTO orders (id, buyer_id, seller_id, total_amount, status, created_at) 
                      VALUES ('4eb22fd6-49d4-44ca-b275-232eb909a82d', 'b03c172d-3388-458c-8054-b6ad7db24e27', '5f552e5d-c288-453c-a685-b287e1c0c64a', 45, 'completed', '2026-02-18T18:44:00.000Z');
INSERT INTO order_items (id, order_id, product_id, quantity, unit_price, subtotal, created_at) 
                      VALUES ('618401c5-810d-4380-8d0a-86d0403b69ab', '4eb22fd6-49d4-44ca-b275-232eb909a82d', '90ccc3f8-627a-4af7-aab2-9c7967c2f50d', 1, 45, 45, '2026-02-18T18:44:00.000Z');
INSERT INTO orders (id, buyer_id, seller_id, total_amount, status, created_at) 
                      VALUES ('87d643a0-8934-4820-be8a-64b4ba972707', '1161fb73-809d-4954-a73a-738a9a1868f7', '5f552e5d-c288-453c-a685-b287e1c0c64a', 45, 'completed', '2026-02-18T20:29:00.000Z');
INSERT INTO order_items (id, order_id, product_id, quantity, unit_price, subtotal, created_at) 
                      VALUES ('218495b0-9f80-4bc7-aed4-4aea07c0fa2c', '87d643a0-8934-4820-be8a-64b4ba972707', '90ccc3f8-627a-4af7-aab2-9c7967c2f50d', 1, 45, 45, '2026-02-18T20:29:00.000Z');
INSERT INTO orders (id, buyer_id, seller_id, total_amount, status, created_at) 
                      VALUES ('69927d77-a917-4131-8cdc-d0102c7f1aad', 'aa9e3c8c-e997-4408-ac68-6265851f972d', '5f552e5d-c288-453c-a685-b287e1c0c64a', 45, 'completed', '2026-02-18T19:17:00.000Z');
INSERT INTO order_items (id, order_id, product_id, quantity, unit_price, subtotal, created_at) 
                      VALUES ('80711d7d-c010-4d86-9649-8be14af1b560', '69927d77-a917-4131-8cdc-d0102c7f1aad', '90ccc3f8-627a-4af7-aab2-9c7967c2f50d', 1, 45, 45, '2026-02-18T19:17:00.000Z');
INSERT INTO orders (id, buyer_id, seller_id, total_amount, status, created_at) 
                      VALUES ('5b09f0ad-8214-4f75-a378-0d90257fbfad', '233694a0-da98-4b19-8640-7b99f406554e', '5f552e5d-c288-453c-a685-b287e1c0c64a', 45, 'completed', '2026-02-18T19:12:00.000Z');
INSERT INTO order_items (id, order_id, product_id, quantity, unit_price, subtotal, created_at) 
                      VALUES ('6dabac75-f110-4c00-bb48-eaf22b16e7ff', '5b09f0ad-8214-4f75-a378-0d90257fbfad', '90ccc3f8-627a-4af7-aab2-9c7967c2f50d', 1, 45, 45, '2026-02-18T19:12:00.000Z');
INSERT INTO orders (id, buyer_id, seller_id, total_amount, status, created_at) 
                      VALUES ('c2a10be7-5987-4d6f-b38a-c8b397cec095', 'b03c172d-3388-458c-8054-b6ad7db24e27', '5f552e5d-c288-453c-a685-b287e1c0c64a', 45, 'completed', '2026-02-18T20:14:00.000Z');
INSERT INTO order_items (id, order_id, product_id, quantity, unit_price, subtotal, created_at) 
                      VALUES ('4f181231-7b86-4ae1-a438-2e267e7f29cd', 'c2a10be7-5987-4d6f-b38a-c8b397cec095', '90ccc3f8-627a-4af7-aab2-9c7967c2f50d', 1, 45, 45, '2026-02-18T20:14:00.000Z');
INSERT INTO orders (id, buyer_id, seller_id, total_amount, status, created_at) 
                      VALUES ('9719f6d7-8145-4e69-b885-de346a9b85be', '233694a0-da98-4b19-8640-7b99f406554e', '5f552e5d-c288-453c-a685-b287e1c0c64a', 45, 'completed', '2026-02-18T20:00:00.000Z');
INSERT INTO order_items (id, order_id, product_id, quantity, unit_price, subtotal, created_at) 
                      VALUES ('b8bbf9f9-ab4e-45eb-a57d-da09f7a0b404', '9719f6d7-8145-4e69-b885-de346a9b85be', '90ccc3f8-627a-4af7-aab2-9c7967c2f50d', 1, 45, 45, '2026-02-18T20:00:00.000Z');
INSERT INTO orders (id, buyer_id, seller_id, total_amount, status, created_at) 
                      VALUES ('7b94155e-d0b3-47b3-bc77-b6a49fa358f8', '6c8c4ad9-70e8-48cb-9ce8-5d01c349ffcc', '5f552e5d-c288-453c-a685-b287e1c0c64a', 45, 'completed', '2026-02-18T17:49:00.000Z');
INSERT INTO order_items (id, order_id, product_id, quantity, unit_price, subtotal, created_at) 
                      VALUES ('8328a5cc-5ecb-4be5-bf99-23aea78e27e5', '7b94155e-d0b3-47b3-bc77-b6a49fa358f8', '90ccc3f8-627a-4af7-aab2-9c7967c2f50d', 1, 45, 45, '2026-02-18T17:49:00.000Z');
INSERT INTO orders (id, buyer_id, seller_id, total_amount, status, created_at) 
                      VALUES ('4b8f6088-350f-4fe1-9266-9ddc153b5f9a', '1161fb73-809d-4954-a73a-738a9a1868f7', '5f552e5d-c288-453c-a685-b287e1c0c64a', 45, 'completed', '2026-02-18T17:48:00.000Z');
INSERT INTO order_items (id, order_id, product_id, quantity, unit_price, subtotal, created_at) 
                      VALUES ('0a35a9cb-677c-4dff-ad68-ff21106e6fe5', '4b8f6088-350f-4fe1-9266-9ddc153b5f9a', '90ccc3f8-627a-4af7-aab2-9c7967c2f50d', 1, 45, 45, '2026-02-18T17:48:00.000Z');
INSERT INTO audit_logs (id, action, user_id, description, level, created_at) 
                  VALUES ('ca02bf30-49e9-45d1-bcf6-27c054dbabcd', 'USER_LOGIN', '522afd0e-5b6f-4f57-be80-46fd79ba12db', 'Vendedor inició sesión para jornada', 'info', '2026-02-18T14:05:00.000Z');
INSERT INTO daily_sales (id, seller_id, sale_date, total_investment, total_revenue, units_sold, units_lost, total_waste_cost, is_closed) 
                  VALUES ('dfab35d5-4068-4453-a366-315d85c0d745', '522afd0e-5b6f-4f57-be80-46fd79ba12db', '2026-02-18', 156, 330, 11, 2, 24, true);
INSERT INTO sale_details (id, daily_sale_id, product_id, quantity_prepared, quantity_sold, quantity_lost, unit_cost, unit_price, waste_cost, waste_reason) 
                  VALUES ('315bea84-c186-4849-89a2-5696bde36169', 'dfab35d5-4068-4453-a366-315d85c0d745', 'c865d401-6592-418d-98d5-1aa633799680', 13, 11, 2, 12, 30, 24, 'expired');
INSERT INTO orders (id, buyer_id, seller_id, total_amount, status, created_at) 
                      VALUES ('d2c0094c-7e96-4990-8daa-e411659a8411', 'ac51e939-ec0b-40c3-b3e7-39711b12845a', '522afd0e-5b6f-4f57-be80-46fd79ba12db', 30, 'completed', '2026-02-18T21:28:00.000Z');
INSERT INTO order_items (id, order_id, product_id, quantity, unit_price, subtotal, created_at) 
                      VALUES ('a4781fea-3668-4040-98c2-72a6950df176', 'd2c0094c-7e96-4990-8daa-e411659a8411', 'c865d401-6592-418d-98d5-1aa633799680', 1, 30, 30, '2026-02-18T21:28:00.000Z');
INSERT INTO orders (id, buyer_id, seller_id, total_amount, status, created_at) 
                      VALUES ('52ce6412-aa56-4952-ba0f-df698c590d02', 'ac51e939-ec0b-40c3-b3e7-39711b12845a', '522afd0e-5b6f-4f57-be80-46fd79ba12db', 30, 'completed', '2026-02-18T16:55:00.000Z');
INSERT INTO order_items (id, order_id, product_id, quantity, unit_price, subtotal, created_at) 
                      VALUES ('8f706277-7cce-4193-a789-6b9d5d39d73f', '52ce6412-aa56-4952-ba0f-df698c590d02', 'c865d401-6592-418d-98d5-1aa633799680', 1, 30, 30, '2026-02-18T16:55:00.000Z');
INSERT INTO orders (id, buyer_id, seller_id, total_amount, status, created_at) 
                      VALUES ('48a2fb13-6ef7-4c6e-a681-7b0c9b0ea51f', '1161fb73-809d-4954-a73a-738a9a1868f7', '522afd0e-5b6f-4f57-be80-46fd79ba12db', 30, 'completed', '2026-02-18T18:49:00.000Z');
INSERT INTO order_items (id, order_id, product_id, quantity, unit_price, subtotal, created_at) 
                      VALUES ('01a84a70-35bd-4a2a-913a-1bb1d5866a59', '48a2fb13-6ef7-4c6e-a681-7b0c9b0ea51f', 'c865d401-6592-418d-98d5-1aa633799680', 1, 30, 30, '2026-02-18T18:49:00.000Z');
INSERT INTO orders (id, buyer_id, seller_id, total_amount, status, created_at) 
                      VALUES ('3607219b-45eb-46f5-ab9c-866a9374065f', 'aa9e3c8c-e997-4408-ac68-6265851f972d', '522afd0e-5b6f-4f57-be80-46fd79ba12db', 30, 'completed', '2026-02-18T17:29:00.000Z');
INSERT INTO order_items (id, order_id, product_id, quantity, unit_price, subtotal, created_at) 
                      VALUES ('39d2743a-95ba-42b5-9064-a3a44d4b7f12', '3607219b-45eb-46f5-ab9c-866a9374065f', 'c865d401-6592-418d-98d5-1aa633799680', 1, 30, 30, '2026-02-18T17:29:00.000Z');
INSERT INTO orders (id, buyer_id, seller_id, total_amount, status, created_at) 
                      VALUES ('ac1ee690-8c1e-4767-b766-91828dc5b357', '79768ab4-b021-418b-bf3c-0dd52f857b65', '522afd0e-5b6f-4f57-be80-46fd79ba12db', 30, 'completed', '2026-02-18T20:26:00.000Z');
INSERT INTO order_items (id, order_id, product_id, quantity, unit_price, subtotal, created_at) 
                      VALUES ('a5083673-67e7-4aa5-b95d-9fd7e7e3ee7b', 'ac1ee690-8c1e-4767-b766-91828dc5b357', 'c865d401-6592-418d-98d5-1aa633799680', 1, 30, 30, '2026-02-18T20:26:00.000Z');
INSERT INTO orders (id, buyer_id, seller_id, total_amount, status, created_at) 
                      VALUES ('4c670cef-1cf5-4e23-a0ba-78a24a0e76dc', 'aa9e3c8c-e997-4408-ac68-6265851f972d', '522afd0e-5b6f-4f57-be80-46fd79ba12db', 30, 'completed', '2026-02-18T19:02:00.000Z');
INSERT INTO order_items (id, order_id, product_id, quantity, unit_price, subtotal, created_at) 
                      VALUES ('4acbc747-199b-428f-86eb-1bea8e1bfe0b', '4c670cef-1cf5-4e23-a0ba-78a24a0e76dc', 'c865d401-6592-418d-98d5-1aa633799680', 1, 30, 30, '2026-02-18T19:02:00.000Z');
INSERT INTO orders (id, buyer_id, seller_id, total_amount, status, created_at) 
                      VALUES ('61a6cb93-8ee1-4f96-a34b-c2b6740f3986', '1161fb73-809d-4954-a73a-738a9a1868f7', '522afd0e-5b6f-4f57-be80-46fd79ba12db', 30, 'completed', '2026-02-18T20:19:00.000Z');
INSERT INTO order_items (id, order_id, product_id, quantity, unit_price, subtotal, created_at) 
                      VALUES ('87d0a617-9efb-48a2-a527-1ed7235b6696', '61a6cb93-8ee1-4f96-a34b-c2b6740f3986', 'c865d401-6592-418d-98d5-1aa633799680', 1, 30, 30, '2026-02-18T20:19:00.000Z');
INSERT INTO orders (id, buyer_id, seller_id, total_amount, status, created_at) 
                      VALUES ('2441c332-2748-4d08-83fc-e7d20053f7de', '79768ab4-b021-418b-bf3c-0dd52f857b65', '522afd0e-5b6f-4f57-be80-46fd79ba12db', 30, 'completed', '2026-02-18T20:00:00.000Z');
INSERT INTO order_items (id, order_id, product_id, quantity, unit_price, subtotal, created_at) 
                      VALUES ('5fbf94a1-3923-450e-a965-b46701d8d381', '2441c332-2748-4d08-83fc-e7d20053f7de', 'c865d401-6592-418d-98d5-1aa633799680', 1, 30, 30, '2026-02-18T20:00:00.000Z');
INSERT INTO orders (id, buyer_id, seller_id, total_amount, status, created_at) 
                      VALUES ('0d161c8c-4ddf-4189-a389-0bb517248a08', '233694a0-da98-4b19-8640-7b99f406554e', '522afd0e-5b6f-4f57-be80-46fd79ba12db', 30, 'completed', '2026-02-18T18:28:00.000Z');
INSERT INTO order_items (id, order_id, product_id, quantity, unit_price, subtotal, created_at) 
                      VALUES ('a574b390-1cce-4490-aefa-50bd17956ebf', '0d161c8c-4ddf-4189-a389-0bb517248a08', 'c865d401-6592-418d-98d5-1aa633799680', 1, 30, 30, '2026-02-18T18:28:00.000Z');
INSERT INTO orders (id, buyer_id, seller_id, total_amount, status, created_at) 
                      VALUES ('87049b67-05ad-491d-890b-8603d253d7ab', '6c8c4ad9-70e8-48cb-9ce8-5d01c349ffcc', '522afd0e-5b6f-4f57-be80-46fd79ba12db', 30, 'completed', '2026-02-18T18:00:00.000Z');
INSERT INTO order_items (id, order_id, product_id, quantity, unit_price, subtotal, created_at) 
                      VALUES ('a8c4e8b4-ba8f-4436-a12a-b1b0a80cb6eb', '87049b67-05ad-491d-890b-8603d253d7ab', 'c865d401-6592-418d-98d5-1aa633799680', 1, 30, 30, '2026-02-18T18:00:00.000Z');
INSERT INTO orders (id, buyer_id, seller_id, total_amount, status, created_at) 
                      VALUES ('84d5e647-6b1d-412d-8c10-15d696b491b2', 'ac51e939-ec0b-40c3-b3e7-39711b12845a', '522afd0e-5b6f-4f57-be80-46fd79ba12db', 30, 'completed', '2026-02-18T18:18:00.000Z');
INSERT INTO order_items (id, order_id, product_id, quantity, unit_price, subtotal, created_at) 
                      VALUES ('929bfd70-430c-43a8-8271-6a5b1a6eaf74', '84d5e647-6b1d-412d-8c10-15d696b491b2', 'c865d401-6592-418d-98d5-1aa633799680', 1, 30, 30, '2026-02-18T18:18:00.000Z');
INSERT INTO audit_logs (id, action, user_id, description, level, created_at) 
                  VALUES ('cfea217b-ee6a-44a0-8f32-694986827e56', 'USER_LOGIN', 'da273443-bae3-4781-ae4e-819d0c9d56a6', 'Vendedor inició sesión para jornada', 'info', '2026-02-18T14:09:00.000Z');
INSERT INTO daily_sales (id, seller_id, sale_date, total_investment, total_revenue, units_sold, units_lost, total_waste_cost, is_closed) 
                  VALUES ('9469f382-082f-45a6-86a8-6792fa4507ed', 'da273443-bae3-4781-ae4e-819d0c9d56a6', '2026-02-18', 80, 250, 10, 0, 0, true);
INSERT INTO sale_details (id, daily_sale_id, product_id, quantity_prepared, quantity_sold, quantity_lost, unit_cost, unit_price, waste_cost, waste_reason) 
                  VALUES ('585dd0a9-1f2d-4419-8875-f2627b79c9c2', '9469f382-082f-45a6-86a8-6792fa4507ed', 'ea84c406-f235-4e9c-b061-71ed9401e63b', 10, 10, 0, 8, 25, 0, 'expired');
INSERT INTO orders (id, buyer_id, seller_id, total_amount, status, created_at) 
                      VALUES ('2a9a6ed7-e079-47d6-a736-baf5af7cb2ef', '1161fb73-809d-4954-a73a-738a9a1868f7', 'da273443-bae3-4781-ae4e-819d0c9d56a6', 25, 'completed', '2026-02-18T16:19:00.000Z');
INSERT INTO order_items (id, order_id, product_id, quantity, unit_price, subtotal, created_at) 
                      VALUES ('c096abaa-e3ee-418d-9908-44cb22b0cdad', '2a9a6ed7-e079-47d6-a736-baf5af7cb2ef', 'ea84c406-f235-4e9c-b061-71ed9401e63b', 1, 25, 25, '2026-02-18T16:19:00.000Z');
INSERT INTO orders (id, buyer_id, seller_id, total_amount, status, created_at) 
                      VALUES ('00a7c935-5095-429b-a33a-f7c0fdad6a91', 'ac51e939-ec0b-40c3-b3e7-39711b12845a', 'da273443-bae3-4781-ae4e-819d0c9d56a6', 25, 'completed', '2026-02-18T20:30:00.000Z');
INSERT INTO order_items (id, order_id, product_id, quantity, unit_price, subtotal, created_at) 
                      VALUES ('48f1f1dd-a3b3-44a4-9140-cdb1e2c56811', '00a7c935-5095-429b-a33a-f7c0fdad6a91', 'ea84c406-f235-4e9c-b061-71ed9401e63b', 1, 25, 25, '2026-02-18T20:30:00.000Z');
INSERT INTO orders (id, buyer_id, seller_id, total_amount, status, created_at) 
                      VALUES ('c136194f-991c-4bd1-81d4-b8fa36a82956', '1161fb73-809d-4954-a73a-738a9a1868f7', 'da273443-bae3-4781-ae4e-819d0c9d56a6', 25, 'completed', '2026-02-18T16:49:00.000Z');
INSERT INTO order_items (id, order_id, product_id, quantity, unit_price, subtotal, created_at) 
                      VALUES ('35287ed4-4685-4923-bcad-3894e41490d4', 'c136194f-991c-4bd1-81d4-b8fa36a82956', 'ea84c406-f235-4e9c-b061-71ed9401e63b', 1, 25, 25, '2026-02-18T16:49:00.000Z');
INSERT INTO orders (id, buyer_id, seller_id, total_amount, status, created_at) 
                      VALUES ('a52a4e9a-a9a6-4c79-abbc-f75d463831cd', 'ac51e939-ec0b-40c3-b3e7-39711b12845a', 'da273443-bae3-4781-ae4e-819d0c9d56a6', 25, 'completed', '2026-02-18T16:05:00.000Z');
INSERT INTO order_items (id, order_id, product_id, quantity, unit_price, subtotal, created_at) 
                      VALUES ('68d21f04-3f52-49fd-a365-96bef87443d9', 'a52a4e9a-a9a6-4c79-abbc-f75d463831cd', 'ea84c406-f235-4e9c-b061-71ed9401e63b', 1, 25, 25, '2026-02-18T16:05:00.000Z');
INSERT INTO orders (id, buyer_id, seller_id, total_amount, status, created_at) 
                      VALUES ('606cadb8-667e-4b25-8e2e-e5326b368edc', '79768ab4-b021-418b-bf3c-0dd52f857b65', 'da273443-bae3-4781-ae4e-819d0c9d56a6', 25, 'completed', '2026-02-18T17:14:00.000Z');
INSERT INTO order_items (id, order_id, product_id, quantity, unit_price, subtotal, created_at) 
                      VALUES ('29f59186-7805-4f06-b0fd-30f65c783b68', '606cadb8-667e-4b25-8e2e-e5326b368edc', 'ea84c406-f235-4e9c-b061-71ed9401e63b', 1, 25, 25, '2026-02-18T17:14:00.000Z');
INSERT INTO orders (id, buyer_id, seller_id, total_amount, status, created_at) 
                      VALUES ('8b6e3dde-9cdd-446e-b5b4-d7a9aa2b020b', '1161fb73-809d-4954-a73a-738a9a1868f7', 'da273443-bae3-4781-ae4e-819d0c9d56a6', 25, 'completed', '2026-02-18T18:01:00.000Z');
INSERT INTO order_items (id, order_id, product_id, quantity, unit_price, subtotal, created_at) 
                      VALUES ('a45fbac2-df75-4c02-a005-b510dd770489', '8b6e3dde-9cdd-446e-b5b4-d7a9aa2b020b', 'ea84c406-f235-4e9c-b061-71ed9401e63b', 1, 25, 25, '2026-02-18T18:01:00.000Z');
INSERT INTO orders (id, buyer_id, seller_id, total_amount, status, created_at) 
                      VALUES ('9b16bc17-b7f3-4d52-aae0-6d8f9fde2d97', 'ac51e939-ec0b-40c3-b3e7-39711b12845a', 'da273443-bae3-4781-ae4e-819d0c9d56a6', 25, 'completed', '2026-02-18T19:16:00.000Z');
INSERT INTO order_items (id, order_id, product_id, quantity, unit_price, subtotal, created_at) 
                      VALUES ('dc067d75-00da-4f1a-87d0-176110ada5bb', '9b16bc17-b7f3-4d52-aae0-6d8f9fde2d97', 'ea84c406-f235-4e9c-b061-71ed9401e63b', 1, 25, 25, '2026-02-18T19:16:00.000Z');
INSERT INTO orders (id, buyer_id, seller_id, total_amount, status, created_at) 
                      VALUES ('25a4561f-5ca9-4e48-9b4d-f72ee9ddc12d', 'b03c172d-3388-458c-8054-b6ad7db24e27', 'da273443-bae3-4781-ae4e-819d0c9d56a6', 25, 'completed', '2026-02-18T19:17:00.000Z');
INSERT INTO order_items (id, order_id, product_id, quantity, unit_price, subtotal, created_at) 
                      VALUES ('8bb6c0c6-67d7-4279-b959-b1168b0797f9', '25a4561f-5ca9-4e48-9b4d-f72ee9ddc12d', 'ea84c406-f235-4e9c-b061-71ed9401e63b', 1, 25, 25, '2026-02-18T19:17:00.000Z');
INSERT INTO orders (id, buyer_id, seller_id, total_amount, status, created_at) 
                      VALUES ('8b6f190a-47ae-4219-82c6-0ff1d25b3efa', 'ac51e939-ec0b-40c3-b3e7-39711b12845a', 'da273443-bae3-4781-ae4e-819d0c9d56a6', 25, 'completed', '2026-02-18T17:36:00.000Z');
INSERT INTO order_items (id, order_id, product_id, quantity, unit_price, subtotal, created_at) 
                      VALUES ('812210f6-d75d-438e-bf38-bca2676aa9f0', '8b6f190a-47ae-4219-82c6-0ff1d25b3efa', 'ea84c406-f235-4e9c-b061-71ed9401e63b', 1, 25, 25, '2026-02-18T17:36:00.000Z');
INSERT INTO orders (id, buyer_id, seller_id, total_amount, status, created_at) 
                      VALUES ('3d5895be-0af7-4d02-8def-ec02c6d57198', 'ac51e939-ec0b-40c3-b3e7-39711b12845a', 'da273443-bae3-4781-ae4e-819d0c9d56a6', 25, 'completed', '2026-02-18T19:56:00.000Z');
INSERT INTO order_items (id, order_id, product_id, quantity, unit_price, subtotal, created_at) 
                      VALUES ('c34fb2d4-94dd-461c-aff6-bd8145fd4627', '3d5895be-0af7-4d02-8def-ec02c6d57198', 'ea84c406-f235-4e9c-b061-71ed9401e63b', 1, 25, 25, '2026-02-18T19:56:00.000Z');
INSERT INTO audit_logs (id, action, user_id, description, level, created_at) 
                  VALUES ('c098b872-b386-48c9-9ed1-c5ec94fbd8f5', 'USER_LOGIN', 'cdc7b576-3957-4e3f-9e87-6630e4ef1950', 'Vendedor inició sesión para jornada', 'info', '2026-02-18T14:04:00.000Z');
INSERT INTO daily_sales (id, seller_id, sale_date, total_investment, total_revenue, units_sold, units_lost, total_waste_cost, is_closed) 
                  VALUES ('f2a69689-c64a-458f-b810-41ad0c4cfa04', 'cdc7b576-3957-4e3f-9e87-6630e4ef1950', '2026-02-18', 350, 770, 14, 0, 0, true);
INSERT INTO sale_details (id, daily_sale_id, product_id, quantity_prepared, quantity_sold, quantity_lost, unit_cost, unit_price, waste_cost, waste_reason) 
                  VALUES ('d2b4028d-ac7d-4d4a-9df4-018dc428531e', 'f2a69689-c64a-458f-b810-41ad0c4cfa04', '49e54b55-6e07-407b-9dac-36e93e1f8aa2', 14, 14, 0, 25, 55, 0, 'expired');
INSERT INTO orders (id, buyer_id, seller_id, total_amount, status, created_at) 
                      VALUES ('553d7733-cefb-4560-bd21-1f83787781c3', '233694a0-da98-4b19-8640-7b99f406554e', 'cdc7b576-3957-4e3f-9e87-6630e4ef1950', 55, 'completed', '2026-02-18T17:14:00.000Z');
INSERT INTO order_items (id, order_id, product_id, quantity, unit_price, subtotal, created_at) 
                      VALUES ('6813ba09-73d2-48be-b89b-887fcbc0b669', '553d7733-cefb-4560-bd21-1f83787781c3', '49e54b55-6e07-407b-9dac-36e93e1f8aa2', 1, 55, 55, '2026-02-18T17:14:00.000Z');
INSERT INTO orders (id, buyer_id, seller_id, total_amount, status, created_at) 
                      VALUES ('bf514e11-c8ca-4334-94e5-2b53f8e8a399', '6c8c4ad9-70e8-48cb-9ce8-5d01c349ffcc', 'cdc7b576-3957-4e3f-9e87-6630e4ef1950', 55, 'completed', '2026-02-18T19:06:00.000Z');
INSERT INTO order_items (id, order_id, product_id, quantity, unit_price, subtotal, created_at) 
                      VALUES ('065fb1ce-9f08-493e-951e-2b2b33e4ebd7', 'bf514e11-c8ca-4334-94e5-2b53f8e8a399', '49e54b55-6e07-407b-9dac-36e93e1f8aa2', 1, 55, 55, '2026-02-18T19:06:00.000Z');
INSERT INTO orders (id, buyer_id, seller_id, total_amount, status, created_at) 
                      VALUES ('393bb3bd-7001-47a1-807c-1b9bc24b12a2', '1161fb73-809d-4954-a73a-738a9a1868f7', 'cdc7b576-3957-4e3f-9e87-6630e4ef1950', 55, 'completed', '2026-02-18T16:50:00.000Z');
INSERT INTO order_items (id, order_id, product_id, quantity, unit_price, subtotal, created_at) 
                      VALUES ('967cef98-6a32-499f-bc6d-7ff9ec24de3e', '393bb3bd-7001-47a1-807c-1b9bc24b12a2', '49e54b55-6e07-407b-9dac-36e93e1f8aa2', 1, 55, 55, '2026-02-18T16:50:00.000Z');
INSERT INTO orders (id, buyer_id, seller_id, total_amount, status, created_at) 
                      VALUES ('b275b00b-22a9-4463-b90f-aa42e474ef90', 'b03c172d-3388-458c-8054-b6ad7db24e27', 'cdc7b576-3957-4e3f-9e87-6630e4ef1950', 55, 'completed', '2026-02-18T19:25:00.000Z');
INSERT INTO order_items (id, order_id, product_id, quantity, unit_price, subtotal, created_at) 
                      VALUES ('a9905707-1c5c-428a-b32f-e1817949c999', 'b275b00b-22a9-4463-b90f-aa42e474ef90', '49e54b55-6e07-407b-9dac-36e93e1f8aa2', 1, 55, 55, '2026-02-18T19:25:00.000Z');
INSERT INTO orders (id, buyer_id, seller_id, total_amount, status, created_at) 
                      VALUES ('bff0d80e-da30-47d7-88ae-f186fee55228', 'ac51e939-ec0b-40c3-b3e7-39711b12845a', 'cdc7b576-3957-4e3f-9e87-6630e4ef1950', 55, 'completed', '2026-02-18T17:25:00.000Z');
INSERT INTO order_items (id, order_id, product_id, quantity, unit_price, subtotal, created_at) 
                      VALUES ('19c3cc36-52cb-40ab-a35a-68a428d4a0a6', 'bff0d80e-da30-47d7-88ae-f186fee55228', '49e54b55-6e07-407b-9dac-36e93e1f8aa2', 1, 55, 55, '2026-02-18T17:25:00.000Z');
INSERT INTO orders (id, buyer_id, seller_id, total_amount, status, created_at) 
                      VALUES ('103f5853-1a7d-45e3-8771-ba896199441d', '233694a0-da98-4b19-8640-7b99f406554e', 'cdc7b576-3957-4e3f-9e87-6630e4ef1950', 55, 'completed', '2026-02-18T21:51:00.000Z');
INSERT INTO order_items (id, order_id, product_id, quantity, unit_price, subtotal, created_at) 
                      VALUES ('d56048f9-deb6-4cf5-868c-21372ffc7987', '103f5853-1a7d-45e3-8771-ba896199441d', '49e54b55-6e07-407b-9dac-36e93e1f8aa2', 1, 55, 55, '2026-02-18T21:51:00.000Z');
INSERT INTO orders (id, buyer_id, seller_id, total_amount, status, created_at) 
                      VALUES ('8c7f4815-9407-43de-aa9c-6f88cfe81938', '1161fb73-809d-4954-a73a-738a9a1868f7', 'cdc7b576-3957-4e3f-9e87-6630e4ef1950', 55, 'completed', '2026-02-18T18:28:00.000Z');
INSERT INTO order_items (id, order_id, product_id, quantity, unit_price, subtotal, created_at) 
                      VALUES ('4dc56e00-2895-4ac1-8356-6c955e3058e3', '8c7f4815-9407-43de-aa9c-6f88cfe81938', '49e54b55-6e07-407b-9dac-36e93e1f8aa2', 1, 55, 55, '2026-02-18T18:28:00.000Z');
INSERT INTO orders (id, buyer_id, seller_id, total_amount, status, created_at) 
                      VALUES ('d3ceb4eb-1482-47f2-bee8-398315d3878b', '1161fb73-809d-4954-a73a-738a9a1868f7', 'cdc7b576-3957-4e3f-9e87-6630e4ef1950', 55, 'completed', '2026-02-18T17:27:00.000Z');
INSERT INTO order_items (id, order_id, product_id, quantity, unit_price, subtotal, created_at) 
                      VALUES ('9a7e610a-e35d-47fe-9bfa-ea1a71226de4', 'd3ceb4eb-1482-47f2-bee8-398315d3878b', '49e54b55-6e07-407b-9dac-36e93e1f8aa2', 1, 55, 55, '2026-02-18T17:27:00.000Z');
INSERT INTO orders (id, buyer_id, seller_id, total_amount, status, created_at) 
                      VALUES ('96a4afbc-2e6e-485f-990a-a744d2a3d0aa', '79768ab4-b021-418b-bf3c-0dd52f857b65', 'cdc7b576-3957-4e3f-9e87-6630e4ef1950', 55, 'completed', '2026-02-18T16:59:00.000Z');
INSERT INTO order_items (id, order_id, product_id, quantity, unit_price, subtotal, created_at) 
                      VALUES ('0638ec02-8047-4ecd-b7dc-2e555ad2b03c', '96a4afbc-2e6e-485f-990a-a744d2a3d0aa', '49e54b55-6e07-407b-9dac-36e93e1f8aa2', 1, 55, 55, '2026-02-18T16:59:00.000Z');
INSERT INTO orders (id, buyer_id, seller_id, total_amount, status, created_at) 
                      VALUES ('d85d0b29-4b90-4bae-a6d8-4b288c8e7029', 'ac51e939-ec0b-40c3-b3e7-39711b12845a', 'cdc7b576-3957-4e3f-9e87-6630e4ef1950', 55, 'completed', '2026-02-18T17:20:00.000Z');
INSERT INTO order_items (id, order_id, product_id, quantity, unit_price, subtotal, created_at) 
                      VALUES ('f01211e8-871e-4977-b7b9-84e4c5ac2c28', 'd85d0b29-4b90-4bae-a6d8-4b288c8e7029', '49e54b55-6e07-407b-9dac-36e93e1f8aa2', 1, 55, 55, '2026-02-18T17:20:00.000Z');
INSERT INTO orders (id, buyer_id, seller_id, total_amount, status, created_at) 
                      VALUES ('7a15bf11-7b01-4718-96e4-f1d8bccf8e05', 'ac51e939-ec0b-40c3-b3e7-39711b12845a', 'cdc7b576-3957-4e3f-9e87-6630e4ef1950', 55, 'completed', '2026-02-18T20:43:00.000Z');
INSERT INTO order_items (id, order_id, product_id, quantity, unit_price, subtotal, created_at) 
                      VALUES ('f828001f-3bb7-4b0d-96a4-ee89d6cd8939', '7a15bf11-7b01-4718-96e4-f1d8bccf8e05', '49e54b55-6e07-407b-9dac-36e93e1f8aa2', 1, 55, 55, '2026-02-18T20:43:00.000Z');
INSERT INTO orders (id, buyer_id, seller_id, total_amount, status, created_at) 
                      VALUES ('86fb2d5c-428f-4279-8eac-cce4413ef010', '233694a0-da98-4b19-8640-7b99f406554e', 'cdc7b576-3957-4e3f-9e87-6630e4ef1950', 55, 'completed', '2026-02-18T18:53:00.000Z');
INSERT INTO order_items (id, order_id, product_id, quantity, unit_price, subtotal, created_at) 
                      VALUES ('7f17db72-ef41-4bf5-af02-24d085453a7c', '86fb2d5c-428f-4279-8eac-cce4413ef010', '49e54b55-6e07-407b-9dac-36e93e1f8aa2', 1, 55, 55, '2026-02-18T18:53:00.000Z');
INSERT INTO orders (id, buyer_id, seller_id, total_amount, status, created_at) 
                      VALUES ('ace1841e-d8bb-4c6a-93d3-90c2585f5cef', '233694a0-da98-4b19-8640-7b99f406554e', 'cdc7b576-3957-4e3f-9e87-6630e4ef1950', 55, 'completed', '2026-02-18T18:50:00.000Z');
INSERT INTO order_items (id, order_id, product_id, quantity, unit_price, subtotal, created_at) 
                      VALUES ('7df77691-b3b0-43f6-bcf8-0f9d2ab90c22', 'ace1841e-d8bb-4c6a-93d3-90c2585f5cef', '49e54b55-6e07-407b-9dac-36e93e1f8aa2', 1, 55, 55, '2026-02-18T18:50:00.000Z');
INSERT INTO orders (id, buyer_id, seller_id, total_amount, status, created_at) 
                      VALUES ('5275affa-ebcd-4b25-a098-3e1f6098473a', '1161fb73-809d-4954-a73a-738a9a1868f7', 'cdc7b576-3957-4e3f-9e87-6630e4ef1950', 55, 'completed', '2026-02-18T18:38:00.000Z');
INSERT INTO order_items (id, order_id, product_id, quantity, unit_price, subtotal, created_at) 
                      VALUES ('8c3ec6fc-b193-4981-b512-72bfd7d8e772', '5275affa-ebcd-4b25-a098-3e1f6098473a', '49e54b55-6e07-407b-9dac-36e93e1f8aa2', 1, 55, 55, '2026-02-18T18:38:00.000Z');
INSERT INTO audit_logs (id, action, user_id, description, level, created_at) 
                  VALUES ('e8cd17f7-22aa-44e6-bdcf-03480f12d97e', 'USER_LOGIN', '6adabb60-eed5-4dd0-b80c-41983dd81404', 'Vendedor inició sesión para jornada', 'info', '2026-02-19T14:13:00.000Z');
INSERT INTO daily_sales (id, seller_id, sale_date, total_investment, total_revenue, units_sold, units_lost, total_waste_cost, is_closed) 
                  VALUES ('78102d88-f996-46dc-9110-e179041c15b9', '6adabb60-eed5-4dd0-b80c-41983dd81404', '2026-02-19', 440, 675, 9, 2, 80, true);
INSERT INTO sale_details (id, daily_sale_id, product_id, quantity_prepared, quantity_sold, quantity_lost, unit_cost, unit_price, waste_cost, waste_reason) 
                  VALUES ('97c86f2d-e58a-4183-91bd-aad5700e665d', '78102d88-f996-46dc-9110-e179041c15b9', 'cd4cb45a-05bc-4729-bb2a-06d122f369fc', 11, 9, 2, 40, 75, 80, 'expired');
INSERT INTO orders (id, buyer_id, seller_id, total_amount, status, created_at) 
                      VALUES ('2f2fe3b3-c823-4482-ab3f-85e88f1c4f0f', '6c8c4ad9-70e8-48cb-9ce8-5d01c349ffcc', '6adabb60-eed5-4dd0-b80c-41983dd81404', 75, 'completed', '2026-02-19T16:03:00.000Z');
INSERT INTO order_items (id, order_id, product_id, quantity, unit_price, subtotal, created_at) 
                      VALUES ('194a1db3-23f7-4bfc-bb44-728fd211521b', '2f2fe3b3-c823-4482-ab3f-85e88f1c4f0f', 'cd4cb45a-05bc-4729-bb2a-06d122f369fc', 1, 75, 75, '2026-02-19T16:03:00.000Z');
INSERT INTO orders (id, buyer_id, seller_id, total_amount, status, created_at) 
                      VALUES ('285a928c-5ca1-4534-8815-cacb7df111fc', '6c8c4ad9-70e8-48cb-9ce8-5d01c349ffcc', '6adabb60-eed5-4dd0-b80c-41983dd81404', 75, 'completed', '2026-02-19T20:58:00.000Z');
INSERT INTO order_items (id, order_id, product_id, quantity, unit_price, subtotal, created_at) 
                      VALUES ('1c2a109b-842c-4077-b479-58dba454753e', '285a928c-5ca1-4534-8815-cacb7df111fc', 'cd4cb45a-05bc-4729-bb2a-06d122f369fc', 1, 75, 75, '2026-02-19T20:58:00.000Z');
INSERT INTO orders (id, buyer_id, seller_id, total_amount, status, created_at) 
                      VALUES ('76ac263c-5105-4c41-b1f6-c8bc121d7b14', '6c8c4ad9-70e8-48cb-9ce8-5d01c349ffcc', '6adabb60-eed5-4dd0-b80c-41983dd81404', 75, 'completed', '2026-02-19T16:14:00.000Z');
INSERT INTO order_items (id, order_id, product_id, quantity, unit_price, subtotal, created_at) 
                      VALUES ('1bc21017-d21e-49c7-95be-e78b0ded0559', '76ac263c-5105-4c41-b1f6-c8bc121d7b14', 'cd4cb45a-05bc-4729-bb2a-06d122f369fc', 1, 75, 75, '2026-02-19T16:14:00.000Z');
INSERT INTO orders (id, buyer_id, seller_id, total_amount, status, created_at) 
                      VALUES ('5d8de665-7068-4d91-a7f1-354db82531ee', '79768ab4-b021-418b-bf3c-0dd52f857b65', '6adabb60-eed5-4dd0-b80c-41983dd81404', 75, 'completed', '2026-02-19T18:27:00.000Z');
INSERT INTO order_items (id, order_id, product_id, quantity, unit_price, subtotal, created_at) 
                      VALUES ('6c20577d-e72f-445c-be24-448017664308', '5d8de665-7068-4d91-a7f1-354db82531ee', 'cd4cb45a-05bc-4729-bb2a-06d122f369fc', 1, 75, 75, '2026-02-19T18:27:00.000Z');
INSERT INTO orders (id, buyer_id, seller_id, total_amount, status, created_at) 
                      VALUES ('9f68d663-1b44-47dd-9e69-0ef7873326cd', 'aa9e3c8c-e997-4408-ac68-6265851f972d', '6adabb60-eed5-4dd0-b80c-41983dd81404', 75, 'completed', '2026-02-19T19:49:00.000Z');
INSERT INTO order_items (id, order_id, product_id, quantity, unit_price, subtotal, created_at) 
                      VALUES ('4a1710f8-1f98-44b1-8674-d9ab7c76bcbf', '9f68d663-1b44-47dd-9e69-0ef7873326cd', 'cd4cb45a-05bc-4729-bb2a-06d122f369fc', 1, 75, 75, '2026-02-19T19:49:00.000Z');
INSERT INTO orders (id, buyer_id, seller_id, total_amount, status, created_at) 
                      VALUES ('f2990cfc-b00c-4df2-a937-ca62a7621457', '1161fb73-809d-4954-a73a-738a9a1868f7', '6adabb60-eed5-4dd0-b80c-41983dd81404', 75, 'completed', '2026-02-19T17:14:00.000Z');
INSERT INTO order_items (id, order_id, product_id, quantity, unit_price, subtotal, created_at) 
                      VALUES ('52a1c1ee-10d4-4738-8d6c-9ef95645de44', 'f2990cfc-b00c-4df2-a937-ca62a7621457', 'cd4cb45a-05bc-4729-bb2a-06d122f369fc', 1, 75, 75, '2026-02-19T17:14:00.000Z');
INSERT INTO orders (id, buyer_id, seller_id, total_amount, status, created_at) 
                      VALUES ('7dcb51c3-a74f-4697-b2ee-f717421a51d8', '6c8c4ad9-70e8-48cb-9ce8-5d01c349ffcc', '6adabb60-eed5-4dd0-b80c-41983dd81404', 75, 'completed', '2026-02-19T20:30:00.000Z');
INSERT INTO order_items (id, order_id, product_id, quantity, unit_price, subtotal, created_at) 
                      VALUES ('704c63dc-9700-42b8-b2ed-f8de6dc489e5', '7dcb51c3-a74f-4697-b2ee-f717421a51d8', 'cd4cb45a-05bc-4729-bb2a-06d122f369fc', 1, 75, 75, '2026-02-19T20:30:00.000Z');
INSERT INTO orders (id, buyer_id, seller_id, total_amount, status, created_at) 
                      VALUES ('6cdc6469-4a95-4940-9c75-158c3a7df586', '79768ab4-b021-418b-bf3c-0dd52f857b65', '6adabb60-eed5-4dd0-b80c-41983dd81404', 75, 'completed', '2026-02-19T18:13:00.000Z');
INSERT INTO order_items (id, order_id, product_id, quantity, unit_price, subtotal, created_at) 
                      VALUES ('80ea2f4c-6b15-4316-87c2-26c8e0228cac', '6cdc6469-4a95-4940-9c75-158c3a7df586', 'cd4cb45a-05bc-4729-bb2a-06d122f369fc', 1, 75, 75, '2026-02-19T18:13:00.000Z');
INSERT INTO orders (id, buyer_id, seller_id, total_amount, status, created_at) 
                      VALUES ('17cb9514-4eba-4a21-a528-f5d38ab76922', 'b03c172d-3388-458c-8054-b6ad7db24e27', '6adabb60-eed5-4dd0-b80c-41983dd81404', 75, 'completed', '2026-02-19T19:37:00.000Z');
INSERT INTO order_items (id, order_id, product_id, quantity, unit_price, subtotal, created_at) 
                      VALUES ('b2230114-ce26-42ba-8d26-dd5e20710907', '17cb9514-4eba-4a21-a528-f5d38ab76922', 'cd4cb45a-05bc-4729-bb2a-06d122f369fc', 1, 75, 75, '2026-02-19T19:37:00.000Z');
INSERT INTO audit_logs (id, action, user_id, description, level, created_at) 
                  VALUES ('fe6a0277-5a10-486f-80d8-ffa92e1b17ea', 'USER_LOGIN', '5f552e5d-c288-453c-a685-b287e1c0c64a', 'Vendedor inició sesión para jornada', 'info', '2026-02-19T14:12:00.000Z');
INSERT INTO daily_sales (id, seller_id, sale_date, total_investment, total_revenue, units_sold, units_lost, total_waste_cost, is_closed) 
                  VALUES ('1da733f7-4425-49d8-ba46-b6d202119206', '5f552e5d-c288-453c-a685-b287e1c0c64a', '2026-02-19', 240, 495, 11, 1, 20, true);
INSERT INTO sale_details (id, daily_sale_id, product_id, quantity_prepared, quantity_sold, quantity_lost, unit_cost, unit_price, waste_cost, waste_reason) 
                  VALUES ('bcdd28d0-d425-4817-be05-8fe5408ff924', '1da733f7-4425-49d8-ba46-b6d202119206', '90ccc3f8-627a-4af7-aab2-9c7967c2f50d', 12, 11, 1, 20, 45, 20, 'expired');
INSERT INTO orders (id, buyer_id, seller_id, total_amount, status, created_at) 
                      VALUES ('c49ac4f4-1c98-415a-8b7d-df3fc8a85eda', '233694a0-da98-4b19-8640-7b99f406554e', '5f552e5d-c288-453c-a685-b287e1c0c64a', 45, 'completed', '2026-02-19T21:23:00.000Z');
INSERT INTO order_items (id, order_id, product_id, quantity, unit_price, subtotal, created_at) 
                      VALUES ('d9649baa-3d92-4e64-84ac-a0c72bf79c13', 'c49ac4f4-1c98-415a-8b7d-df3fc8a85eda', '90ccc3f8-627a-4af7-aab2-9c7967c2f50d', 1, 45, 45, '2026-02-19T21:23:00.000Z');
INSERT INTO orders (id, buyer_id, seller_id, total_amount, status, created_at) 
                      VALUES ('aa2732ce-e0f5-4c56-a6c5-3e1cfa721840', '79768ab4-b021-418b-bf3c-0dd52f857b65', '5f552e5d-c288-453c-a685-b287e1c0c64a', 45, 'completed', '2026-02-19T19:37:00.000Z');
INSERT INTO order_items (id, order_id, product_id, quantity, unit_price, subtotal, created_at) 
                      VALUES ('dfbac500-4c71-4d9f-83c2-20da59ff67ec', 'aa2732ce-e0f5-4c56-a6c5-3e1cfa721840', '90ccc3f8-627a-4af7-aab2-9c7967c2f50d', 1, 45, 45, '2026-02-19T19:37:00.000Z');
INSERT INTO orders (id, buyer_id, seller_id, total_amount, status, created_at) 
                      VALUES ('5a7a7971-19a4-4906-9067-913224912b92', '6c8c4ad9-70e8-48cb-9ce8-5d01c349ffcc', '5f552e5d-c288-453c-a685-b287e1c0c64a', 45, 'completed', '2026-02-19T17:00:00.000Z');
INSERT INTO order_items (id, order_id, product_id, quantity, unit_price, subtotal, created_at) 
                      VALUES ('8ba462c8-3739-4a62-b9ee-038149d41470', '5a7a7971-19a4-4906-9067-913224912b92', '90ccc3f8-627a-4af7-aab2-9c7967c2f50d', 1, 45, 45, '2026-02-19T17:00:00.000Z');
INSERT INTO orders (id, buyer_id, seller_id, total_amount, status, created_at) 
                      VALUES ('a09ecace-e5c5-4c39-bbfb-961463bc4b7d', 'ac51e939-ec0b-40c3-b3e7-39711b12845a', '5f552e5d-c288-453c-a685-b287e1c0c64a', 45, 'completed', '2026-02-19T18:20:00.000Z');
INSERT INTO order_items (id, order_id, product_id, quantity, unit_price, subtotal, created_at) 
                      VALUES ('07134d95-c83a-4ad5-a71b-e87523da63be', 'a09ecace-e5c5-4c39-bbfb-961463bc4b7d', '90ccc3f8-627a-4af7-aab2-9c7967c2f50d', 1, 45, 45, '2026-02-19T18:20:00.000Z');
INSERT INTO orders (id, buyer_id, seller_id, total_amount, status, created_at) 
                      VALUES ('5aca8aa9-3dba-43af-a53f-1ce10d9bae00', '79768ab4-b021-418b-bf3c-0dd52f857b65', '5f552e5d-c288-453c-a685-b287e1c0c64a', 45, 'completed', '2026-02-19T16:47:00.000Z');
INSERT INTO order_items (id, order_id, product_id, quantity, unit_price, subtotal, created_at) 
                      VALUES ('82f2ea29-bcd3-4b4b-a5fe-34edc7a967dc', '5aca8aa9-3dba-43af-a53f-1ce10d9bae00', '90ccc3f8-627a-4af7-aab2-9c7967c2f50d', 1, 45, 45, '2026-02-19T16:47:00.000Z');
INSERT INTO orders (id, buyer_id, seller_id, total_amount, status, created_at) 
                      VALUES ('aa56695f-7e73-4a46-89cd-063d8024d9fd', 'ac51e939-ec0b-40c3-b3e7-39711b12845a', '5f552e5d-c288-453c-a685-b287e1c0c64a', 45, 'completed', '2026-02-19T19:48:00.000Z');
INSERT INTO order_items (id, order_id, product_id, quantity, unit_price, subtotal, created_at) 
                      VALUES ('272a7513-2de2-4320-9553-36b3cbca720d', 'aa56695f-7e73-4a46-89cd-063d8024d9fd', '90ccc3f8-627a-4af7-aab2-9c7967c2f50d', 1, 45, 45, '2026-02-19T19:48:00.000Z');
INSERT INTO orders (id, buyer_id, seller_id, total_amount, status, created_at) 
                      VALUES ('bca3e563-cbd1-49db-b9c0-cdecd5ffc3e7', 'ac51e939-ec0b-40c3-b3e7-39711b12845a', '5f552e5d-c288-453c-a685-b287e1c0c64a', 45, 'completed', '2026-02-19T21:28:00.000Z');
INSERT INTO order_items (id, order_id, product_id, quantity, unit_price, subtotal, created_at) 
                      VALUES ('a62797c6-9dd0-4735-8f2d-a7aafc7517ec', 'bca3e563-cbd1-49db-b9c0-cdecd5ffc3e7', '90ccc3f8-627a-4af7-aab2-9c7967c2f50d', 1, 45, 45, '2026-02-19T21:28:00.000Z');
INSERT INTO orders (id, buyer_id, seller_id, total_amount, status, created_at) 
                      VALUES ('59ce5634-241c-4379-b6c7-5112e40e68c0', 'aa9e3c8c-e997-4408-ac68-6265851f972d', '5f552e5d-c288-453c-a685-b287e1c0c64a', 45, 'completed', '2026-02-19T20:19:00.000Z');
INSERT INTO order_items (id, order_id, product_id, quantity, unit_price, subtotal, created_at) 
                      VALUES ('8927f291-6621-43e3-8955-111c69e7e571', '59ce5634-241c-4379-b6c7-5112e40e68c0', '90ccc3f8-627a-4af7-aab2-9c7967c2f50d', 1, 45, 45, '2026-02-19T20:19:00.000Z');
INSERT INTO orders (id, buyer_id, seller_id, total_amount, status, created_at) 
                      VALUES ('c6016fbe-8add-4891-b30d-b9eb28dde9c1', '233694a0-da98-4b19-8640-7b99f406554e', '5f552e5d-c288-453c-a685-b287e1c0c64a', 45, 'completed', '2026-02-19T18:06:00.000Z');
INSERT INTO order_items (id, order_id, product_id, quantity, unit_price, subtotal, created_at) 
                      VALUES ('e9cfea89-5787-4e6a-9f36-71d304cdb401', 'c6016fbe-8add-4891-b30d-b9eb28dde9c1', '90ccc3f8-627a-4af7-aab2-9c7967c2f50d', 1, 45, 45, '2026-02-19T18:06:00.000Z');
INSERT INTO orders (id, buyer_id, seller_id, total_amount, status, created_at) 
                      VALUES ('02d83a56-961d-4c40-bd85-a3dfcacbbe08', 'b03c172d-3388-458c-8054-b6ad7db24e27', '5f552e5d-c288-453c-a685-b287e1c0c64a', 45, 'completed', '2026-02-19T18:40:00.000Z');
INSERT INTO order_items (id, order_id, product_id, quantity, unit_price, subtotal, created_at) 
                      VALUES ('f15cce45-1694-4ad0-93c1-8d7d6e46520e', '02d83a56-961d-4c40-bd85-a3dfcacbbe08', '90ccc3f8-627a-4af7-aab2-9c7967c2f50d', 1, 45, 45, '2026-02-19T18:40:00.000Z');
INSERT INTO orders (id, buyer_id, seller_id, total_amount, status, created_at) 
                      VALUES ('58173eeb-a6f0-46e4-b4d0-bc1676d76ae5', '1161fb73-809d-4954-a73a-738a9a1868f7', '5f552e5d-c288-453c-a685-b287e1c0c64a', 45, 'completed', '2026-02-19T16:45:00.000Z');
INSERT INTO order_items (id, order_id, product_id, quantity, unit_price, subtotal, created_at) 
                      VALUES ('e6eede1a-f2ce-4cff-8457-2357a0c205c7', '58173eeb-a6f0-46e4-b4d0-bc1676d76ae5', '90ccc3f8-627a-4af7-aab2-9c7967c2f50d', 1, 45, 45, '2026-02-19T16:45:00.000Z');
INSERT INTO audit_logs (id, action, user_id, description, level, created_at) 
                  VALUES ('8688a2ab-0677-4d15-a1f1-57c905a344ad', 'USER_LOGIN', '522afd0e-5b6f-4f57-be80-46fd79ba12db', 'Vendedor inició sesión para jornada', 'info', '2026-02-19T14:14:00.000Z');
INSERT INTO daily_sales (id, seller_id, sale_date, total_investment, total_revenue, units_sold, units_lost, total_waste_cost, is_closed) 
                  VALUES ('97f1f198-e179-4884-a5d4-0ed0d5d80b41', '522afd0e-5b6f-4f57-be80-46fd79ba12db', '2026-02-19', 156, 390, 13, 0, 0, true);
INSERT INTO sale_details (id, daily_sale_id, product_id, quantity_prepared, quantity_sold, quantity_lost, unit_cost, unit_price, waste_cost, waste_reason) 
                  VALUES ('a96731bb-d2df-4fc8-8fea-2d9d8453e6cb', '97f1f198-e179-4884-a5d4-0ed0d5d80b41', 'c865d401-6592-418d-98d5-1aa633799680', 13, 13, 0, 12, 30, 0, 'expired');
INSERT INTO orders (id, buyer_id, seller_id, total_amount, status, created_at) 
                      VALUES ('317517ad-3af2-4fec-ad05-5daa721f53d2', 'ac51e939-ec0b-40c3-b3e7-39711b12845a', '522afd0e-5b6f-4f57-be80-46fd79ba12db', 30, 'completed', '2026-02-19T20:57:00.000Z');
INSERT INTO order_items (id, order_id, product_id, quantity, unit_price, subtotal, created_at) 
                      VALUES ('62ba50f7-796d-4a03-82c5-cc663c48f4c6', '317517ad-3af2-4fec-ad05-5daa721f53d2', 'c865d401-6592-418d-98d5-1aa633799680', 1, 30, 30, '2026-02-19T20:57:00.000Z');
INSERT INTO orders (id, buyer_id, seller_id, total_amount, status, created_at) 
                      VALUES ('53955130-ea90-4009-810b-4c525b90e3bf', 'aa9e3c8c-e997-4408-ac68-6265851f972d', '522afd0e-5b6f-4f57-be80-46fd79ba12db', 30, 'completed', '2026-02-19T21:46:00.000Z');
INSERT INTO order_items (id, order_id, product_id, quantity, unit_price, subtotal, created_at) 
                      VALUES ('624661bb-25e3-4ff8-a951-db7e09ec3623', '53955130-ea90-4009-810b-4c525b90e3bf', 'c865d401-6592-418d-98d5-1aa633799680', 1, 30, 30, '2026-02-19T21:46:00.000Z');
INSERT INTO orders (id, buyer_id, seller_id, total_amount, status, created_at) 
                      VALUES ('911c4ef7-2f5b-4610-938e-a3126113befe', 'b03c172d-3388-458c-8054-b6ad7db24e27', '522afd0e-5b6f-4f57-be80-46fd79ba12db', 30, 'completed', '2026-02-19T20:03:00.000Z');
INSERT INTO order_items (id, order_id, product_id, quantity, unit_price, subtotal, created_at) 
                      VALUES ('6d9baaa1-cf79-4106-ae08-0d79176671ea', '911c4ef7-2f5b-4610-938e-a3126113befe', 'c865d401-6592-418d-98d5-1aa633799680', 1, 30, 30, '2026-02-19T20:03:00.000Z');
INSERT INTO orders (id, buyer_id, seller_id, total_amount, status, created_at) 
                      VALUES ('6147c298-d289-4050-a725-85fdc6ed833d', 'b03c172d-3388-458c-8054-b6ad7db24e27', '522afd0e-5b6f-4f57-be80-46fd79ba12db', 30, 'completed', '2026-02-19T17:40:00.000Z');
INSERT INTO order_items (id, order_id, product_id, quantity, unit_price, subtotal, created_at) 
                      VALUES ('2d9bd0ff-644d-4c55-9876-39e7c8ab9df3', '6147c298-d289-4050-a725-85fdc6ed833d', 'c865d401-6592-418d-98d5-1aa633799680', 1, 30, 30, '2026-02-19T17:40:00.000Z');
INSERT INTO orders (id, buyer_id, seller_id, total_amount, status, created_at) 
                      VALUES ('999cddac-ccb1-4784-818c-8fc8044d31b8', 'b03c172d-3388-458c-8054-b6ad7db24e27', '522afd0e-5b6f-4f57-be80-46fd79ba12db', 30, 'completed', '2026-02-19T19:32:00.000Z');
INSERT INTO order_items (id, order_id, product_id, quantity, unit_price, subtotal, created_at) 
                      VALUES ('ec2dbfe2-27c7-405c-b52a-4dc823a0f965', '999cddac-ccb1-4784-818c-8fc8044d31b8', 'c865d401-6592-418d-98d5-1aa633799680', 1, 30, 30, '2026-02-19T19:32:00.000Z');
INSERT INTO orders (id, buyer_id, seller_id, total_amount, status, created_at) 
                      VALUES ('8c31bc2e-c0de-4f0b-a98b-aba7b52fb0a7', '233694a0-da98-4b19-8640-7b99f406554e', '522afd0e-5b6f-4f57-be80-46fd79ba12db', 30, 'completed', '2026-02-19T19:18:00.000Z');
INSERT INTO order_items (id, order_id, product_id, quantity, unit_price, subtotal, created_at) 
                      VALUES ('4145b816-397c-42c5-8ede-86cb74b74440', '8c31bc2e-c0de-4f0b-a98b-aba7b52fb0a7', 'c865d401-6592-418d-98d5-1aa633799680', 1, 30, 30, '2026-02-19T19:18:00.000Z');
INSERT INTO orders (id, buyer_id, seller_id, total_amount, status, created_at) 
                      VALUES ('3cd12319-3475-4cb7-98a1-23110ad7c139', '79768ab4-b021-418b-bf3c-0dd52f857b65', '522afd0e-5b6f-4f57-be80-46fd79ba12db', 30, 'completed', '2026-02-19T18:12:00.000Z');
INSERT INTO order_items (id, order_id, product_id, quantity, unit_price, subtotal, created_at) 
                      VALUES ('669c80a5-a2b7-4c84-a115-2a402c27e000', '3cd12319-3475-4cb7-98a1-23110ad7c139', 'c865d401-6592-418d-98d5-1aa633799680', 1, 30, 30, '2026-02-19T18:12:00.000Z');
INSERT INTO orders (id, buyer_id, seller_id, total_amount, status, created_at) 
                      VALUES ('53907ba9-588d-4493-ae34-0fa37fa7c2c1', 'ac51e939-ec0b-40c3-b3e7-39711b12845a', '522afd0e-5b6f-4f57-be80-46fd79ba12db', 30, 'completed', '2026-02-19T19:04:00.000Z');
INSERT INTO order_items (id, order_id, product_id, quantity, unit_price, subtotal, created_at) 
                      VALUES ('b31ffe0b-4182-4968-8d7b-b524a3ffe2a6', '53907ba9-588d-4493-ae34-0fa37fa7c2c1', 'c865d401-6592-418d-98d5-1aa633799680', 1, 30, 30, '2026-02-19T19:04:00.000Z');
INSERT INTO orders (id, buyer_id, seller_id, total_amount, status, created_at) 
                      VALUES ('3a7c736b-5b6d-4bd9-86fc-14a1b22a7187', '233694a0-da98-4b19-8640-7b99f406554e', '522afd0e-5b6f-4f57-be80-46fd79ba12db', 30, 'completed', '2026-02-19T16:43:00.000Z');
INSERT INTO order_items (id, order_id, product_id, quantity, unit_price, subtotal, created_at) 
                      VALUES ('31c58162-f6d0-421e-9229-e71b967b2c68', '3a7c736b-5b6d-4bd9-86fc-14a1b22a7187', 'c865d401-6592-418d-98d5-1aa633799680', 1, 30, 30, '2026-02-19T16:43:00.000Z');
INSERT INTO orders (id, buyer_id, seller_id, total_amount, status, created_at) 
                      VALUES ('b8444405-bc5e-479d-b230-dff497f14d48', 'aa9e3c8c-e997-4408-ac68-6265851f972d', '522afd0e-5b6f-4f57-be80-46fd79ba12db', 30, 'completed', '2026-02-19T19:56:00.000Z');
INSERT INTO order_items (id, order_id, product_id, quantity, unit_price, subtotal, created_at) 
                      VALUES ('a45e5ecf-21a4-4b2f-b573-bcd5ec093a4a', 'b8444405-bc5e-479d-b230-dff497f14d48', 'c865d401-6592-418d-98d5-1aa633799680', 1, 30, 30, '2026-02-19T19:56:00.000Z');
INSERT INTO orders (id, buyer_id, seller_id, total_amount, status, created_at) 
                      VALUES ('4188389d-f6de-4fb2-a995-f3bd6c518a95', '6c8c4ad9-70e8-48cb-9ce8-5d01c349ffcc', '522afd0e-5b6f-4f57-be80-46fd79ba12db', 30, 'completed', '2026-02-19T19:11:00.000Z');
INSERT INTO order_items (id, order_id, product_id, quantity, unit_price, subtotal, created_at) 
                      VALUES ('56a886f6-ac05-443f-8a6b-4d3a5dd168f9', '4188389d-f6de-4fb2-a995-f3bd6c518a95', 'c865d401-6592-418d-98d5-1aa633799680', 1, 30, 30, '2026-02-19T19:11:00.000Z');
INSERT INTO orders (id, buyer_id, seller_id, total_amount, status, created_at) 
                      VALUES ('0699d247-090b-4de1-93a3-a75403b2291a', '79768ab4-b021-418b-bf3c-0dd52f857b65', '522afd0e-5b6f-4f57-be80-46fd79ba12db', 30, 'completed', '2026-02-19T16:54:00.000Z');
INSERT INTO order_items (id, order_id, product_id, quantity, unit_price, subtotal, created_at) 
                      VALUES ('96759ac4-5f7a-4c31-b583-5905f1915cd1', '0699d247-090b-4de1-93a3-a75403b2291a', 'c865d401-6592-418d-98d5-1aa633799680', 1, 30, 30, '2026-02-19T16:54:00.000Z');
INSERT INTO orders (id, buyer_id, seller_id, total_amount, status, created_at) 
                      VALUES ('5f4a950d-eaa8-4ac6-ac67-d3efe2145b07', '1161fb73-809d-4954-a73a-738a9a1868f7', '522afd0e-5b6f-4f57-be80-46fd79ba12db', 30, 'completed', '2026-02-19T16:28:00.000Z');
INSERT INTO order_items (id, order_id, product_id, quantity, unit_price, subtotal, created_at) 
                      VALUES ('8ee1eeec-96f4-4551-b171-f4c8cc92e21e', '5f4a950d-eaa8-4ac6-ac67-d3efe2145b07', 'c865d401-6592-418d-98d5-1aa633799680', 1, 30, 30, '2026-02-19T16:28:00.000Z');
INSERT INTO audit_logs (id, action, user_id, description, level, created_at) 
                  VALUES ('f86cee35-5506-492a-bac9-a3524261419f', 'USER_LOGIN', 'da273443-bae3-4781-ae4e-819d0c9d56a6', 'Vendedor inició sesión para jornada', 'info', '2026-02-19T14:06:00.000Z');
INSERT INTO daily_sales (id, seller_id, sale_date, total_investment, total_revenue, units_sold, units_lost, total_waste_cost, is_closed) 
                  VALUES ('e10a9207-4db2-4a7c-8c02-35a443792604', 'da273443-bae3-4781-ae4e-819d0c9d56a6', '2026-02-19', 80, 225, 9, 1, 8, true);
INSERT INTO sale_details (id, daily_sale_id, product_id, quantity_prepared, quantity_sold, quantity_lost, unit_cost, unit_price, waste_cost, waste_reason) 
                  VALUES ('086163ba-90bb-4dce-8d33-3acabcfe61f0', 'e10a9207-4db2-4a7c-8c02-35a443792604', 'ea84c406-f235-4e9c-b061-71ed9401e63b', 10, 9, 1, 8, 25, 8, 'expired');
INSERT INTO orders (id, buyer_id, seller_id, total_amount, status, created_at) 
                      VALUES ('b7a004c0-a09a-425c-81f7-331cf0be3be4', 'aa9e3c8c-e997-4408-ac68-6265851f972d', 'da273443-bae3-4781-ae4e-819d0c9d56a6', 25, 'completed', '2026-02-19T17:26:00.000Z');
INSERT INTO order_items (id, order_id, product_id, quantity, unit_price, subtotal, created_at) 
                      VALUES ('b79b494b-ed8d-4f92-8616-95e31f26d271', 'b7a004c0-a09a-425c-81f7-331cf0be3be4', 'ea84c406-f235-4e9c-b061-71ed9401e63b', 1, 25, 25, '2026-02-19T17:26:00.000Z');
INSERT INTO orders (id, buyer_id, seller_id, total_amount, status, created_at) 
                      VALUES ('185213d6-4966-453d-8454-294d7524a23b', '6c8c4ad9-70e8-48cb-9ce8-5d01c349ffcc', 'da273443-bae3-4781-ae4e-819d0c9d56a6', 25, 'completed', '2026-02-19T20:43:00.000Z');
INSERT INTO order_items (id, order_id, product_id, quantity, unit_price, subtotal, created_at) 
                      VALUES ('872e95ea-924d-4610-bb15-640be87992f8', '185213d6-4966-453d-8454-294d7524a23b', 'ea84c406-f235-4e9c-b061-71ed9401e63b', 1, 25, 25, '2026-02-19T20:43:00.000Z');
INSERT INTO orders (id, buyer_id, seller_id, total_amount, status, created_at) 
                      VALUES ('99bad13e-5c42-4fbc-891c-37d6c4de8b65', 'aa9e3c8c-e997-4408-ac68-6265851f972d', 'da273443-bae3-4781-ae4e-819d0c9d56a6', 25, 'completed', '2026-02-19T17:45:00.000Z');
INSERT INTO order_items (id, order_id, product_id, quantity, unit_price, subtotal, created_at) 
                      VALUES ('585e7a25-674b-4e2e-b72a-9d60f628255f', '99bad13e-5c42-4fbc-891c-37d6c4de8b65', 'ea84c406-f235-4e9c-b061-71ed9401e63b', 1, 25, 25, '2026-02-19T17:45:00.000Z');
INSERT INTO orders (id, buyer_id, seller_id, total_amount, status, created_at) 
                      VALUES ('e1b65cca-8aae-4dd0-af60-5d8a76f9c3db', '6c8c4ad9-70e8-48cb-9ce8-5d01c349ffcc', 'da273443-bae3-4781-ae4e-819d0c9d56a6', 25, 'completed', '2026-02-19T21:36:00.000Z');
INSERT INTO order_items (id, order_id, product_id, quantity, unit_price, subtotal, created_at) 
                      VALUES ('d0ee52a2-1395-4cee-bcec-568cc1708e87', 'e1b65cca-8aae-4dd0-af60-5d8a76f9c3db', 'ea84c406-f235-4e9c-b061-71ed9401e63b', 1, 25, 25, '2026-02-19T21:36:00.000Z');
INSERT INTO orders (id, buyer_id, seller_id, total_amount, status, created_at) 
                      VALUES ('40c1ae9b-5c08-486a-9c6d-8e062f090617', '233694a0-da98-4b19-8640-7b99f406554e', 'da273443-bae3-4781-ae4e-819d0c9d56a6', 25, 'completed', '2026-02-19T18:39:00.000Z');
INSERT INTO order_items (id, order_id, product_id, quantity, unit_price, subtotal, created_at) 
                      VALUES ('23886b4f-fa5d-4705-8512-cf5e7d907dfc', '40c1ae9b-5c08-486a-9c6d-8e062f090617', 'ea84c406-f235-4e9c-b061-71ed9401e63b', 1, 25, 25, '2026-02-19T18:39:00.000Z');
INSERT INTO orders (id, buyer_id, seller_id, total_amount, status, created_at) 
                      VALUES ('9dde4c88-8a58-4baf-ad66-afd393393caa', '1161fb73-809d-4954-a73a-738a9a1868f7', 'da273443-bae3-4781-ae4e-819d0c9d56a6', 25, 'completed', '2026-02-19T21:42:00.000Z');
INSERT INTO order_items (id, order_id, product_id, quantity, unit_price, subtotal, created_at) 
                      VALUES ('5e0b6cd2-37cb-43bc-9432-14b67a2a5dd8', '9dde4c88-8a58-4baf-ad66-afd393393caa', 'ea84c406-f235-4e9c-b061-71ed9401e63b', 1, 25, 25, '2026-02-19T21:42:00.000Z');
INSERT INTO orders (id, buyer_id, seller_id, total_amount, status, created_at) 
                      VALUES ('a93de0f6-d9f9-442f-80e0-2146c7692f73', 'ac51e939-ec0b-40c3-b3e7-39711b12845a', 'da273443-bae3-4781-ae4e-819d0c9d56a6', 25, 'completed', '2026-02-19T17:44:00.000Z');
INSERT INTO order_items (id, order_id, product_id, quantity, unit_price, subtotal, created_at) 
                      VALUES ('01eefef3-d288-45bc-a5bc-5310a56af411', 'a93de0f6-d9f9-442f-80e0-2146c7692f73', 'ea84c406-f235-4e9c-b061-71ed9401e63b', 1, 25, 25, '2026-02-19T17:44:00.000Z');
INSERT INTO orders (id, buyer_id, seller_id, total_amount, status, created_at) 
                      VALUES ('5ff00c2d-41a3-45f8-91e3-0d2b287cb70e', '233694a0-da98-4b19-8640-7b99f406554e', 'da273443-bae3-4781-ae4e-819d0c9d56a6', 25, 'completed', '2026-02-19T20:01:00.000Z');
INSERT INTO order_items (id, order_id, product_id, quantity, unit_price, subtotal, created_at) 
                      VALUES ('8da91c40-b646-4fef-ba51-66c641bf3707', '5ff00c2d-41a3-45f8-91e3-0d2b287cb70e', 'ea84c406-f235-4e9c-b061-71ed9401e63b', 1, 25, 25, '2026-02-19T20:01:00.000Z');
INSERT INTO orders (id, buyer_id, seller_id, total_amount, status, created_at) 
                      VALUES ('bf1e5ddd-8db3-48cd-af9a-798cf8536dd7', 'aa9e3c8c-e997-4408-ac68-6265851f972d', 'da273443-bae3-4781-ae4e-819d0c9d56a6', 25, 'completed', '2026-02-19T16:43:00.000Z');
INSERT INTO order_items (id, order_id, product_id, quantity, unit_price, subtotal, created_at) 
                      VALUES ('fb9ea011-f0d6-4186-b15d-788af2d66e18', 'bf1e5ddd-8db3-48cd-af9a-798cf8536dd7', 'ea84c406-f235-4e9c-b061-71ed9401e63b', 1, 25, 25, '2026-02-19T16:43:00.000Z');
INSERT INTO audit_logs (id, action, user_id, description, level, created_at) 
                  VALUES ('c1f7ddf4-6050-4b33-8fa5-cf0bdbbe92f4', 'USER_LOGIN', 'cdc7b576-3957-4e3f-9e87-6630e4ef1950', 'Vendedor inició sesión para jornada', 'info', '2026-02-19T14:05:00.000Z');
INSERT INTO daily_sales (id, seller_id, sale_date, total_investment, total_revenue, units_sold, units_lost, total_waste_cost, is_closed) 
                  VALUES ('9cfb7c74-4d27-46b7-a94a-b233c755ef80', 'cdc7b576-3957-4e3f-9e87-6630e4ef1950', '2026-02-19', 275, 605, 11, 0, 0, true);
INSERT INTO sale_details (id, daily_sale_id, product_id, quantity_prepared, quantity_sold, quantity_lost, unit_cost, unit_price, waste_cost, waste_reason) 
                  VALUES ('c17c135c-0603-4293-b473-625b96e0f19b', '9cfb7c74-4d27-46b7-a94a-b233c755ef80', '49e54b55-6e07-407b-9dac-36e93e1f8aa2', 11, 11, 0, 25, 55, 0, 'expired');
INSERT INTO orders (id, buyer_id, seller_id, total_amount, status, created_at) 
                      VALUES ('075108d6-0438-4f64-83e2-aaefde17e92f', '1161fb73-809d-4954-a73a-738a9a1868f7', 'cdc7b576-3957-4e3f-9e87-6630e4ef1950', 55, 'completed', '2026-02-19T16:03:00.000Z');
INSERT INTO order_items (id, order_id, product_id, quantity, unit_price, subtotal, created_at) 
                      VALUES ('7c041450-d9f4-4647-9567-054aceec3f3a', '075108d6-0438-4f64-83e2-aaefde17e92f', '49e54b55-6e07-407b-9dac-36e93e1f8aa2', 1, 55, 55, '2026-02-19T16:03:00.000Z');
INSERT INTO orders (id, buyer_id, seller_id, total_amount, status, created_at) 
                      VALUES ('949291b1-b3e7-4bb6-9461-85dc4bc2fdfb', '79768ab4-b021-418b-bf3c-0dd52f857b65', 'cdc7b576-3957-4e3f-9e87-6630e4ef1950', 55, 'completed', '2026-02-19T20:26:00.000Z');
INSERT INTO order_items (id, order_id, product_id, quantity, unit_price, subtotal, created_at) 
                      VALUES ('169b172f-dc61-4f63-b290-ab7b391ea286', '949291b1-b3e7-4bb6-9461-85dc4bc2fdfb', '49e54b55-6e07-407b-9dac-36e93e1f8aa2', 1, 55, 55, '2026-02-19T20:26:00.000Z');
INSERT INTO orders (id, buyer_id, seller_id, total_amount, status, created_at) 
                      VALUES ('a08a3200-0ade-460f-99b0-5eccf967b8ab', 'ac51e939-ec0b-40c3-b3e7-39711b12845a', 'cdc7b576-3957-4e3f-9e87-6630e4ef1950', 55, 'completed', '2026-02-19T18:29:00.000Z');
INSERT INTO order_items (id, order_id, product_id, quantity, unit_price, subtotal, created_at) 
                      VALUES ('9a869e4b-d216-4ca4-a493-49bc481f5523', 'a08a3200-0ade-460f-99b0-5eccf967b8ab', '49e54b55-6e07-407b-9dac-36e93e1f8aa2', 1, 55, 55, '2026-02-19T18:29:00.000Z');
INSERT INTO orders (id, buyer_id, seller_id, total_amount, status, created_at) 
                      VALUES ('cf39f442-dfff-4a8c-9ff5-10fdd5300c88', 'b03c172d-3388-458c-8054-b6ad7db24e27', 'cdc7b576-3957-4e3f-9e87-6630e4ef1950', 55, 'completed', '2026-02-19T16:06:00.000Z');
INSERT INTO order_items (id, order_id, product_id, quantity, unit_price, subtotal, created_at) 
                      VALUES ('865728c5-1308-44f9-8c0e-e11db2488de9', 'cf39f442-dfff-4a8c-9ff5-10fdd5300c88', '49e54b55-6e07-407b-9dac-36e93e1f8aa2', 1, 55, 55, '2026-02-19T16:06:00.000Z');
INSERT INTO orders (id, buyer_id, seller_id, total_amount, status, created_at) 
                      VALUES ('7724818c-7ab8-4a04-a604-68df49cbbd36', '233694a0-da98-4b19-8640-7b99f406554e', 'cdc7b576-3957-4e3f-9e87-6630e4ef1950', 55, 'completed', '2026-02-19T20:06:00.000Z');
INSERT INTO order_items (id, order_id, product_id, quantity, unit_price, subtotal, created_at) 
                      VALUES ('19c5de7b-48ca-4b54-996f-2276372a4014', '7724818c-7ab8-4a04-a604-68df49cbbd36', '49e54b55-6e07-407b-9dac-36e93e1f8aa2', 1, 55, 55, '2026-02-19T20:06:00.000Z');
INSERT INTO orders (id, buyer_id, seller_id, total_amount, status, created_at) 
                      VALUES ('cfcd8271-6d26-4700-9978-4683db78389b', '6c8c4ad9-70e8-48cb-9ce8-5d01c349ffcc', 'cdc7b576-3957-4e3f-9e87-6630e4ef1950', 55, 'completed', '2026-02-19T19:02:00.000Z');
INSERT INTO order_items (id, order_id, product_id, quantity, unit_price, subtotal, created_at) 
                      VALUES ('691d7416-ba51-4f63-8417-b36754637c78', 'cfcd8271-6d26-4700-9978-4683db78389b', '49e54b55-6e07-407b-9dac-36e93e1f8aa2', 1, 55, 55, '2026-02-19T19:02:00.000Z');
INSERT INTO orders (id, buyer_id, seller_id, total_amount, status, created_at) 
                      VALUES ('a7275b3c-f2aa-4a75-8faf-cc4f790c9bdd', '6c8c4ad9-70e8-48cb-9ce8-5d01c349ffcc', 'cdc7b576-3957-4e3f-9e87-6630e4ef1950', 55, 'completed', '2026-02-19T18:41:00.000Z');
INSERT INTO order_items (id, order_id, product_id, quantity, unit_price, subtotal, created_at) 
                      VALUES ('1476cf19-077d-4340-a273-c32ca24627c0', 'a7275b3c-f2aa-4a75-8faf-cc4f790c9bdd', '49e54b55-6e07-407b-9dac-36e93e1f8aa2', 1, 55, 55, '2026-02-19T18:41:00.000Z');
INSERT INTO orders (id, buyer_id, seller_id, total_amount, status, created_at) 
                      VALUES ('69083165-2718-4277-8431-54afe47bbb69', '6c8c4ad9-70e8-48cb-9ce8-5d01c349ffcc', 'cdc7b576-3957-4e3f-9e87-6630e4ef1950', 55, 'completed', '2026-02-19T18:31:00.000Z');
INSERT INTO order_items (id, order_id, product_id, quantity, unit_price, subtotal, created_at) 
                      VALUES ('c96c8aa9-f61c-481f-87e5-a1b473c8b741', '69083165-2718-4277-8431-54afe47bbb69', '49e54b55-6e07-407b-9dac-36e93e1f8aa2', 1, 55, 55, '2026-02-19T18:31:00.000Z');
INSERT INTO orders (id, buyer_id, seller_id, total_amount, status, created_at) 
                      VALUES ('899a023c-57ce-4d26-9fbf-244da30b5694', '6c8c4ad9-70e8-48cb-9ce8-5d01c349ffcc', 'cdc7b576-3957-4e3f-9e87-6630e4ef1950', 55, 'completed', '2026-02-19T18:42:00.000Z');
INSERT INTO order_items (id, order_id, product_id, quantity, unit_price, subtotal, created_at) 
                      VALUES ('29e3980b-bac2-47d6-80f9-051de186ff2a', '899a023c-57ce-4d26-9fbf-244da30b5694', '49e54b55-6e07-407b-9dac-36e93e1f8aa2', 1, 55, 55, '2026-02-19T18:42:00.000Z');
INSERT INTO orders (id, buyer_id, seller_id, total_amount, status, created_at) 
                      VALUES ('26c0114b-69ed-4322-98e3-02fcaf8f7dd4', 'aa9e3c8c-e997-4408-ac68-6265851f972d', 'cdc7b576-3957-4e3f-9e87-6630e4ef1950', 55, 'completed', '2026-02-19T21:29:00.000Z');
INSERT INTO order_items (id, order_id, product_id, quantity, unit_price, subtotal, created_at) 
                      VALUES ('036fc326-157d-404b-a7bb-242edb884134', '26c0114b-69ed-4322-98e3-02fcaf8f7dd4', '49e54b55-6e07-407b-9dac-36e93e1f8aa2', 1, 55, 55, '2026-02-19T21:29:00.000Z');
INSERT INTO orders (id, buyer_id, seller_id, total_amount, status, created_at) 
                      VALUES ('bc298e54-9104-4cfa-afc4-9ef2a232692f', '1161fb73-809d-4954-a73a-738a9a1868f7', 'cdc7b576-3957-4e3f-9e87-6630e4ef1950', 55, 'completed', '2026-02-19T19:16:00.000Z');
INSERT INTO order_items (id, order_id, product_id, quantity, unit_price, subtotal, created_at) 
                      VALUES ('b4d6c9a4-36a3-49de-9d4c-92d68cad78b5', 'bc298e54-9104-4cfa-afc4-9ef2a232692f', '49e54b55-6e07-407b-9dac-36e93e1f8aa2', 1, 55, 55, '2026-02-19T19:16:00.000Z');
INSERT INTO audit_logs (id, action, user_id, description, level, created_at) 
                  VALUES ('afe94fa7-9cdf-4f22-b36b-320345a8057a', 'USER_LOGIN', '6adabb60-eed5-4dd0-b80c-41983dd81404', 'Vendedor inició sesión para jornada', 'info', '2026-02-20T14:07:00.000Z');
INSERT INTO daily_sales (id, seller_id, sale_date, total_investment, total_revenue, units_sold, units_lost, total_waste_cost, is_closed) 
                  VALUES ('00e0c29e-c212-4ffd-a453-34b1f6826304', '6adabb60-eed5-4dd0-b80c-41983dd81404', '2026-02-20', 480, 900, 12, 0, 0, true);
INSERT INTO sale_details (id, daily_sale_id, product_id, quantity_prepared, quantity_sold, quantity_lost, unit_cost, unit_price, waste_cost, waste_reason) 
                  VALUES ('7283f0c0-54ac-4154-99b6-f1c50e52b76a', '00e0c29e-c212-4ffd-a453-34b1f6826304', 'cd4cb45a-05bc-4729-bb2a-06d122f369fc', 12, 12, 0, 40, 75, 0, 'expired');
INSERT INTO orders (id, buyer_id, seller_id, total_amount, status, created_at) 
                      VALUES ('781c6fa8-24b8-4283-9f6d-3e58a6ffeeca', 'ac51e939-ec0b-40c3-b3e7-39711b12845a', '6adabb60-eed5-4dd0-b80c-41983dd81404', 75, 'completed', '2026-02-20T19:14:00.000Z');
INSERT INTO order_items (id, order_id, product_id, quantity, unit_price, subtotal, created_at) 
                      VALUES ('bb5d4316-ebe2-4ac0-9264-8c39a05d8e92', '781c6fa8-24b8-4283-9f6d-3e58a6ffeeca', 'cd4cb45a-05bc-4729-bb2a-06d122f369fc', 1, 75, 75, '2026-02-20T19:14:00.000Z');
INSERT INTO orders (id, buyer_id, seller_id, total_amount, status, created_at) 
                      VALUES ('8ec19c8a-d13a-4ddf-8532-0725c3f46dba', '6c8c4ad9-70e8-48cb-9ce8-5d01c349ffcc', '6adabb60-eed5-4dd0-b80c-41983dd81404', 75, 'completed', '2026-02-20T20:22:00.000Z');
INSERT INTO order_items (id, order_id, product_id, quantity, unit_price, subtotal, created_at) 
                      VALUES ('ea6cd56a-d979-4371-9de9-8a97f7f73b80', '8ec19c8a-d13a-4ddf-8532-0725c3f46dba', 'cd4cb45a-05bc-4729-bb2a-06d122f369fc', 1, 75, 75, '2026-02-20T20:22:00.000Z');
INSERT INTO orders (id, buyer_id, seller_id, total_amount, status, created_at) 
                      VALUES ('2529ea12-129e-4202-a28e-6b15881f3151', 'ac51e939-ec0b-40c3-b3e7-39711b12845a', '6adabb60-eed5-4dd0-b80c-41983dd81404', 75, 'completed', '2026-02-20T21:35:00.000Z');
INSERT INTO order_items (id, order_id, product_id, quantity, unit_price, subtotal, created_at) 
                      VALUES ('2923d829-e81f-4d91-bcd5-8d8c979e92d4', '2529ea12-129e-4202-a28e-6b15881f3151', 'cd4cb45a-05bc-4729-bb2a-06d122f369fc', 1, 75, 75, '2026-02-20T21:35:00.000Z');
INSERT INTO orders (id, buyer_id, seller_id, total_amount, status, created_at) 
                      VALUES ('a0e03d80-9181-4ee1-8ab3-19343b2f5cff', 'aa9e3c8c-e997-4408-ac68-6265851f972d', '6adabb60-eed5-4dd0-b80c-41983dd81404', 75, 'completed', '2026-02-20T19:01:00.000Z');
INSERT INTO order_items (id, order_id, product_id, quantity, unit_price, subtotal, created_at) 
                      VALUES ('9705096e-188d-490c-bdff-b59efda7b832', 'a0e03d80-9181-4ee1-8ab3-19343b2f5cff', 'cd4cb45a-05bc-4729-bb2a-06d122f369fc', 1, 75, 75, '2026-02-20T19:01:00.000Z');
INSERT INTO orders (id, buyer_id, seller_id, total_amount, status, created_at) 
                      VALUES ('436ab47e-c93f-4d0e-844e-d3e8a61a0415', '6c8c4ad9-70e8-48cb-9ce8-5d01c349ffcc', '6adabb60-eed5-4dd0-b80c-41983dd81404', 75, 'completed', '2026-02-20T19:57:00.000Z');
INSERT INTO order_items (id, order_id, product_id, quantity, unit_price, subtotal, created_at) 
                      VALUES ('9a6cf02f-b164-4f38-8952-5336a00ebb88', '436ab47e-c93f-4d0e-844e-d3e8a61a0415', 'cd4cb45a-05bc-4729-bb2a-06d122f369fc', 1, 75, 75, '2026-02-20T19:57:00.000Z');
INSERT INTO orders (id, buyer_id, seller_id, total_amount, status, created_at) 
                      VALUES ('0642d040-07d8-440b-b160-302352ffaa76', '1161fb73-809d-4954-a73a-738a9a1868f7', '6adabb60-eed5-4dd0-b80c-41983dd81404', 75, 'completed', '2026-02-20T18:26:00.000Z');
INSERT INTO order_items (id, order_id, product_id, quantity, unit_price, subtotal, created_at) 
                      VALUES ('c95a0b56-1920-4dd8-a64c-64d651dd1667', '0642d040-07d8-440b-b160-302352ffaa76', 'cd4cb45a-05bc-4729-bb2a-06d122f369fc', 1, 75, 75, '2026-02-20T18:26:00.000Z');
INSERT INTO orders (id, buyer_id, seller_id, total_amount, status, created_at) 
                      VALUES ('c8f54d05-87b3-4f06-a64c-84741413da12', 'aa9e3c8c-e997-4408-ac68-6265851f972d', '6adabb60-eed5-4dd0-b80c-41983dd81404', 75, 'completed', '2026-02-20T19:23:00.000Z');
INSERT INTO order_items (id, order_id, product_id, quantity, unit_price, subtotal, created_at) 
                      VALUES ('f4f22ce6-87bd-4640-9a02-dfc8db3173b2', 'c8f54d05-87b3-4f06-a64c-84741413da12', 'cd4cb45a-05bc-4729-bb2a-06d122f369fc', 1, 75, 75, '2026-02-20T19:23:00.000Z');
INSERT INTO orders (id, buyer_id, seller_id, total_amount, status, created_at) 
                      VALUES ('fda99ace-6e90-49ce-b69b-75a4e1815a59', '79768ab4-b021-418b-bf3c-0dd52f857b65', '6adabb60-eed5-4dd0-b80c-41983dd81404', 75, 'completed', '2026-02-20T18:50:00.000Z');
INSERT INTO order_items (id, order_id, product_id, quantity, unit_price, subtotal, created_at) 
                      VALUES ('cb5822fc-6549-4080-a935-5559cb026675', 'fda99ace-6e90-49ce-b69b-75a4e1815a59', 'cd4cb45a-05bc-4729-bb2a-06d122f369fc', 1, 75, 75, '2026-02-20T18:50:00.000Z');
INSERT INTO orders (id, buyer_id, seller_id, total_amount, status, created_at) 
                      VALUES ('36961431-50ce-4afd-95b9-a4804e03fe70', 'b03c172d-3388-458c-8054-b6ad7db24e27', '6adabb60-eed5-4dd0-b80c-41983dd81404', 75, 'completed', '2026-02-20T17:46:00.000Z');
INSERT INTO order_items (id, order_id, product_id, quantity, unit_price, subtotal, created_at) 
                      VALUES ('a54b8730-496b-49ca-a66f-36bced1c374f', '36961431-50ce-4afd-95b9-a4804e03fe70', 'cd4cb45a-05bc-4729-bb2a-06d122f369fc', 1, 75, 75, '2026-02-20T17:46:00.000Z');
INSERT INTO orders (id, buyer_id, seller_id, total_amount, status, created_at) 
                      VALUES ('bde6c86f-e555-48f2-b7a0-7db4f1df4058', 'aa9e3c8c-e997-4408-ac68-6265851f972d', '6adabb60-eed5-4dd0-b80c-41983dd81404', 75, 'completed', '2026-02-20T17:46:00.000Z');
INSERT INTO order_items (id, order_id, product_id, quantity, unit_price, subtotal, created_at) 
                      VALUES ('45b80cac-fc41-47c8-a068-1359b87b4062', 'bde6c86f-e555-48f2-b7a0-7db4f1df4058', 'cd4cb45a-05bc-4729-bb2a-06d122f369fc', 1, 75, 75, '2026-02-20T17:46:00.000Z');
INSERT INTO orders (id, buyer_id, seller_id, total_amount, status, created_at) 
                      VALUES ('d135b40e-274e-4c0c-bad6-692a9e5ac2ef', '233694a0-da98-4b19-8640-7b99f406554e', '6adabb60-eed5-4dd0-b80c-41983dd81404', 75, 'completed', '2026-02-20T21:12:00.000Z');
INSERT INTO order_items (id, order_id, product_id, quantity, unit_price, subtotal, created_at) 
                      VALUES ('7e06a87a-f88f-4eb4-ab9a-ef503757f105', 'd135b40e-274e-4c0c-bad6-692a9e5ac2ef', 'cd4cb45a-05bc-4729-bb2a-06d122f369fc', 1, 75, 75, '2026-02-20T21:12:00.000Z');
INSERT INTO orders (id, buyer_id, seller_id, total_amount, status, created_at) 
                      VALUES ('e9ff8115-9e2e-4522-9418-5a4a03dddd47', 'aa9e3c8c-e997-4408-ac68-6265851f972d', '6adabb60-eed5-4dd0-b80c-41983dd81404', 75, 'completed', '2026-02-20T16:18:00.000Z');
INSERT INTO order_items (id, order_id, product_id, quantity, unit_price, subtotal, created_at) 
                      VALUES ('4be09c62-1afb-4e4b-977d-5a6a6cb0be16', 'e9ff8115-9e2e-4522-9418-5a4a03dddd47', 'cd4cb45a-05bc-4729-bb2a-06d122f369fc', 1, 75, 75, '2026-02-20T16:18:00.000Z');
INSERT INTO audit_logs (id, action, user_id, description, level, created_at) 
                  VALUES ('6ddeb93b-b9d1-4f49-85e8-122fb0a348fe', 'USER_LOGIN', '5f552e5d-c288-453c-a685-b287e1c0c64a', 'Vendedor inició sesión para jornada', 'info', '2026-02-20T14:26:00.000Z');
INSERT INTO daily_sales (id, seller_id, sale_date, total_investment, total_revenue, units_sold, units_lost, total_waste_cost, is_closed) 
                  VALUES ('49204e98-2667-4c4f-8e4d-390e3aad732a', '5f552e5d-c288-453c-a685-b287e1c0c64a', '2026-02-20', 280, 540, 12, 2, 40, true);
INSERT INTO sale_details (id, daily_sale_id, product_id, quantity_prepared, quantity_sold, quantity_lost, unit_cost, unit_price, waste_cost, waste_reason) 
                  VALUES ('0fca87f8-7498-4fc3-a5b2-dbaf0835d479', '49204e98-2667-4c4f-8e4d-390e3aad732a', '90ccc3f8-627a-4af7-aab2-9c7967c2f50d', 14, 12, 2, 20, 45, 40, 'expired');
INSERT INTO orders (id, buyer_id, seller_id, total_amount, status, created_at) 
                      VALUES ('09a6054f-fc60-445e-a09e-04fd61eb7cc0', '79768ab4-b021-418b-bf3c-0dd52f857b65', '5f552e5d-c288-453c-a685-b287e1c0c64a', 45, 'completed', '2026-02-20T20:20:00.000Z');
INSERT INTO order_items (id, order_id, product_id, quantity, unit_price, subtotal, created_at) 
                      VALUES ('8eb65112-e21f-4cd6-adaf-69bd986239be', '09a6054f-fc60-445e-a09e-04fd61eb7cc0', '90ccc3f8-627a-4af7-aab2-9c7967c2f50d', 1, 45, 45, '2026-02-20T20:20:00.000Z');
INSERT INTO orders (id, buyer_id, seller_id, total_amount, status, created_at) 
                      VALUES ('e661d4b6-df33-4c5a-9b64-6bfa49be5a4b', 'aa9e3c8c-e997-4408-ac68-6265851f972d', '5f552e5d-c288-453c-a685-b287e1c0c64a', 45, 'completed', '2026-02-20T17:06:00.000Z');
INSERT INTO order_items (id, order_id, product_id, quantity, unit_price, subtotal, created_at) 
                      VALUES ('318370f0-161f-4f96-b021-62e676f81133', 'e661d4b6-df33-4c5a-9b64-6bfa49be5a4b', '90ccc3f8-627a-4af7-aab2-9c7967c2f50d', 1, 45, 45, '2026-02-20T17:06:00.000Z');
INSERT INTO orders (id, buyer_id, seller_id, total_amount, status, created_at) 
                      VALUES ('7e7005b0-5ebc-471d-a50e-03cfdd95c738', '1161fb73-809d-4954-a73a-738a9a1868f7', '5f552e5d-c288-453c-a685-b287e1c0c64a', 45, 'completed', '2026-02-20T19:10:00.000Z');
INSERT INTO order_items (id, order_id, product_id, quantity, unit_price, subtotal, created_at) 
                      VALUES ('86272653-2486-43ad-b265-ae72dcb5416d', '7e7005b0-5ebc-471d-a50e-03cfdd95c738', '90ccc3f8-627a-4af7-aab2-9c7967c2f50d', 1, 45, 45, '2026-02-20T19:10:00.000Z');
INSERT INTO orders (id, buyer_id, seller_id, total_amount, status, created_at) 
                      VALUES ('1c7cb5f9-a39c-4ca0-a500-93c6ea752824', '233694a0-da98-4b19-8640-7b99f406554e', '5f552e5d-c288-453c-a685-b287e1c0c64a', 45, 'completed', '2026-02-20T20:35:00.000Z');
INSERT INTO order_items (id, order_id, product_id, quantity, unit_price, subtotal, created_at) 
                      VALUES ('4ec9596f-0165-4425-95fa-d4e5ab69f7a9', '1c7cb5f9-a39c-4ca0-a500-93c6ea752824', '90ccc3f8-627a-4af7-aab2-9c7967c2f50d', 1, 45, 45, '2026-02-20T20:35:00.000Z');
INSERT INTO orders (id, buyer_id, seller_id, total_amount, status, created_at) 
                      VALUES ('065ce9b4-65a2-4636-838e-ef33b45a0555', 'ac51e939-ec0b-40c3-b3e7-39711b12845a', '5f552e5d-c288-453c-a685-b287e1c0c64a', 45, 'completed', '2026-02-20T20:16:00.000Z');
INSERT INTO order_items (id, order_id, product_id, quantity, unit_price, subtotal, created_at) 
                      VALUES ('c8ddf246-a188-4e08-9ec5-a9097433d787', '065ce9b4-65a2-4636-838e-ef33b45a0555', '90ccc3f8-627a-4af7-aab2-9c7967c2f50d', 1, 45, 45, '2026-02-20T20:16:00.000Z');
INSERT INTO orders (id, buyer_id, seller_id, total_amount, status, created_at) 
                      VALUES ('c54a59ac-3870-4b4b-8417-6ab61959bad8', '79768ab4-b021-418b-bf3c-0dd52f857b65', '5f552e5d-c288-453c-a685-b287e1c0c64a', 45, 'completed', '2026-02-20T17:24:00.000Z');
INSERT INTO order_items (id, order_id, product_id, quantity, unit_price, subtotal, created_at) 
                      VALUES ('f624c2ac-2444-4070-b30f-ea4d9909af7c', 'c54a59ac-3870-4b4b-8417-6ab61959bad8', '90ccc3f8-627a-4af7-aab2-9c7967c2f50d', 1, 45, 45, '2026-02-20T17:24:00.000Z');
INSERT INTO orders (id, buyer_id, seller_id, total_amount, status, created_at) 
                      VALUES ('30c01fe3-daa9-49b1-a0b1-2ed3bfd9df9f', '79768ab4-b021-418b-bf3c-0dd52f857b65', '5f552e5d-c288-453c-a685-b287e1c0c64a', 45, 'completed', '2026-02-20T17:46:00.000Z');
INSERT INTO order_items (id, order_id, product_id, quantity, unit_price, subtotal, created_at) 
                      VALUES ('050a0d68-cf7a-44b3-971b-02f6252d96d6', '30c01fe3-daa9-49b1-a0b1-2ed3bfd9df9f', '90ccc3f8-627a-4af7-aab2-9c7967c2f50d', 1, 45, 45, '2026-02-20T17:46:00.000Z');
INSERT INTO orders (id, buyer_id, seller_id, total_amount, status, created_at) 
                      VALUES ('7a4402a8-aaf4-46d6-97dc-33339b7856ba', '1161fb73-809d-4954-a73a-738a9a1868f7', '5f552e5d-c288-453c-a685-b287e1c0c64a', 45, 'completed', '2026-02-20T21:03:00.000Z');
INSERT INTO order_items (id, order_id, product_id, quantity, unit_price, subtotal, created_at) 
                      VALUES ('aa1b5caa-448b-4830-8bef-b116f1602054', '7a4402a8-aaf4-46d6-97dc-33339b7856ba', '90ccc3f8-627a-4af7-aab2-9c7967c2f50d', 1, 45, 45, '2026-02-20T21:03:00.000Z');
INSERT INTO orders (id, buyer_id, seller_id, total_amount, status, created_at) 
                      VALUES ('d9c15292-2b88-461b-90f9-127f38f1d779', '233694a0-da98-4b19-8640-7b99f406554e', '5f552e5d-c288-453c-a685-b287e1c0c64a', 45, 'completed', '2026-02-20T16:04:00.000Z');
INSERT INTO order_items (id, order_id, product_id, quantity, unit_price, subtotal, created_at) 
                      VALUES ('a3d781d8-3940-4e44-a547-f7d475d4e5e5', 'd9c15292-2b88-461b-90f9-127f38f1d779', '90ccc3f8-627a-4af7-aab2-9c7967c2f50d', 1, 45, 45, '2026-02-20T16:04:00.000Z');
INSERT INTO orders (id, buyer_id, seller_id, total_amount, status, created_at) 
                      VALUES ('d838b28e-a6dc-40ae-ae62-00b2aea463f7', '6c8c4ad9-70e8-48cb-9ce8-5d01c349ffcc', '5f552e5d-c288-453c-a685-b287e1c0c64a', 45, 'completed', '2026-02-20T17:27:00.000Z');
INSERT INTO order_items (id, order_id, product_id, quantity, unit_price, subtotal, created_at) 
                      VALUES ('7c58b4d5-93c5-4f47-b0ae-bbfdca635e1b', 'd838b28e-a6dc-40ae-ae62-00b2aea463f7', '90ccc3f8-627a-4af7-aab2-9c7967c2f50d', 1, 45, 45, '2026-02-20T17:27:00.000Z');
INSERT INTO orders (id, buyer_id, seller_id, total_amount, status, created_at) 
                      VALUES ('83df2f63-328e-401e-9394-d709fd7038fd', 'ac51e939-ec0b-40c3-b3e7-39711b12845a', '5f552e5d-c288-453c-a685-b287e1c0c64a', 45, 'completed', '2026-02-20T19:21:00.000Z');
INSERT INTO order_items (id, order_id, product_id, quantity, unit_price, subtotal, created_at) 
                      VALUES ('6488d521-de0d-4b5f-85ec-939fda7d5c73', '83df2f63-328e-401e-9394-d709fd7038fd', '90ccc3f8-627a-4af7-aab2-9c7967c2f50d', 1, 45, 45, '2026-02-20T19:21:00.000Z');
INSERT INTO orders (id, buyer_id, seller_id, total_amount, status, created_at) 
                      VALUES ('54eaad42-1400-4b4a-974a-6d0dd788f5f6', '1161fb73-809d-4954-a73a-738a9a1868f7', '5f552e5d-c288-453c-a685-b287e1c0c64a', 45, 'completed', '2026-02-20T18:42:00.000Z');
INSERT INTO order_items (id, order_id, product_id, quantity, unit_price, subtotal, created_at) 
                      VALUES ('c416dca2-c782-445a-92bd-55109c5a668c', '54eaad42-1400-4b4a-974a-6d0dd788f5f6', '90ccc3f8-627a-4af7-aab2-9c7967c2f50d', 1, 45, 45, '2026-02-20T18:42:00.000Z');
INSERT INTO audit_logs (id, action, user_id, description, level, created_at) 
                  VALUES ('968ec5e1-24d1-4371-964e-4f003cf054c6', 'USER_LOGIN', '522afd0e-5b6f-4f57-be80-46fd79ba12db', 'Vendedor inició sesión para jornada', 'info', '2026-02-20T14:15:00.000Z');
INSERT INTO daily_sales (id, seller_id, sale_date, total_investment, total_revenue, units_sold, units_lost, total_waste_cost, is_closed) 
                  VALUES ('b70cc08c-1668-420f-a800-470be6a13f98', '522afd0e-5b6f-4f57-be80-46fd79ba12db', '2026-02-20', 120, 240, 8, 2, 24, true);
INSERT INTO sale_details (id, daily_sale_id, product_id, quantity_prepared, quantity_sold, quantity_lost, unit_cost, unit_price, waste_cost, waste_reason) 
                  VALUES ('065c7a47-b1d5-4fdf-848e-2d8ea78e8ed0', 'b70cc08c-1668-420f-a800-470be6a13f98', 'c865d401-6592-418d-98d5-1aa633799680', 10, 8, 2, 12, 30, 24, 'expired');
INSERT INTO orders (id, buyer_id, seller_id, total_amount, status, created_at) 
                      VALUES ('c8fa1e42-17e2-41ed-a1bc-91e048e61f27', 'ac51e939-ec0b-40c3-b3e7-39711b12845a', '522afd0e-5b6f-4f57-be80-46fd79ba12db', 30, 'completed', '2026-02-20T19:51:00.000Z');
INSERT INTO order_items (id, order_id, product_id, quantity, unit_price, subtotal, created_at) 
                      VALUES ('30b78848-0cae-474e-b63a-b753e1f57900', 'c8fa1e42-17e2-41ed-a1bc-91e048e61f27', 'c865d401-6592-418d-98d5-1aa633799680', 1, 30, 30, '2026-02-20T19:51:00.000Z');
INSERT INTO orders (id, buyer_id, seller_id, total_amount, status, created_at) 
                      VALUES ('6343cb87-d047-4d8a-9986-41130452c219', 'b03c172d-3388-458c-8054-b6ad7db24e27', '522afd0e-5b6f-4f57-be80-46fd79ba12db', 30, 'completed', '2026-02-20T17:17:00.000Z');
INSERT INTO order_items (id, order_id, product_id, quantity, unit_price, subtotal, created_at) 
                      VALUES ('6138625b-2660-4a99-aa47-be716147344f', '6343cb87-d047-4d8a-9986-41130452c219', 'c865d401-6592-418d-98d5-1aa633799680', 1, 30, 30, '2026-02-20T17:17:00.000Z');
INSERT INTO orders (id, buyer_id, seller_id, total_amount, status, created_at) 
                      VALUES ('eaccde8a-ecc7-4039-a74f-174d5c800a4d', '233694a0-da98-4b19-8640-7b99f406554e', '522afd0e-5b6f-4f57-be80-46fd79ba12db', 30, 'completed', '2026-02-20T17:24:00.000Z');
INSERT INTO order_items (id, order_id, product_id, quantity, unit_price, subtotal, created_at) 
                      VALUES ('a9e5cf1b-a34d-4c45-9cc1-71e054286b9e', 'eaccde8a-ecc7-4039-a74f-174d5c800a4d', 'c865d401-6592-418d-98d5-1aa633799680', 1, 30, 30, '2026-02-20T17:24:00.000Z');
INSERT INTO orders (id, buyer_id, seller_id, total_amount, status, created_at) 
                      VALUES ('1039ea28-1d29-44c9-be7e-081928fc5984', 'b03c172d-3388-458c-8054-b6ad7db24e27', '522afd0e-5b6f-4f57-be80-46fd79ba12db', 30, 'completed', '2026-02-20T16:35:00.000Z');
INSERT INTO order_items (id, order_id, product_id, quantity, unit_price, subtotal, created_at) 
                      VALUES ('debe8a4c-87ff-4bd7-a003-0f5e3e4891cf', '1039ea28-1d29-44c9-be7e-081928fc5984', 'c865d401-6592-418d-98d5-1aa633799680', 1, 30, 30, '2026-02-20T16:35:00.000Z');
INSERT INTO orders (id, buyer_id, seller_id, total_amount, status, created_at) 
                      VALUES ('8a46c871-c51f-42ee-96e5-0ba0c667b5f4', '6c8c4ad9-70e8-48cb-9ce8-5d01c349ffcc', '522afd0e-5b6f-4f57-be80-46fd79ba12db', 30, 'completed', '2026-02-20T20:24:00.000Z');
INSERT INTO order_items (id, order_id, product_id, quantity, unit_price, subtotal, created_at) 
                      VALUES ('b2d066b8-2dfb-488e-be9f-c590b545cd0e', '8a46c871-c51f-42ee-96e5-0ba0c667b5f4', 'c865d401-6592-418d-98d5-1aa633799680', 1, 30, 30, '2026-02-20T20:24:00.000Z');
INSERT INTO orders (id, buyer_id, seller_id, total_amount, status, created_at) 
                      VALUES ('900d7f8c-390d-491c-8a59-4525d42ccd2c', 'b03c172d-3388-458c-8054-b6ad7db24e27', '522afd0e-5b6f-4f57-be80-46fd79ba12db', 30, 'completed', '2026-02-20T16:26:00.000Z');
INSERT INTO order_items (id, order_id, product_id, quantity, unit_price, subtotal, created_at) 
                      VALUES ('57974eef-8805-4bef-8ff0-79a9b3ff0850', '900d7f8c-390d-491c-8a59-4525d42ccd2c', 'c865d401-6592-418d-98d5-1aa633799680', 1, 30, 30, '2026-02-20T16:26:00.000Z');
INSERT INTO orders (id, buyer_id, seller_id, total_amount, status, created_at) 
                      VALUES ('dd5b6c12-181f-4f34-9b29-ba23f77f6ce8', 'aa9e3c8c-e997-4408-ac68-6265851f972d', '522afd0e-5b6f-4f57-be80-46fd79ba12db', 30, 'completed', '2026-02-20T17:39:00.000Z');
INSERT INTO order_items (id, order_id, product_id, quantity, unit_price, subtotal, created_at) 
                      VALUES ('50ff0311-2888-4b4f-b23e-aff887ac463e', 'dd5b6c12-181f-4f34-9b29-ba23f77f6ce8', 'c865d401-6592-418d-98d5-1aa633799680', 1, 30, 30, '2026-02-20T17:39:00.000Z');
INSERT INTO orders (id, buyer_id, seller_id, total_amount, status, created_at) 
                      VALUES ('356419f5-6665-44c9-a0eb-fdc1c171a561', '79768ab4-b021-418b-bf3c-0dd52f857b65', '522afd0e-5b6f-4f57-be80-46fd79ba12db', 30, 'completed', '2026-02-20T20:56:00.000Z');
INSERT INTO order_items (id, order_id, product_id, quantity, unit_price, subtotal, created_at) 
                      VALUES ('1ebc3c9a-528b-4cfa-9904-6b9b08a09f72', '356419f5-6665-44c9-a0eb-fdc1c171a561', 'c865d401-6592-418d-98d5-1aa633799680', 1, 30, 30, '2026-02-20T20:56:00.000Z');
INSERT INTO audit_logs (id, action, user_id, description, level, created_at) 
                  VALUES ('2b709f65-82d4-4bed-b5e0-954de0669ed9', 'USER_LOGIN', 'da273443-bae3-4781-ae4e-819d0c9d56a6', 'Vendedor inició sesión para jornada', 'info', '2026-02-20T14:16:00.000Z');
INSERT INTO daily_sales (id, seller_id, sale_date, total_investment, total_revenue, units_sold, units_lost, total_waste_cost, is_closed) 
                  VALUES ('3a90a058-91e5-4d5e-adf6-e0461e248fd7', 'da273443-bae3-4781-ae4e-819d0c9d56a6', '2026-02-20', 104, 300, 12, 1, 8, true);
INSERT INTO sale_details (id, daily_sale_id, product_id, quantity_prepared, quantity_sold, quantity_lost, unit_cost, unit_price, waste_cost, waste_reason) 
                  VALUES ('b549c7b8-f312-4504-8c8c-cdc37457cec6', '3a90a058-91e5-4d5e-adf6-e0461e248fd7', 'ea84c406-f235-4e9c-b061-71ed9401e63b', 13, 12, 1, 8, 25, 8, 'expired');
INSERT INTO orders (id, buyer_id, seller_id, total_amount, status, created_at) 
                      VALUES ('2c7322be-246e-47ec-9862-131226fdb1c2', '1161fb73-809d-4954-a73a-738a9a1868f7', 'da273443-bae3-4781-ae4e-819d0c9d56a6', 25, 'completed', '2026-02-20T19:19:00.000Z');
INSERT INTO order_items (id, order_id, product_id, quantity, unit_price, subtotal, created_at) 
                      VALUES ('893d81dc-0623-48cb-ac8a-ec76315707f1', '2c7322be-246e-47ec-9862-131226fdb1c2', 'ea84c406-f235-4e9c-b061-71ed9401e63b', 1, 25, 25, '2026-02-20T19:19:00.000Z');
INSERT INTO orders (id, buyer_id, seller_id, total_amount, status, created_at) 
                      VALUES ('b6219772-32a8-4ce9-be35-5dcfac422512', 'aa9e3c8c-e997-4408-ac68-6265851f972d', 'da273443-bae3-4781-ae4e-819d0c9d56a6', 25, 'completed', '2026-02-20T18:46:00.000Z');
INSERT INTO order_items (id, order_id, product_id, quantity, unit_price, subtotal, created_at) 
                      VALUES ('a2c001ee-68b3-4827-807a-83f2c2110c7f', 'b6219772-32a8-4ce9-be35-5dcfac422512', 'ea84c406-f235-4e9c-b061-71ed9401e63b', 1, 25, 25, '2026-02-20T18:46:00.000Z');
INSERT INTO orders (id, buyer_id, seller_id, total_amount, status, created_at) 
                      VALUES ('6db5776f-3087-4d0a-b4d9-2c25e2debf51', '233694a0-da98-4b19-8640-7b99f406554e', 'da273443-bae3-4781-ae4e-819d0c9d56a6', 25, 'completed', '2026-02-20T19:30:00.000Z');
INSERT INTO order_items (id, order_id, product_id, quantity, unit_price, subtotal, created_at) 
                      VALUES ('f1726125-59f6-42d1-b32c-a4c43ae26d3f', '6db5776f-3087-4d0a-b4d9-2c25e2debf51', 'ea84c406-f235-4e9c-b061-71ed9401e63b', 1, 25, 25, '2026-02-20T19:30:00.000Z');
INSERT INTO orders (id, buyer_id, seller_id, total_amount, status, created_at) 
                      VALUES ('334ee791-fdd8-4971-91cb-ccb585545933', 'aa9e3c8c-e997-4408-ac68-6265851f972d', 'da273443-bae3-4781-ae4e-819d0c9d56a6', 25, 'completed', '2026-02-20T21:21:00.000Z');
INSERT INTO order_items (id, order_id, product_id, quantity, unit_price, subtotal, created_at) 
                      VALUES ('e057db19-1675-425a-9851-27c577d71b48', '334ee791-fdd8-4971-91cb-ccb585545933', 'ea84c406-f235-4e9c-b061-71ed9401e63b', 1, 25, 25, '2026-02-20T21:21:00.000Z');
INSERT INTO orders (id, buyer_id, seller_id, total_amount, status, created_at) 
                      VALUES ('9b64ec3e-1e3b-47fd-a9e5-af1c4d3b3d2b', 'ac51e939-ec0b-40c3-b3e7-39711b12845a', 'da273443-bae3-4781-ae4e-819d0c9d56a6', 25, 'completed', '2026-02-20T19:14:00.000Z');
INSERT INTO order_items (id, order_id, product_id, quantity, unit_price, subtotal, created_at) 
                      VALUES ('532e08cc-8656-4ee0-8683-7d9591521df2', '9b64ec3e-1e3b-47fd-a9e5-af1c4d3b3d2b', 'ea84c406-f235-4e9c-b061-71ed9401e63b', 1, 25, 25, '2026-02-20T19:14:00.000Z');
INSERT INTO orders (id, buyer_id, seller_id, total_amount, status, created_at) 
                      VALUES ('014d9114-feb1-4b3f-97f0-a1953e89630f', 'aa9e3c8c-e997-4408-ac68-6265851f972d', 'da273443-bae3-4781-ae4e-819d0c9d56a6', 25, 'completed', '2026-02-20T16:00:00.000Z');
INSERT INTO order_items (id, order_id, product_id, quantity, unit_price, subtotal, created_at) 
                      VALUES ('49aa2cdd-876e-4050-bae5-cb7c952ff6eb', '014d9114-feb1-4b3f-97f0-a1953e89630f', 'ea84c406-f235-4e9c-b061-71ed9401e63b', 1, 25, 25, '2026-02-20T16:00:00.000Z');
INSERT INTO orders (id, buyer_id, seller_id, total_amount, status, created_at) 
                      VALUES ('314f441b-acf9-4b06-a06b-ae4a989d8d0c', 'b03c172d-3388-458c-8054-b6ad7db24e27', 'da273443-bae3-4781-ae4e-819d0c9d56a6', 25, 'completed', '2026-02-20T19:34:00.000Z');
INSERT INTO order_items (id, order_id, product_id, quantity, unit_price, subtotal, created_at) 
                      VALUES ('1c6ec384-4850-419a-8780-011d36359f32', '314f441b-acf9-4b06-a06b-ae4a989d8d0c', 'ea84c406-f235-4e9c-b061-71ed9401e63b', 1, 25, 25, '2026-02-20T19:34:00.000Z');
INSERT INTO orders (id, buyer_id, seller_id, total_amount, status, created_at) 
                      VALUES ('906e2bea-be83-4a35-89ff-3aa4faa8508f', '1161fb73-809d-4954-a73a-738a9a1868f7', 'da273443-bae3-4781-ae4e-819d0c9d56a6', 25, 'completed', '2026-02-20T18:08:00.000Z');
INSERT INTO order_items (id, order_id, product_id, quantity, unit_price, subtotal, created_at) 
                      VALUES ('a7cd765a-4d61-41c4-916c-aacf71f1e29a', '906e2bea-be83-4a35-89ff-3aa4faa8508f', 'ea84c406-f235-4e9c-b061-71ed9401e63b', 1, 25, 25, '2026-02-20T18:08:00.000Z');
INSERT INTO orders (id, buyer_id, seller_id, total_amount, status, created_at) 
                      VALUES ('e2fe849e-1587-4cac-ad82-ec4551fcfc88', '233694a0-da98-4b19-8640-7b99f406554e', 'da273443-bae3-4781-ae4e-819d0c9d56a6', 25, 'completed', '2026-02-20T19:59:00.000Z');
INSERT INTO order_items (id, order_id, product_id, quantity, unit_price, subtotal, created_at) 
                      VALUES ('ea34f239-442b-4afe-83b9-0d7b27c48b8f', 'e2fe849e-1587-4cac-ad82-ec4551fcfc88', 'ea84c406-f235-4e9c-b061-71ed9401e63b', 1, 25, 25, '2026-02-20T19:59:00.000Z');
INSERT INTO orders (id, buyer_id, seller_id, total_amount, status, created_at) 
                      VALUES ('181fd536-71e4-4c89-9fcd-ff4c912bee88', '1161fb73-809d-4954-a73a-738a9a1868f7', 'da273443-bae3-4781-ae4e-819d0c9d56a6', 25, 'completed', '2026-02-20T16:27:00.000Z');
INSERT INTO order_items (id, order_id, product_id, quantity, unit_price, subtotal, created_at) 
                      VALUES ('f664b5e6-8de8-4a15-8815-dc30c9bab419', '181fd536-71e4-4c89-9fcd-ff4c912bee88', 'ea84c406-f235-4e9c-b061-71ed9401e63b', 1, 25, 25, '2026-02-20T16:27:00.000Z');
INSERT INTO orders (id, buyer_id, seller_id, total_amount, status, created_at) 
                      VALUES ('9b5020d3-0a8d-49d9-92b2-6f1a656c0455', '6c8c4ad9-70e8-48cb-9ce8-5d01c349ffcc', 'da273443-bae3-4781-ae4e-819d0c9d56a6', 25, 'completed', '2026-02-20T20:04:00.000Z');
INSERT INTO order_items (id, order_id, product_id, quantity, unit_price, subtotal, created_at) 
                      VALUES ('f2e088dc-6631-474d-8370-212f6f74261b', '9b5020d3-0a8d-49d9-92b2-6f1a656c0455', 'ea84c406-f235-4e9c-b061-71ed9401e63b', 1, 25, 25, '2026-02-20T20:04:00.000Z');
INSERT INTO orders (id, buyer_id, seller_id, total_amount, status, created_at) 
                      VALUES ('395e4941-14a1-401e-b2e0-16d39cd75b49', 'aa9e3c8c-e997-4408-ac68-6265851f972d', 'da273443-bae3-4781-ae4e-819d0c9d56a6', 25, 'completed', '2026-02-20T19:37:00.000Z');
INSERT INTO order_items (id, order_id, product_id, quantity, unit_price, subtotal, created_at) 
                      VALUES ('618af1d6-ee4f-4545-bba8-623287c03c9d', '395e4941-14a1-401e-b2e0-16d39cd75b49', 'ea84c406-f235-4e9c-b061-71ed9401e63b', 1, 25, 25, '2026-02-20T19:37:00.000Z');
INSERT INTO audit_logs (id, action, user_id, description, level, created_at) 
                  VALUES ('e5d63e5b-987c-4510-b487-8ebd82194f1f', 'USER_LOGIN', 'cdc7b576-3957-4e3f-9e87-6630e4ef1950', 'Vendedor inició sesión para jornada', 'info', '2026-02-20T14:14:00.000Z');
INSERT INTO daily_sales (id, seller_id, sale_date, total_investment, total_revenue, units_sold, units_lost, total_waste_cost, is_closed) 
                  VALUES ('31cc903c-17ca-4a7b-990e-4fb454d99010', 'cdc7b576-3957-4e3f-9e87-6630e4ef1950', '2026-02-20', 325, 660, 12, 1, 25, true);
INSERT INTO sale_details (id, daily_sale_id, product_id, quantity_prepared, quantity_sold, quantity_lost, unit_cost, unit_price, waste_cost, waste_reason) 
                  VALUES ('66f7129a-f41b-46c2-9149-b6e341ad7cfe', '31cc903c-17ca-4a7b-990e-4fb454d99010', '49e54b55-6e07-407b-9dac-36e93e1f8aa2', 13, 12, 1, 25, 55, 25, 'expired');
INSERT INTO orders (id, buyer_id, seller_id, total_amount, status, created_at) 
                      VALUES ('586dce7f-be59-4161-8db1-3305c11d1031', '1161fb73-809d-4954-a73a-738a9a1868f7', 'cdc7b576-3957-4e3f-9e87-6630e4ef1950', 55, 'completed', '2026-02-20T19:00:00.000Z');
INSERT INTO order_items (id, order_id, product_id, quantity, unit_price, subtotal, created_at) 
                      VALUES ('515fbbb4-3940-416a-931b-7388ef54c202', '586dce7f-be59-4161-8db1-3305c11d1031', '49e54b55-6e07-407b-9dac-36e93e1f8aa2', 1, 55, 55, '2026-02-20T19:00:00.000Z');
INSERT INTO orders (id, buyer_id, seller_id, total_amount, status, created_at) 
                      VALUES ('db52bf58-f31f-45b2-b41c-f470efa8a261', '233694a0-da98-4b19-8640-7b99f406554e', 'cdc7b576-3957-4e3f-9e87-6630e4ef1950', 55, 'completed', '2026-02-20T18:48:00.000Z');
INSERT INTO order_items (id, order_id, product_id, quantity, unit_price, subtotal, created_at) 
                      VALUES ('1dd19cbb-b9ac-4dae-b566-55b026b24918', 'db52bf58-f31f-45b2-b41c-f470efa8a261', '49e54b55-6e07-407b-9dac-36e93e1f8aa2', 1, 55, 55, '2026-02-20T18:48:00.000Z');
INSERT INTO orders (id, buyer_id, seller_id, total_amount, status, created_at) 
                      VALUES ('d04a0d08-872e-4bd7-a7d2-ec62aa91e6a9', 'b03c172d-3388-458c-8054-b6ad7db24e27', 'cdc7b576-3957-4e3f-9e87-6630e4ef1950', 55, 'completed', '2026-02-20T16:17:00.000Z');
INSERT INTO order_items (id, order_id, product_id, quantity, unit_price, subtotal, created_at) 
                      VALUES ('028da834-b506-4f12-ac38-dbe080d481ff', 'd04a0d08-872e-4bd7-a7d2-ec62aa91e6a9', '49e54b55-6e07-407b-9dac-36e93e1f8aa2', 1, 55, 55, '2026-02-20T16:17:00.000Z');
INSERT INTO orders (id, buyer_id, seller_id, total_amount, status, created_at) 
                      VALUES ('9ac1b333-eeaa-4fd9-88a3-6fe0893c9565', '79768ab4-b021-418b-bf3c-0dd52f857b65', 'cdc7b576-3957-4e3f-9e87-6630e4ef1950', 55, 'completed', '2026-02-20T16:14:00.000Z');
INSERT INTO order_items (id, order_id, product_id, quantity, unit_price, subtotal, created_at) 
                      VALUES ('63fb95ea-d24e-4876-a43c-544b9a018eb0', '9ac1b333-eeaa-4fd9-88a3-6fe0893c9565', '49e54b55-6e07-407b-9dac-36e93e1f8aa2', 1, 55, 55, '2026-02-20T16:14:00.000Z');
INSERT INTO orders (id, buyer_id, seller_id, total_amount, status, created_at) 
                      VALUES ('97e4a186-6735-44f6-9a80-5bc2d9608652', 'ac51e939-ec0b-40c3-b3e7-39711b12845a', 'cdc7b576-3957-4e3f-9e87-6630e4ef1950', 55, 'completed', '2026-02-20T18:21:00.000Z');
INSERT INTO order_items (id, order_id, product_id, quantity, unit_price, subtotal, created_at) 
                      VALUES ('d290e4ea-5afb-4a42-8beb-3c9f81b1692b', '97e4a186-6735-44f6-9a80-5bc2d9608652', '49e54b55-6e07-407b-9dac-36e93e1f8aa2', 1, 55, 55, '2026-02-20T18:21:00.000Z');
INSERT INTO orders (id, buyer_id, seller_id, total_amount, status, created_at) 
                      VALUES ('5b5f1412-77fb-421a-b5e6-e232845aff1e', '1161fb73-809d-4954-a73a-738a9a1868f7', 'cdc7b576-3957-4e3f-9e87-6630e4ef1950', 55, 'completed', '2026-02-20T18:00:00.000Z');
INSERT INTO order_items (id, order_id, product_id, quantity, unit_price, subtotal, created_at) 
                      VALUES ('fd3820bc-53b4-4693-aec9-c0dd9ca1726b', '5b5f1412-77fb-421a-b5e6-e232845aff1e', '49e54b55-6e07-407b-9dac-36e93e1f8aa2', 1, 55, 55, '2026-02-20T18:00:00.000Z');
INSERT INTO orders (id, buyer_id, seller_id, total_amount, status, created_at) 
                      VALUES ('353fddb0-8c9e-43ea-9391-9a1327ac7b76', '1161fb73-809d-4954-a73a-738a9a1868f7', 'cdc7b576-3957-4e3f-9e87-6630e4ef1950', 55, 'completed', '2026-02-20T19:46:00.000Z');
INSERT INTO order_items (id, order_id, product_id, quantity, unit_price, subtotal, created_at) 
                      VALUES ('bb78be48-446c-476b-ae44-2f4877d92104', '353fddb0-8c9e-43ea-9391-9a1327ac7b76', '49e54b55-6e07-407b-9dac-36e93e1f8aa2', 1, 55, 55, '2026-02-20T19:46:00.000Z');
INSERT INTO orders (id, buyer_id, seller_id, total_amount, status, created_at) 
                      VALUES ('ccba9dba-b1c1-4943-af10-ede7f20da51e', '1161fb73-809d-4954-a73a-738a9a1868f7', 'cdc7b576-3957-4e3f-9e87-6630e4ef1950', 55, 'completed', '2026-02-20T19:45:00.000Z');
INSERT INTO order_items (id, order_id, product_id, quantity, unit_price, subtotal, created_at) 
                      VALUES ('768c8c31-87e5-47e8-a9f2-e84b80ed401f', 'ccba9dba-b1c1-4943-af10-ede7f20da51e', '49e54b55-6e07-407b-9dac-36e93e1f8aa2', 1, 55, 55, '2026-02-20T19:45:00.000Z');
INSERT INTO orders (id, buyer_id, seller_id, total_amount, status, created_at) 
                      VALUES ('bb49470f-ccf0-436e-b440-f50fb75dbeeb', '233694a0-da98-4b19-8640-7b99f406554e', 'cdc7b576-3957-4e3f-9e87-6630e4ef1950', 55, 'completed', '2026-02-20T17:07:00.000Z');
INSERT INTO order_items (id, order_id, product_id, quantity, unit_price, subtotal, created_at) 
                      VALUES ('35b78055-8633-4a9a-81de-7332631c34b6', 'bb49470f-ccf0-436e-b440-f50fb75dbeeb', '49e54b55-6e07-407b-9dac-36e93e1f8aa2', 1, 55, 55, '2026-02-20T17:07:00.000Z');
INSERT INTO orders (id, buyer_id, seller_id, total_amount, status, created_at) 
                      VALUES ('b3c5485b-c047-4993-a39f-67628a515ec4', 'b03c172d-3388-458c-8054-b6ad7db24e27', 'cdc7b576-3957-4e3f-9e87-6630e4ef1950', 55, 'completed', '2026-02-20T18:38:00.000Z');
INSERT INTO order_items (id, order_id, product_id, quantity, unit_price, subtotal, created_at) 
                      VALUES ('8754d4c1-d8ea-4799-bc82-e0e772f04156', 'b3c5485b-c047-4993-a39f-67628a515ec4', '49e54b55-6e07-407b-9dac-36e93e1f8aa2', 1, 55, 55, '2026-02-20T18:38:00.000Z');
INSERT INTO orders (id, buyer_id, seller_id, total_amount, status, created_at) 
                      VALUES ('31d41dbd-2b6c-4847-908e-8e0afe5d2592', '1161fb73-809d-4954-a73a-738a9a1868f7', 'cdc7b576-3957-4e3f-9e87-6630e4ef1950', 55, 'completed', '2026-02-20T18:22:00.000Z');
INSERT INTO order_items (id, order_id, product_id, quantity, unit_price, subtotal, created_at) 
                      VALUES ('5dac414e-e413-4ec6-8c59-16ce237435cd', '31d41dbd-2b6c-4847-908e-8e0afe5d2592', '49e54b55-6e07-407b-9dac-36e93e1f8aa2', 1, 55, 55, '2026-02-20T18:22:00.000Z');
INSERT INTO orders (id, buyer_id, seller_id, total_amount, status, created_at) 
                      VALUES ('2cb6333f-3c01-4d60-a3f9-5109ba3eb321', 'b03c172d-3388-458c-8054-b6ad7db24e27', 'cdc7b576-3957-4e3f-9e87-6630e4ef1950', 55, 'completed', '2026-02-20T19:02:00.000Z');
INSERT INTO order_items (id, order_id, product_id, quantity, unit_price, subtotal, created_at) 
                      VALUES ('4a6de2a5-e9ea-4e0c-b9af-d3f8774377be', '2cb6333f-3c01-4d60-a3f9-5109ba3eb321', '49e54b55-6e07-407b-9dac-36e93e1f8aa2', 1, 55, 55, '2026-02-20T19:02:00.000Z');
INSERT INTO audit_logs (id, action, user_id, description, level, created_at) 
                  VALUES ('adee824e-a62d-4a86-887f-6b31aba221d0', 'USER_LOGIN', '6adabb60-eed5-4dd0-b80c-41983dd81404', 'Vendedor inició sesión para jornada', 'info', '2026-02-21T14:00:00.000Z');
INSERT INTO daily_sales (id, seller_id, sale_date, total_investment, total_revenue, units_sold, units_lost, total_waste_cost, is_closed) 
                  VALUES ('0c6256cc-a97c-4fe0-8e91-071f2cf6a63e', '6adabb60-eed5-4dd0-b80c-41983dd81404', '2026-02-21', 520, 900, 12, 1, 40, true);
INSERT INTO sale_details (id, daily_sale_id, product_id, quantity_prepared, quantity_sold, quantity_lost, unit_cost, unit_price, waste_cost, waste_reason) 
                  VALUES ('de657a34-8999-4637-ad67-3e9255a22dce', '0c6256cc-a97c-4fe0-8e91-071f2cf6a63e', 'cd4cb45a-05bc-4729-bb2a-06d122f369fc', 13, 12, 1, 40, 75, 40, 'expired');
INSERT INTO orders (id, buyer_id, seller_id, total_amount, status, created_at) 
                      VALUES ('7eac7d6c-b8c0-4c02-beaa-6c6ac0edfc0f', 'aa9e3c8c-e997-4408-ac68-6265851f972d', '6adabb60-eed5-4dd0-b80c-41983dd81404', 75, 'completed', '2026-02-21T17:58:00.000Z');
INSERT INTO order_items (id, order_id, product_id, quantity, unit_price, subtotal, created_at) 
                      VALUES ('d1c19047-54bf-454e-b8cf-0bb3933a0e47', '7eac7d6c-b8c0-4c02-beaa-6c6ac0edfc0f', 'cd4cb45a-05bc-4729-bb2a-06d122f369fc', 1, 75, 75, '2026-02-21T17:58:00.000Z');
INSERT INTO orders (id, buyer_id, seller_id, total_amount, status, created_at) 
                      VALUES ('8ffb0b33-c2a3-414c-92bf-3ffb63a19545', 'ac51e939-ec0b-40c3-b3e7-39711b12845a', '6adabb60-eed5-4dd0-b80c-41983dd81404', 75, 'completed', '2026-02-21T21:53:00.000Z');
INSERT INTO order_items (id, order_id, product_id, quantity, unit_price, subtotal, created_at) 
                      VALUES ('9e3a221c-366c-414b-b95f-640f597e158a', '8ffb0b33-c2a3-414c-92bf-3ffb63a19545', 'cd4cb45a-05bc-4729-bb2a-06d122f369fc', 1, 75, 75, '2026-02-21T21:53:00.000Z');
INSERT INTO orders (id, buyer_id, seller_id, total_amount, status, created_at) 
                      VALUES ('712661c4-bb33-4ead-aecb-a81c13431698', 'b03c172d-3388-458c-8054-b6ad7db24e27', '6adabb60-eed5-4dd0-b80c-41983dd81404', 75, 'completed', '2026-02-21T18:43:00.000Z');
INSERT INTO order_items (id, order_id, product_id, quantity, unit_price, subtotal, created_at) 
                      VALUES ('cd64cf10-7a12-4ad9-8ffa-8fb3084c1e5b', '712661c4-bb33-4ead-aecb-a81c13431698', 'cd4cb45a-05bc-4729-bb2a-06d122f369fc', 1, 75, 75, '2026-02-21T18:43:00.000Z');
INSERT INTO orders (id, buyer_id, seller_id, total_amount, status, created_at) 
                      VALUES ('7cf50027-310d-4bce-9910-16a92af35306', '79768ab4-b021-418b-bf3c-0dd52f857b65', '6adabb60-eed5-4dd0-b80c-41983dd81404', 75, 'completed', '2026-02-21T17:06:00.000Z');
INSERT INTO order_items (id, order_id, product_id, quantity, unit_price, subtotal, created_at) 
                      VALUES ('6f9ff578-b95e-4271-a33d-4ad3d58ac798', '7cf50027-310d-4bce-9910-16a92af35306', 'cd4cb45a-05bc-4729-bb2a-06d122f369fc', 1, 75, 75, '2026-02-21T17:06:00.000Z');
INSERT INTO orders (id, buyer_id, seller_id, total_amount, status, created_at) 
                      VALUES ('14e44970-f7b1-4e8c-98d3-60d5ac337bd1', '1161fb73-809d-4954-a73a-738a9a1868f7', '6adabb60-eed5-4dd0-b80c-41983dd81404', 75, 'completed', '2026-02-21T20:45:00.000Z');
INSERT INTO order_items (id, order_id, product_id, quantity, unit_price, subtotal, created_at) 
                      VALUES ('1d9e2da2-8f86-4815-9396-23c2e05f342f', '14e44970-f7b1-4e8c-98d3-60d5ac337bd1', 'cd4cb45a-05bc-4729-bb2a-06d122f369fc', 1, 75, 75, '2026-02-21T20:45:00.000Z');
INSERT INTO orders (id, buyer_id, seller_id, total_amount, status, created_at) 
                      VALUES ('117b43b8-b4f7-4ad4-8acf-e04111146502', '1161fb73-809d-4954-a73a-738a9a1868f7', '6adabb60-eed5-4dd0-b80c-41983dd81404', 75, 'completed', '2026-02-21T17:34:00.000Z');
INSERT INTO order_items (id, order_id, product_id, quantity, unit_price, subtotal, created_at) 
                      VALUES ('3f337346-1131-482f-a53f-73a8f6eae986', '117b43b8-b4f7-4ad4-8acf-e04111146502', 'cd4cb45a-05bc-4729-bb2a-06d122f369fc', 1, 75, 75, '2026-02-21T17:34:00.000Z');
INSERT INTO orders (id, buyer_id, seller_id, total_amount, status, created_at) 
                      VALUES ('c2664c22-8257-4c9e-abea-3a579e5f05b3', 'b03c172d-3388-458c-8054-b6ad7db24e27', '6adabb60-eed5-4dd0-b80c-41983dd81404', 75, 'completed', '2026-02-21T19:22:00.000Z');
INSERT INTO order_items (id, order_id, product_id, quantity, unit_price, subtotal, created_at) 
                      VALUES ('a6fc67f6-f7a7-4328-8e92-aa5e6d332383', 'c2664c22-8257-4c9e-abea-3a579e5f05b3', 'cd4cb45a-05bc-4729-bb2a-06d122f369fc', 1, 75, 75, '2026-02-21T19:22:00.000Z');
INSERT INTO orders (id, buyer_id, seller_id, total_amount, status, created_at) 
                      VALUES ('7ce3db01-b463-4804-8f57-0991fb7871b6', 'b03c172d-3388-458c-8054-b6ad7db24e27', '6adabb60-eed5-4dd0-b80c-41983dd81404', 75, 'completed', '2026-02-21T16:34:00.000Z');
INSERT INTO order_items (id, order_id, product_id, quantity, unit_price, subtotal, created_at) 
                      VALUES ('a1aec684-42a6-4e00-b318-a27cee3f795b', '7ce3db01-b463-4804-8f57-0991fb7871b6', 'cd4cb45a-05bc-4729-bb2a-06d122f369fc', 1, 75, 75, '2026-02-21T16:34:00.000Z');
INSERT INTO orders (id, buyer_id, seller_id, total_amount, status, created_at) 
                      VALUES ('fd65db73-7a4f-4307-8344-247050202216', 'aa9e3c8c-e997-4408-ac68-6265851f972d', '6adabb60-eed5-4dd0-b80c-41983dd81404', 75, 'completed', '2026-02-21T20:18:00.000Z');
INSERT INTO order_items (id, order_id, product_id, quantity, unit_price, subtotal, created_at) 
                      VALUES ('f9fe2635-a347-4005-a643-ab997600c171', 'fd65db73-7a4f-4307-8344-247050202216', 'cd4cb45a-05bc-4729-bb2a-06d122f369fc', 1, 75, 75, '2026-02-21T20:18:00.000Z');
INSERT INTO orders (id, buyer_id, seller_id, total_amount, status, created_at) 
                      VALUES ('0309f6c2-c024-42ce-a1c1-70a33280e4da', '79768ab4-b021-418b-bf3c-0dd52f857b65', '6adabb60-eed5-4dd0-b80c-41983dd81404', 75, 'completed', '2026-02-21T19:18:00.000Z');
INSERT INTO order_items (id, order_id, product_id, quantity, unit_price, subtotal, created_at) 
                      VALUES ('9028846e-2273-49ad-8396-09c06ff5c33c', '0309f6c2-c024-42ce-a1c1-70a33280e4da', 'cd4cb45a-05bc-4729-bb2a-06d122f369fc', 1, 75, 75, '2026-02-21T19:18:00.000Z');
INSERT INTO orders (id, buyer_id, seller_id, total_amount, status, created_at) 
                      VALUES ('230016ab-d278-4f3b-bdb7-792332c125a9', '6c8c4ad9-70e8-48cb-9ce8-5d01c349ffcc', '6adabb60-eed5-4dd0-b80c-41983dd81404', 75, 'completed', '2026-02-21T17:29:00.000Z');
INSERT INTO order_items (id, order_id, product_id, quantity, unit_price, subtotal, created_at) 
                      VALUES ('e7a83253-0047-40e9-95ad-e36740845e7f', '230016ab-d278-4f3b-bdb7-792332c125a9', 'cd4cb45a-05bc-4729-bb2a-06d122f369fc', 1, 75, 75, '2026-02-21T17:29:00.000Z');
INSERT INTO orders (id, buyer_id, seller_id, total_amount, status, created_at) 
                      VALUES ('b5038d80-8f23-4c21-9c29-c09f95f59791', '1161fb73-809d-4954-a73a-738a9a1868f7', '6adabb60-eed5-4dd0-b80c-41983dd81404', 75, 'completed', '2026-02-21T20:19:00.000Z');
INSERT INTO order_items (id, order_id, product_id, quantity, unit_price, subtotal, created_at) 
                      VALUES ('729f4c50-52f1-4741-affa-8c1bef12c864', 'b5038d80-8f23-4c21-9c29-c09f95f59791', 'cd4cb45a-05bc-4729-bb2a-06d122f369fc', 1, 75, 75, '2026-02-21T20:19:00.000Z');
INSERT INTO audit_logs (id, action, user_id, description, level, created_at) 
                  VALUES ('ecd9fbdc-4cb6-4ce0-a415-abcf6d2c785e', 'USER_LOGIN', '5f552e5d-c288-453c-a685-b287e1c0c64a', 'Vendedor inició sesión para jornada', 'info', '2026-02-21T14:06:00.000Z');
INSERT INTO daily_sales (id, seller_id, sale_date, total_investment, total_revenue, units_sold, units_lost, total_waste_cost, is_closed) 
                  VALUES ('92347203-b043-4cdd-83ef-53baeaf15ad0', '5f552e5d-c288-453c-a685-b287e1c0c64a', '2026-02-21', 200, 405, 9, 1, 20, true);
INSERT INTO sale_details (id, daily_sale_id, product_id, quantity_prepared, quantity_sold, quantity_lost, unit_cost, unit_price, waste_cost, waste_reason) 
                  VALUES ('a9cae44b-6246-4ef6-9d60-3005a2193deb', '92347203-b043-4cdd-83ef-53baeaf15ad0', '90ccc3f8-627a-4af7-aab2-9c7967c2f50d', 10, 9, 1, 20, 45, 20, 'expired');
INSERT INTO orders (id, buyer_id, seller_id, total_amount, status, created_at) 
                      VALUES ('d6066401-98d5-47f2-bcff-eaa17b1c99ce', 'ac51e939-ec0b-40c3-b3e7-39711b12845a', '5f552e5d-c288-453c-a685-b287e1c0c64a', 45, 'completed', '2026-02-21T19:05:00.000Z');
INSERT INTO order_items (id, order_id, product_id, quantity, unit_price, subtotal, created_at) 
                      VALUES ('4c80c207-1930-4064-b9d6-ff3fe37114d8', 'd6066401-98d5-47f2-bcff-eaa17b1c99ce', '90ccc3f8-627a-4af7-aab2-9c7967c2f50d', 1, 45, 45, '2026-02-21T19:05:00.000Z');
INSERT INTO orders (id, buyer_id, seller_id, total_amount, status, created_at) 
                      VALUES ('5bc2c87b-0ede-482e-ba4d-3f1fe32f745b', '79768ab4-b021-418b-bf3c-0dd52f857b65', '5f552e5d-c288-453c-a685-b287e1c0c64a', 45, 'completed', '2026-02-21T17:35:00.000Z');
INSERT INTO order_items (id, order_id, product_id, quantity, unit_price, subtotal, created_at) 
                      VALUES ('1ca9436a-030a-4442-a418-a5c92856d733', '5bc2c87b-0ede-482e-ba4d-3f1fe32f745b', '90ccc3f8-627a-4af7-aab2-9c7967c2f50d', 1, 45, 45, '2026-02-21T17:35:00.000Z');
INSERT INTO orders (id, buyer_id, seller_id, total_amount, status, created_at) 
                      VALUES ('d2b38a4f-1fb5-46f1-bf26-114651ded223', '233694a0-da98-4b19-8640-7b99f406554e', '5f552e5d-c288-453c-a685-b287e1c0c64a', 45, 'completed', '2026-02-21T16:58:00.000Z');
INSERT INTO order_items (id, order_id, product_id, quantity, unit_price, subtotal, created_at) 
                      VALUES ('5a6b12f2-7ec5-4cda-8713-ac53de532303', 'd2b38a4f-1fb5-46f1-bf26-114651ded223', '90ccc3f8-627a-4af7-aab2-9c7967c2f50d', 1, 45, 45, '2026-02-21T16:58:00.000Z');
INSERT INTO orders (id, buyer_id, seller_id, total_amount, status, created_at) 
                      VALUES ('fe96d7d4-aab7-442d-bdfd-9641d4a3a032', 'b03c172d-3388-458c-8054-b6ad7db24e27', '5f552e5d-c288-453c-a685-b287e1c0c64a', 45, 'completed', '2026-02-21T20:06:00.000Z');
INSERT INTO order_items (id, order_id, product_id, quantity, unit_price, subtotal, created_at) 
                      VALUES ('7c0e8e61-e637-4c36-b924-0fc8da3ab760', 'fe96d7d4-aab7-442d-bdfd-9641d4a3a032', '90ccc3f8-627a-4af7-aab2-9c7967c2f50d', 1, 45, 45, '2026-02-21T20:06:00.000Z');
INSERT INTO orders (id, buyer_id, seller_id, total_amount, status, created_at) 
                      VALUES ('68ab997c-407f-4ce7-9ede-28418f3858d4', '233694a0-da98-4b19-8640-7b99f406554e', '5f552e5d-c288-453c-a685-b287e1c0c64a', 45, 'completed', '2026-02-21T20:17:00.000Z');
INSERT INTO order_items (id, order_id, product_id, quantity, unit_price, subtotal, created_at) 
                      VALUES ('fd087c36-3eb9-4761-a1ee-ed586839377b', '68ab997c-407f-4ce7-9ede-28418f3858d4', '90ccc3f8-627a-4af7-aab2-9c7967c2f50d', 1, 45, 45, '2026-02-21T20:17:00.000Z');
INSERT INTO orders (id, buyer_id, seller_id, total_amount, status, created_at) 
                      VALUES ('54f2c1aa-70d5-4bb5-b3a3-7edcd32ee37d', 'aa9e3c8c-e997-4408-ac68-6265851f972d', '5f552e5d-c288-453c-a685-b287e1c0c64a', 45, 'completed', '2026-02-21T16:05:00.000Z');
INSERT INTO order_items (id, order_id, product_id, quantity, unit_price, subtotal, created_at) 
                      VALUES ('e75b6b61-9e72-43d0-8603-c8fb849d0b96', '54f2c1aa-70d5-4bb5-b3a3-7edcd32ee37d', '90ccc3f8-627a-4af7-aab2-9c7967c2f50d', 1, 45, 45, '2026-02-21T16:05:00.000Z');
INSERT INTO orders (id, buyer_id, seller_id, total_amount, status, created_at) 
                      VALUES ('8faea727-9835-47e5-abfa-eddba4c72a43', '233694a0-da98-4b19-8640-7b99f406554e', '5f552e5d-c288-453c-a685-b287e1c0c64a', 45, 'completed', '2026-02-21T21:38:00.000Z');
INSERT INTO order_items (id, order_id, product_id, quantity, unit_price, subtotal, created_at) 
                      VALUES ('f89ad0c4-a0b3-4ee1-90da-089518961246', '8faea727-9835-47e5-abfa-eddba4c72a43', '90ccc3f8-627a-4af7-aab2-9c7967c2f50d', 1, 45, 45, '2026-02-21T21:38:00.000Z');
INSERT INTO orders (id, buyer_id, seller_id, total_amount, status, created_at) 
                      VALUES ('7762b2bd-836a-4bd2-b80d-0d8c5b4bf319', '233694a0-da98-4b19-8640-7b99f406554e', '5f552e5d-c288-453c-a685-b287e1c0c64a', 45, 'completed', '2026-02-21T18:22:00.000Z');
INSERT INTO order_items (id, order_id, product_id, quantity, unit_price, subtotal, created_at) 
                      VALUES ('6c7111fe-1bcc-4562-8a98-78b124891506', '7762b2bd-836a-4bd2-b80d-0d8c5b4bf319', '90ccc3f8-627a-4af7-aab2-9c7967c2f50d', 1, 45, 45, '2026-02-21T18:22:00.000Z');
INSERT INTO orders (id, buyer_id, seller_id, total_amount, status, created_at) 
                      VALUES ('9ce4d78e-c8aa-4e4f-96c9-392162e97d01', '233694a0-da98-4b19-8640-7b99f406554e', '5f552e5d-c288-453c-a685-b287e1c0c64a', 45, 'completed', '2026-02-21T18:21:00.000Z');
INSERT INTO order_items (id, order_id, product_id, quantity, unit_price, subtotal, created_at) 
                      VALUES ('258bd888-3873-45a2-bd57-7d21f28c5908', '9ce4d78e-c8aa-4e4f-96c9-392162e97d01', '90ccc3f8-627a-4af7-aab2-9c7967c2f50d', 1, 45, 45, '2026-02-21T18:21:00.000Z');
INSERT INTO audit_logs (id, action, user_id, description, level, created_at) 
                  VALUES ('0ab0c0c5-b018-4b01-92b4-976363489ac3', 'USER_LOGIN', '522afd0e-5b6f-4f57-be80-46fd79ba12db', 'Vendedor inició sesión para jornada', 'info', '2026-02-21T14:01:00.000Z');
INSERT INTO daily_sales (id, seller_id, sale_date, total_investment, total_revenue, units_sold, units_lost, total_waste_cost, is_closed) 
                  VALUES ('2b4f0241-e9ea-4363-a170-2d7b2909097b', '522afd0e-5b6f-4f57-be80-46fd79ba12db', '2026-02-21', 120, 240, 8, 2, 24, true);
INSERT INTO sale_details (id, daily_sale_id, product_id, quantity_prepared, quantity_sold, quantity_lost, unit_cost, unit_price, waste_cost, waste_reason) 
                  VALUES ('7b4c2d0e-4085-450d-8dcf-2ab65109726a', '2b4f0241-e9ea-4363-a170-2d7b2909097b', 'c865d401-6592-418d-98d5-1aa633799680', 10, 8, 2, 12, 30, 24, 'expired');
INSERT INTO orders (id, buyer_id, seller_id, total_amount, status, created_at) 
                      VALUES ('f2d57b65-e6d9-46a0-9f72-026abe8eeea8', 'b03c172d-3388-458c-8054-b6ad7db24e27', '522afd0e-5b6f-4f57-be80-46fd79ba12db', 30, 'completed', '2026-02-21T19:33:00.000Z');
INSERT INTO order_items (id, order_id, product_id, quantity, unit_price, subtotal, created_at) 
                      VALUES ('ad940ca7-5630-4c5e-99fc-883cd47f7960', 'f2d57b65-e6d9-46a0-9f72-026abe8eeea8', 'c865d401-6592-418d-98d5-1aa633799680', 1, 30, 30, '2026-02-21T19:33:00.000Z');
INSERT INTO orders (id, buyer_id, seller_id, total_amount, status, created_at) 
                      VALUES ('6aa9d0d8-8591-4060-a8e7-3bebd9298e02', '1161fb73-809d-4954-a73a-738a9a1868f7', '522afd0e-5b6f-4f57-be80-46fd79ba12db', 30, 'completed', '2026-02-21T16:50:00.000Z');
INSERT INTO order_items (id, order_id, product_id, quantity, unit_price, subtotal, created_at) 
                      VALUES ('c3cde545-e64a-40b1-8ce4-79ed26024880', '6aa9d0d8-8591-4060-a8e7-3bebd9298e02', 'c865d401-6592-418d-98d5-1aa633799680', 1, 30, 30, '2026-02-21T16:50:00.000Z');
INSERT INTO orders (id, buyer_id, seller_id, total_amount, status, created_at) 
                      VALUES ('c24a1e5e-c3f7-46b5-98aa-3e9faf75c9b0', 'ac51e939-ec0b-40c3-b3e7-39711b12845a', '522afd0e-5b6f-4f57-be80-46fd79ba12db', 30, 'completed', '2026-02-21T19:43:00.000Z');
INSERT INTO order_items (id, order_id, product_id, quantity, unit_price, subtotal, created_at) 
                      VALUES ('3cb912e8-00aa-47aa-b062-64e1d0898b3f', 'c24a1e5e-c3f7-46b5-98aa-3e9faf75c9b0', 'c865d401-6592-418d-98d5-1aa633799680', 1, 30, 30, '2026-02-21T19:43:00.000Z');
INSERT INTO orders (id, buyer_id, seller_id, total_amount, status, created_at) 
                      VALUES ('cf2182be-4f74-4ed2-bfc3-2a645aca30aa', '1161fb73-809d-4954-a73a-738a9a1868f7', '522afd0e-5b6f-4f57-be80-46fd79ba12db', 30, 'completed', '2026-02-21T17:57:00.000Z');
INSERT INTO order_items (id, order_id, product_id, quantity, unit_price, subtotal, created_at) 
                      VALUES ('4a053ed2-7638-41a2-ad6d-da44ddd0c7f1', 'cf2182be-4f74-4ed2-bfc3-2a645aca30aa', 'c865d401-6592-418d-98d5-1aa633799680', 1, 30, 30, '2026-02-21T17:57:00.000Z');
INSERT INTO orders (id, buyer_id, seller_id, total_amount, status, created_at) 
                      VALUES ('12024d71-2bc0-47d2-8ef6-05b03d86c936', 'aa9e3c8c-e997-4408-ac68-6265851f972d', '522afd0e-5b6f-4f57-be80-46fd79ba12db', 30, 'completed', '2026-02-21T19:11:00.000Z');
INSERT INTO order_items (id, order_id, product_id, quantity, unit_price, subtotal, created_at) 
                      VALUES ('f4180a2a-93b3-4f29-b3fb-c96e777be30b', '12024d71-2bc0-47d2-8ef6-05b03d86c936', 'c865d401-6592-418d-98d5-1aa633799680', 1, 30, 30, '2026-02-21T19:11:00.000Z');
INSERT INTO orders (id, buyer_id, seller_id, total_amount, status, created_at) 
                      VALUES ('5ed6bac4-88b8-418c-9b3e-6e044a5e34be', '79768ab4-b021-418b-bf3c-0dd52f857b65', '522afd0e-5b6f-4f57-be80-46fd79ba12db', 30, 'completed', '2026-02-21T18:48:00.000Z');
INSERT INTO order_items (id, order_id, product_id, quantity, unit_price, subtotal, created_at) 
                      VALUES ('81d192e2-a027-4633-ba37-d58a102eb4c4', '5ed6bac4-88b8-418c-9b3e-6e044a5e34be', 'c865d401-6592-418d-98d5-1aa633799680', 1, 30, 30, '2026-02-21T18:48:00.000Z');
INSERT INTO orders (id, buyer_id, seller_id, total_amount, status, created_at) 
                      VALUES ('2b81fa69-2a62-4dc5-aa98-9700290f6987', '79768ab4-b021-418b-bf3c-0dd52f857b65', '522afd0e-5b6f-4f57-be80-46fd79ba12db', 30, 'completed', '2026-02-21T18:48:00.000Z');
INSERT INTO order_items (id, order_id, product_id, quantity, unit_price, subtotal, created_at) 
                      VALUES ('26171587-0ccf-4b34-a456-641a385ee455', '2b81fa69-2a62-4dc5-aa98-9700290f6987', 'c865d401-6592-418d-98d5-1aa633799680', 1, 30, 30, '2026-02-21T18:48:00.000Z');
INSERT INTO orders (id, buyer_id, seller_id, total_amount, status, created_at) 
                      VALUES ('8834016c-329b-41a1-a972-12d8859032b9', 'ac51e939-ec0b-40c3-b3e7-39711b12845a', '522afd0e-5b6f-4f57-be80-46fd79ba12db', 30, 'completed', '2026-02-21T20:51:00.000Z');
INSERT INTO order_items (id, order_id, product_id, quantity, unit_price, subtotal, created_at) 
                      VALUES ('123c377a-5039-47d8-9624-9dd9eb540f49', '8834016c-329b-41a1-a972-12d8859032b9', 'c865d401-6592-418d-98d5-1aa633799680', 1, 30, 30, '2026-02-21T20:51:00.000Z');
INSERT INTO audit_logs (id, action, user_id, description, level, created_at) 
                  VALUES ('6fe81990-340f-4f35-a00a-7fae65412545', 'USER_LOGIN', 'da273443-bae3-4781-ae4e-819d0c9d56a6', 'Vendedor inició sesión para jornada', 'info', '2026-02-21T14:21:00.000Z');
INSERT INTO daily_sales (id, seller_id, sale_date, total_investment, total_revenue, units_sold, units_lost, total_waste_cost, is_closed) 
                  VALUES ('065958b3-0d1d-4739-84d8-5914c629c286', 'da273443-bae3-4781-ae4e-819d0c9d56a6', '2026-02-21', 104, 300, 12, 1, 8, true);
INSERT INTO sale_details (id, daily_sale_id, product_id, quantity_prepared, quantity_sold, quantity_lost, unit_cost, unit_price, waste_cost, waste_reason) 
                  VALUES ('7446f888-67d9-4ab2-ac5a-cdf62abe760b', '065958b3-0d1d-4739-84d8-5914c629c286', 'ea84c406-f235-4e9c-b061-71ed9401e63b', 13, 12, 1, 8, 25, 8, 'expired');
INSERT INTO orders (id, buyer_id, seller_id, total_amount, status, created_at) 
                      VALUES ('f94951b2-fa7c-4ac1-8a94-6f2fa30080c3', 'aa9e3c8c-e997-4408-ac68-6265851f972d', 'da273443-bae3-4781-ae4e-819d0c9d56a6', 25, 'completed', '2026-02-21T20:10:00.000Z');
INSERT INTO order_items (id, order_id, product_id, quantity, unit_price, subtotal, created_at) 
                      VALUES ('e12b6e26-ad04-4376-b380-33d1ed4f1974', 'f94951b2-fa7c-4ac1-8a94-6f2fa30080c3', 'ea84c406-f235-4e9c-b061-71ed9401e63b', 1, 25, 25, '2026-02-21T20:10:00.000Z');
INSERT INTO orders (id, buyer_id, seller_id, total_amount, status, created_at) 
                      VALUES ('cd4834d2-f474-4994-a8eb-b29190d9fa22', '233694a0-da98-4b19-8640-7b99f406554e', 'da273443-bae3-4781-ae4e-819d0c9d56a6', 25, 'completed', '2026-02-21T20:20:00.000Z');
INSERT INTO order_items (id, order_id, product_id, quantity, unit_price, subtotal, created_at) 
                      VALUES ('67054abf-c036-4df1-b2b4-f0e71f4a7c40', 'cd4834d2-f474-4994-a8eb-b29190d9fa22', 'ea84c406-f235-4e9c-b061-71ed9401e63b', 1, 25, 25, '2026-02-21T20:20:00.000Z');
INSERT INTO orders (id, buyer_id, seller_id, total_amount, status, created_at) 
                      VALUES ('25568228-0997-4b4c-a677-44916f425fb6', 'b03c172d-3388-458c-8054-b6ad7db24e27', 'da273443-bae3-4781-ae4e-819d0c9d56a6', 25, 'completed', '2026-02-21T17:36:00.000Z');
INSERT INTO order_items (id, order_id, product_id, quantity, unit_price, subtotal, created_at) 
                      VALUES ('b8cb9b36-9f31-4eea-93af-10e9d3f7e3f4', '25568228-0997-4b4c-a677-44916f425fb6', 'ea84c406-f235-4e9c-b061-71ed9401e63b', 1, 25, 25, '2026-02-21T17:36:00.000Z');
INSERT INTO orders (id, buyer_id, seller_id, total_amount, status, created_at) 
                      VALUES ('61b4f03e-1c88-4a3c-9e0c-8f9589076cef', '79768ab4-b021-418b-bf3c-0dd52f857b65', 'da273443-bae3-4781-ae4e-819d0c9d56a6', 25, 'completed', '2026-02-21T18:29:00.000Z');
INSERT INTO order_items (id, order_id, product_id, quantity, unit_price, subtotal, created_at) 
                      VALUES ('b81499be-247a-4ee8-892d-f2833eb13f02', '61b4f03e-1c88-4a3c-9e0c-8f9589076cef', 'ea84c406-f235-4e9c-b061-71ed9401e63b', 1, 25, 25, '2026-02-21T18:29:00.000Z');
INSERT INTO orders (id, buyer_id, seller_id, total_amount, status, created_at) 
                      VALUES ('059522c7-5ddc-4fd1-99b8-2d8155316339', '79768ab4-b021-418b-bf3c-0dd52f857b65', 'da273443-bae3-4781-ae4e-819d0c9d56a6', 25, 'completed', '2026-02-21T17:33:00.000Z');
INSERT INTO order_items (id, order_id, product_id, quantity, unit_price, subtotal, created_at) 
                      VALUES ('8682f9cd-6970-4db6-91fb-83b172f5db2e', '059522c7-5ddc-4fd1-99b8-2d8155316339', 'ea84c406-f235-4e9c-b061-71ed9401e63b', 1, 25, 25, '2026-02-21T17:33:00.000Z');
INSERT INTO orders (id, buyer_id, seller_id, total_amount, status, created_at) 
                      VALUES ('d2a015e7-b2e8-434b-95ec-d930b83796fd', '1161fb73-809d-4954-a73a-738a9a1868f7', 'da273443-bae3-4781-ae4e-819d0c9d56a6', 25, 'completed', '2026-02-21T16:14:00.000Z');
INSERT INTO order_items (id, order_id, product_id, quantity, unit_price, subtotal, created_at) 
                      VALUES ('16134f03-c981-4e41-8530-83c652664d00', 'd2a015e7-b2e8-434b-95ec-d930b83796fd', 'ea84c406-f235-4e9c-b061-71ed9401e63b', 1, 25, 25, '2026-02-21T16:14:00.000Z');
INSERT INTO orders (id, buyer_id, seller_id, total_amount, status, created_at) 
                      VALUES ('7ab84247-113e-4597-b9cf-f894b5f6e7f1', '79768ab4-b021-418b-bf3c-0dd52f857b65', 'da273443-bae3-4781-ae4e-819d0c9d56a6', 25, 'completed', '2026-02-21T18:55:00.000Z');
INSERT INTO order_items (id, order_id, product_id, quantity, unit_price, subtotal, created_at) 
                      VALUES ('267f7a25-8dde-4bdd-aee2-46f1137cf667', '7ab84247-113e-4597-b9cf-f894b5f6e7f1', 'ea84c406-f235-4e9c-b061-71ed9401e63b', 1, 25, 25, '2026-02-21T18:55:00.000Z');
INSERT INTO orders (id, buyer_id, seller_id, total_amount, status, created_at) 
                      VALUES ('87394377-fa6a-4799-8adb-e8b703865b55', '6c8c4ad9-70e8-48cb-9ce8-5d01c349ffcc', 'da273443-bae3-4781-ae4e-819d0c9d56a6', 25, 'completed', '2026-02-21T21:21:00.000Z');
INSERT INTO order_items (id, order_id, product_id, quantity, unit_price, subtotal, created_at) 
                      VALUES ('70e1da85-0994-4b59-9448-e951f7a7026d', '87394377-fa6a-4799-8adb-e8b703865b55', 'ea84c406-f235-4e9c-b061-71ed9401e63b', 1, 25, 25, '2026-02-21T21:21:00.000Z');
INSERT INTO orders (id, buyer_id, seller_id, total_amount, status, created_at) 
                      VALUES ('fb6ad8e5-be51-4936-8dc9-a98b96dcd043', 'aa9e3c8c-e997-4408-ac68-6265851f972d', 'da273443-bae3-4781-ae4e-819d0c9d56a6', 25, 'completed', '2026-02-21T17:12:00.000Z');
INSERT INTO order_items (id, order_id, product_id, quantity, unit_price, subtotal, created_at) 
                      VALUES ('0b758eea-067b-432e-bbb3-49a7cd2a2330', 'fb6ad8e5-be51-4936-8dc9-a98b96dcd043', 'ea84c406-f235-4e9c-b061-71ed9401e63b', 1, 25, 25, '2026-02-21T17:12:00.000Z');
INSERT INTO orders (id, buyer_id, seller_id, total_amount, status, created_at) 
                      VALUES ('be37f116-9f4b-4c23-9220-24b6449fe14b', 'b03c172d-3388-458c-8054-b6ad7db24e27', 'da273443-bae3-4781-ae4e-819d0c9d56a6', 25, 'completed', '2026-02-21T19:09:00.000Z');
INSERT INTO order_items (id, order_id, product_id, quantity, unit_price, subtotal, created_at) 
                      VALUES ('5d5c243a-5720-40e8-9087-b537c20352de', 'be37f116-9f4b-4c23-9220-24b6449fe14b', 'ea84c406-f235-4e9c-b061-71ed9401e63b', 1, 25, 25, '2026-02-21T19:09:00.000Z');
INSERT INTO orders (id, buyer_id, seller_id, total_amount, status, created_at) 
                      VALUES ('d40e1492-e6ba-4f10-9d46-6c8b1df75eb3', 'aa9e3c8c-e997-4408-ac68-6265851f972d', 'da273443-bae3-4781-ae4e-819d0c9d56a6', 25, 'completed', '2026-02-21T17:55:00.000Z');
INSERT INTO order_items (id, order_id, product_id, quantity, unit_price, subtotal, created_at) 
                      VALUES ('51488bcb-c7f7-49f5-a3dc-06095b68014c', 'd40e1492-e6ba-4f10-9d46-6c8b1df75eb3', 'ea84c406-f235-4e9c-b061-71ed9401e63b', 1, 25, 25, '2026-02-21T17:55:00.000Z');
INSERT INTO orders (id, buyer_id, seller_id, total_amount, status, created_at) 
                      VALUES ('f00e1364-ba79-4dcb-813f-17eceb9263a4', '233694a0-da98-4b19-8640-7b99f406554e', 'da273443-bae3-4781-ae4e-819d0c9d56a6', 25, 'completed', '2026-02-21T18:33:00.000Z');
INSERT INTO order_items (id, order_id, product_id, quantity, unit_price, subtotal, created_at) 
                      VALUES ('53976cba-ee7b-42c0-a066-19c681f1537c', 'f00e1364-ba79-4dcb-813f-17eceb9263a4', 'ea84c406-f235-4e9c-b061-71ed9401e63b', 1, 25, 25, '2026-02-21T18:33:00.000Z');
INSERT INTO audit_logs (id, action, user_id, description, level, created_at) 
                  VALUES ('53bdc4bc-5aba-4c9c-9988-172affd2dd41', 'USER_LOGIN', 'cdc7b576-3957-4e3f-9e87-6630e4ef1950', 'Vendedor inició sesión para jornada', 'info', '2026-02-21T14:02:00.000Z');
INSERT INTO daily_sales (id, seller_id, sale_date, total_investment, total_revenue, units_sold, units_lost, total_waste_cost, is_closed) 
                  VALUES ('2a2bf309-f1d8-4bd8-907c-666614765444', 'cdc7b576-3957-4e3f-9e87-6630e4ef1950', '2026-02-21', 350, 660, 12, 2, 50, true);
INSERT INTO sale_details (id, daily_sale_id, product_id, quantity_prepared, quantity_sold, quantity_lost, unit_cost, unit_price, waste_cost, waste_reason) 
                  VALUES ('3256ab40-5bc7-494e-b563-beaa4052f8c2', '2a2bf309-f1d8-4bd8-907c-666614765444', '49e54b55-6e07-407b-9dac-36e93e1f8aa2', 14, 12, 2, 25, 55, 50, 'expired');
INSERT INTO orders (id, buyer_id, seller_id, total_amount, status, created_at) 
                      VALUES ('b8059fb0-b3fc-4e5e-9003-3de5d18a8a9d', 'b03c172d-3388-458c-8054-b6ad7db24e27', 'cdc7b576-3957-4e3f-9e87-6630e4ef1950', 55, 'completed', '2026-02-21T20:33:00.000Z');
INSERT INTO order_items (id, order_id, product_id, quantity, unit_price, subtotal, created_at) 
                      VALUES ('cfa61061-b217-4524-893e-b4d2779dcca8', 'b8059fb0-b3fc-4e5e-9003-3de5d18a8a9d', '49e54b55-6e07-407b-9dac-36e93e1f8aa2', 1, 55, 55, '2026-02-21T20:33:00.000Z');
INSERT INTO orders (id, buyer_id, seller_id, total_amount, status, created_at) 
                      VALUES ('e2c47e79-81a3-404e-a7e1-cdf76c685dc2', '79768ab4-b021-418b-bf3c-0dd52f857b65', 'cdc7b576-3957-4e3f-9e87-6630e4ef1950', 55, 'completed', '2026-02-21T16:51:00.000Z');
INSERT INTO order_items (id, order_id, product_id, quantity, unit_price, subtotal, created_at) 
                      VALUES ('3dcad616-9776-45a6-b8c1-24207009335d', 'e2c47e79-81a3-404e-a7e1-cdf76c685dc2', '49e54b55-6e07-407b-9dac-36e93e1f8aa2', 1, 55, 55, '2026-02-21T16:51:00.000Z');
INSERT INTO orders (id, buyer_id, seller_id, total_amount, status, created_at) 
                      VALUES ('73330020-d33b-45e5-baa9-cea38328fce3', '1161fb73-809d-4954-a73a-738a9a1868f7', 'cdc7b576-3957-4e3f-9e87-6630e4ef1950', 55, 'completed', '2026-02-21T20:13:00.000Z');
INSERT INTO order_items (id, order_id, product_id, quantity, unit_price, subtotal, created_at) 
                      VALUES ('2cc752dd-0c4c-493a-bd5d-5f2b6ed15e07', '73330020-d33b-45e5-baa9-cea38328fce3', '49e54b55-6e07-407b-9dac-36e93e1f8aa2', 1, 55, 55, '2026-02-21T20:13:00.000Z');
INSERT INTO orders (id, buyer_id, seller_id, total_amount, status, created_at) 
                      VALUES ('ae2531ae-fbad-482a-893c-74a5a2ddf512', 'aa9e3c8c-e997-4408-ac68-6265851f972d', 'cdc7b576-3957-4e3f-9e87-6630e4ef1950', 55, 'completed', '2026-02-21T17:16:00.000Z');
INSERT INTO order_items (id, order_id, product_id, quantity, unit_price, subtotal, created_at) 
                      VALUES ('6fe138a6-e354-4432-8c34-2faf128e47ed', 'ae2531ae-fbad-482a-893c-74a5a2ddf512', '49e54b55-6e07-407b-9dac-36e93e1f8aa2', 1, 55, 55, '2026-02-21T17:16:00.000Z');
INSERT INTO orders (id, buyer_id, seller_id, total_amount, status, created_at) 
                      VALUES ('8e3c7ef9-cdec-4733-a049-26cca12060a9', '79768ab4-b021-418b-bf3c-0dd52f857b65', 'cdc7b576-3957-4e3f-9e87-6630e4ef1950', 55, 'completed', '2026-02-21T17:02:00.000Z');
INSERT INTO order_items (id, order_id, product_id, quantity, unit_price, subtotal, created_at) 
                      VALUES ('d3276e52-ecb2-4f7e-bf7b-7987203cff1b', '8e3c7ef9-cdec-4733-a049-26cca12060a9', '49e54b55-6e07-407b-9dac-36e93e1f8aa2', 1, 55, 55, '2026-02-21T17:02:00.000Z');
INSERT INTO orders (id, buyer_id, seller_id, total_amount, status, created_at) 
                      VALUES ('a5a51e51-c2d2-46f2-899f-ca2f1a7116bd', '1161fb73-809d-4954-a73a-738a9a1868f7', 'cdc7b576-3957-4e3f-9e87-6630e4ef1950', 55, 'completed', '2026-02-21T18:19:00.000Z');
INSERT INTO order_items (id, order_id, product_id, quantity, unit_price, subtotal, created_at) 
                      VALUES ('dc20e182-5f78-4534-aa40-cb7b77d52df5', 'a5a51e51-c2d2-46f2-899f-ca2f1a7116bd', '49e54b55-6e07-407b-9dac-36e93e1f8aa2', 1, 55, 55, '2026-02-21T18:19:00.000Z');
INSERT INTO orders (id, buyer_id, seller_id, total_amount, status, created_at) 
                      VALUES ('f2d59342-28ec-444f-956c-8047f71338d6', '79768ab4-b021-418b-bf3c-0dd52f857b65', 'cdc7b576-3957-4e3f-9e87-6630e4ef1950', 55, 'completed', '2026-02-21T16:03:00.000Z');
INSERT INTO order_items (id, order_id, product_id, quantity, unit_price, subtotal, created_at) 
                      VALUES ('48614395-4a72-485c-925a-c26a430c3c06', 'f2d59342-28ec-444f-956c-8047f71338d6', '49e54b55-6e07-407b-9dac-36e93e1f8aa2', 1, 55, 55, '2026-02-21T16:03:00.000Z');
INSERT INTO orders (id, buyer_id, seller_id, total_amount, status, created_at) 
                      VALUES ('7d281948-2454-4a20-bfb1-de23bdfca3d5', '233694a0-da98-4b19-8640-7b99f406554e', 'cdc7b576-3957-4e3f-9e87-6630e4ef1950', 55, 'completed', '2026-02-21T18:44:00.000Z');
INSERT INTO order_items (id, order_id, product_id, quantity, unit_price, subtotal, created_at) 
                      VALUES ('71c52396-882d-40db-96e5-0f49daf94d81', '7d281948-2454-4a20-bfb1-de23bdfca3d5', '49e54b55-6e07-407b-9dac-36e93e1f8aa2', 1, 55, 55, '2026-02-21T18:44:00.000Z');
INSERT INTO orders (id, buyer_id, seller_id, total_amount, status, created_at) 
                      VALUES ('79e9e5d0-5b04-4423-b760-d9ae064f0f4a', '1161fb73-809d-4954-a73a-738a9a1868f7', 'cdc7b576-3957-4e3f-9e87-6630e4ef1950', 55, 'completed', '2026-02-21T17:47:00.000Z');
INSERT INTO order_items (id, order_id, product_id, quantity, unit_price, subtotal, created_at) 
                      VALUES ('10fe5fb3-de55-42bb-91a7-b9a73206bc99', '79e9e5d0-5b04-4423-b760-d9ae064f0f4a', '49e54b55-6e07-407b-9dac-36e93e1f8aa2', 1, 55, 55, '2026-02-21T17:47:00.000Z');
INSERT INTO orders (id, buyer_id, seller_id, total_amount, status, created_at) 
                      VALUES ('de40c07e-a7a0-4344-9708-8e67a6025bcd', '79768ab4-b021-418b-bf3c-0dd52f857b65', 'cdc7b576-3957-4e3f-9e87-6630e4ef1950', 55, 'completed', '2026-02-21T21:35:00.000Z');
INSERT INTO order_items (id, order_id, product_id, quantity, unit_price, subtotal, created_at) 
                      VALUES ('c9b49e38-f04f-4090-81d4-e812b7d3f53a', 'de40c07e-a7a0-4344-9708-8e67a6025bcd', '49e54b55-6e07-407b-9dac-36e93e1f8aa2', 1, 55, 55, '2026-02-21T21:35:00.000Z');
INSERT INTO orders (id, buyer_id, seller_id, total_amount, status, created_at) 
                      VALUES ('7760c739-a814-4b0c-9fe8-3b7339e85510', '6c8c4ad9-70e8-48cb-9ce8-5d01c349ffcc', 'cdc7b576-3957-4e3f-9e87-6630e4ef1950', 55, 'completed', '2026-02-21T18:07:00.000Z');
INSERT INTO order_items (id, order_id, product_id, quantity, unit_price, subtotal, created_at) 
                      VALUES ('58aea364-9d10-4341-8084-6f654a5fe914', '7760c739-a814-4b0c-9fe8-3b7339e85510', '49e54b55-6e07-407b-9dac-36e93e1f8aa2', 1, 55, 55, '2026-02-21T18:07:00.000Z');
INSERT INTO orders (id, buyer_id, seller_id, total_amount, status, created_at) 
                      VALUES ('6f46086b-518a-42f8-81e5-e797a3384640', 'b03c172d-3388-458c-8054-b6ad7db24e27', 'cdc7b576-3957-4e3f-9e87-6630e4ef1950', 55, 'completed', '2026-02-21T21:01:00.000Z');
INSERT INTO order_items (id, order_id, product_id, quantity, unit_price, subtotal, created_at) 
                      VALUES ('6a0903e4-0fad-4c71-b3b1-4a6576af5bb1', '6f46086b-518a-42f8-81e5-e797a3384640', '49e54b55-6e07-407b-9dac-36e93e1f8aa2', 1, 55, 55, '2026-02-21T21:01:00.000Z');
INSERT INTO audit_logs (id, action, user_id, description, level, created_at) 
                  VALUES ('f14b28d8-ea0b-48ca-9e6d-0f06d4d1d318', 'USER_LOGIN', '6adabb60-eed5-4dd0-b80c-41983dd81404', 'Vendedor inició sesión para jornada', 'info', '2026-02-23T14:03:00.000Z');
INSERT INTO daily_sales (id, seller_id, sale_date, total_investment, total_revenue, units_sold, units_lost, total_waste_cost, is_closed) 
                  VALUES ('27bbf409-f972-45f7-96a4-b44e22f76fe3', '6adabb60-eed5-4dd0-b80c-41983dd81404', '2026-02-23', 480, 900, 12, 0, 0, true);
INSERT INTO sale_details (id, daily_sale_id, product_id, quantity_prepared, quantity_sold, quantity_lost, unit_cost, unit_price, waste_cost, waste_reason) 
                  VALUES ('6220e6c3-27c4-4aa9-9ca9-9e5ca10af308', '27bbf409-f972-45f7-96a4-b44e22f76fe3', 'cd4cb45a-05bc-4729-bb2a-06d122f369fc', 12, 12, 0, 40, 75, 0, 'expired');
INSERT INTO orders (id, buyer_id, seller_id, total_amount, status, created_at) 
                      VALUES ('f7cd443f-77e0-4e53-9b8d-344b6ccbcb8e', '1161fb73-809d-4954-a73a-738a9a1868f7', '6adabb60-eed5-4dd0-b80c-41983dd81404', 75, 'completed', '2026-02-23T18:33:00.000Z');
INSERT INTO order_items (id, order_id, product_id, quantity, unit_price, subtotal, created_at) 
                      VALUES ('88d0534e-a602-41df-ad1c-de952a8899e0', 'f7cd443f-77e0-4e53-9b8d-344b6ccbcb8e', 'cd4cb45a-05bc-4729-bb2a-06d122f369fc', 1, 75, 75, '2026-02-23T18:33:00.000Z');
INSERT INTO orders (id, buyer_id, seller_id, total_amount, status, created_at) 
                      VALUES ('96466a1e-b875-4283-8994-30192995c559', 'b03c172d-3388-458c-8054-b6ad7db24e27', '6adabb60-eed5-4dd0-b80c-41983dd81404', 75, 'completed', '2026-02-23T21:05:00.000Z');
INSERT INTO order_items (id, order_id, product_id, quantity, unit_price, subtotal, created_at) 
                      VALUES ('4792a4a1-916d-4f2e-96fd-5c6167c759e8', '96466a1e-b875-4283-8994-30192995c559', 'cd4cb45a-05bc-4729-bb2a-06d122f369fc', 1, 75, 75, '2026-02-23T21:05:00.000Z');
INSERT INTO orders (id, buyer_id, seller_id, total_amount, status, created_at) 
                      VALUES ('e8d60204-a918-4e46-ae74-409126ced44d', '6c8c4ad9-70e8-48cb-9ce8-5d01c349ffcc', '6adabb60-eed5-4dd0-b80c-41983dd81404', 75, 'completed', '2026-02-23T21:21:00.000Z');
INSERT INTO order_items (id, order_id, product_id, quantity, unit_price, subtotal, created_at) 
                      VALUES ('69a5781c-83f5-480e-91f8-48dcf2363f48', 'e8d60204-a918-4e46-ae74-409126ced44d', 'cd4cb45a-05bc-4729-bb2a-06d122f369fc', 1, 75, 75, '2026-02-23T21:21:00.000Z');
INSERT INTO orders (id, buyer_id, seller_id, total_amount, status, created_at) 
                      VALUES ('44d35f62-c6db-429a-b3d0-1e1fff62844c', '1161fb73-809d-4954-a73a-738a9a1868f7', '6adabb60-eed5-4dd0-b80c-41983dd81404', 75, 'completed', '2026-02-23T20:40:00.000Z');
INSERT INTO order_items (id, order_id, product_id, quantity, unit_price, subtotal, created_at) 
                      VALUES ('466b9036-1f86-4568-9596-081a29956a60', '44d35f62-c6db-429a-b3d0-1e1fff62844c', 'cd4cb45a-05bc-4729-bb2a-06d122f369fc', 1, 75, 75, '2026-02-23T20:40:00.000Z');
INSERT INTO orders (id, buyer_id, seller_id, total_amount, status, created_at) 
                      VALUES ('3ed806cc-7289-4f1d-91e0-317f28c8a8e2', 'ac51e939-ec0b-40c3-b3e7-39711b12845a', '6adabb60-eed5-4dd0-b80c-41983dd81404', 75, 'completed', '2026-02-23T21:53:00.000Z');
INSERT INTO order_items (id, order_id, product_id, quantity, unit_price, subtotal, created_at) 
                      VALUES ('1cb45377-f6df-48bc-b2b9-eed714eb9eab', '3ed806cc-7289-4f1d-91e0-317f28c8a8e2', 'cd4cb45a-05bc-4729-bb2a-06d122f369fc', 1, 75, 75, '2026-02-23T21:53:00.000Z');
INSERT INTO orders (id, buyer_id, seller_id, total_amount, status, created_at) 
                      VALUES ('b008cc6c-362b-47bf-b397-a5262a22ce65', '6c8c4ad9-70e8-48cb-9ce8-5d01c349ffcc', '6adabb60-eed5-4dd0-b80c-41983dd81404', 75, 'completed', '2026-02-23T16:51:00.000Z');
INSERT INTO order_items (id, order_id, product_id, quantity, unit_price, subtotal, created_at) 
                      VALUES ('79340c9c-ff87-435c-b5bc-1675a07d585b', 'b008cc6c-362b-47bf-b397-a5262a22ce65', 'cd4cb45a-05bc-4729-bb2a-06d122f369fc', 1, 75, 75, '2026-02-23T16:51:00.000Z');
INSERT INTO orders (id, buyer_id, seller_id, total_amount, status, created_at) 
                      VALUES ('321a0783-ddda-4afc-9334-d8d656f0614d', '79768ab4-b021-418b-bf3c-0dd52f857b65', '6adabb60-eed5-4dd0-b80c-41983dd81404', 75, 'completed', '2026-02-23T20:48:00.000Z');
INSERT INTO order_items (id, order_id, product_id, quantity, unit_price, subtotal, created_at) 
                      VALUES ('fd936714-0720-4a8e-9492-6033d15af4bf', '321a0783-ddda-4afc-9334-d8d656f0614d', 'cd4cb45a-05bc-4729-bb2a-06d122f369fc', 1, 75, 75, '2026-02-23T20:48:00.000Z');
INSERT INTO orders (id, buyer_id, seller_id, total_amount, status, created_at) 
                      VALUES ('c9c77539-62b0-43ce-af37-420ad6066182', '79768ab4-b021-418b-bf3c-0dd52f857b65', '6adabb60-eed5-4dd0-b80c-41983dd81404', 75, 'completed', '2026-02-23T20:48:00.000Z');
INSERT INTO order_items (id, order_id, product_id, quantity, unit_price, subtotal, created_at) 
                      VALUES ('d8ed301f-4285-4bba-b4d4-3240676ada46', 'c9c77539-62b0-43ce-af37-420ad6066182', 'cd4cb45a-05bc-4729-bb2a-06d122f369fc', 1, 75, 75, '2026-02-23T20:48:00.000Z');
INSERT INTO orders (id, buyer_id, seller_id, total_amount, status, created_at) 
                      VALUES ('034ffdad-55b5-4aa2-878f-d3bc90d8b2fe', '6c8c4ad9-70e8-48cb-9ce8-5d01c349ffcc', '6adabb60-eed5-4dd0-b80c-41983dd81404', 75, 'completed', '2026-02-23T19:06:00.000Z');
INSERT INTO order_items (id, order_id, product_id, quantity, unit_price, subtotal, created_at) 
                      VALUES ('f599cc1c-ce54-4c80-8eed-ad7d53aef4e2', '034ffdad-55b5-4aa2-878f-d3bc90d8b2fe', 'cd4cb45a-05bc-4729-bb2a-06d122f369fc', 1, 75, 75, '2026-02-23T19:06:00.000Z');
INSERT INTO orders (id, buyer_id, seller_id, total_amount, status, created_at) 
                      VALUES ('35f9f109-cd26-4930-bdad-e253c4f62685', '233694a0-da98-4b19-8640-7b99f406554e', '6adabb60-eed5-4dd0-b80c-41983dd81404', 75, 'completed', '2026-02-23T20:30:00.000Z');
INSERT INTO order_items (id, order_id, product_id, quantity, unit_price, subtotal, created_at) 
                      VALUES ('23a4baf8-44df-41f6-a233-eb49f31f0382', '35f9f109-cd26-4930-bdad-e253c4f62685', 'cd4cb45a-05bc-4729-bb2a-06d122f369fc', 1, 75, 75, '2026-02-23T20:30:00.000Z');
INSERT INTO orders (id, buyer_id, seller_id, total_amount, status, created_at) 
                      VALUES ('ee40ccb8-1dc5-43ba-a347-7b42489a77a5', 'aa9e3c8c-e997-4408-ac68-6265851f972d', '6adabb60-eed5-4dd0-b80c-41983dd81404', 75, 'completed', '2026-02-23T21:04:00.000Z');
INSERT INTO order_items (id, order_id, product_id, quantity, unit_price, subtotal, created_at) 
                      VALUES ('cf4d310f-86f0-499b-b4c1-04fdcad8a6a3', 'ee40ccb8-1dc5-43ba-a347-7b42489a77a5', 'cd4cb45a-05bc-4729-bb2a-06d122f369fc', 1, 75, 75, '2026-02-23T21:04:00.000Z');
INSERT INTO orders (id, buyer_id, seller_id, total_amount, status, created_at) 
                      VALUES ('6f116aff-c625-4d18-bd6a-0ccaf8dc826c', '6c8c4ad9-70e8-48cb-9ce8-5d01c349ffcc', '6adabb60-eed5-4dd0-b80c-41983dd81404', 75, 'completed', '2026-02-23T16:55:00.000Z');
INSERT INTO order_items (id, order_id, product_id, quantity, unit_price, subtotal, created_at) 
                      VALUES ('4b0a19aa-73a0-4395-b449-6e2dd7b84e32', '6f116aff-c625-4d18-bd6a-0ccaf8dc826c', 'cd4cb45a-05bc-4729-bb2a-06d122f369fc', 1, 75, 75, '2026-02-23T16:55:00.000Z');
INSERT INTO audit_logs (id, action, user_id, description, level, created_at) 
                  VALUES ('28e059d0-61cb-4779-9542-09e83f5ea2c1', 'USER_LOGIN', '5f552e5d-c288-453c-a685-b287e1c0c64a', 'Vendedor inició sesión para jornada', 'info', '2026-02-23T14:27:00.000Z');
INSERT INTO daily_sales (id, seller_id, sale_date, total_investment, total_revenue, units_sold, units_lost, total_waste_cost, is_closed) 
                  VALUES ('67dd0b30-04f9-43dc-8140-1188f42c84e8', '5f552e5d-c288-453c-a685-b287e1c0c64a', '2026-02-23', 200, 450, 10, 0, 0, true);
INSERT INTO sale_details (id, daily_sale_id, product_id, quantity_prepared, quantity_sold, quantity_lost, unit_cost, unit_price, waste_cost, waste_reason) 
                  VALUES ('ae2353ff-5a41-45cc-8822-e97c36b9a746', '67dd0b30-04f9-43dc-8140-1188f42c84e8', '90ccc3f8-627a-4af7-aab2-9c7967c2f50d', 10, 10, 0, 20, 45, 0, 'expired');
INSERT INTO orders (id, buyer_id, seller_id, total_amount, status, created_at) 
                      VALUES ('13dfcae5-c07a-4ab2-b299-656c88727749', '233694a0-da98-4b19-8640-7b99f406554e', '5f552e5d-c288-453c-a685-b287e1c0c64a', 45, 'completed', '2026-02-23T21:05:00.000Z');
INSERT INTO order_items (id, order_id, product_id, quantity, unit_price, subtotal, created_at) 
                      VALUES ('f521482e-133b-43af-9623-b1bd50bd5581', '13dfcae5-c07a-4ab2-b299-656c88727749', '90ccc3f8-627a-4af7-aab2-9c7967c2f50d', 1, 45, 45, '2026-02-23T21:05:00.000Z');
INSERT INTO orders (id, buyer_id, seller_id, total_amount, status, created_at) 
                      VALUES ('a86c8f0c-fc8c-4179-a9d7-913aedbf1f91', 'aa9e3c8c-e997-4408-ac68-6265851f972d', '5f552e5d-c288-453c-a685-b287e1c0c64a', 45, 'completed', '2026-02-23T21:26:00.000Z');
INSERT INTO order_items (id, order_id, product_id, quantity, unit_price, subtotal, created_at) 
                      VALUES ('6c9c0b65-a800-49ee-b503-a2f871498847', 'a86c8f0c-fc8c-4179-a9d7-913aedbf1f91', '90ccc3f8-627a-4af7-aab2-9c7967c2f50d', 1, 45, 45, '2026-02-23T21:26:00.000Z');
INSERT INTO orders (id, buyer_id, seller_id, total_amount, status, created_at) 
                      VALUES ('45fe55a4-1e10-4579-ba5f-23a531ed2174', 'aa9e3c8c-e997-4408-ac68-6265851f972d', '5f552e5d-c288-453c-a685-b287e1c0c64a', 45, 'completed', '2026-02-23T16:19:00.000Z');
INSERT INTO order_items (id, order_id, product_id, quantity, unit_price, subtotal, created_at) 
                      VALUES ('2cb8bc3a-ef51-4590-afda-ffc42b45c241', '45fe55a4-1e10-4579-ba5f-23a531ed2174', '90ccc3f8-627a-4af7-aab2-9c7967c2f50d', 1, 45, 45, '2026-02-23T16:19:00.000Z');
INSERT INTO orders (id, buyer_id, seller_id, total_amount, status, created_at) 
                      VALUES ('58b3b086-4613-4efd-8725-02f1af9cc116', '1161fb73-809d-4954-a73a-738a9a1868f7', '5f552e5d-c288-453c-a685-b287e1c0c64a', 45, 'completed', '2026-02-23T18:47:00.000Z');
INSERT INTO order_items (id, order_id, product_id, quantity, unit_price, subtotal, created_at) 
                      VALUES ('f61cf27a-9a4e-4a50-9e5c-1b0e43f6b405', '58b3b086-4613-4efd-8725-02f1af9cc116', '90ccc3f8-627a-4af7-aab2-9c7967c2f50d', 1, 45, 45, '2026-02-23T18:47:00.000Z');
INSERT INTO orders (id, buyer_id, seller_id, total_amount, status, created_at) 
                      VALUES ('3552ac97-a140-4bb8-8e88-dd4d8fc640a8', '1161fb73-809d-4954-a73a-738a9a1868f7', '5f552e5d-c288-453c-a685-b287e1c0c64a', 45, 'completed', '2026-02-23T16:58:00.000Z');
INSERT INTO order_items (id, order_id, product_id, quantity, unit_price, subtotal, created_at) 
                      VALUES ('7eb57163-e91c-4e13-b01f-1d9384fe64e1', '3552ac97-a140-4bb8-8e88-dd4d8fc640a8', '90ccc3f8-627a-4af7-aab2-9c7967c2f50d', 1, 45, 45, '2026-02-23T16:58:00.000Z');
INSERT INTO orders (id, buyer_id, seller_id, total_amount, status, created_at) 
                      VALUES ('d426edf1-c0be-43a8-b69f-b6c27049e936', 'ac51e939-ec0b-40c3-b3e7-39711b12845a', '5f552e5d-c288-453c-a685-b287e1c0c64a', 45, 'completed', '2026-02-23T20:57:00.000Z');
INSERT INTO order_items (id, order_id, product_id, quantity, unit_price, subtotal, created_at) 
                      VALUES ('029096d3-4953-4f23-bbaa-a6adb9e33e14', 'd426edf1-c0be-43a8-b69f-b6c27049e936', '90ccc3f8-627a-4af7-aab2-9c7967c2f50d', 1, 45, 45, '2026-02-23T20:57:00.000Z');
INSERT INTO orders (id, buyer_id, seller_id, total_amount, status, created_at) 
                      VALUES ('84625f6b-44b8-41f3-b0bf-e95752e61221', '1161fb73-809d-4954-a73a-738a9a1868f7', '5f552e5d-c288-453c-a685-b287e1c0c64a', 45, 'completed', '2026-02-23T21:28:00.000Z');
INSERT INTO order_items (id, order_id, product_id, quantity, unit_price, subtotal, created_at) 
                      VALUES ('ed816f70-5a48-4ade-8d12-cab9dee1f3a5', '84625f6b-44b8-41f3-b0bf-e95752e61221', '90ccc3f8-627a-4af7-aab2-9c7967c2f50d', 1, 45, 45, '2026-02-23T21:28:00.000Z');
INSERT INTO orders (id, buyer_id, seller_id, total_amount, status, created_at) 
                      VALUES ('ec3a4e73-e775-4ae9-8982-4cd57fe9155f', 'ac51e939-ec0b-40c3-b3e7-39711b12845a', '5f552e5d-c288-453c-a685-b287e1c0c64a', 45, 'completed', '2026-02-23T20:42:00.000Z');
INSERT INTO order_items (id, order_id, product_id, quantity, unit_price, subtotal, created_at) 
                      VALUES ('56ba82bb-7ac2-4799-9fb9-2bb94953ae51', 'ec3a4e73-e775-4ae9-8982-4cd57fe9155f', '90ccc3f8-627a-4af7-aab2-9c7967c2f50d', 1, 45, 45, '2026-02-23T20:42:00.000Z');
INSERT INTO orders (id, buyer_id, seller_id, total_amount, status, created_at) 
                      VALUES ('e303d96a-e502-4028-a79d-fdb50ff3151f', '79768ab4-b021-418b-bf3c-0dd52f857b65', '5f552e5d-c288-453c-a685-b287e1c0c64a', 45, 'completed', '2026-02-23T18:38:00.000Z');
INSERT INTO order_items (id, order_id, product_id, quantity, unit_price, subtotal, created_at) 
                      VALUES ('e0555383-d1e7-4206-b578-50f6fb390633', 'e303d96a-e502-4028-a79d-fdb50ff3151f', '90ccc3f8-627a-4af7-aab2-9c7967c2f50d', 1, 45, 45, '2026-02-23T18:38:00.000Z');
INSERT INTO orders (id, buyer_id, seller_id, total_amount, status, created_at) 
                      VALUES ('523924ce-7ad7-4812-a2a0-bb50f01bd043', 'aa9e3c8c-e997-4408-ac68-6265851f972d', '5f552e5d-c288-453c-a685-b287e1c0c64a', 45, 'completed', '2026-02-23T16:03:00.000Z');
INSERT INTO order_items (id, order_id, product_id, quantity, unit_price, subtotal, created_at) 
                      VALUES ('8f488263-0243-4bbf-805b-87ee1452a3cb', '523924ce-7ad7-4812-a2a0-bb50f01bd043', '90ccc3f8-627a-4af7-aab2-9c7967c2f50d', 1, 45, 45, '2026-02-23T16:03:00.000Z');
INSERT INTO audit_logs (id, action, user_id, description, level, created_at) 
                  VALUES ('42261391-1c12-435a-9141-4278330526fe', 'USER_LOGIN', '522afd0e-5b6f-4f57-be80-46fd79ba12db', 'Vendedor inició sesión para jornada', 'info', '2026-02-23T14:02:00.000Z');
INSERT INTO daily_sales (id, seller_id, sale_date, total_investment, total_revenue, units_sold, units_lost, total_waste_cost, is_closed) 
                  VALUES ('9a3b27f1-4b03-4bfa-9f6d-327bed7253a8', '522afd0e-5b6f-4f57-be80-46fd79ba12db', '2026-02-23', 168, 360, 12, 2, 24, true);
INSERT INTO sale_details (id, daily_sale_id, product_id, quantity_prepared, quantity_sold, quantity_lost, unit_cost, unit_price, waste_cost, waste_reason) 
                  VALUES ('c6d69cd1-881e-47ba-8779-aa6d17431325', '9a3b27f1-4b03-4bfa-9f6d-327bed7253a8', 'c865d401-6592-418d-98d5-1aa633799680', 14, 12, 2, 12, 30, 24, 'expired');
INSERT INTO orders (id, buyer_id, seller_id, total_amount, status, created_at) 
                      VALUES ('eba1623e-0e41-449a-871a-455f69de1f1a', '233694a0-da98-4b19-8640-7b99f406554e', '522afd0e-5b6f-4f57-be80-46fd79ba12db', 30, 'completed', '2026-02-23T19:08:00.000Z');
INSERT INTO order_items (id, order_id, product_id, quantity, unit_price, subtotal, created_at) 
                      VALUES ('c14cc8f7-f265-428a-882b-2f09892febc2', 'eba1623e-0e41-449a-871a-455f69de1f1a', 'c865d401-6592-418d-98d5-1aa633799680', 1, 30, 30, '2026-02-23T19:08:00.000Z');
INSERT INTO orders (id, buyer_id, seller_id, total_amount, status, created_at) 
                      VALUES ('42279141-ecda-4611-8a4c-7bd25cf21f7a', 'aa9e3c8c-e997-4408-ac68-6265851f972d', '522afd0e-5b6f-4f57-be80-46fd79ba12db', 30, 'completed', '2026-02-23T18:01:00.000Z');
INSERT INTO order_items (id, order_id, product_id, quantity, unit_price, subtotal, created_at) 
                      VALUES ('a77813be-f15b-4834-8ded-e55c6cd4a523', '42279141-ecda-4611-8a4c-7bd25cf21f7a', 'c865d401-6592-418d-98d5-1aa633799680', 1, 30, 30, '2026-02-23T18:01:00.000Z');
INSERT INTO orders (id, buyer_id, seller_id, total_amount, status, created_at) 
                      VALUES ('964f711e-51d4-4085-9dfc-bfb278a7f956', 'b03c172d-3388-458c-8054-b6ad7db24e27', '522afd0e-5b6f-4f57-be80-46fd79ba12db', 30, 'completed', '2026-02-23T19:28:00.000Z');
INSERT INTO order_items (id, order_id, product_id, quantity, unit_price, subtotal, created_at) 
                      VALUES ('b1b59bb5-e799-45a8-b462-d75cd733c9e5', '964f711e-51d4-4085-9dfc-bfb278a7f956', 'c865d401-6592-418d-98d5-1aa633799680', 1, 30, 30, '2026-02-23T19:28:00.000Z');
INSERT INTO orders (id, buyer_id, seller_id, total_amount, status, created_at) 
                      VALUES ('f567c51a-2d60-4008-b581-13a74fa6411c', '1161fb73-809d-4954-a73a-738a9a1868f7', '522afd0e-5b6f-4f57-be80-46fd79ba12db', 30, 'completed', '2026-02-23T21:44:00.000Z');
INSERT INTO order_items (id, order_id, product_id, quantity, unit_price, subtotal, created_at) 
                      VALUES ('08b792f2-71f5-45ca-89df-a6806b27fc6f', 'f567c51a-2d60-4008-b581-13a74fa6411c', 'c865d401-6592-418d-98d5-1aa633799680', 1, 30, 30, '2026-02-23T21:44:00.000Z');
INSERT INTO orders (id, buyer_id, seller_id, total_amount, status, created_at) 
                      VALUES ('ed74b0a5-29ed-41ec-85a8-a276535e53f9', 'aa9e3c8c-e997-4408-ac68-6265851f972d', '522afd0e-5b6f-4f57-be80-46fd79ba12db', 30, 'completed', '2026-02-23T20:21:00.000Z');
INSERT INTO order_items (id, order_id, product_id, quantity, unit_price, subtotal, created_at) 
                      VALUES ('df6c21a5-6406-4369-9d2d-6b065da6d75d', 'ed74b0a5-29ed-41ec-85a8-a276535e53f9', 'c865d401-6592-418d-98d5-1aa633799680', 1, 30, 30, '2026-02-23T20:21:00.000Z');
INSERT INTO orders (id, buyer_id, seller_id, total_amount, status, created_at) 
                      VALUES ('ec80db71-4ae1-47e7-bcf4-a727310a8645', 'b03c172d-3388-458c-8054-b6ad7db24e27', '522afd0e-5b6f-4f57-be80-46fd79ba12db', 30, 'completed', '2026-02-23T18:25:00.000Z');
INSERT INTO order_items (id, order_id, product_id, quantity, unit_price, subtotal, created_at) 
                      VALUES ('b724dc94-4d5e-48ee-9413-d80d0abfb5b0', 'ec80db71-4ae1-47e7-bcf4-a727310a8645', 'c865d401-6592-418d-98d5-1aa633799680', 1, 30, 30, '2026-02-23T18:25:00.000Z');
INSERT INTO orders (id, buyer_id, seller_id, total_amount, status, created_at) 
                      VALUES ('3f60c172-918a-4bc1-8489-fc2fe38e75b8', '79768ab4-b021-418b-bf3c-0dd52f857b65', '522afd0e-5b6f-4f57-be80-46fd79ba12db', 30, 'completed', '2026-02-23T18:26:00.000Z');
INSERT INTO order_items (id, order_id, product_id, quantity, unit_price, subtotal, created_at) 
                      VALUES ('92cd4be6-fa0e-4143-b2e7-e8f6fe6ff2d7', '3f60c172-918a-4bc1-8489-fc2fe38e75b8', 'c865d401-6592-418d-98d5-1aa633799680', 1, 30, 30, '2026-02-23T18:26:00.000Z');
INSERT INTO orders (id, buyer_id, seller_id, total_amount, status, created_at) 
                      VALUES ('40f27a77-1e4a-4dab-8bca-09efa1613d94', '6c8c4ad9-70e8-48cb-9ce8-5d01c349ffcc', '522afd0e-5b6f-4f57-be80-46fd79ba12db', 30, 'completed', '2026-02-23T16:21:00.000Z');
INSERT INTO order_items (id, order_id, product_id, quantity, unit_price, subtotal, created_at) 
                      VALUES ('c460d2fc-ab2b-49aa-b7d0-b2d094a5bbe5', '40f27a77-1e4a-4dab-8bca-09efa1613d94', 'c865d401-6592-418d-98d5-1aa633799680', 1, 30, 30, '2026-02-23T16:21:00.000Z');
INSERT INTO orders (id, buyer_id, seller_id, total_amount, status, created_at) 
                      VALUES ('6a235e56-61df-4a2f-8415-9e957555f92b', '6c8c4ad9-70e8-48cb-9ce8-5d01c349ffcc', '522afd0e-5b6f-4f57-be80-46fd79ba12db', 30, 'completed', '2026-02-23T17:30:00.000Z');
INSERT INTO order_items (id, order_id, product_id, quantity, unit_price, subtotal, created_at) 
                      VALUES ('aac3b607-3dc3-46be-8a3e-d41b5bc07aa4', '6a235e56-61df-4a2f-8415-9e957555f92b', 'c865d401-6592-418d-98d5-1aa633799680', 1, 30, 30, '2026-02-23T17:30:00.000Z');
INSERT INTO orders (id, buyer_id, seller_id, total_amount, status, created_at) 
                      VALUES ('38c33792-b532-46df-927e-f9a87058a279', '6c8c4ad9-70e8-48cb-9ce8-5d01c349ffcc', '522afd0e-5b6f-4f57-be80-46fd79ba12db', 30, 'completed', '2026-02-23T19:31:00.000Z');
INSERT INTO order_items (id, order_id, product_id, quantity, unit_price, subtotal, created_at) 
                      VALUES ('1db2e0c4-dc31-45cc-aa08-392489e4d871', '38c33792-b532-46df-927e-f9a87058a279', 'c865d401-6592-418d-98d5-1aa633799680', 1, 30, 30, '2026-02-23T19:31:00.000Z');
INSERT INTO orders (id, buyer_id, seller_id, total_amount, status, created_at) 
                      VALUES ('0c3e8218-78d9-4b48-99fb-014ab9f5fbc1', 'b03c172d-3388-458c-8054-b6ad7db24e27', '522afd0e-5b6f-4f57-be80-46fd79ba12db', 30, 'completed', '2026-02-23T20:06:00.000Z');
INSERT INTO order_items (id, order_id, product_id, quantity, unit_price, subtotal, created_at) 
                      VALUES ('e780b943-1020-4cd3-a702-434bd009d98c', '0c3e8218-78d9-4b48-99fb-014ab9f5fbc1', 'c865d401-6592-418d-98d5-1aa633799680', 1, 30, 30, '2026-02-23T20:06:00.000Z');
INSERT INTO orders (id, buyer_id, seller_id, total_amount, status, created_at) 
                      VALUES ('eb899d90-cd3a-49be-b86d-e910c1847dcd', '233694a0-da98-4b19-8640-7b99f406554e', '522afd0e-5b6f-4f57-be80-46fd79ba12db', 30, 'completed', '2026-02-23T20:48:00.000Z');
INSERT INTO order_items (id, order_id, product_id, quantity, unit_price, subtotal, created_at) 
                      VALUES ('ce0d2d92-b46c-442c-904b-b2b4b3a5b3be', 'eb899d90-cd3a-49be-b86d-e910c1847dcd', 'c865d401-6592-418d-98d5-1aa633799680', 1, 30, 30, '2026-02-23T20:48:00.000Z');
INSERT INTO audit_logs (id, action, user_id, description, level, created_at) 
                  VALUES ('fb3d2980-27dd-4d3c-aead-93d800b42d2a', 'USER_LOGIN', 'da273443-bae3-4781-ae4e-819d0c9d56a6', 'Vendedor inició sesión para jornada', 'info', '2026-02-23T14:05:00.000Z');
INSERT INTO daily_sales (id, seller_id, sale_date, total_investment, total_revenue, units_sold, units_lost, total_waste_cost, is_closed) 
                  VALUES ('b157eede-5301-4f76-9867-4717e8e4eed6', 'da273443-bae3-4781-ae4e-819d0c9d56a6', '2026-02-23', 88, 275, 11, 0, 0, true);
INSERT INTO sale_details (id, daily_sale_id, product_id, quantity_prepared, quantity_sold, quantity_lost, unit_cost, unit_price, waste_cost, waste_reason) 
                  VALUES ('6dedb4b6-ccca-491b-9548-695944ba765c', 'b157eede-5301-4f76-9867-4717e8e4eed6', 'ea84c406-f235-4e9c-b061-71ed9401e63b', 11, 11, 0, 8, 25, 0, 'expired');
INSERT INTO orders (id, buyer_id, seller_id, total_amount, status, created_at) 
                      VALUES ('9832ba19-d698-4ee5-aafc-b72b3d51105d', '6c8c4ad9-70e8-48cb-9ce8-5d01c349ffcc', 'da273443-bae3-4781-ae4e-819d0c9d56a6', 25, 'completed', '2026-02-23T17:19:00.000Z');
INSERT INTO order_items (id, order_id, product_id, quantity, unit_price, subtotal, created_at) 
                      VALUES ('0685f371-2b74-4e3d-87d6-15c617274d02', '9832ba19-d698-4ee5-aafc-b72b3d51105d', 'ea84c406-f235-4e9c-b061-71ed9401e63b', 1, 25, 25, '2026-02-23T17:19:00.000Z');
INSERT INTO orders (id, buyer_id, seller_id, total_amount, status, created_at) 
                      VALUES ('ed5e717f-d3f6-4a72-83a8-6878199ca886', '1161fb73-809d-4954-a73a-738a9a1868f7', 'da273443-bae3-4781-ae4e-819d0c9d56a6', 25, 'completed', '2026-02-23T17:46:00.000Z');
INSERT INTO order_items (id, order_id, product_id, quantity, unit_price, subtotal, created_at) 
                      VALUES ('21d1a788-be07-4791-9a7b-5246d10fd3e2', 'ed5e717f-d3f6-4a72-83a8-6878199ca886', 'ea84c406-f235-4e9c-b061-71ed9401e63b', 1, 25, 25, '2026-02-23T17:46:00.000Z');
INSERT INTO orders (id, buyer_id, seller_id, total_amount, status, created_at) 
                      VALUES ('6ccd1087-ef1a-4a75-98b4-c5bb5274dd04', '6c8c4ad9-70e8-48cb-9ce8-5d01c349ffcc', 'da273443-bae3-4781-ae4e-819d0c9d56a6', 25, 'completed', '2026-02-23T16:44:00.000Z');
INSERT INTO order_items (id, order_id, product_id, quantity, unit_price, subtotal, created_at) 
                      VALUES ('d96beb93-9b51-4cf7-b85e-ccb587c37714', '6ccd1087-ef1a-4a75-98b4-c5bb5274dd04', 'ea84c406-f235-4e9c-b061-71ed9401e63b', 1, 25, 25, '2026-02-23T16:44:00.000Z');
INSERT INTO orders (id, buyer_id, seller_id, total_amount, status, created_at) 
                      VALUES ('dde25b11-5fb4-4a88-a2e9-7369c24e95df', '233694a0-da98-4b19-8640-7b99f406554e', 'da273443-bae3-4781-ae4e-819d0c9d56a6', 25, 'completed', '2026-02-23T19:23:00.000Z');
INSERT INTO order_items (id, order_id, product_id, quantity, unit_price, subtotal, created_at) 
                      VALUES ('5caf546d-32a6-48f3-bab3-10760a128d93', 'dde25b11-5fb4-4a88-a2e9-7369c24e95df', 'ea84c406-f235-4e9c-b061-71ed9401e63b', 1, 25, 25, '2026-02-23T19:23:00.000Z');
INSERT INTO orders (id, buyer_id, seller_id, total_amount, status, created_at) 
                      VALUES ('bcfb1f86-417c-4423-995a-3551eb3c4798', 'aa9e3c8c-e997-4408-ac68-6265851f972d', 'da273443-bae3-4781-ae4e-819d0c9d56a6', 25, 'completed', '2026-02-23T19:47:00.000Z');
INSERT INTO order_items (id, order_id, product_id, quantity, unit_price, subtotal, created_at) 
                      VALUES ('975b8de2-3f9b-4e72-8ea5-2fb348e41516', 'bcfb1f86-417c-4423-995a-3551eb3c4798', 'ea84c406-f235-4e9c-b061-71ed9401e63b', 1, 25, 25, '2026-02-23T19:47:00.000Z');
INSERT INTO orders (id, buyer_id, seller_id, total_amount, status, created_at) 
                      VALUES ('ead2baf9-dbae-41ea-aeae-f042904a1779', '6c8c4ad9-70e8-48cb-9ce8-5d01c349ffcc', 'da273443-bae3-4781-ae4e-819d0c9d56a6', 25, 'completed', '2026-02-23T20:00:00.000Z');
INSERT INTO order_items (id, order_id, product_id, quantity, unit_price, subtotal, created_at) 
                      VALUES ('4b069924-56f7-4931-91f6-2656f095e714', 'ead2baf9-dbae-41ea-aeae-f042904a1779', 'ea84c406-f235-4e9c-b061-71ed9401e63b', 1, 25, 25, '2026-02-23T20:00:00.000Z');
INSERT INTO orders (id, buyer_id, seller_id, total_amount, status, created_at) 
                      VALUES ('97ab554b-c1fa-41eb-88c3-f9a1ec9ef3a8', '233694a0-da98-4b19-8640-7b99f406554e', 'da273443-bae3-4781-ae4e-819d0c9d56a6', 25, 'completed', '2026-02-23T18:33:00.000Z');
INSERT INTO order_items (id, order_id, product_id, quantity, unit_price, subtotal, created_at) 
                      VALUES ('f260470b-b834-4e0d-960e-9a2484420113', '97ab554b-c1fa-41eb-88c3-f9a1ec9ef3a8', 'ea84c406-f235-4e9c-b061-71ed9401e63b', 1, 25, 25, '2026-02-23T18:33:00.000Z');
INSERT INTO orders (id, buyer_id, seller_id, total_amount, status, created_at) 
                      VALUES ('67487df3-8a95-4930-893a-7a63982212dd', '79768ab4-b021-418b-bf3c-0dd52f857b65', 'da273443-bae3-4781-ae4e-819d0c9d56a6', 25, 'completed', '2026-02-23T16:51:00.000Z');
INSERT INTO order_items (id, order_id, product_id, quantity, unit_price, subtotal, created_at) 
                      VALUES ('877b997d-8cf9-4cdd-a209-518fb362e3d6', '67487df3-8a95-4930-893a-7a63982212dd', 'ea84c406-f235-4e9c-b061-71ed9401e63b', 1, 25, 25, '2026-02-23T16:51:00.000Z');
INSERT INTO orders (id, buyer_id, seller_id, total_amount, status, created_at) 
                      VALUES ('581483f5-6e71-4e93-adea-67de63b35e24', 'aa9e3c8c-e997-4408-ac68-6265851f972d', 'da273443-bae3-4781-ae4e-819d0c9d56a6', 25, 'completed', '2026-02-23T17:12:00.000Z');
INSERT INTO order_items (id, order_id, product_id, quantity, unit_price, subtotal, created_at) 
                      VALUES ('699aad50-9ab4-4512-87ea-3ef26125205e', '581483f5-6e71-4e93-adea-67de63b35e24', 'ea84c406-f235-4e9c-b061-71ed9401e63b', 1, 25, 25, '2026-02-23T17:12:00.000Z');
INSERT INTO orders (id, buyer_id, seller_id, total_amount, status, created_at) 
                      VALUES ('3178c8aa-7001-42f5-9616-d5f3bdb432e3', '1161fb73-809d-4954-a73a-738a9a1868f7', 'da273443-bae3-4781-ae4e-819d0c9d56a6', 25, 'completed', '2026-02-23T20:49:00.000Z');
INSERT INTO order_items (id, order_id, product_id, quantity, unit_price, subtotal, created_at) 
                      VALUES ('41c32547-1031-4f22-bf0d-42e285e75c7f', '3178c8aa-7001-42f5-9616-d5f3bdb432e3', 'ea84c406-f235-4e9c-b061-71ed9401e63b', 1, 25, 25, '2026-02-23T20:49:00.000Z');
INSERT INTO orders (id, buyer_id, seller_id, total_amount, status, created_at) 
                      VALUES ('71ced91e-ee2a-453d-ab6b-498e615bcf7e', '79768ab4-b021-418b-bf3c-0dd52f857b65', 'da273443-bae3-4781-ae4e-819d0c9d56a6', 25, 'completed', '2026-02-23T20:55:00.000Z');
INSERT INTO order_items (id, order_id, product_id, quantity, unit_price, subtotal, created_at) 
                      VALUES ('852a6eca-cd8d-4158-ae07-69bc476b3d75', '71ced91e-ee2a-453d-ab6b-498e615bcf7e', 'ea84c406-f235-4e9c-b061-71ed9401e63b', 1, 25, 25, '2026-02-23T20:55:00.000Z');
INSERT INTO audit_logs (id, action, user_id, description, level, created_at) 
                  VALUES ('ffa50dfb-a55a-4c36-9bf9-9eb01502091a', 'USER_LOGIN', 'cdc7b576-3957-4e3f-9e87-6630e4ef1950', 'Vendedor inició sesión para jornada', 'info', '2026-02-23T14:21:00.000Z');
INSERT INTO daily_sales (id, seller_id, sale_date, total_investment, total_revenue, units_sold, units_lost, total_waste_cost, is_closed) 
                  VALUES ('6f9886d6-0984-405e-8fc5-cc5dc4de68b0', 'cdc7b576-3957-4e3f-9e87-6630e4ef1950', '2026-02-23', 250, 550, 10, 0, 0, true);
INSERT INTO sale_details (id, daily_sale_id, product_id, quantity_prepared, quantity_sold, quantity_lost, unit_cost, unit_price, waste_cost, waste_reason) 
                  VALUES ('ea203d51-c617-4c68-90c1-dfc56d5b6c4b', '6f9886d6-0984-405e-8fc5-cc5dc4de68b0', '49e54b55-6e07-407b-9dac-36e93e1f8aa2', 10, 10, 0, 25, 55, 0, 'expired');
INSERT INTO orders (id, buyer_id, seller_id, total_amount, status, created_at) 
                      VALUES ('32bd1289-79da-4a03-b827-5747fbfa4994', '1161fb73-809d-4954-a73a-738a9a1868f7', 'cdc7b576-3957-4e3f-9e87-6630e4ef1950', 55, 'completed', '2026-02-23T21:19:00.000Z');
INSERT INTO order_items (id, order_id, product_id, quantity, unit_price, subtotal, created_at) 
                      VALUES ('02b6ae68-ae78-4d17-bb64-5145f77a591a', '32bd1289-79da-4a03-b827-5747fbfa4994', '49e54b55-6e07-407b-9dac-36e93e1f8aa2', 1, 55, 55, '2026-02-23T21:19:00.000Z');
INSERT INTO orders (id, buyer_id, seller_id, total_amount, status, created_at) 
                      VALUES ('7a6eb60a-4d4b-4f85-9dfd-3a4fe30c0f2c', 'aa9e3c8c-e997-4408-ac68-6265851f972d', 'cdc7b576-3957-4e3f-9e87-6630e4ef1950', 55, 'completed', '2026-02-23T21:11:00.000Z');
INSERT INTO order_items (id, order_id, product_id, quantity, unit_price, subtotal, created_at) 
                      VALUES ('bc58b46a-33f4-491b-9023-426adc75f8ae', '7a6eb60a-4d4b-4f85-9dfd-3a4fe30c0f2c', '49e54b55-6e07-407b-9dac-36e93e1f8aa2', 1, 55, 55, '2026-02-23T21:11:00.000Z');
INSERT INTO orders (id, buyer_id, seller_id, total_amount, status, created_at) 
                      VALUES ('77608b86-9efc-41a4-bdeb-45ae481c19fc', '6c8c4ad9-70e8-48cb-9ce8-5d01c349ffcc', 'cdc7b576-3957-4e3f-9e87-6630e4ef1950', 55, 'completed', '2026-02-23T20:54:00.000Z');
INSERT INTO order_items (id, order_id, product_id, quantity, unit_price, subtotal, created_at) 
                      VALUES ('a5351232-8431-4245-80dd-23374cff401b', '77608b86-9efc-41a4-bdeb-45ae481c19fc', '49e54b55-6e07-407b-9dac-36e93e1f8aa2', 1, 55, 55, '2026-02-23T20:54:00.000Z');
INSERT INTO orders (id, buyer_id, seller_id, total_amount, status, created_at) 
                      VALUES ('9ce1f5e8-d9aa-4b32-b57a-3ec1c42308eb', 'ac51e939-ec0b-40c3-b3e7-39711b12845a', 'cdc7b576-3957-4e3f-9e87-6630e4ef1950', 55, 'completed', '2026-02-23T17:07:00.000Z');
INSERT INTO order_items (id, order_id, product_id, quantity, unit_price, subtotal, created_at) 
                      VALUES ('b00ba27f-1f1c-4350-84fd-9196a08dca61', '9ce1f5e8-d9aa-4b32-b57a-3ec1c42308eb', '49e54b55-6e07-407b-9dac-36e93e1f8aa2', 1, 55, 55, '2026-02-23T17:07:00.000Z');
INSERT INTO orders (id, buyer_id, seller_id, total_amount, status, created_at) 
                      VALUES ('b1f13c21-f084-4200-b864-365126eb9eb4', 'b03c172d-3388-458c-8054-b6ad7db24e27', 'cdc7b576-3957-4e3f-9e87-6630e4ef1950', 55, 'completed', '2026-02-23T16:44:00.000Z');
INSERT INTO order_items (id, order_id, product_id, quantity, unit_price, subtotal, created_at) 
                      VALUES ('8768c5f5-1b39-418a-beb6-2d52a6f65682', 'b1f13c21-f084-4200-b864-365126eb9eb4', '49e54b55-6e07-407b-9dac-36e93e1f8aa2', 1, 55, 55, '2026-02-23T16:44:00.000Z');
INSERT INTO orders (id, buyer_id, seller_id, total_amount, status, created_at) 
                      VALUES ('e25f0718-442e-44ef-afc9-6ff5387f8011', '6c8c4ad9-70e8-48cb-9ce8-5d01c349ffcc', 'cdc7b576-3957-4e3f-9e87-6630e4ef1950', 55, 'completed', '2026-02-23T17:38:00.000Z');
INSERT INTO order_items (id, order_id, product_id, quantity, unit_price, subtotal, created_at) 
                      VALUES ('96e58031-713f-459e-aa72-7703793a1ab8', 'e25f0718-442e-44ef-afc9-6ff5387f8011', '49e54b55-6e07-407b-9dac-36e93e1f8aa2', 1, 55, 55, '2026-02-23T17:38:00.000Z');
INSERT INTO orders (id, buyer_id, seller_id, total_amount, status, created_at) 
                      VALUES ('939d994f-32ba-4209-ab4c-213c2b1c158f', '233694a0-da98-4b19-8640-7b99f406554e', 'cdc7b576-3957-4e3f-9e87-6630e4ef1950', 55, 'completed', '2026-02-23T21:01:00.000Z');
INSERT INTO order_items (id, order_id, product_id, quantity, unit_price, subtotal, created_at) 
                      VALUES ('a8075829-3de1-4b64-a17c-ac95b338818a', '939d994f-32ba-4209-ab4c-213c2b1c158f', '49e54b55-6e07-407b-9dac-36e93e1f8aa2', 1, 55, 55, '2026-02-23T21:01:00.000Z');
INSERT INTO orders (id, buyer_id, seller_id, total_amount, status, created_at) 
                      VALUES ('4aa73616-8e3e-4ee1-bf71-745bb6f38812', '6c8c4ad9-70e8-48cb-9ce8-5d01c349ffcc', 'cdc7b576-3957-4e3f-9e87-6630e4ef1950', 55, 'completed', '2026-02-23T18:12:00.000Z');
INSERT INTO order_items (id, order_id, product_id, quantity, unit_price, subtotal, created_at) 
                      VALUES ('3725a6e4-7987-44e9-9f08-2102b91bcd61', '4aa73616-8e3e-4ee1-bf71-745bb6f38812', '49e54b55-6e07-407b-9dac-36e93e1f8aa2', 1, 55, 55, '2026-02-23T18:12:00.000Z');
INSERT INTO orders (id, buyer_id, seller_id, total_amount, status, created_at) 
                      VALUES ('4d18f782-09eb-43ff-9979-583521f0febd', '1161fb73-809d-4954-a73a-738a9a1868f7', 'cdc7b576-3957-4e3f-9e87-6630e4ef1950', 55, 'completed', '2026-02-23T19:18:00.000Z');
INSERT INTO order_items (id, order_id, product_id, quantity, unit_price, subtotal, created_at) 
                      VALUES ('7fa1021b-5329-444b-8108-c03d84c0b99a', '4d18f782-09eb-43ff-9979-583521f0febd', '49e54b55-6e07-407b-9dac-36e93e1f8aa2', 1, 55, 55, '2026-02-23T19:18:00.000Z');
INSERT INTO orders (id, buyer_id, seller_id, total_amount, status, created_at) 
                      VALUES ('82836e62-31a9-48ac-8816-7e1c16f27c14', 'b03c172d-3388-458c-8054-b6ad7db24e27', 'cdc7b576-3957-4e3f-9e87-6630e4ef1950', 55, 'completed', '2026-02-23T17:05:00.000Z');
INSERT INTO order_items (id, order_id, product_id, quantity, unit_price, subtotal, created_at) 
                      VALUES ('0508e6d5-cf2b-4cd1-9ab9-7ed7a15ae06d', '82836e62-31a9-48ac-8816-7e1c16f27c14', '49e54b55-6e07-407b-9dac-36e93e1f8aa2', 1, 55, 55, '2026-02-23T17:05:00.000Z');
INSERT INTO audit_logs (id, action, user_id, description, level, created_at) 
                  VALUES ('fd3967a0-8abf-492d-8776-c8482b6a59f9', 'USER_LOGIN', '6adabb60-eed5-4dd0-b80c-41983dd81404', 'Vendedor inició sesión para jornada', 'info', '2026-02-24T14:09:00.000Z');
INSERT INTO daily_sales (id, seller_id, sale_date, total_investment, total_revenue, units_sold, units_lost, total_waste_cost, is_closed) 
                  VALUES ('d2f22b90-6a2e-473c-b6ca-876458b2af9a', '6adabb60-eed5-4dd0-b80c-41983dd81404', '2026-02-24', 520, 825, 11, 2, 80, true);
INSERT INTO sale_details (id, daily_sale_id, product_id, quantity_prepared, quantity_sold, quantity_lost, unit_cost, unit_price, waste_cost, waste_reason) 
                  VALUES ('e905fd21-d5c8-4990-99e0-82ded2d88a0d', 'd2f22b90-6a2e-473c-b6ca-876458b2af9a', 'cd4cb45a-05bc-4729-bb2a-06d122f369fc', 13, 11, 2, 40, 75, 80, 'expired');
INSERT INTO orders (id, buyer_id, seller_id, total_amount, status, created_at) 
                      VALUES ('60766aab-38f1-4c38-bb04-7fd58e720830', '6c8c4ad9-70e8-48cb-9ce8-5d01c349ffcc', '6adabb60-eed5-4dd0-b80c-41983dd81404', 75, 'completed', '2026-02-24T21:13:00.000Z');
INSERT INTO order_items (id, order_id, product_id, quantity, unit_price, subtotal, created_at) 
                      VALUES ('59bbbbf4-d178-4160-9dd6-72d66b438115', '60766aab-38f1-4c38-bb04-7fd58e720830', 'cd4cb45a-05bc-4729-bb2a-06d122f369fc', 1, 75, 75, '2026-02-24T21:13:00.000Z');
INSERT INTO orders (id, buyer_id, seller_id, total_amount, status, created_at) 
                      VALUES ('48513e10-1ca8-4b02-9907-f427d1d5762f', '1161fb73-809d-4954-a73a-738a9a1868f7', '6adabb60-eed5-4dd0-b80c-41983dd81404', 75, 'completed', '2026-02-24T21:21:00.000Z');
INSERT INTO order_items (id, order_id, product_id, quantity, unit_price, subtotal, created_at) 
                      VALUES ('c853f0f9-9c10-46ce-8144-eae2ea6153bd', '48513e10-1ca8-4b02-9907-f427d1d5762f', 'cd4cb45a-05bc-4729-bb2a-06d122f369fc', 1, 75, 75, '2026-02-24T21:21:00.000Z');
INSERT INTO orders (id, buyer_id, seller_id, total_amount, status, created_at) 
                      VALUES ('dd030109-51e1-4621-9105-27bc2bdba249', 'aa9e3c8c-e997-4408-ac68-6265851f972d', '6adabb60-eed5-4dd0-b80c-41983dd81404', 75, 'completed', '2026-02-24T17:53:00.000Z');
INSERT INTO order_items (id, order_id, product_id, quantity, unit_price, subtotal, created_at) 
                      VALUES ('4caa2322-9842-4679-aba9-0b67c8c52165', 'dd030109-51e1-4621-9105-27bc2bdba249', 'cd4cb45a-05bc-4729-bb2a-06d122f369fc', 1, 75, 75, '2026-02-24T17:53:00.000Z');
INSERT INTO orders (id, buyer_id, seller_id, total_amount, status, created_at) 
                      VALUES ('8b818b40-84a7-4ab9-923c-18e8584a6fe2', 'ac51e939-ec0b-40c3-b3e7-39711b12845a', '6adabb60-eed5-4dd0-b80c-41983dd81404', 75, 'completed', '2026-02-24T21:35:00.000Z');
INSERT INTO order_items (id, order_id, product_id, quantity, unit_price, subtotal, created_at) 
                      VALUES ('95129097-b196-456c-a6f8-b8e5b5d4a10c', '8b818b40-84a7-4ab9-923c-18e8584a6fe2', 'cd4cb45a-05bc-4729-bb2a-06d122f369fc', 1, 75, 75, '2026-02-24T21:35:00.000Z');
INSERT INTO orders (id, buyer_id, seller_id, total_amount, status, created_at) 
                      VALUES ('1e4b91d4-8775-4c1f-87c4-07402356ad09', 'aa9e3c8c-e997-4408-ac68-6265851f972d', '6adabb60-eed5-4dd0-b80c-41983dd81404', 75, 'completed', '2026-02-24T19:13:00.000Z');
INSERT INTO order_items (id, order_id, product_id, quantity, unit_price, subtotal, created_at) 
                      VALUES ('cd74f67b-2fef-4e32-8475-0f1c9e0cd1eb', '1e4b91d4-8775-4c1f-87c4-07402356ad09', 'cd4cb45a-05bc-4729-bb2a-06d122f369fc', 1, 75, 75, '2026-02-24T19:13:00.000Z');
INSERT INTO orders (id, buyer_id, seller_id, total_amount, status, created_at) 
                      VALUES ('9ba175f3-5a66-4857-bce3-0237199a1897', '1161fb73-809d-4954-a73a-738a9a1868f7', '6adabb60-eed5-4dd0-b80c-41983dd81404', 75, 'completed', '2026-02-24T19:17:00.000Z');
INSERT INTO order_items (id, order_id, product_id, quantity, unit_price, subtotal, created_at) 
                      VALUES ('a14d8202-0770-4246-8cf0-d9815a103964', '9ba175f3-5a66-4857-bce3-0237199a1897', 'cd4cb45a-05bc-4729-bb2a-06d122f369fc', 1, 75, 75, '2026-02-24T19:17:00.000Z');
INSERT INTO orders (id, buyer_id, seller_id, total_amount, status, created_at) 
                      VALUES ('49756296-3970-44f4-8fa4-8930a240c17a', 'aa9e3c8c-e997-4408-ac68-6265851f972d', '6adabb60-eed5-4dd0-b80c-41983dd81404', 75, 'completed', '2026-02-24T19:40:00.000Z');
INSERT INTO order_items (id, order_id, product_id, quantity, unit_price, subtotal, created_at) 
                      VALUES ('edb21ce7-80ad-42f7-8068-8ec0eacb2873', '49756296-3970-44f4-8fa4-8930a240c17a', 'cd4cb45a-05bc-4729-bb2a-06d122f369fc', 1, 75, 75, '2026-02-24T19:40:00.000Z');
INSERT INTO orders (id, buyer_id, seller_id, total_amount, status, created_at) 
                      VALUES ('91b968df-86aa-4b28-a4e9-0962f6e596bd', 'aa9e3c8c-e997-4408-ac68-6265851f972d', '6adabb60-eed5-4dd0-b80c-41983dd81404', 75, 'completed', '2026-02-24T16:33:00.000Z');
INSERT INTO order_items (id, order_id, product_id, quantity, unit_price, subtotal, created_at) 
                      VALUES ('8d10e779-652b-47d1-9cf9-6a8c64f2c640', '91b968df-86aa-4b28-a4e9-0962f6e596bd', 'cd4cb45a-05bc-4729-bb2a-06d122f369fc', 1, 75, 75, '2026-02-24T16:33:00.000Z');
INSERT INTO orders (id, buyer_id, seller_id, total_amount, status, created_at) 
                      VALUES ('e1804b0f-c31c-41a6-93da-57c0992fd6b9', 'ac51e939-ec0b-40c3-b3e7-39711b12845a', '6adabb60-eed5-4dd0-b80c-41983dd81404', 75, 'completed', '2026-02-24T16:50:00.000Z');
INSERT INTO order_items (id, order_id, product_id, quantity, unit_price, subtotal, created_at) 
                      VALUES ('b4a1e336-6427-45ba-9a22-34267fa0689b', 'e1804b0f-c31c-41a6-93da-57c0992fd6b9', 'cd4cb45a-05bc-4729-bb2a-06d122f369fc', 1, 75, 75, '2026-02-24T16:50:00.000Z');
INSERT INTO orders (id, buyer_id, seller_id, total_amount, status, created_at) 
                      VALUES ('6c09a273-7bc4-4e89-94d2-b177f4428fa3', '233694a0-da98-4b19-8640-7b99f406554e', '6adabb60-eed5-4dd0-b80c-41983dd81404', 75, 'completed', '2026-02-24T17:25:00.000Z');
INSERT INTO order_items (id, order_id, product_id, quantity, unit_price, subtotal, created_at) 
                      VALUES ('f469bc4c-208f-4612-b403-de74d49e5b2d', '6c09a273-7bc4-4e89-94d2-b177f4428fa3', 'cd4cb45a-05bc-4729-bb2a-06d122f369fc', 1, 75, 75, '2026-02-24T17:25:00.000Z');
INSERT INTO orders (id, buyer_id, seller_id, total_amount, status, created_at) 
                      VALUES ('0f1cdfd3-c761-4b05-8e76-a9f67b400052', '6c8c4ad9-70e8-48cb-9ce8-5d01c349ffcc', '6adabb60-eed5-4dd0-b80c-41983dd81404', 75, 'completed', '2026-02-24T19:43:00.000Z');
INSERT INTO order_items (id, order_id, product_id, quantity, unit_price, subtotal, created_at) 
                      VALUES ('a224328f-e5a7-44ab-b417-79e5874fe636', '0f1cdfd3-c761-4b05-8e76-a9f67b400052', 'cd4cb45a-05bc-4729-bb2a-06d122f369fc', 1, 75, 75, '2026-02-24T19:43:00.000Z');
INSERT INTO audit_logs (id, action, user_id, description, level, created_at) 
                  VALUES ('4bb8b91f-1e1a-40af-bb8a-594ada407d93', 'USER_LOGIN', '5f552e5d-c288-453c-a685-b287e1c0c64a', 'Vendedor inició sesión para jornada', 'info', '2026-02-24T14:13:00.000Z');
INSERT INTO daily_sales (id, seller_id, sale_date, total_investment, total_revenue, units_sold, units_lost, total_waste_cost, is_closed) 
                  VALUES ('e0637577-20ae-4588-8808-7ddf8d6d0fd5', '5f552e5d-c288-453c-a685-b287e1c0c64a', '2026-02-24', 200, 450, 10, 0, 0, true);
INSERT INTO sale_details (id, daily_sale_id, product_id, quantity_prepared, quantity_sold, quantity_lost, unit_cost, unit_price, waste_cost, waste_reason) 
                  VALUES ('a373ae6d-9f24-4432-beb0-7b030a69c9b1', 'e0637577-20ae-4588-8808-7ddf8d6d0fd5', '90ccc3f8-627a-4af7-aab2-9c7967c2f50d', 10, 10, 0, 20, 45, 0, 'expired');
INSERT INTO orders (id, buyer_id, seller_id, total_amount, status, created_at) 
                      VALUES ('e60d19b6-6f5b-4832-969e-01259b94e9aa', 'aa9e3c8c-e997-4408-ac68-6265851f972d', '5f552e5d-c288-453c-a685-b287e1c0c64a', 45, 'completed', '2026-02-24T20:19:00.000Z');
INSERT INTO order_items (id, order_id, product_id, quantity, unit_price, subtotal, created_at) 
                      VALUES ('54aa91c2-1dca-4004-b87e-6c35c483dd6b', 'e60d19b6-6f5b-4832-969e-01259b94e9aa', '90ccc3f8-627a-4af7-aab2-9c7967c2f50d', 1, 45, 45, '2026-02-24T20:19:00.000Z');
INSERT INTO orders (id, buyer_id, seller_id, total_amount, status, created_at) 
                      VALUES ('e15b3259-5006-42cb-8b84-f9222b28cda9', '1161fb73-809d-4954-a73a-738a9a1868f7', '5f552e5d-c288-453c-a685-b287e1c0c64a', 45, 'completed', '2026-02-24T21:57:00.000Z');
INSERT INTO order_items (id, order_id, product_id, quantity, unit_price, subtotal, created_at) 
                      VALUES ('4a28e3df-5c97-43bf-adda-d41edf6ef29b', 'e15b3259-5006-42cb-8b84-f9222b28cda9', '90ccc3f8-627a-4af7-aab2-9c7967c2f50d', 1, 45, 45, '2026-02-24T21:57:00.000Z');
INSERT INTO orders (id, buyer_id, seller_id, total_amount, status, created_at) 
                      VALUES ('d0147bdf-594b-4b6d-980f-10234df29d04', '6c8c4ad9-70e8-48cb-9ce8-5d01c349ffcc', '5f552e5d-c288-453c-a685-b287e1c0c64a', 45, 'completed', '2026-02-24T17:10:00.000Z');
INSERT INTO order_items (id, order_id, product_id, quantity, unit_price, subtotal, created_at) 
                      VALUES ('bef4719e-610d-4ece-a07a-474c27831e7e', 'd0147bdf-594b-4b6d-980f-10234df29d04', '90ccc3f8-627a-4af7-aab2-9c7967c2f50d', 1, 45, 45, '2026-02-24T17:10:00.000Z');
INSERT INTO orders (id, buyer_id, seller_id, total_amount, status, created_at) 
                      VALUES ('1482541d-b17c-4dd2-ac6e-72049825e909', 'aa9e3c8c-e997-4408-ac68-6265851f972d', '5f552e5d-c288-453c-a685-b287e1c0c64a', 45, 'completed', '2026-02-24T19:36:00.000Z');
INSERT INTO order_items (id, order_id, product_id, quantity, unit_price, subtotal, created_at) 
                      VALUES ('f79b0b8a-653b-4b39-ae26-caeadffb94fc', '1482541d-b17c-4dd2-ac6e-72049825e909', '90ccc3f8-627a-4af7-aab2-9c7967c2f50d', 1, 45, 45, '2026-02-24T19:36:00.000Z');
INSERT INTO orders (id, buyer_id, seller_id, total_amount, status, created_at) 
                      VALUES ('c550cbc9-4092-4aa8-aaec-a588344c8be9', 'aa9e3c8c-e997-4408-ac68-6265851f972d', '5f552e5d-c288-453c-a685-b287e1c0c64a', 45, 'completed', '2026-02-24T16:29:00.000Z');
INSERT INTO order_items (id, order_id, product_id, quantity, unit_price, subtotal, created_at) 
                      VALUES ('f88f70f8-5aac-4633-aa1e-94d687d9fd53', 'c550cbc9-4092-4aa8-aaec-a588344c8be9', '90ccc3f8-627a-4af7-aab2-9c7967c2f50d', 1, 45, 45, '2026-02-24T16:29:00.000Z');
INSERT INTO orders (id, buyer_id, seller_id, total_amount, status, created_at) 
                      VALUES ('3db7d6df-0480-4461-b03e-420e3534fdc0', '233694a0-da98-4b19-8640-7b99f406554e', '5f552e5d-c288-453c-a685-b287e1c0c64a', 45, 'completed', '2026-02-24T17:14:00.000Z');
INSERT INTO order_items (id, order_id, product_id, quantity, unit_price, subtotal, created_at) 
                      VALUES ('839b64c6-c7af-49e7-93d2-15b29e7e7daa', '3db7d6df-0480-4461-b03e-420e3534fdc0', '90ccc3f8-627a-4af7-aab2-9c7967c2f50d', 1, 45, 45, '2026-02-24T17:14:00.000Z');
INSERT INTO orders (id, buyer_id, seller_id, total_amount, status, created_at) 
                      VALUES ('a5f44652-5804-4e42-b0cf-378f6582c501', 'b03c172d-3388-458c-8054-b6ad7db24e27', '5f552e5d-c288-453c-a685-b287e1c0c64a', 45, 'completed', '2026-02-24T19:26:00.000Z');
INSERT INTO order_items (id, order_id, product_id, quantity, unit_price, subtotal, created_at) 
                      VALUES ('cac32a42-2a1c-439a-bf66-237f63402c84', 'a5f44652-5804-4e42-b0cf-378f6582c501', '90ccc3f8-627a-4af7-aab2-9c7967c2f50d', 1, 45, 45, '2026-02-24T19:26:00.000Z');
INSERT INTO orders (id, buyer_id, seller_id, total_amount, status, created_at) 
                      VALUES ('ba4cc5f7-e808-4328-850c-e9684fa20f12', '233694a0-da98-4b19-8640-7b99f406554e', '5f552e5d-c288-453c-a685-b287e1c0c64a', 45, 'completed', '2026-02-24T21:28:00.000Z');
INSERT INTO order_items (id, order_id, product_id, quantity, unit_price, subtotal, created_at) 
                      VALUES ('b766211b-bbb0-4668-abfc-d0a1926ed7c8', 'ba4cc5f7-e808-4328-850c-e9684fa20f12', '90ccc3f8-627a-4af7-aab2-9c7967c2f50d', 1, 45, 45, '2026-02-24T21:28:00.000Z');
INSERT INTO orders (id, buyer_id, seller_id, total_amount, status, created_at) 
                      VALUES ('ab263075-b0d9-44ed-893a-3a672de949ee', 'b03c172d-3388-458c-8054-b6ad7db24e27', '5f552e5d-c288-453c-a685-b287e1c0c64a', 45, 'completed', '2026-02-24T21:07:00.000Z');
INSERT INTO order_items (id, order_id, product_id, quantity, unit_price, subtotal, created_at) 
                      VALUES ('f0b1a640-d1c8-42d7-9964-07b7ded843f5', 'ab263075-b0d9-44ed-893a-3a672de949ee', '90ccc3f8-627a-4af7-aab2-9c7967c2f50d', 1, 45, 45, '2026-02-24T21:07:00.000Z');
INSERT INTO orders (id, buyer_id, seller_id, total_amount, status, created_at) 
                      VALUES ('d2e74392-4da2-44c3-b364-a4917c13de0f', '6c8c4ad9-70e8-48cb-9ce8-5d01c349ffcc', '5f552e5d-c288-453c-a685-b287e1c0c64a', 45, 'completed', '2026-02-24T21:04:00.000Z');
INSERT INTO order_items (id, order_id, product_id, quantity, unit_price, subtotal, created_at) 
                      VALUES ('15f81921-5820-4916-bfe5-d551ed252069', 'd2e74392-4da2-44c3-b364-a4917c13de0f', '90ccc3f8-627a-4af7-aab2-9c7967c2f50d', 1, 45, 45, '2026-02-24T21:04:00.000Z');
INSERT INTO audit_logs (id, action, user_id, description, level, created_at) 
                  VALUES ('ceb21d4d-8357-4360-85f0-aa2e6276c98b', 'USER_LOGIN', '522afd0e-5b6f-4f57-be80-46fd79ba12db', 'Vendedor inició sesión para jornada', 'info', '2026-02-24T14:29:00.000Z');
INSERT INTO daily_sales (id, seller_id, sale_date, total_investment, total_revenue, units_sold, units_lost, total_waste_cost, is_closed) 
                  VALUES ('e8c52d6f-22a5-40c6-86d5-41b39384d250', '522afd0e-5b6f-4f57-be80-46fd79ba12db', '2026-02-24', 168, 420, 14, 0, 0, true);
INSERT INTO sale_details (id, daily_sale_id, product_id, quantity_prepared, quantity_sold, quantity_lost, unit_cost, unit_price, waste_cost, waste_reason) 
                  VALUES ('fcf797b9-9352-43e9-b3a1-cca834a0a24c', 'e8c52d6f-22a5-40c6-86d5-41b39384d250', 'c865d401-6592-418d-98d5-1aa633799680', 14, 14, 0, 12, 30, 0, 'expired');
INSERT INTO orders (id, buyer_id, seller_id, total_amount, status, created_at) 
                      VALUES ('acc71bc7-5f17-45d5-8ec0-86d935c378b4', '79768ab4-b021-418b-bf3c-0dd52f857b65', '522afd0e-5b6f-4f57-be80-46fd79ba12db', 30, 'completed', '2026-02-24T18:39:00.000Z');
INSERT INTO order_items (id, order_id, product_id, quantity, unit_price, subtotal, created_at) 
                      VALUES ('10cbf8dc-7261-4754-ae66-28b79a740072', 'acc71bc7-5f17-45d5-8ec0-86d935c378b4', 'c865d401-6592-418d-98d5-1aa633799680', 1, 30, 30, '2026-02-24T18:39:00.000Z');
INSERT INTO orders (id, buyer_id, seller_id, total_amount, status, created_at) 
                      VALUES ('1cd6ecdc-3bec-4f5f-a651-e0d58061b97a', 'ac51e939-ec0b-40c3-b3e7-39711b12845a', '522afd0e-5b6f-4f57-be80-46fd79ba12db', 30, 'completed', '2026-02-24T21:26:00.000Z');
INSERT INTO order_items (id, order_id, product_id, quantity, unit_price, subtotal, created_at) 
                      VALUES ('a1c8eb55-7fe5-44a8-8fed-5424a37e2fe8', '1cd6ecdc-3bec-4f5f-a651-e0d58061b97a', 'c865d401-6592-418d-98d5-1aa633799680', 1, 30, 30, '2026-02-24T21:26:00.000Z');
INSERT INTO orders (id, buyer_id, seller_id, total_amount, status, created_at) 
                      VALUES ('d4690b68-4afc-43c7-9752-f5a49d162f75', '79768ab4-b021-418b-bf3c-0dd52f857b65', '522afd0e-5b6f-4f57-be80-46fd79ba12db', 30, 'completed', '2026-02-24T21:59:00.000Z');
INSERT INTO order_items (id, order_id, product_id, quantity, unit_price, subtotal, created_at) 
                      VALUES ('052ec005-142a-4f3d-ba75-bb4a96867e5c', 'd4690b68-4afc-43c7-9752-f5a49d162f75', 'c865d401-6592-418d-98d5-1aa633799680', 1, 30, 30, '2026-02-24T21:59:00.000Z');
INSERT INTO orders (id, buyer_id, seller_id, total_amount, status, created_at) 
                      VALUES ('16310087-3587-4d3b-b3e9-f9105ad3a974', '233694a0-da98-4b19-8640-7b99f406554e', '522afd0e-5b6f-4f57-be80-46fd79ba12db', 30, 'completed', '2026-02-24T20:35:00.000Z');
INSERT INTO order_items (id, order_id, product_id, quantity, unit_price, subtotal, created_at) 
                      VALUES ('01db4b0b-5004-47e0-8451-54c03542ec4d', '16310087-3587-4d3b-b3e9-f9105ad3a974', 'c865d401-6592-418d-98d5-1aa633799680', 1, 30, 30, '2026-02-24T20:35:00.000Z');
INSERT INTO orders (id, buyer_id, seller_id, total_amount, status, created_at) 
                      VALUES ('c543e63c-61f3-4e4e-b8cb-c12188777c4e', '233694a0-da98-4b19-8640-7b99f406554e', '522afd0e-5b6f-4f57-be80-46fd79ba12db', 30, 'completed', '2026-02-24T17:07:00.000Z');
INSERT INTO order_items (id, order_id, product_id, quantity, unit_price, subtotal, created_at) 
                      VALUES ('ad71b8ec-4928-4b7a-8067-188151a0f004', 'c543e63c-61f3-4e4e-b8cb-c12188777c4e', 'c865d401-6592-418d-98d5-1aa633799680', 1, 30, 30, '2026-02-24T17:07:00.000Z');
INSERT INTO orders (id, buyer_id, seller_id, total_amount, status, created_at) 
                      VALUES ('8d66fdb3-245b-41ad-93a9-fca99acae7bb', 'ac51e939-ec0b-40c3-b3e7-39711b12845a', '522afd0e-5b6f-4f57-be80-46fd79ba12db', 30, 'completed', '2026-02-24T18:24:00.000Z');
INSERT INTO order_items (id, order_id, product_id, quantity, unit_price, subtotal, created_at) 
                      VALUES ('b82fd409-1a0f-47a5-a462-8e5acdcb3c15', '8d66fdb3-245b-41ad-93a9-fca99acae7bb', 'c865d401-6592-418d-98d5-1aa633799680', 1, 30, 30, '2026-02-24T18:24:00.000Z');
INSERT INTO orders (id, buyer_id, seller_id, total_amount, status, created_at) 
                      VALUES ('8f5ec9e0-aa93-4a8e-90db-ad81d76378aa', '79768ab4-b021-418b-bf3c-0dd52f857b65', '522afd0e-5b6f-4f57-be80-46fd79ba12db', 30, 'completed', '2026-02-24T18:56:00.000Z');
INSERT INTO order_items (id, order_id, product_id, quantity, unit_price, subtotal, created_at) 
                      VALUES ('33491c77-59c3-42e6-9c73-106756cd42db', '8f5ec9e0-aa93-4a8e-90db-ad81d76378aa', 'c865d401-6592-418d-98d5-1aa633799680', 1, 30, 30, '2026-02-24T18:56:00.000Z');
INSERT INTO orders (id, buyer_id, seller_id, total_amount, status, created_at) 
                      VALUES ('3fe7234a-bfc0-4fad-8fbc-d225c52caf46', '233694a0-da98-4b19-8640-7b99f406554e', '522afd0e-5b6f-4f57-be80-46fd79ba12db', 30, 'completed', '2026-02-24T16:34:00.000Z');
INSERT INTO order_items (id, order_id, product_id, quantity, unit_price, subtotal, created_at) 
                      VALUES ('1f981837-b8a8-47e0-ada4-1578e8738603', '3fe7234a-bfc0-4fad-8fbc-d225c52caf46', 'c865d401-6592-418d-98d5-1aa633799680', 1, 30, 30, '2026-02-24T16:34:00.000Z');
INSERT INTO orders (id, buyer_id, seller_id, total_amount, status, created_at) 
                      VALUES ('b4bc315e-a5bb-4653-b1fa-03e868cdd621', 'aa9e3c8c-e997-4408-ac68-6265851f972d', '522afd0e-5b6f-4f57-be80-46fd79ba12db', 30, 'completed', '2026-02-24T20:38:00.000Z');
INSERT INTO order_items (id, order_id, product_id, quantity, unit_price, subtotal, created_at) 
                      VALUES ('3863f8c2-922a-4c0c-a6bb-960dc413ab39', 'b4bc315e-a5bb-4653-b1fa-03e868cdd621', 'c865d401-6592-418d-98d5-1aa633799680', 1, 30, 30, '2026-02-24T20:38:00.000Z');
INSERT INTO orders (id, buyer_id, seller_id, total_amount, status, created_at) 
                      VALUES ('435fbbd8-75c1-4ad2-9804-e16ba64cf211', '1161fb73-809d-4954-a73a-738a9a1868f7', '522afd0e-5b6f-4f57-be80-46fd79ba12db', 30, 'completed', '2026-02-24T20:11:00.000Z');
INSERT INTO order_items (id, order_id, product_id, quantity, unit_price, subtotal, created_at) 
                      VALUES ('aa7e0eca-a693-4267-98db-7740c6e7e6b9', '435fbbd8-75c1-4ad2-9804-e16ba64cf211', 'c865d401-6592-418d-98d5-1aa633799680', 1, 30, 30, '2026-02-24T20:11:00.000Z');
INSERT INTO orders (id, buyer_id, seller_id, total_amount, status, created_at) 
                      VALUES ('63105c85-19d2-4bc1-8c72-ac220bf55dd7', '79768ab4-b021-418b-bf3c-0dd52f857b65', '522afd0e-5b6f-4f57-be80-46fd79ba12db', 30, 'completed', '2026-02-24T18:54:00.000Z');
INSERT INTO order_items (id, order_id, product_id, quantity, unit_price, subtotal, created_at) 
                      VALUES ('f61b8adb-3426-4d65-a2cc-74bcbd516fc5', '63105c85-19d2-4bc1-8c72-ac220bf55dd7', 'c865d401-6592-418d-98d5-1aa633799680', 1, 30, 30, '2026-02-24T18:54:00.000Z');
INSERT INTO orders (id, buyer_id, seller_id, total_amount, status, created_at) 
                      VALUES ('e9870f83-26b9-4ec1-b251-60828b6e53bc', 'b03c172d-3388-458c-8054-b6ad7db24e27', '522afd0e-5b6f-4f57-be80-46fd79ba12db', 30, 'completed', '2026-02-24T21:15:00.000Z');
INSERT INTO order_items (id, order_id, product_id, quantity, unit_price, subtotal, created_at) 
                      VALUES ('6356692c-d343-4ff6-bb57-a6f9b0b4f85f', 'e9870f83-26b9-4ec1-b251-60828b6e53bc', 'c865d401-6592-418d-98d5-1aa633799680', 1, 30, 30, '2026-02-24T21:15:00.000Z');
INSERT INTO orders (id, buyer_id, seller_id, total_amount, status, created_at) 
                      VALUES ('1dbe7457-9532-4f3d-8578-9fe367ae504b', '6c8c4ad9-70e8-48cb-9ce8-5d01c349ffcc', '522afd0e-5b6f-4f57-be80-46fd79ba12db', 30, 'completed', '2026-02-24T18:04:00.000Z');
INSERT INTO order_items (id, order_id, product_id, quantity, unit_price, subtotal, created_at) 
                      VALUES ('22b2a124-c7b3-4709-85d6-2d64294d0d7d', '1dbe7457-9532-4f3d-8578-9fe367ae504b', 'c865d401-6592-418d-98d5-1aa633799680', 1, 30, 30, '2026-02-24T18:04:00.000Z');
INSERT INTO orders (id, buyer_id, seller_id, total_amount, status, created_at) 
                      VALUES ('3236c943-ec36-48e3-a2e4-86f015c34f87', '233694a0-da98-4b19-8640-7b99f406554e', '522afd0e-5b6f-4f57-be80-46fd79ba12db', 30, 'completed', '2026-02-24T19:31:00.000Z');
INSERT INTO order_items (id, order_id, product_id, quantity, unit_price, subtotal, created_at) 
                      VALUES ('a1cc33d0-5f99-4f05-8507-b337b78d210c', '3236c943-ec36-48e3-a2e4-86f015c34f87', 'c865d401-6592-418d-98d5-1aa633799680', 1, 30, 30, '2026-02-24T19:31:00.000Z');
INSERT INTO audit_logs (id, action, user_id, description, level, created_at) 
                  VALUES ('b0e82dbb-db6d-44d1-bef2-d709e9d079a7', 'USER_LOGIN', 'da273443-bae3-4781-ae4e-819d0c9d56a6', 'Vendedor inició sesión para jornada', 'info', '2026-02-24T14:02:00.000Z');
INSERT INTO daily_sales (id, seller_id, sale_date, total_investment, total_revenue, units_sold, units_lost, total_waste_cost, is_closed) 
                  VALUES ('9fa550eb-2455-4f5a-9b59-17900874ac5e', 'da273443-bae3-4781-ae4e-819d0c9d56a6', '2026-02-24', 96, 300, 12, 0, 0, true);
INSERT INTO sale_details (id, daily_sale_id, product_id, quantity_prepared, quantity_sold, quantity_lost, unit_cost, unit_price, waste_cost, waste_reason) 
                  VALUES ('5744eb97-6573-45d0-80e1-ea1735b0a668', '9fa550eb-2455-4f5a-9b59-17900874ac5e', 'ea84c406-f235-4e9c-b061-71ed9401e63b', 12, 12, 0, 8, 25, 0, 'expired');
INSERT INTO orders (id, buyer_id, seller_id, total_amount, status, created_at) 
                      VALUES ('2f5313e6-5f6c-4ad8-aa76-bf9d1349fe49', '233694a0-da98-4b19-8640-7b99f406554e', 'da273443-bae3-4781-ae4e-819d0c9d56a6', 25, 'completed', '2026-02-24T20:54:00.000Z');
INSERT INTO order_items (id, order_id, product_id, quantity, unit_price, subtotal, created_at) 
                      VALUES ('e83f81ae-d9f8-42da-8482-d9a2e28450bf', '2f5313e6-5f6c-4ad8-aa76-bf9d1349fe49', 'ea84c406-f235-4e9c-b061-71ed9401e63b', 1, 25, 25, '2026-02-24T20:54:00.000Z');
INSERT INTO orders (id, buyer_id, seller_id, total_amount, status, created_at) 
                      VALUES ('397d3c39-0725-4a13-a75e-dbdf0d2d37a5', '233694a0-da98-4b19-8640-7b99f406554e', 'da273443-bae3-4781-ae4e-819d0c9d56a6', 25, 'completed', '2026-02-24T19:55:00.000Z');
INSERT INTO order_items (id, order_id, product_id, quantity, unit_price, subtotal, created_at) 
                      VALUES ('2a7be414-9b8b-43df-a163-a9013d2c1689', '397d3c39-0725-4a13-a75e-dbdf0d2d37a5', 'ea84c406-f235-4e9c-b061-71ed9401e63b', 1, 25, 25, '2026-02-24T19:55:00.000Z');
INSERT INTO orders (id, buyer_id, seller_id, total_amount, status, created_at) 
                      VALUES ('03c205a4-393a-4fcc-b5be-69ac433bfdbd', '79768ab4-b021-418b-bf3c-0dd52f857b65', 'da273443-bae3-4781-ae4e-819d0c9d56a6', 25, 'completed', '2026-02-24T17:53:00.000Z');
INSERT INTO order_items (id, order_id, product_id, quantity, unit_price, subtotal, created_at) 
                      VALUES ('e56202d1-d1fc-4592-bc97-2fce2d7dfe16', '03c205a4-393a-4fcc-b5be-69ac433bfdbd', 'ea84c406-f235-4e9c-b061-71ed9401e63b', 1, 25, 25, '2026-02-24T17:53:00.000Z');
INSERT INTO orders (id, buyer_id, seller_id, total_amount, status, created_at) 
                      VALUES ('cf2b644b-0e6c-4f69-b805-bc211bbbdf9d', '1161fb73-809d-4954-a73a-738a9a1868f7', 'da273443-bae3-4781-ae4e-819d0c9d56a6', 25, 'completed', '2026-02-24T19:05:00.000Z');
INSERT INTO order_items (id, order_id, product_id, quantity, unit_price, subtotal, created_at) 
                      VALUES ('98eef3cb-3eed-4ded-ab1b-9b5cfebdb514', 'cf2b644b-0e6c-4f69-b805-bc211bbbdf9d', 'ea84c406-f235-4e9c-b061-71ed9401e63b', 1, 25, 25, '2026-02-24T19:05:00.000Z');
INSERT INTO orders (id, buyer_id, seller_id, total_amount, status, created_at) 
                      VALUES ('e39869ce-6cea-4423-88f6-58c308f8d9e4', 'b03c172d-3388-458c-8054-b6ad7db24e27', 'da273443-bae3-4781-ae4e-819d0c9d56a6', 25, 'completed', '2026-02-24T21:46:00.000Z');
INSERT INTO order_items (id, order_id, product_id, quantity, unit_price, subtotal, created_at) 
                      VALUES ('b9cd1321-6ffb-43df-b3f4-e1aa20edc168', 'e39869ce-6cea-4423-88f6-58c308f8d9e4', 'ea84c406-f235-4e9c-b061-71ed9401e63b', 1, 25, 25, '2026-02-24T21:46:00.000Z');
INSERT INTO orders (id, buyer_id, seller_id, total_amount, status, created_at) 
                      VALUES ('c2790042-aaad-400c-b09b-ec6a6fc8cc2d', 'aa9e3c8c-e997-4408-ac68-6265851f972d', 'da273443-bae3-4781-ae4e-819d0c9d56a6', 25, 'completed', '2026-02-24T20:55:00.000Z');
INSERT INTO order_items (id, order_id, product_id, quantity, unit_price, subtotal, created_at) 
                      VALUES ('c7147a4f-7c70-4726-9913-93cdb1ee5dec', 'c2790042-aaad-400c-b09b-ec6a6fc8cc2d', 'ea84c406-f235-4e9c-b061-71ed9401e63b', 1, 25, 25, '2026-02-24T20:55:00.000Z');
INSERT INTO orders (id, buyer_id, seller_id, total_amount, status, created_at) 
                      VALUES ('299653b5-4de8-45a3-a567-7b24053fe7d9', 'b03c172d-3388-458c-8054-b6ad7db24e27', 'da273443-bae3-4781-ae4e-819d0c9d56a6', 25, 'completed', '2026-02-24T18:05:00.000Z');
INSERT INTO order_items (id, order_id, product_id, quantity, unit_price, subtotal, created_at) 
                      VALUES ('715a51be-917c-4109-a5df-3298cf2065d3', '299653b5-4de8-45a3-a567-7b24053fe7d9', 'ea84c406-f235-4e9c-b061-71ed9401e63b', 1, 25, 25, '2026-02-24T18:05:00.000Z');
INSERT INTO orders (id, buyer_id, seller_id, total_amount, status, created_at) 
                      VALUES ('e49b5afe-141e-4c1c-9b5b-b4a667f7d121', '233694a0-da98-4b19-8640-7b99f406554e', 'da273443-bae3-4781-ae4e-819d0c9d56a6', 25, 'completed', '2026-02-24T21:36:00.000Z');
INSERT INTO order_items (id, order_id, product_id, quantity, unit_price, subtotal, created_at) 
                      VALUES ('19906195-5fbb-4a53-ac5f-a1706b34513b', 'e49b5afe-141e-4c1c-9b5b-b4a667f7d121', 'ea84c406-f235-4e9c-b061-71ed9401e63b', 1, 25, 25, '2026-02-24T21:36:00.000Z');
INSERT INTO orders (id, buyer_id, seller_id, total_amount, status, created_at) 
                      VALUES ('b616a23c-9e9c-45ea-925b-83d6c31f5427', 'aa9e3c8c-e997-4408-ac68-6265851f972d', 'da273443-bae3-4781-ae4e-819d0c9d56a6', 25, 'completed', '2026-02-24T18:06:00.000Z');
INSERT INTO order_items (id, order_id, product_id, quantity, unit_price, subtotal, created_at) 
                      VALUES ('0a1d0475-86b1-49f1-b14b-ab893dbf9f8e', 'b616a23c-9e9c-45ea-925b-83d6c31f5427', 'ea84c406-f235-4e9c-b061-71ed9401e63b', 1, 25, 25, '2026-02-24T18:06:00.000Z');
INSERT INTO orders (id, buyer_id, seller_id, total_amount, status, created_at) 
                      VALUES ('9c13915a-1b33-4c51-af5f-9cddb705d1fc', 'b03c172d-3388-458c-8054-b6ad7db24e27', 'da273443-bae3-4781-ae4e-819d0c9d56a6', 25, 'completed', '2026-02-24T19:14:00.000Z');
INSERT INTO order_items (id, order_id, product_id, quantity, unit_price, subtotal, created_at) 
                      VALUES ('bec6c676-9482-411b-a1bc-c0ffff1e8b34', '9c13915a-1b33-4c51-af5f-9cddb705d1fc', 'ea84c406-f235-4e9c-b061-71ed9401e63b', 1, 25, 25, '2026-02-24T19:14:00.000Z');
INSERT INTO orders (id, buyer_id, seller_id, total_amount, status, created_at) 
                      VALUES ('e7c6b7ab-f204-464a-ad40-235450845d9a', 'ac51e939-ec0b-40c3-b3e7-39711b12845a', 'da273443-bae3-4781-ae4e-819d0c9d56a6', 25, 'completed', '2026-02-24T20:39:00.000Z');
INSERT INTO order_items (id, order_id, product_id, quantity, unit_price, subtotal, created_at) 
                      VALUES ('5dc931a4-32e8-4ad4-aa08-18d4af47bca0', 'e7c6b7ab-f204-464a-ad40-235450845d9a', 'ea84c406-f235-4e9c-b061-71ed9401e63b', 1, 25, 25, '2026-02-24T20:39:00.000Z');
INSERT INTO orders (id, buyer_id, seller_id, total_amount, status, created_at) 
                      VALUES ('57872c08-ecec-4f76-8acf-403652b0169e', 'b03c172d-3388-458c-8054-b6ad7db24e27', 'da273443-bae3-4781-ae4e-819d0c9d56a6', 25, 'completed', '2026-02-24T16:40:00.000Z');
INSERT INTO order_items (id, order_id, product_id, quantity, unit_price, subtotal, created_at) 
                      VALUES ('96c1d75d-c2d9-4e7d-88f2-2ff669957321', '57872c08-ecec-4f76-8acf-403652b0169e', 'ea84c406-f235-4e9c-b061-71ed9401e63b', 1, 25, 25, '2026-02-24T16:40:00.000Z');
INSERT INTO audit_logs (id, action, user_id, description, level, created_at) 
                  VALUES ('6ac2a939-2247-41dd-aaea-eda69a3f32e3', 'USER_LOGIN', 'cdc7b576-3957-4e3f-9e87-6630e4ef1950', 'Vendedor inició sesión para jornada', 'info', '2026-02-24T14:06:00.000Z');
INSERT INTO daily_sales (id, seller_id, sale_date, total_investment, total_revenue, units_sold, units_lost, total_waste_cost, is_closed) 
                  VALUES ('c76cc3d2-0bf6-45cb-b040-5970d473cf92', 'cdc7b576-3957-4e3f-9e87-6630e4ef1950', '2026-02-24', 325, 715, 13, 0, 0, true);
INSERT INTO sale_details (id, daily_sale_id, product_id, quantity_prepared, quantity_sold, quantity_lost, unit_cost, unit_price, waste_cost, waste_reason) 
                  VALUES ('aa8adf1e-09ee-4edb-a2ac-2fa9ec025a3e', 'c76cc3d2-0bf6-45cb-b040-5970d473cf92', '49e54b55-6e07-407b-9dac-36e93e1f8aa2', 13, 13, 0, 25, 55, 0, 'expired');
INSERT INTO orders (id, buyer_id, seller_id, total_amount, status, created_at) 
                      VALUES ('f56bd0b2-abde-4dd5-ae1e-496f9a3abb7a', '233694a0-da98-4b19-8640-7b99f406554e', 'cdc7b576-3957-4e3f-9e87-6630e4ef1950', 55, 'completed', '2026-02-24T21:22:00.000Z');
INSERT INTO order_items (id, order_id, product_id, quantity, unit_price, subtotal, created_at) 
                      VALUES ('d16a7144-9d4c-4ed6-9744-e79d6d61345f', 'f56bd0b2-abde-4dd5-ae1e-496f9a3abb7a', '49e54b55-6e07-407b-9dac-36e93e1f8aa2', 1, 55, 55, '2026-02-24T21:22:00.000Z');
INSERT INTO orders (id, buyer_id, seller_id, total_amount, status, created_at) 
                      VALUES ('e8d938e1-546e-49b1-89be-79f595f3f7ee', '1161fb73-809d-4954-a73a-738a9a1868f7', 'cdc7b576-3957-4e3f-9e87-6630e4ef1950', 55, 'completed', '2026-02-24T16:07:00.000Z');
INSERT INTO order_items (id, order_id, product_id, quantity, unit_price, subtotal, created_at) 
                      VALUES ('c3be249f-e325-4a44-8436-d1a35593de40', 'e8d938e1-546e-49b1-89be-79f595f3f7ee', '49e54b55-6e07-407b-9dac-36e93e1f8aa2', 1, 55, 55, '2026-02-24T16:07:00.000Z');
INSERT INTO orders (id, buyer_id, seller_id, total_amount, status, created_at) 
                      VALUES ('ba6bd834-0e57-4354-90c9-3547a09b7f82', 'b03c172d-3388-458c-8054-b6ad7db24e27', 'cdc7b576-3957-4e3f-9e87-6630e4ef1950', 55, 'completed', '2026-02-24T19:43:00.000Z');
INSERT INTO order_items (id, order_id, product_id, quantity, unit_price, subtotal, created_at) 
                      VALUES ('bc03c0c8-9fdb-4296-baec-2e57e2ab8e41', 'ba6bd834-0e57-4354-90c9-3547a09b7f82', '49e54b55-6e07-407b-9dac-36e93e1f8aa2', 1, 55, 55, '2026-02-24T19:43:00.000Z');
INSERT INTO orders (id, buyer_id, seller_id, total_amount, status, created_at) 
                      VALUES ('5e1bf052-931e-43b2-9c90-0e41e6bc43cb', '6c8c4ad9-70e8-48cb-9ce8-5d01c349ffcc', 'cdc7b576-3957-4e3f-9e87-6630e4ef1950', 55, 'completed', '2026-02-24T17:56:00.000Z');
INSERT INTO order_items (id, order_id, product_id, quantity, unit_price, subtotal, created_at) 
                      VALUES ('950cbda1-6e7f-4f45-b506-44cce544c71a', '5e1bf052-931e-43b2-9c90-0e41e6bc43cb', '49e54b55-6e07-407b-9dac-36e93e1f8aa2', 1, 55, 55, '2026-02-24T17:56:00.000Z');
INSERT INTO orders (id, buyer_id, seller_id, total_amount, status, created_at) 
                      VALUES ('63c6cf51-8189-4a12-8bd4-b0ea36e5d38e', '233694a0-da98-4b19-8640-7b99f406554e', 'cdc7b576-3957-4e3f-9e87-6630e4ef1950', 55, 'completed', '2026-02-24T19:08:00.000Z');
INSERT INTO order_items (id, order_id, product_id, quantity, unit_price, subtotal, created_at) 
                      VALUES ('075b5487-6712-4a13-8abc-d246c2923734', '63c6cf51-8189-4a12-8bd4-b0ea36e5d38e', '49e54b55-6e07-407b-9dac-36e93e1f8aa2', 1, 55, 55, '2026-02-24T19:08:00.000Z');
INSERT INTO orders (id, buyer_id, seller_id, total_amount, status, created_at) 
                      VALUES ('b91d7ff2-a4b7-4869-8871-11d048d0e1a4', '1161fb73-809d-4954-a73a-738a9a1868f7', 'cdc7b576-3957-4e3f-9e87-6630e4ef1950', 55, 'completed', '2026-02-24T16:12:00.000Z');
INSERT INTO order_items (id, order_id, product_id, quantity, unit_price, subtotal, created_at) 
                      VALUES ('a555de3c-cd8c-4d90-a935-075ba8ab2552', 'b91d7ff2-a4b7-4869-8871-11d048d0e1a4', '49e54b55-6e07-407b-9dac-36e93e1f8aa2', 1, 55, 55, '2026-02-24T16:12:00.000Z');
INSERT INTO orders (id, buyer_id, seller_id, total_amount, status, created_at) 
                      VALUES ('e323454a-4c42-4d2f-aa25-8936439b9e68', 'b03c172d-3388-458c-8054-b6ad7db24e27', 'cdc7b576-3957-4e3f-9e87-6630e4ef1950', 55, 'completed', '2026-02-24T16:27:00.000Z');
INSERT INTO order_items (id, order_id, product_id, quantity, unit_price, subtotal, created_at) 
                      VALUES ('20f21ee4-5411-487b-8b01-be700409afe9', 'e323454a-4c42-4d2f-aa25-8936439b9e68', '49e54b55-6e07-407b-9dac-36e93e1f8aa2', 1, 55, 55, '2026-02-24T16:27:00.000Z');
INSERT INTO orders (id, buyer_id, seller_id, total_amount, status, created_at) 
                      VALUES ('f21313e7-e6ce-42e7-acd2-b9b3731d7229', '233694a0-da98-4b19-8640-7b99f406554e', 'cdc7b576-3957-4e3f-9e87-6630e4ef1950', 55, 'completed', '2026-02-24T16:12:00.000Z');
INSERT INTO order_items (id, order_id, product_id, quantity, unit_price, subtotal, created_at) 
                      VALUES ('6824fe61-b4a4-446c-b9dd-c375669c8def', 'f21313e7-e6ce-42e7-acd2-b9b3731d7229', '49e54b55-6e07-407b-9dac-36e93e1f8aa2', 1, 55, 55, '2026-02-24T16:12:00.000Z');
INSERT INTO orders (id, buyer_id, seller_id, total_amount, status, created_at) 
                      VALUES ('e22fae55-5b74-4eec-845a-d3e46c83c55f', '79768ab4-b021-418b-bf3c-0dd52f857b65', 'cdc7b576-3957-4e3f-9e87-6630e4ef1950', 55, 'completed', '2026-02-24T20:53:00.000Z');
INSERT INTO order_items (id, order_id, product_id, quantity, unit_price, subtotal, created_at) 
                      VALUES ('9055b679-d79f-4a4b-b349-bc8cc3c3a8d6', 'e22fae55-5b74-4eec-845a-d3e46c83c55f', '49e54b55-6e07-407b-9dac-36e93e1f8aa2', 1, 55, 55, '2026-02-24T20:53:00.000Z');
INSERT INTO orders (id, buyer_id, seller_id, total_amount, status, created_at) 
                      VALUES ('024a72f0-21a6-4892-afc6-6d75bd5cade1', '1161fb73-809d-4954-a73a-738a9a1868f7', 'cdc7b576-3957-4e3f-9e87-6630e4ef1950', 55, 'completed', '2026-02-24T17:00:00.000Z');
INSERT INTO order_items (id, order_id, product_id, quantity, unit_price, subtotal, created_at) 
                      VALUES ('e215b8b8-6711-444a-b3b5-619305f217a1', '024a72f0-21a6-4892-afc6-6d75bd5cade1', '49e54b55-6e07-407b-9dac-36e93e1f8aa2', 1, 55, 55, '2026-02-24T17:00:00.000Z');
INSERT INTO orders (id, buyer_id, seller_id, total_amount, status, created_at) 
                      VALUES ('a6bed0e3-13d0-4f47-948b-36fa9aa15c8f', '233694a0-da98-4b19-8640-7b99f406554e', 'cdc7b576-3957-4e3f-9e87-6630e4ef1950', 55, 'completed', '2026-02-24T16:48:00.000Z');
INSERT INTO order_items (id, order_id, product_id, quantity, unit_price, subtotal, created_at) 
                      VALUES ('8afe33db-e58b-4d41-9442-d62457ee3803', 'a6bed0e3-13d0-4f47-948b-36fa9aa15c8f', '49e54b55-6e07-407b-9dac-36e93e1f8aa2', 1, 55, 55, '2026-02-24T16:48:00.000Z');
INSERT INTO orders (id, buyer_id, seller_id, total_amount, status, created_at) 
                      VALUES ('b1b48180-fceb-4c11-8b50-8833ed4b34d4', 'b03c172d-3388-458c-8054-b6ad7db24e27', 'cdc7b576-3957-4e3f-9e87-6630e4ef1950', 55, 'completed', '2026-02-24T21:36:00.000Z');
INSERT INTO order_items (id, order_id, product_id, quantity, unit_price, subtotal, created_at) 
                      VALUES ('d362ce49-f260-48b7-a54a-7c7da389339c', 'b1b48180-fceb-4c11-8b50-8833ed4b34d4', '49e54b55-6e07-407b-9dac-36e93e1f8aa2', 1, 55, 55, '2026-02-24T21:36:00.000Z');
INSERT INTO orders (id, buyer_id, seller_id, total_amount, status, created_at) 
                      VALUES ('dec294f6-b501-4d1b-9bfd-6847e577a5a5', '6c8c4ad9-70e8-48cb-9ce8-5d01c349ffcc', 'cdc7b576-3957-4e3f-9e87-6630e4ef1950', 55, 'completed', '2026-02-24T16:16:00.000Z');
INSERT INTO order_items (id, order_id, product_id, quantity, unit_price, subtotal, created_at) 
                      VALUES ('a6687a4d-e9f9-4393-9640-54628d33b371', 'dec294f6-b501-4d1b-9bfd-6847e577a5a5', '49e54b55-6e07-407b-9dac-36e93e1f8aa2', 1, 55, 55, '2026-02-24T16:16:00.000Z');
INSERT INTO audit_logs (id, action, user_id, description, level, created_at) 
                  VALUES ('d40084b9-8119-4d61-a7ee-9ea52c022d1b', 'USER_LOGIN', '6adabb60-eed5-4dd0-b80c-41983dd81404', 'Vendedor inició sesión para jornada', 'info', '2026-02-25T14:21:00.000Z');
INSERT INTO daily_sales (id, seller_id, sale_date, total_investment, total_revenue, units_sold, units_lost, total_waste_cost, is_closed) 
                  VALUES ('fa650544-ed9c-4eb7-8ecc-304bcee7f4b4', '6adabb60-eed5-4dd0-b80c-41983dd81404', '2026-02-25', 480, 825, 11, 1, 40, true);
INSERT INTO sale_details (id, daily_sale_id, product_id, quantity_prepared, quantity_sold, quantity_lost, unit_cost, unit_price, waste_cost, waste_reason) 
                  VALUES ('05e32c81-b645-4a1a-bdfb-2a4010c5fd96', 'fa650544-ed9c-4eb7-8ecc-304bcee7f4b4', 'cd4cb45a-05bc-4729-bb2a-06d122f369fc', 12, 11, 1, 40, 75, 40, 'expired');
INSERT INTO orders (id, buyer_id, seller_id, total_amount, status, created_at) 
                      VALUES ('ad27b2e7-8096-417a-8e4d-4a93094c4bc4', '233694a0-da98-4b19-8640-7b99f406554e', '6adabb60-eed5-4dd0-b80c-41983dd81404', 75, 'completed', '2026-02-25T17:29:00.000Z');
INSERT INTO order_items (id, order_id, product_id, quantity, unit_price, subtotal, created_at) 
                      VALUES ('5d811449-6d0a-4dff-8fd4-63a73614013e', 'ad27b2e7-8096-417a-8e4d-4a93094c4bc4', 'cd4cb45a-05bc-4729-bb2a-06d122f369fc', 1, 75, 75, '2026-02-25T17:29:00.000Z');
INSERT INTO orders (id, buyer_id, seller_id, total_amount, status, created_at) 
                      VALUES ('29ee6378-b17c-4bc9-9619-1e08dd582140', 'ac51e939-ec0b-40c3-b3e7-39711b12845a', '6adabb60-eed5-4dd0-b80c-41983dd81404', 75, 'completed', '2026-02-25T19:13:00.000Z');
INSERT INTO order_items (id, order_id, product_id, quantity, unit_price, subtotal, created_at) 
                      VALUES ('429accdb-c71e-4f29-8eff-6b795450049c', '29ee6378-b17c-4bc9-9619-1e08dd582140', 'cd4cb45a-05bc-4729-bb2a-06d122f369fc', 1, 75, 75, '2026-02-25T19:13:00.000Z');
INSERT INTO orders (id, buyer_id, seller_id, total_amount, status, created_at) 
                      VALUES ('4fce47b7-fdf5-4628-977c-9de4a0d16038', '1161fb73-809d-4954-a73a-738a9a1868f7', '6adabb60-eed5-4dd0-b80c-41983dd81404', 75, 'completed', '2026-02-25T21:44:00.000Z');
INSERT INTO order_items (id, order_id, product_id, quantity, unit_price, subtotal, created_at) 
                      VALUES ('00fbb27f-81e4-4d63-bb0b-dbb3ca00f9e2', '4fce47b7-fdf5-4628-977c-9de4a0d16038', 'cd4cb45a-05bc-4729-bb2a-06d122f369fc', 1, 75, 75, '2026-02-25T21:44:00.000Z');
INSERT INTO orders (id, buyer_id, seller_id, total_amount, status, created_at) 
                      VALUES ('60fff600-3a65-456f-99a4-35f5c469796d', '6c8c4ad9-70e8-48cb-9ce8-5d01c349ffcc', '6adabb60-eed5-4dd0-b80c-41983dd81404', 75, 'completed', '2026-02-25T21:36:00.000Z');
INSERT INTO order_items (id, order_id, product_id, quantity, unit_price, subtotal, created_at) 
                      VALUES ('12e29e84-cc49-438c-84ab-eaf7cbe540db', '60fff600-3a65-456f-99a4-35f5c469796d', 'cd4cb45a-05bc-4729-bb2a-06d122f369fc', 1, 75, 75, '2026-02-25T21:36:00.000Z');
INSERT INTO orders (id, buyer_id, seller_id, total_amount, status, created_at) 
                      VALUES ('d9cda00b-d61c-49a7-b78f-fa576d5a0c84', 'aa9e3c8c-e997-4408-ac68-6265851f972d', '6adabb60-eed5-4dd0-b80c-41983dd81404', 75, 'completed', '2026-02-25T16:18:00.000Z');
INSERT INTO order_items (id, order_id, product_id, quantity, unit_price, subtotal, created_at) 
                      VALUES ('ced02f5f-bed9-457b-8b8f-b9d0c6c6f589', 'd9cda00b-d61c-49a7-b78f-fa576d5a0c84', 'cd4cb45a-05bc-4729-bb2a-06d122f369fc', 1, 75, 75, '2026-02-25T16:18:00.000Z');
INSERT INTO orders (id, buyer_id, seller_id, total_amount, status, created_at) 
                      VALUES ('ab9476a2-7a47-4d79-93c2-9d14289b5691', 'b03c172d-3388-458c-8054-b6ad7db24e27', '6adabb60-eed5-4dd0-b80c-41983dd81404', 75, 'completed', '2026-02-25T21:17:00.000Z');
INSERT INTO order_items (id, order_id, product_id, quantity, unit_price, subtotal, created_at) 
                      VALUES ('f8e631ed-8311-45f5-b8fc-60eda412767b', 'ab9476a2-7a47-4d79-93c2-9d14289b5691', 'cd4cb45a-05bc-4729-bb2a-06d122f369fc', 1, 75, 75, '2026-02-25T21:17:00.000Z');
INSERT INTO orders (id, buyer_id, seller_id, total_amount, status, created_at) 
                      VALUES ('f6339e6f-f611-49c9-b19a-8b8e55c5e1f5', '233694a0-da98-4b19-8640-7b99f406554e', '6adabb60-eed5-4dd0-b80c-41983dd81404', 75, 'completed', '2026-02-25T20:11:00.000Z');
INSERT INTO order_items (id, order_id, product_id, quantity, unit_price, subtotal, created_at) 
                      VALUES ('181749b8-dfde-4d94-9fbc-8e9efa127457', 'f6339e6f-f611-49c9-b19a-8b8e55c5e1f5', 'cd4cb45a-05bc-4729-bb2a-06d122f369fc', 1, 75, 75, '2026-02-25T20:11:00.000Z');
INSERT INTO orders (id, buyer_id, seller_id, total_amount, status, created_at) 
                      VALUES ('1f923d84-b9c6-4ba9-a6ab-bf9b739d3a57', 'aa9e3c8c-e997-4408-ac68-6265851f972d', '6adabb60-eed5-4dd0-b80c-41983dd81404', 75, 'completed', '2026-02-25T18:08:00.000Z');
INSERT INTO order_items (id, order_id, product_id, quantity, unit_price, subtotal, created_at) 
                      VALUES ('e30faf5c-e8e4-40f5-8251-a797e50fa0bb', '1f923d84-b9c6-4ba9-a6ab-bf9b739d3a57', 'cd4cb45a-05bc-4729-bb2a-06d122f369fc', 1, 75, 75, '2026-02-25T18:08:00.000Z');
INSERT INTO orders (id, buyer_id, seller_id, total_amount, status, created_at) 
                      VALUES ('a0c8d097-fcd1-4ae7-843b-1b9f23b4e34e', 'b03c172d-3388-458c-8054-b6ad7db24e27', '6adabb60-eed5-4dd0-b80c-41983dd81404', 75, 'completed', '2026-02-25T21:17:00.000Z');
INSERT INTO order_items (id, order_id, product_id, quantity, unit_price, subtotal, created_at) 
                      VALUES ('8bd20ecd-14b8-4d24-9b18-53ac295d4316', 'a0c8d097-fcd1-4ae7-843b-1b9f23b4e34e', 'cd4cb45a-05bc-4729-bb2a-06d122f369fc', 1, 75, 75, '2026-02-25T21:17:00.000Z');
INSERT INTO orders (id, buyer_id, seller_id, total_amount, status, created_at) 
                      VALUES ('d6b98993-fd37-4c97-9a41-d38d1fe73f6f', '233694a0-da98-4b19-8640-7b99f406554e', '6adabb60-eed5-4dd0-b80c-41983dd81404', 75, 'completed', '2026-02-25T16:52:00.000Z');
INSERT INTO order_items (id, order_id, product_id, quantity, unit_price, subtotal, created_at) 
                      VALUES ('10cb3f3a-5003-419b-b889-454930e4f02a', 'd6b98993-fd37-4c97-9a41-d38d1fe73f6f', 'cd4cb45a-05bc-4729-bb2a-06d122f369fc', 1, 75, 75, '2026-02-25T16:52:00.000Z');
INSERT INTO orders (id, buyer_id, seller_id, total_amount, status, created_at) 
                      VALUES ('ce946502-68ef-43c2-94d5-f6eb3ba9a112', 'ac51e939-ec0b-40c3-b3e7-39711b12845a', '6adabb60-eed5-4dd0-b80c-41983dd81404', 75, 'completed', '2026-02-25T20:20:00.000Z');
INSERT INTO order_items (id, order_id, product_id, quantity, unit_price, subtotal, created_at) 
                      VALUES ('31bf7f1a-3288-4379-85ad-9fd343e9aafe', 'ce946502-68ef-43c2-94d5-f6eb3ba9a112', 'cd4cb45a-05bc-4729-bb2a-06d122f369fc', 1, 75, 75, '2026-02-25T20:20:00.000Z');
INSERT INTO audit_logs (id, action, user_id, description, level, created_at) 
                  VALUES ('195d26a7-48ce-4da5-bd35-ddfbd8d3a0b2', 'USER_LOGIN', '5f552e5d-c288-453c-a685-b287e1c0c64a', 'Vendedor inició sesión para jornada', 'info', '2026-02-25T14:05:00.000Z');
INSERT INTO daily_sales (id, seller_id, sale_date, total_investment, total_revenue, units_sold, units_lost, total_waste_cost, is_closed) 
                  VALUES ('0f5fcc20-77a9-494b-ba8a-b0ea6ae270cd', '5f552e5d-c288-453c-a685-b287e1c0c64a', '2026-02-25', 220, 405, 9, 2, 40, true);
INSERT INTO sale_details (id, daily_sale_id, product_id, quantity_prepared, quantity_sold, quantity_lost, unit_cost, unit_price, waste_cost, waste_reason) 
                  VALUES ('0712e867-91ea-49c3-92f4-93fe50cc1feb', '0f5fcc20-77a9-494b-ba8a-b0ea6ae270cd', '90ccc3f8-627a-4af7-aab2-9c7967c2f50d', 11, 9, 2, 20, 45, 40, 'expired');
INSERT INTO orders (id, buyer_id, seller_id, total_amount, status, created_at) 
                      VALUES ('e41e09e4-cd12-4434-a7f8-6f8fb7bcd825', '1161fb73-809d-4954-a73a-738a9a1868f7', '5f552e5d-c288-453c-a685-b287e1c0c64a', 45, 'completed', '2026-02-25T20:30:00.000Z');
INSERT INTO order_items (id, order_id, product_id, quantity, unit_price, subtotal, created_at) 
                      VALUES ('fabc32d0-592c-4791-9b0c-64c9407d49d4', 'e41e09e4-cd12-4434-a7f8-6f8fb7bcd825', '90ccc3f8-627a-4af7-aab2-9c7967c2f50d', 1, 45, 45, '2026-02-25T20:30:00.000Z');
INSERT INTO orders (id, buyer_id, seller_id, total_amount, status, created_at) 
                      VALUES ('5091e26b-cb12-432e-8a61-14e1042e8ee6', '233694a0-da98-4b19-8640-7b99f406554e', '5f552e5d-c288-453c-a685-b287e1c0c64a', 45, 'completed', '2026-02-25T19:23:00.000Z');
INSERT INTO order_items (id, order_id, product_id, quantity, unit_price, subtotal, created_at) 
                      VALUES ('f02c7cc2-efa5-48b4-a5da-dfdbc428ae22', '5091e26b-cb12-432e-8a61-14e1042e8ee6', '90ccc3f8-627a-4af7-aab2-9c7967c2f50d', 1, 45, 45, '2026-02-25T19:23:00.000Z');
INSERT INTO orders (id, buyer_id, seller_id, total_amount, status, created_at) 
                      VALUES ('81f75165-01b7-40e7-91a4-eff1e71ce067', '233694a0-da98-4b19-8640-7b99f406554e', '5f552e5d-c288-453c-a685-b287e1c0c64a', 45, 'completed', '2026-02-25T17:42:00.000Z');
INSERT INTO order_items (id, order_id, product_id, quantity, unit_price, subtotal, created_at) 
                      VALUES ('ec8f7eda-4b06-47bd-b84f-696359348bc9', '81f75165-01b7-40e7-91a4-eff1e71ce067', '90ccc3f8-627a-4af7-aab2-9c7967c2f50d', 1, 45, 45, '2026-02-25T17:42:00.000Z');
INSERT INTO orders (id, buyer_id, seller_id, total_amount, status, created_at) 
                      VALUES ('834c943b-77c2-423f-8129-02fb00a43c7b', '233694a0-da98-4b19-8640-7b99f406554e', '5f552e5d-c288-453c-a685-b287e1c0c64a', 45, 'completed', '2026-02-25T18:44:00.000Z');
INSERT INTO order_items (id, order_id, product_id, quantity, unit_price, subtotal, created_at) 
                      VALUES ('eb26c4b8-0f14-4ddd-89c3-babf27c2a4ee', '834c943b-77c2-423f-8129-02fb00a43c7b', '90ccc3f8-627a-4af7-aab2-9c7967c2f50d', 1, 45, 45, '2026-02-25T18:44:00.000Z');
INSERT INTO orders (id, buyer_id, seller_id, total_amount, status, created_at) 
                      VALUES ('16ca4e7f-9bbd-4c4c-89b2-cf18d0f9844f', 'aa9e3c8c-e997-4408-ac68-6265851f972d', '5f552e5d-c288-453c-a685-b287e1c0c64a', 45, 'completed', '2026-02-25T21:32:00.000Z');
INSERT INTO order_items (id, order_id, product_id, quantity, unit_price, subtotal, created_at) 
                      VALUES ('03e815f6-54ca-4e2d-a988-df82ac609807', '16ca4e7f-9bbd-4c4c-89b2-cf18d0f9844f', '90ccc3f8-627a-4af7-aab2-9c7967c2f50d', 1, 45, 45, '2026-02-25T21:32:00.000Z');
INSERT INTO orders (id, buyer_id, seller_id, total_amount, status, created_at) 
                      VALUES ('53ee8567-2589-4709-92a9-4e91a5cc25b1', '233694a0-da98-4b19-8640-7b99f406554e', '5f552e5d-c288-453c-a685-b287e1c0c64a', 45, 'completed', '2026-02-25T20:27:00.000Z');
INSERT INTO order_items (id, order_id, product_id, quantity, unit_price, subtotal, created_at) 
                      VALUES ('e7b30f26-c4d9-46aa-ac2c-511314dd48fe', '53ee8567-2589-4709-92a9-4e91a5cc25b1', '90ccc3f8-627a-4af7-aab2-9c7967c2f50d', 1, 45, 45, '2026-02-25T20:27:00.000Z');
INSERT INTO orders (id, buyer_id, seller_id, total_amount, status, created_at) 
                      VALUES ('ef9c1bff-0dfd-4a70-be12-81c32e2ac6fd', 'b03c172d-3388-458c-8054-b6ad7db24e27', '5f552e5d-c288-453c-a685-b287e1c0c64a', 45, 'completed', '2026-02-25T19:06:00.000Z');
INSERT INTO order_items (id, order_id, product_id, quantity, unit_price, subtotal, created_at) 
                      VALUES ('671b3e06-9465-4699-9f9b-877e15bd3853', 'ef9c1bff-0dfd-4a70-be12-81c32e2ac6fd', '90ccc3f8-627a-4af7-aab2-9c7967c2f50d', 1, 45, 45, '2026-02-25T19:06:00.000Z');
INSERT INTO orders (id, buyer_id, seller_id, total_amount, status, created_at) 
                      VALUES ('73a6e162-a411-44c3-b5d2-39c9c8e1c079', '233694a0-da98-4b19-8640-7b99f406554e', '5f552e5d-c288-453c-a685-b287e1c0c64a', 45, 'completed', '2026-02-25T20:19:00.000Z');
INSERT INTO order_items (id, order_id, product_id, quantity, unit_price, subtotal, created_at) 
                      VALUES ('99173541-3687-43b5-9db9-e98cb9db325b', '73a6e162-a411-44c3-b5d2-39c9c8e1c079', '90ccc3f8-627a-4af7-aab2-9c7967c2f50d', 1, 45, 45, '2026-02-25T20:19:00.000Z');
INSERT INTO orders (id, buyer_id, seller_id, total_amount, status, created_at) 
                      VALUES ('1efe32d2-dff8-4ec8-9f7d-a0c5c4571d12', '1161fb73-809d-4954-a73a-738a9a1868f7', '5f552e5d-c288-453c-a685-b287e1c0c64a', 45, 'completed', '2026-02-25T21:42:00.000Z');
INSERT INTO order_items (id, order_id, product_id, quantity, unit_price, subtotal, created_at) 
                      VALUES ('b7786b62-f67c-4b36-9915-8c777338cde3', '1efe32d2-dff8-4ec8-9f7d-a0c5c4571d12', '90ccc3f8-627a-4af7-aab2-9c7967c2f50d', 1, 45, 45, '2026-02-25T21:42:00.000Z');
INSERT INTO audit_logs (id, action, user_id, description, level, created_at) 
                  VALUES ('2e81410a-4891-481b-954d-7178357f24b6', 'USER_LOGIN', '522afd0e-5b6f-4f57-be80-46fd79ba12db', 'Vendedor inició sesión para jornada', 'info', '2026-02-25T14:18:00.000Z');
INSERT INTO daily_sales (id, seller_id, sale_date, total_investment, total_revenue, units_sold, units_lost, total_waste_cost, is_closed) 
                  VALUES ('af4fc60f-49f2-40be-a97c-f5928d44d4d4', '522afd0e-5b6f-4f57-be80-46fd79ba12db', '2026-02-25', 144, 330, 11, 1, 12, true);
INSERT INTO sale_details (id, daily_sale_id, product_id, quantity_prepared, quantity_sold, quantity_lost, unit_cost, unit_price, waste_cost, waste_reason) 
                  VALUES ('5c763fb9-e94d-49ab-bab9-a098d6b6d52b', 'af4fc60f-49f2-40be-a97c-f5928d44d4d4', 'c865d401-6592-418d-98d5-1aa633799680', 12, 11, 1, 12, 30, 12, 'expired');
INSERT INTO orders (id, buyer_id, seller_id, total_amount, status, created_at) 
                      VALUES ('bf9c7b8e-eea9-469b-aaaa-75385489a5b5', 'aa9e3c8c-e997-4408-ac68-6265851f972d', '522afd0e-5b6f-4f57-be80-46fd79ba12db', 30, 'completed', '2026-02-25T18:01:00.000Z');
INSERT INTO order_items (id, order_id, product_id, quantity, unit_price, subtotal, created_at) 
                      VALUES ('daeb0995-33db-453d-a638-9fc819406358', 'bf9c7b8e-eea9-469b-aaaa-75385489a5b5', 'c865d401-6592-418d-98d5-1aa633799680', 1, 30, 30, '2026-02-25T18:01:00.000Z');
INSERT INTO orders (id, buyer_id, seller_id, total_amount, status, created_at) 
                      VALUES ('c47e07b9-c3b1-4ff0-963d-2c08f0c9e175', 'ac51e939-ec0b-40c3-b3e7-39711b12845a', '522afd0e-5b6f-4f57-be80-46fd79ba12db', 30, 'completed', '2026-02-25T17:42:00.000Z');
INSERT INTO order_items (id, order_id, product_id, quantity, unit_price, subtotal, created_at) 
                      VALUES ('2a2a2e71-de86-4114-a286-0660f82c1625', 'c47e07b9-c3b1-4ff0-963d-2c08f0c9e175', 'c865d401-6592-418d-98d5-1aa633799680', 1, 30, 30, '2026-02-25T17:42:00.000Z');
INSERT INTO orders (id, buyer_id, seller_id, total_amount, status, created_at) 
                      VALUES ('6e3b51fd-26e1-4627-859e-3b47b3785f2c', '1161fb73-809d-4954-a73a-738a9a1868f7', '522afd0e-5b6f-4f57-be80-46fd79ba12db', 30, 'completed', '2026-02-25T18:20:00.000Z');
INSERT INTO order_items (id, order_id, product_id, quantity, unit_price, subtotal, created_at) 
                      VALUES ('ff4c457d-815e-4436-8679-3238538fa58b', '6e3b51fd-26e1-4627-859e-3b47b3785f2c', 'c865d401-6592-418d-98d5-1aa633799680', 1, 30, 30, '2026-02-25T18:20:00.000Z');
INSERT INTO orders (id, buyer_id, seller_id, total_amount, status, created_at) 
                      VALUES ('9e6a8825-2482-4a2a-a1cc-a7101f50c711', '6c8c4ad9-70e8-48cb-9ce8-5d01c349ffcc', '522afd0e-5b6f-4f57-be80-46fd79ba12db', 30, 'completed', '2026-02-25T19:30:00.000Z');
INSERT INTO order_items (id, order_id, product_id, quantity, unit_price, subtotal, created_at) 
                      VALUES ('4282318d-1a69-4e5a-8196-81ad84767bc4', '9e6a8825-2482-4a2a-a1cc-a7101f50c711', 'c865d401-6592-418d-98d5-1aa633799680', 1, 30, 30, '2026-02-25T19:30:00.000Z');
INSERT INTO orders (id, buyer_id, seller_id, total_amount, status, created_at) 
                      VALUES ('0b107b0e-9ccd-498d-b77e-a7dcc55509dc', '233694a0-da98-4b19-8640-7b99f406554e', '522afd0e-5b6f-4f57-be80-46fd79ba12db', 30, 'completed', '2026-02-25T21:55:00.000Z');
INSERT INTO order_items (id, order_id, product_id, quantity, unit_price, subtotal, created_at) 
                      VALUES ('5c9b97a4-0fad-4498-9af1-26b3d702f250', '0b107b0e-9ccd-498d-b77e-a7dcc55509dc', 'c865d401-6592-418d-98d5-1aa633799680', 1, 30, 30, '2026-02-25T21:55:00.000Z');
INSERT INTO orders (id, buyer_id, seller_id, total_amount, status, created_at) 
                      VALUES ('c71286b2-ca33-4d30-8826-e205b7aa861c', 'aa9e3c8c-e997-4408-ac68-6265851f972d', '522afd0e-5b6f-4f57-be80-46fd79ba12db', 30, 'completed', '2026-02-25T16:38:00.000Z');
INSERT INTO order_items (id, order_id, product_id, quantity, unit_price, subtotal, created_at) 
                      VALUES ('7c8a6de5-fb76-43c6-9ce5-dae48398c293', 'c71286b2-ca33-4d30-8826-e205b7aa861c', 'c865d401-6592-418d-98d5-1aa633799680', 1, 30, 30, '2026-02-25T16:38:00.000Z');
INSERT INTO orders (id, buyer_id, seller_id, total_amount, status, created_at) 
                      VALUES ('93ebff42-7979-46a3-9b58-f148e9d8139b', 'aa9e3c8c-e997-4408-ac68-6265851f972d', '522afd0e-5b6f-4f57-be80-46fd79ba12db', 30, 'completed', '2026-02-25T17:09:00.000Z');
INSERT INTO order_items (id, order_id, product_id, quantity, unit_price, subtotal, created_at) 
                      VALUES ('533f92f0-1af7-4eb7-97c6-a8ad5218d733', '93ebff42-7979-46a3-9b58-f148e9d8139b', 'c865d401-6592-418d-98d5-1aa633799680', 1, 30, 30, '2026-02-25T17:09:00.000Z');
INSERT INTO orders (id, buyer_id, seller_id, total_amount, status, created_at) 
                      VALUES ('e942302a-f666-4d06-bb5b-01c8600caa3f', '1161fb73-809d-4954-a73a-738a9a1868f7', '522afd0e-5b6f-4f57-be80-46fd79ba12db', 30, 'completed', '2026-02-25T17:45:00.000Z');
INSERT INTO order_items (id, order_id, product_id, quantity, unit_price, subtotal, created_at) 
                      VALUES ('a6991857-64a2-41e5-a9db-3bb0e21c9ab7', 'e942302a-f666-4d06-bb5b-01c8600caa3f', 'c865d401-6592-418d-98d5-1aa633799680', 1, 30, 30, '2026-02-25T17:45:00.000Z');
INSERT INTO orders (id, buyer_id, seller_id, total_amount, status, created_at) 
                      VALUES ('ec898d9d-0928-496a-ab9a-45571e4de538', '6c8c4ad9-70e8-48cb-9ce8-5d01c349ffcc', '522afd0e-5b6f-4f57-be80-46fd79ba12db', 30, 'completed', '2026-02-25T21:52:00.000Z');
INSERT INTO order_items (id, order_id, product_id, quantity, unit_price, subtotal, created_at) 
                      VALUES ('767c9501-2021-403c-8c91-a83dec6d7629', 'ec898d9d-0928-496a-ab9a-45571e4de538', 'c865d401-6592-418d-98d5-1aa633799680', 1, 30, 30, '2026-02-25T21:52:00.000Z');
INSERT INTO orders (id, buyer_id, seller_id, total_amount, status, created_at) 
                      VALUES ('d64673db-dab8-4ac9-930d-4969a5e7fa2f', '1161fb73-809d-4954-a73a-738a9a1868f7', '522afd0e-5b6f-4f57-be80-46fd79ba12db', 30, 'completed', '2026-02-25T20:06:00.000Z');
INSERT INTO order_items (id, order_id, product_id, quantity, unit_price, subtotal, created_at) 
                      VALUES ('f98f2a88-2a47-4839-a810-00d4912c8bd8', 'd64673db-dab8-4ac9-930d-4969a5e7fa2f', 'c865d401-6592-418d-98d5-1aa633799680', 1, 30, 30, '2026-02-25T20:06:00.000Z');
INSERT INTO orders (id, buyer_id, seller_id, total_amount, status, created_at) 
                      VALUES ('12b3d8c8-2af9-4d76-8b8c-c7df7790b009', '1161fb73-809d-4954-a73a-738a9a1868f7', '522afd0e-5b6f-4f57-be80-46fd79ba12db', 30, 'completed', '2026-02-25T20:10:00.000Z');
INSERT INTO order_items (id, order_id, product_id, quantity, unit_price, subtotal, created_at) 
                      VALUES ('a4e0f3f8-e255-4e1e-8223-e403a132a172', '12b3d8c8-2af9-4d76-8b8c-c7df7790b009', 'c865d401-6592-418d-98d5-1aa633799680', 1, 30, 30, '2026-02-25T20:10:00.000Z');
INSERT INTO audit_logs (id, action, user_id, description, level, created_at) 
                  VALUES ('634d23ff-edf6-423e-9588-555004a9149f', 'USER_LOGIN', 'da273443-bae3-4781-ae4e-819d0c9d56a6', 'Vendedor inició sesión para jornada', 'info', '2026-02-25T14:03:00.000Z');
INSERT INTO daily_sales (id, seller_id, sale_date, total_investment, total_revenue, units_sold, units_lost, total_waste_cost, is_closed) 
                  VALUES ('8d747acf-d79c-490d-9e11-4dde1cf5a364', 'da273443-bae3-4781-ae4e-819d0c9d56a6', '2026-02-25', 96, 300, 12, 0, 0, true);
INSERT INTO sale_details (id, daily_sale_id, product_id, quantity_prepared, quantity_sold, quantity_lost, unit_cost, unit_price, waste_cost, waste_reason) 
                  VALUES ('ab9e6549-1c65-4e59-b3a3-afb26bde4efc', '8d747acf-d79c-490d-9e11-4dde1cf5a364', 'ea84c406-f235-4e9c-b061-71ed9401e63b', 12, 12, 0, 8, 25, 0, 'expired');
INSERT INTO orders (id, buyer_id, seller_id, total_amount, status, created_at) 
                      VALUES ('7147bf58-3e5c-4c5b-9d59-f53a003cdebe', '6c8c4ad9-70e8-48cb-9ce8-5d01c349ffcc', 'da273443-bae3-4781-ae4e-819d0c9d56a6', 25, 'completed', '2026-02-25T20:23:00.000Z');
INSERT INTO order_items (id, order_id, product_id, quantity, unit_price, subtotal, created_at) 
                      VALUES ('69ede22e-301f-476d-bfb8-5e0cbc7f1d82', '7147bf58-3e5c-4c5b-9d59-f53a003cdebe', 'ea84c406-f235-4e9c-b061-71ed9401e63b', 1, 25, 25, '2026-02-25T20:23:00.000Z');
INSERT INTO orders (id, buyer_id, seller_id, total_amount, status, created_at) 
                      VALUES ('05d36c83-9f92-43dd-8751-ddc84433f99b', '233694a0-da98-4b19-8640-7b99f406554e', 'da273443-bae3-4781-ae4e-819d0c9d56a6', 25, 'completed', '2026-02-25T16:08:00.000Z');
INSERT INTO order_items (id, order_id, product_id, quantity, unit_price, subtotal, created_at) 
                      VALUES ('572e8f22-1a32-4629-af44-c2addc9df169', '05d36c83-9f92-43dd-8751-ddc84433f99b', 'ea84c406-f235-4e9c-b061-71ed9401e63b', 1, 25, 25, '2026-02-25T16:08:00.000Z');
INSERT INTO orders (id, buyer_id, seller_id, total_amount, status, created_at) 
                      VALUES ('4a38d1f6-3c81-45b7-8132-60e2b3d4a770', '6c8c4ad9-70e8-48cb-9ce8-5d01c349ffcc', 'da273443-bae3-4781-ae4e-819d0c9d56a6', 25, 'completed', '2026-02-25T16:13:00.000Z');
INSERT INTO order_items (id, order_id, product_id, quantity, unit_price, subtotal, created_at) 
                      VALUES ('c5594839-30d0-4dee-919c-176d6f2fe4ca', '4a38d1f6-3c81-45b7-8132-60e2b3d4a770', 'ea84c406-f235-4e9c-b061-71ed9401e63b', 1, 25, 25, '2026-02-25T16:13:00.000Z');
INSERT INTO orders (id, buyer_id, seller_id, total_amount, status, created_at) 
                      VALUES ('776fd193-bc2b-4822-8cb4-24d7b413cd72', '79768ab4-b021-418b-bf3c-0dd52f857b65', 'da273443-bae3-4781-ae4e-819d0c9d56a6', 25, 'completed', '2026-02-25T21:31:00.000Z');
INSERT INTO order_items (id, order_id, product_id, quantity, unit_price, subtotal, created_at) 
                      VALUES ('d2ee069a-80f9-40cc-86a6-196e7b09b374', '776fd193-bc2b-4822-8cb4-24d7b413cd72', 'ea84c406-f235-4e9c-b061-71ed9401e63b', 1, 25, 25, '2026-02-25T21:31:00.000Z');
INSERT INTO orders (id, buyer_id, seller_id, total_amount, status, created_at) 
                      VALUES ('b475f18e-ec91-4e87-8bf7-dba7a0b53994', '79768ab4-b021-418b-bf3c-0dd52f857b65', 'da273443-bae3-4781-ae4e-819d0c9d56a6', 25, 'completed', '2026-02-25T16:06:00.000Z');
INSERT INTO order_items (id, order_id, product_id, quantity, unit_price, subtotal, created_at) 
                      VALUES ('1b677c76-adc5-4ef1-ac4c-ba010237bf4d', 'b475f18e-ec91-4e87-8bf7-dba7a0b53994', 'ea84c406-f235-4e9c-b061-71ed9401e63b', 1, 25, 25, '2026-02-25T16:06:00.000Z');
INSERT INTO orders (id, buyer_id, seller_id, total_amount, status, created_at) 
                      VALUES ('ff9cd7b1-1db9-441a-83c6-001c057515aa', 'aa9e3c8c-e997-4408-ac68-6265851f972d', 'da273443-bae3-4781-ae4e-819d0c9d56a6', 25, 'completed', '2026-02-25T18:12:00.000Z');
INSERT INTO order_items (id, order_id, product_id, quantity, unit_price, subtotal, created_at) 
                      VALUES ('27519923-7b12-4166-8e3a-64645ea178ae', 'ff9cd7b1-1db9-441a-83c6-001c057515aa', 'ea84c406-f235-4e9c-b061-71ed9401e63b', 1, 25, 25, '2026-02-25T18:12:00.000Z');
INSERT INTO orders (id, buyer_id, seller_id, total_amount, status, created_at) 
                      VALUES ('c0c2ddae-65c3-4c65-ad9a-9dfb2d0064e3', 'aa9e3c8c-e997-4408-ac68-6265851f972d', 'da273443-bae3-4781-ae4e-819d0c9d56a6', 25, 'completed', '2026-02-25T21:02:00.000Z');
INSERT INTO order_items (id, order_id, product_id, quantity, unit_price, subtotal, created_at) 
                      VALUES ('61bedf15-cec3-49d2-88e1-531654ecf52f', 'c0c2ddae-65c3-4c65-ad9a-9dfb2d0064e3', 'ea84c406-f235-4e9c-b061-71ed9401e63b', 1, 25, 25, '2026-02-25T21:02:00.000Z');
INSERT INTO orders (id, buyer_id, seller_id, total_amount, status, created_at) 
                      VALUES ('5d4a04ff-b4b0-49ae-a2e9-5c841f861c58', 'ac51e939-ec0b-40c3-b3e7-39711b12845a', 'da273443-bae3-4781-ae4e-819d0c9d56a6', 25, 'completed', '2026-02-25T21:15:00.000Z');
INSERT INTO order_items (id, order_id, product_id, quantity, unit_price, subtotal, created_at) 
                      VALUES ('36eaa714-9e62-42fb-957b-822c7e59050a', '5d4a04ff-b4b0-49ae-a2e9-5c841f861c58', 'ea84c406-f235-4e9c-b061-71ed9401e63b', 1, 25, 25, '2026-02-25T21:15:00.000Z');
INSERT INTO orders (id, buyer_id, seller_id, total_amount, status, created_at) 
                      VALUES ('21cc2794-4417-4221-9ef0-fd8a82f271a7', 'b03c172d-3388-458c-8054-b6ad7db24e27', 'da273443-bae3-4781-ae4e-819d0c9d56a6', 25, 'completed', '2026-02-25T19:41:00.000Z');
INSERT INTO order_items (id, order_id, product_id, quantity, unit_price, subtotal, created_at) 
                      VALUES ('339ee742-0b0f-4869-ab9d-3fdb4250c087', '21cc2794-4417-4221-9ef0-fd8a82f271a7', 'ea84c406-f235-4e9c-b061-71ed9401e63b', 1, 25, 25, '2026-02-25T19:41:00.000Z');
INSERT INTO orders (id, buyer_id, seller_id, total_amount, status, created_at) 
                      VALUES ('2a0984c4-f301-4076-9632-36c79b24f590', '79768ab4-b021-418b-bf3c-0dd52f857b65', 'da273443-bae3-4781-ae4e-819d0c9d56a6', 25, 'completed', '2026-02-25T19:07:00.000Z');
INSERT INTO order_items (id, order_id, product_id, quantity, unit_price, subtotal, created_at) 
                      VALUES ('3859d9a5-e6d8-45a3-891d-dd182d7b0511', '2a0984c4-f301-4076-9632-36c79b24f590', 'ea84c406-f235-4e9c-b061-71ed9401e63b', 1, 25, 25, '2026-02-25T19:07:00.000Z');
INSERT INTO orders (id, buyer_id, seller_id, total_amount, status, created_at) 
                      VALUES ('ad208d42-fed9-4c1e-80cd-ce3d0f8f3dab', 'b03c172d-3388-458c-8054-b6ad7db24e27', 'da273443-bae3-4781-ae4e-819d0c9d56a6', 25, 'completed', '2026-02-25T19:01:00.000Z');
INSERT INTO order_items (id, order_id, product_id, quantity, unit_price, subtotal, created_at) 
                      VALUES ('fbbc4ae3-419e-495e-a25e-0b919d8143f3', 'ad208d42-fed9-4c1e-80cd-ce3d0f8f3dab', 'ea84c406-f235-4e9c-b061-71ed9401e63b', 1, 25, 25, '2026-02-25T19:01:00.000Z');
INSERT INTO orders (id, buyer_id, seller_id, total_amount, status, created_at) 
                      VALUES ('ad33dedf-b858-419f-8fa5-12accfabb7b6', '233694a0-da98-4b19-8640-7b99f406554e', 'da273443-bae3-4781-ae4e-819d0c9d56a6', 25, 'completed', '2026-02-25T19:35:00.000Z');
INSERT INTO order_items (id, order_id, product_id, quantity, unit_price, subtotal, created_at) 
                      VALUES ('e0648085-dcd3-45a0-b183-b7c5b3845c78', 'ad33dedf-b858-419f-8fa5-12accfabb7b6', 'ea84c406-f235-4e9c-b061-71ed9401e63b', 1, 25, 25, '2026-02-25T19:35:00.000Z');
INSERT INTO audit_logs (id, action, user_id, description, level, created_at) 
                  VALUES ('92767611-48b1-49a2-9d33-ebdc45d1e166', 'USER_LOGIN', 'cdc7b576-3957-4e3f-9e87-6630e4ef1950', 'Vendedor inició sesión para jornada', 'info', '2026-02-25T14:23:00.000Z');
INSERT INTO daily_sales (id, seller_id, sale_date, total_investment, total_revenue, units_sold, units_lost, total_waste_cost, is_closed) 
                  VALUES ('2fdcf345-e1f3-4fb9-9cf6-b5d96f6bb70d', 'cdc7b576-3957-4e3f-9e87-6630e4ef1950', '2026-02-25', 325, 715, 13, 0, 0, true);
INSERT INTO sale_details (id, daily_sale_id, product_id, quantity_prepared, quantity_sold, quantity_lost, unit_cost, unit_price, waste_cost, waste_reason) 
                  VALUES ('3661d0c2-b5ab-4958-bfaa-24e18e5ae4d5', '2fdcf345-e1f3-4fb9-9cf6-b5d96f6bb70d', '49e54b55-6e07-407b-9dac-36e93e1f8aa2', 13, 13, 0, 25, 55, 0, 'expired');
INSERT INTO orders (id, buyer_id, seller_id, total_amount, status, created_at) 
                      VALUES ('c018cae5-f4d7-4e27-96c5-ff12c4983c14', '6c8c4ad9-70e8-48cb-9ce8-5d01c349ffcc', 'cdc7b576-3957-4e3f-9e87-6630e4ef1950', 55, 'completed', '2026-02-25T18:13:00.000Z');
INSERT INTO order_items (id, order_id, product_id, quantity, unit_price, subtotal, created_at) 
                      VALUES ('ecf971ad-cf3b-450e-adbc-d197f85df502', 'c018cae5-f4d7-4e27-96c5-ff12c4983c14', '49e54b55-6e07-407b-9dac-36e93e1f8aa2', 1, 55, 55, '2026-02-25T18:13:00.000Z');
INSERT INTO orders (id, buyer_id, seller_id, total_amount, status, created_at) 
                      VALUES ('70b43966-81c4-41aa-9f59-3a9ef1a22d4e', '6c8c4ad9-70e8-48cb-9ce8-5d01c349ffcc', 'cdc7b576-3957-4e3f-9e87-6630e4ef1950', 55, 'completed', '2026-02-25T20:18:00.000Z');
INSERT INTO order_items (id, order_id, product_id, quantity, unit_price, subtotal, created_at) 
                      VALUES ('0b65eda7-5789-4129-b467-fbbd6b936cba', '70b43966-81c4-41aa-9f59-3a9ef1a22d4e', '49e54b55-6e07-407b-9dac-36e93e1f8aa2', 1, 55, 55, '2026-02-25T20:18:00.000Z');
INSERT INTO orders (id, buyer_id, seller_id, total_amount, status, created_at) 
                      VALUES ('511f69eb-5879-4247-bc27-631e1a24136e', 'aa9e3c8c-e997-4408-ac68-6265851f972d', 'cdc7b576-3957-4e3f-9e87-6630e4ef1950', 55, 'completed', '2026-02-25T18:26:00.000Z');
INSERT INTO order_items (id, order_id, product_id, quantity, unit_price, subtotal, created_at) 
                      VALUES ('c2f30f3e-5515-40c3-ba4b-9f449286888a', '511f69eb-5879-4247-bc27-631e1a24136e', '49e54b55-6e07-407b-9dac-36e93e1f8aa2', 1, 55, 55, '2026-02-25T18:26:00.000Z');
INSERT INTO orders (id, buyer_id, seller_id, total_amount, status, created_at) 
                      VALUES ('2464a5a9-fc3e-4396-bfd0-d4f97ce7ce9c', '6c8c4ad9-70e8-48cb-9ce8-5d01c349ffcc', 'cdc7b576-3957-4e3f-9e87-6630e4ef1950', 55, 'completed', '2026-02-25T21:53:00.000Z');
INSERT INTO order_items (id, order_id, product_id, quantity, unit_price, subtotal, created_at) 
                      VALUES ('88e0565c-87cf-4c16-a22f-b57b97f6a406', '2464a5a9-fc3e-4396-bfd0-d4f97ce7ce9c', '49e54b55-6e07-407b-9dac-36e93e1f8aa2', 1, 55, 55, '2026-02-25T21:53:00.000Z');
INSERT INTO orders (id, buyer_id, seller_id, total_amount, status, created_at) 
                      VALUES ('6fe56c09-91ee-4039-9e68-78466b0ce875', '79768ab4-b021-418b-bf3c-0dd52f857b65', 'cdc7b576-3957-4e3f-9e87-6630e4ef1950', 55, 'completed', '2026-02-25T21:01:00.000Z');
INSERT INTO order_items (id, order_id, product_id, quantity, unit_price, subtotal, created_at) 
                      VALUES ('551e00c6-d2d4-4eb0-9caa-d28eb8a5fa46', '6fe56c09-91ee-4039-9e68-78466b0ce875', '49e54b55-6e07-407b-9dac-36e93e1f8aa2', 1, 55, 55, '2026-02-25T21:01:00.000Z');
INSERT INTO orders (id, buyer_id, seller_id, total_amount, status, created_at) 
                      VALUES ('389b377e-fd3c-4c28-9ac0-8d9506b5192b', '233694a0-da98-4b19-8640-7b99f406554e', 'cdc7b576-3957-4e3f-9e87-6630e4ef1950', 55, 'completed', '2026-02-25T18:12:00.000Z');
INSERT INTO order_items (id, order_id, product_id, quantity, unit_price, subtotal, created_at) 
                      VALUES ('15c5f2f8-c865-451d-bf3b-7f4f55d60c38', '389b377e-fd3c-4c28-9ac0-8d9506b5192b', '49e54b55-6e07-407b-9dac-36e93e1f8aa2', 1, 55, 55, '2026-02-25T18:12:00.000Z');
INSERT INTO orders (id, buyer_id, seller_id, total_amount, status, created_at) 
                      VALUES ('1d2f644b-8715-4ed4-bd32-4626aa8f391a', 'aa9e3c8c-e997-4408-ac68-6265851f972d', 'cdc7b576-3957-4e3f-9e87-6630e4ef1950', 55, 'completed', '2026-02-25T17:22:00.000Z');
INSERT INTO order_items (id, order_id, product_id, quantity, unit_price, subtotal, created_at) 
                      VALUES ('a033598a-01f5-4a31-9e78-118db14d95a8', '1d2f644b-8715-4ed4-bd32-4626aa8f391a', '49e54b55-6e07-407b-9dac-36e93e1f8aa2', 1, 55, 55, '2026-02-25T17:22:00.000Z');
INSERT INTO orders (id, buyer_id, seller_id, total_amount, status, created_at) 
                      VALUES ('58ba28a5-9924-43f3-9652-e40676d71df5', '1161fb73-809d-4954-a73a-738a9a1868f7', 'cdc7b576-3957-4e3f-9e87-6630e4ef1950', 55, 'completed', '2026-02-25T17:21:00.000Z');
INSERT INTO order_items (id, order_id, product_id, quantity, unit_price, subtotal, created_at) 
                      VALUES ('d5eb9116-95c3-4b43-a208-ecf55c518d3c', '58ba28a5-9924-43f3-9652-e40676d71df5', '49e54b55-6e07-407b-9dac-36e93e1f8aa2', 1, 55, 55, '2026-02-25T17:21:00.000Z');
INSERT INTO orders (id, buyer_id, seller_id, total_amount, status, created_at) 
                      VALUES ('23eba087-277d-4af7-b4ef-7b3e598c10ac', 'ac51e939-ec0b-40c3-b3e7-39711b12845a', 'cdc7b576-3957-4e3f-9e87-6630e4ef1950', 55, 'completed', '2026-02-25T17:17:00.000Z');
INSERT INTO order_items (id, order_id, product_id, quantity, unit_price, subtotal, created_at) 
                      VALUES ('5a12d9b6-d063-48e6-8aa1-17289f9fc8a7', '23eba087-277d-4af7-b4ef-7b3e598c10ac', '49e54b55-6e07-407b-9dac-36e93e1f8aa2', 1, 55, 55, '2026-02-25T17:17:00.000Z');
INSERT INTO orders (id, buyer_id, seller_id, total_amount, status, created_at) 
                      VALUES ('f3b5bd95-f8b4-4a56-992d-eebd5518d619', 'aa9e3c8c-e997-4408-ac68-6265851f972d', 'cdc7b576-3957-4e3f-9e87-6630e4ef1950', 55, 'completed', '2026-02-25T20:36:00.000Z');
INSERT INTO order_items (id, order_id, product_id, quantity, unit_price, subtotal, created_at) 
                      VALUES ('e16e185f-6b9f-47bd-84a2-56ec18140a5f', 'f3b5bd95-f8b4-4a56-992d-eebd5518d619', '49e54b55-6e07-407b-9dac-36e93e1f8aa2', 1, 55, 55, '2026-02-25T20:36:00.000Z');
INSERT INTO orders (id, buyer_id, seller_id, total_amount, status, created_at) 
                      VALUES ('b1e26484-48a9-48b8-8dc1-e1a25386eb20', '233694a0-da98-4b19-8640-7b99f406554e', 'cdc7b576-3957-4e3f-9e87-6630e4ef1950', 55, 'completed', '2026-02-25T20:24:00.000Z');
INSERT INTO order_items (id, order_id, product_id, quantity, unit_price, subtotal, created_at) 
                      VALUES ('f89ac987-1500-474d-8f1e-f6335c655509', 'b1e26484-48a9-48b8-8dc1-e1a25386eb20', '49e54b55-6e07-407b-9dac-36e93e1f8aa2', 1, 55, 55, '2026-02-25T20:24:00.000Z');
INSERT INTO orders (id, buyer_id, seller_id, total_amount, status, created_at) 
                      VALUES ('ff5fb8dc-6324-4167-b319-11b3ef42d208', 'aa9e3c8c-e997-4408-ac68-6265851f972d', 'cdc7b576-3957-4e3f-9e87-6630e4ef1950', 55, 'completed', '2026-02-25T20:33:00.000Z');
INSERT INTO order_items (id, order_id, product_id, quantity, unit_price, subtotal, created_at) 
                      VALUES ('752b1d31-9759-40fe-8624-d04cf6a0cce5', 'ff5fb8dc-6324-4167-b319-11b3ef42d208', '49e54b55-6e07-407b-9dac-36e93e1f8aa2', 1, 55, 55, '2026-02-25T20:33:00.000Z');
INSERT INTO orders (id, buyer_id, seller_id, total_amount, status, created_at) 
                      VALUES ('bdbcb5bb-3a30-4876-b82a-efeaf393a36a', 'aa9e3c8c-e997-4408-ac68-6265851f972d', 'cdc7b576-3957-4e3f-9e87-6630e4ef1950', 55, 'completed', '2026-02-25T18:38:00.000Z');
INSERT INTO order_items (id, order_id, product_id, quantity, unit_price, subtotal, created_at) 
                      VALUES ('025edc73-a839-4b03-bafa-5d31e63af6a8', 'bdbcb5bb-3a30-4876-b82a-efeaf393a36a', '49e54b55-6e07-407b-9dac-36e93e1f8aa2', 1, 55, 55, '2026-02-25T18:38:00.000Z');
INSERT INTO audit_logs (id, action, user_id, description, level, created_at) 
                  VALUES ('37819e89-f26f-438c-ab8d-db60f0831d1e', 'USER_LOGIN', '6adabb60-eed5-4dd0-b80c-41983dd81404', 'Vendedor inició sesión para jornada', 'info', '2026-02-26T14:08:00.000Z');
INSERT INTO daily_sales (id, seller_id, sale_date, total_investment, total_revenue, units_sold, units_lost, total_waste_cost, is_closed) 
                  VALUES ('f4ee08f4-1a97-4ff5-be27-f7eb1451c081', '6adabb60-eed5-4dd0-b80c-41983dd81404', '2026-02-26', 480, 900, 12, 0, 0, true);
INSERT INTO sale_details (id, daily_sale_id, product_id, quantity_prepared, quantity_sold, quantity_lost, unit_cost, unit_price, waste_cost, waste_reason) 
                  VALUES ('0b6f7bae-037a-4a45-b1a3-5f1f4a93a954', 'f4ee08f4-1a97-4ff5-be27-f7eb1451c081', 'cd4cb45a-05bc-4729-bb2a-06d122f369fc', 12, 12, 0, 40, 75, 0, 'expired');
INSERT INTO orders (id, buyer_id, seller_id, total_amount, status, created_at) 
                      VALUES ('fb7bc76b-5ea0-422e-8652-eef39a73a263', 'aa9e3c8c-e997-4408-ac68-6265851f972d', '6adabb60-eed5-4dd0-b80c-41983dd81404', 75, 'completed', '2026-02-26T17:03:00.000Z');
INSERT INTO order_items (id, order_id, product_id, quantity, unit_price, subtotal, created_at) 
                      VALUES ('e5142506-2066-4efa-8768-df7495679eb2', 'fb7bc76b-5ea0-422e-8652-eef39a73a263', 'cd4cb45a-05bc-4729-bb2a-06d122f369fc', 1, 75, 75, '2026-02-26T17:03:00.000Z');
INSERT INTO orders (id, buyer_id, seller_id, total_amount, status, created_at) 
                      VALUES ('e42e2d96-b575-49ee-b579-600d1a37284d', 'ac51e939-ec0b-40c3-b3e7-39711b12845a', '6adabb60-eed5-4dd0-b80c-41983dd81404', 75, 'completed', '2026-02-26T16:40:00.000Z');
INSERT INTO order_items (id, order_id, product_id, quantity, unit_price, subtotal, created_at) 
                      VALUES ('81bdfcbd-56ea-4451-a85e-b4f56fc2b496', 'e42e2d96-b575-49ee-b579-600d1a37284d', 'cd4cb45a-05bc-4729-bb2a-06d122f369fc', 1, 75, 75, '2026-02-26T16:40:00.000Z');
INSERT INTO orders (id, buyer_id, seller_id, total_amount, status, created_at) 
                      VALUES ('1b4d3a25-230f-447b-9afd-5b8c19c318f0', '1161fb73-809d-4954-a73a-738a9a1868f7', '6adabb60-eed5-4dd0-b80c-41983dd81404', 75, 'completed', '2026-02-26T21:00:00.000Z');
INSERT INTO order_items (id, order_id, product_id, quantity, unit_price, subtotal, created_at) 
                      VALUES ('19b2d763-a55f-45b4-8413-5a8f37a19763', '1b4d3a25-230f-447b-9afd-5b8c19c318f0', 'cd4cb45a-05bc-4729-bb2a-06d122f369fc', 1, 75, 75, '2026-02-26T21:00:00.000Z');
INSERT INTO orders (id, buyer_id, seller_id, total_amount, status, created_at) 
                      VALUES ('58250c17-0eaa-4dc5-80fe-36add1b93242', '6c8c4ad9-70e8-48cb-9ce8-5d01c349ffcc', '6adabb60-eed5-4dd0-b80c-41983dd81404', 75, 'completed', '2026-02-26T20:28:00.000Z');
INSERT INTO order_items (id, order_id, product_id, quantity, unit_price, subtotal, created_at) 
                      VALUES ('85921b32-2bd1-4dca-b39d-a41654020383', '58250c17-0eaa-4dc5-80fe-36add1b93242', 'cd4cb45a-05bc-4729-bb2a-06d122f369fc', 1, 75, 75, '2026-02-26T20:28:00.000Z');
INSERT INTO orders (id, buyer_id, seller_id, total_amount, status, created_at) 
                      VALUES ('9cb92a3a-589f-4f75-ae4c-de47e296c334', 'ac51e939-ec0b-40c3-b3e7-39711b12845a', '6adabb60-eed5-4dd0-b80c-41983dd81404', 75, 'completed', '2026-02-26T18:28:00.000Z');
INSERT INTO order_items (id, order_id, product_id, quantity, unit_price, subtotal, created_at) 
                      VALUES ('a9d4b502-9aba-476d-ac2d-4a0d2272c860', '9cb92a3a-589f-4f75-ae4c-de47e296c334', 'cd4cb45a-05bc-4729-bb2a-06d122f369fc', 1, 75, 75, '2026-02-26T18:28:00.000Z');
INSERT INTO orders (id, buyer_id, seller_id, total_amount, status, created_at) 
                      VALUES ('e3ea955e-91e7-4e5b-a491-43ab34f61abe', '233694a0-da98-4b19-8640-7b99f406554e', '6adabb60-eed5-4dd0-b80c-41983dd81404', 75, 'completed', '2026-02-26T16:26:00.000Z');
INSERT INTO order_items (id, order_id, product_id, quantity, unit_price, subtotal, created_at) 
                      VALUES ('452a86ea-479c-4223-8fe7-e906018a97ac', 'e3ea955e-91e7-4e5b-a491-43ab34f61abe', 'cd4cb45a-05bc-4729-bb2a-06d122f369fc', 1, 75, 75, '2026-02-26T16:26:00.000Z');
INSERT INTO orders (id, buyer_id, seller_id, total_amount, status, created_at) 
                      VALUES ('f44b6c09-073f-4074-b695-2f28445c53a5', '6c8c4ad9-70e8-48cb-9ce8-5d01c349ffcc', '6adabb60-eed5-4dd0-b80c-41983dd81404', 75, 'completed', '2026-02-26T16:56:00.000Z');
INSERT INTO order_items (id, order_id, product_id, quantity, unit_price, subtotal, created_at) 
                      VALUES ('51c759a3-253f-4b1b-a4f7-a15bf96b42c9', 'f44b6c09-073f-4074-b695-2f28445c53a5', 'cd4cb45a-05bc-4729-bb2a-06d122f369fc', 1, 75, 75, '2026-02-26T16:56:00.000Z');
INSERT INTO orders (id, buyer_id, seller_id, total_amount, status, created_at) 
                      VALUES ('68f74685-331d-4add-bf90-c0318a0f807a', '233694a0-da98-4b19-8640-7b99f406554e', '6adabb60-eed5-4dd0-b80c-41983dd81404', 75, 'completed', '2026-02-26T20:42:00.000Z');
INSERT INTO order_items (id, order_id, product_id, quantity, unit_price, subtotal, created_at) 
                      VALUES ('ce0712b9-eb4c-4742-b55f-1651fd764e37', '68f74685-331d-4add-bf90-c0318a0f807a', 'cd4cb45a-05bc-4729-bb2a-06d122f369fc', 1, 75, 75, '2026-02-26T20:42:00.000Z');
INSERT INTO orders (id, buyer_id, seller_id, total_amount, status, created_at) 
                      VALUES ('76e3d262-775d-46da-ab2f-0f8119f49f83', '6c8c4ad9-70e8-48cb-9ce8-5d01c349ffcc', '6adabb60-eed5-4dd0-b80c-41983dd81404', 75, 'completed', '2026-02-26T21:34:00.000Z');
INSERT INTO order_items (id, order_id, product_id, quantity, unit_price, subtotal, created_at) 
                      VALUES ('e37344c4-53ea-4cf6-a78d-0204e1677c99', '76e3d262-775d-46da-ab2f-0f8119f49f83', 'cd4cb45a-05bc-4729-bb2a-06d122f369fc', 1, 75, 75, '2026-02-26T21:34:00.000Z');
INSERT INTO orders (id, buyer_id, seller_id, total_amount, status, created_at) 
                      VALUES ('eab237a2-eae5-4314-ac94-9d2efa00b739', 'aa9e3c8c-e997-4408-ac68-6265851f972d', '6adabb60-eed5-4dd0-b80c-41983dd81404', 75, 'completed', '2026-02-26T21:37:00.000Z');
INSERT INTO order_items (id, order_id, product_id, quantity, unit_price, subtotal, created_at) 
                      VALUES ('9db4a053-40e3-4321-91e6-368c76a5adb0', 'eab237a2-eae5-4314-ac94-9d2efa00b739', 'cd4cb45a-05bc-4729-bb2a-06d122f369fc', 1, 75, 75, '2026-02-26T21:37:00.000Z');
INSERT INTO orders (id, buyer_id, seller_id, total_amount, status, created_at) 
                      VALUES ('c4c5c820-b221-4a97-ae3d-3e189c06f490', 'aa9e3c8c-e997-4408-ac68-6265851f972d', '6adabb60-eed5-4dd0-b80c-41983dd81404', 75, 'completed', '2026-02-26T19:06:00.000Z');
INSERT INTO order_items (id, order_id, product_id, quantity, unit_price, subtotal, created_at) 
                      VALUES ('8b9559da-eae5-40e4-b5b4-aa003b9d1d57', 'c4c5c820-b221-4a97-ae3d-3e189c06f490', 'cd4cb45a-05bc-4729-bb2a-06d122f369fc', 1, 75, 75, '2026-02-26T19:06:00.000Z');
INSERT INTO orders (id, buyer_id, seller_id, total_amount, status, created_at) 
                      VALUES ('2e0684d9-8972-4b6c-b83a-8b23882ace72', '79768ab4-b021-418b-bf3c-0dd52f857b65', '6adabb60-eed5-4dd0-b80c-41983dd81404', 75, 'completed', '2026-02-26T21:17:00.000Z');
INSERT INTO order_items (id, order_id, product_id, quantity, unit_price, subtotal, created_at) 
                      VALUES ('b76a3282-e1e6-477e-be0e-5a66e7122cfc', '2e0684d9-8972-4b6c-b83a-8b23882ace72', 'cd4cb45a-05bc-4729-bb2a-06d122f369fc', 1, 75, 75, '2026-02-26T21:17:00.000Z');
INSERT INTO audit_logs (id, action, user_id, description, level, created_at) 
                  VALUES ('0d4b4f60-66d4-42ba-b8d5-c3d25d5b05a5', 'USER_LOGIN', '5f552e5d-c288-453c-a685-b287e1c0c64a', 'Vendedor inició sesión para jornada', 'info', '2026-02-26T14:29:00.000Z');
INSERT INTO daily_sales (id, seller_id, sale_date, total_investment, total_revenue, units_sold, units_lost, total_waste_cost, is_closed) 
                  VALUES ('c7c9316a-8936-4442-88ca-65d9194391fa', '5f552e5d-c288-453c-a685-b287e1c0c64a', '2026-02-26', 200, 450, 10, 0, 0, true);
INSERT INTO sale_details (id, daily_sale_id, product_id, quantity_prepared, quantity_sold, quantity_lost, unit_cost, unit_price, waste_cost, waste_reason) 
                  VALUES ('a3a090d9-a31b-4edd-84bd-286cc68bb4a6', 'c7c9316a-8936-4442-88ca-65d9194391fa', '90ccc3f8-627a-4af7-aab2-9c7967c2f50d', 10, 10, 0, 20, 45, 0, 'expired');
INSERT INTO orders (id, buyer_id, seller_id, total_amount, status, created_at) 
                      VALUES ('b6e4c9c6-6999-4ae8-a884-78105be03d0a', '79768ab4-b021-418b-bf3c-0dd52f857b65', '5f552e5d-c288-453c-a685-b287e1c0c64a', 45, 'completed', '2026-02-26T16:40:00.000Z');
INSERT INTO order_items (id, order_id, product_id, quantity, unit_price, subtotal, created_at) 
                      VALUES ('f04e2a00-be12-4243-a86c-625dd31c1ba6', 'b6e4c9c6-6999-4ae8-a884-78105be03d0a', '90ccc3f8-627a-4af7-aab2-9c7967c2f50d', 1, 45, 45, '2026-02-26T16:40:00.000Z');
INSERT INTO orders (id, buyer_id, seller_id, total_amount, status, created_at) 
                      VALUES ('7ab95819-d01d-4e9c-a040-bca2303eb01d', '79768ab4-b021-418b-bf3c-0dd52f857b65', '5f552e5d-c288-453c-a685-b287e1c0c64a', 45, 'completed', '2026-02-26T21:23:00.000Z');
INSERT INTO order_items (id, order_id, product_id, quantity, unit_price, subtotal, created_at) 
                      VALUES ('d26c7e56-5389-49e2-8f90-66fa02926150', '7ab95819-d01d-4e9c-a040-bca2303eb01d', '90ccc3f8-627a-4af7-aab2-9c7967c2f50d', 1, 45, 45, '2026-02-26T21:23:00.000Z');
INSERT INTO orders (id, buyer_id, seller_id, total_amount, status, created_at) 
                      VALUES ('bff4fa8c-f59d-48f5-a9fe-2c4fdf0fdf28', '1161fb73-809d-4954-a73a-738a9a1868f7', '5f552e5d-c288-453c-a685-b287e1c0c64a', 45, 'completed', '2026-02-26T19:40:00.000Z');
INSERT INTO order_items (id, order_id, product_id, quantity, unit_price, subtotal, created_at) 
                      VALUES ('5f0b02f1-cacb-4fdb-800d-e8e931a37f70', 'bff4fa8c-f59d-48f5-a9fe-2c4fdf0fdf28', '90ccc3f8-627a-4af7-aab2-9c7967c2f50d', 1, 45, 45, '2026-02-26T19:40:00.000Z');
INSERT INTO orders (id, buyer_id, seller_id, total_amount, status, created_at) 
                      VALUES ('1df89bf4-a3e0-4318-aa32-c3b2b3249787', '6c8c4ad9-70e8-48cb-9ce8-5d01c349ffcc', '5f552e5d-c288-453c-a685-b287e1c0c64a', 45, 'completed', '2026-02-26T20:19:00.000Z');
INSERT INTO order_items (id, order_id, product_id, quantity, unit_price, subtotal, created_at) 
                      VALUES ('9f8b96e4-fb18-4569-8fc1-7c3f503b9959', '1df89bf4-a3e0-4318-aa32-c3b2b3249787', '90ccc3f8-627a-4af7-aab2-9c7967c2f50d', 1, 45, 45, '2026-02-26T20:19:00.000Z');
INSERT INTO orders (id, buyer_id, seller_id, total_amount, status, created_at) 
                      VALUES ('97b7e573-50c2-43d3-871d-582155b4c94f', '233694a0-da98-4b19-8640-7b99f406554e', '5f552e5d-c288-453c-a685-b287e1c0c64a', 45, 'completed', '2026-02-26T21:52:00.000Z');
INSERT INTO order_items (id, order_id, product_id, quantity, unit_price, subtotal, created_at) 
                      VALUES ('31ee561a-1b47-4cbc-aed9-2a1c16f69af0', '97b7e573-50c2-43d3-871d-582155b4c94f', '90ccc3f8-627a-4af7-aab2-9c7967c2f50d', 1, 45, 45, '2026-02-26T21:52:00.000Z');
INSERT INTO orders (id, buyer_id, seller_id, total_amount, status, created_at) 
                      VALUES ('e0978afb-9479-4f2f-b497-1f18217cc83d', '6c8c4ad9-70e8-48cb-9ce8-5d01c349ffcc', '5f552e5d-c288-453c-a685-b287e1c0c64a', 45, 'completed', '2026-02-26T16:44:00.000Z');
INSERT INTO order_items (id, order_id, product_id, quantity, unit_price, subtotal, created_at) 
                      VALUES ('037e0c87-28b5-4063-b91c-cf6c45a8a10c', 'e0978afb-9479-4f2f-b497-1f18217cc83d', '90ccc3f8-627a-4af7-aab2-9c7967c2f50d', 1, 45, 45, '2026-02-26T16:44:00.000Z');
INSERT INTO orders (id, buyer_id, seller_id, total_amount, status, created_at) 
                      VALUES ('fd0a9893-76a4-4ea1-8489-84a75349475d', 'b03c172d-3388-458c-8054-b6ad7db24e27', '5f552e5d-c288-453c-a685-b287e1c0c64a', 45, 'completed', '2026-02-26T17:44:00.000Z');
INSERT INTO order_items (id, order_id, product_id, quantity, unit_price, subtotal, created_at) 
                      VALUES ('0fea5285-8940-4200-ade4-a151fd4377cf', 'fd0a9893-76a4-4ea1-8489-84a75349475d', '90ccc3f8-627a-4af7-aab2-9c7967c2f50d', 1, 45, 45, '2026-02-26T17:44:00.000Z');
INSERT INTO orders (id, buyer_id, seller_id, total_amount, status, created_at) 
                      VALUES ('d49a6ec5-d40e-4a2f-8c55-e6aa507ad332', '1161fb73-809d-4954-a73a-738a9a1868f7', '5f552e5d-c288-453c-a685-b287e1c0c64a', 45, 'completed', '2026-02-26T20:16:00.000Z');
INSERT INTO order_items (id, order_id, product_id, quantity, unit_price, subtotal, created_at) 
                      VALUES ('568be122-b8d3-4b72-9732-72648e65925b', 'd49a6ec5-d40e-4a2f-8c55-e6aa507ad332', '90ccc3f8-627a-4af7-aab2-9c7967c2f50d', 1, 45, 45, '2026-02-26T20:16:00.000Z');
INSERT INTO orders (id, buyer_id, seller_id, total_amount, status, created_at) 
                      VALUES ('e6de5d53-5b67-4f89-af31-23225718574b', '233694a0-da98-4b19-8640-7b99f406554e', '5f552e5d-c288-453c-a685-b287e1c0c64a', 45, 'completed', '2026-02-26T17:39:00.000Z');
INSERT INTO order_items (id, order_id, product_id, quantity, unit_price, subtotal, created_at) 
                      VALUES ('3b6be36b-9ae0-4703-a69b-8b1916cdbc10', 'e6de5d53-5b67-4f89-af31-23225718574b', '90ccc3f8-627a-4af7-aab2-9c7967c2f50d', 1, 45, 45, '2026-02-26T17:39:00.000Z');
INSERT INTO orders (id, buyer_id, seller_id, total_amount, status, created_at) 
                      VALUES ('5ddd1b69-9818-4cec-9371-af67cf14da75', '79768ab4-b021-418b-bf3c-0dd52f857b65', '5f552e5d-c288-453c-a685-b287e1c0c64a', 45, 'completed', '2026-02-26T18:15:00.000Z');
INSERT INTO order_items (id, order_id, product_id, quantity, unit_price, subtotal, created_at) 
                      VALUES ('30c770e3-1230-46ae-bf20-9fc557241019', '5ddd1b69-9818-4cec-9371-af67cf14da75', '90ccc3f8-627a-4af7-aab2-9c7967c2f50d', 1, 45, 45, '2026-02-26T18:15:00.000Z');
INSERT INTO audit_logs (id, action, user_id, description, level, created_at) 
                  VALUES ('179ccc3f-042a-4b62-9927-34b4856e0f60', 'USER_LOGIN', '522afd0e-5b6f-4f57-be80-46fd79ba12db', 'Vendedor inició sesión para jornada', 'info', '2026-02-26T14:09:00.000Z');
INSERT INTO daily_sales (id, seller_id, sale_date, total_investment, total_revenue, units_sold, units_lost, total_waste_cost, is_closed) 
                  VALUES ('55460f81-e8e1-4dd9-86ec-22f094881f36', '522afd0e-5b6f-4f57-be80-46fd79ba12db', '2026-02-26', 120, 240, 8, 2, 24, true);
INSERT INTO sale_details (id, daily_sale_id, product_id, quantity_prepared, quantity_sold, quantity_lost, unit_cost, unit_price, waste_cost, waste_reason) 
                  VALUES ('0298d6b9-6906-4953-a38e-4d7e75118144', '55460f81-e8e1-4dd9-86ec-22f094881f36', 'c865d401-6592-418d-98d5-1aa633799680', 10, 8, 2, 12, 30, 24, 'expired');
INSERT INTO orders (id, buyer_id, seller_id, total_amount, status, created_at) 
                      VALUES ('5d305434-8180-457e-a719-2d59e78b1fb5', 'ac51e939-ec0b-40c3-b3e7-39711b12845a', '522afd0e-5b6f-4f57-be80-46fd79ba12db', 30, 'completed', '2026-02-26T21:35:00.000Z');
INSERT INTO order_items (id, order_id, product_id, quantity, unit_price, subtotal, created_at) 
                      VALUES ('c5a47d9b-0de4-4e64-a58d-6e3bc3b804fa', '5d305434-8180-457e-a719-2d59e78b1fb5', 'c865d401-6592-418d-98d5-1aa633799680', 1, 30, 30, '2026-02-26T21:35:00.000Z');
INSERT INTO orders (id, buyer_id, seller_id, total_amount, status, created_at) 
                      VALUES ('def7f9a1-09ab-4f04-a329-727e70ae8314', 'b03c172d-3388-458c-8054-b6ad7db24e27', '522afd0e-5b6f-4f57-be80-46fd79ba12db', 30, 'completed', '2026-02-26T17:12:00.000Z');
INSERT INTO order_items (id, order_id, product_id, quantity, unit_price, subtotal, created_at) 
                      VALUES ('2efe065e-b439-49c2-af3a-5b530dbd0ddb', 'def7f9a1-09ab-4f04-a329-727e70ae8314', 'c865d401-6592-418d-98d5-1aa633799680', 1, 30, 30, '2026-02-26T17:12:00.000Z');
INSERT INTO orders (id, buyer_id, seller_id, total_amount, status, created_at) 
                      VALUES ('8e485a4c-700b-45e6-bdb6-6b069814eff3', '233694a0-da98-4b19-8640-7b99f406554e', '522afd0e-5b6f-4f57-be80-46fd79ba12db', 30, 'completed', '2026-02-26T20:20:00.000Z');
INSERT INTO order_items (id, order_id, product_id, quantity, unit_price, subtotal, created_at) 
                      VALUES ('31785944-0ec9-4215-aa08-9d1f2ae79e6c', '8e485a4c-700b-45e6-bdb6-6b069814eff3', 'c865d401-6592-418d-98d5-1aa633799680', 1, 30, 30, '2026-02-26T20:20:00.000Z');
INSERT INTO orders (id, buyer_id, seller_id, total_amount, status, created_at) 
                      VALUES ('67c4d8a7-0a70-4c67-a226-fa5274b6ea40', 'aa9e3c8c-e997-4408-ac68-6265851f972d', '522afd0e-5b6f-4f57-be80-46fd79ba12db', 30, 'completed', '2026-02-26T19:31:00.000Z');
INSERT INTO order_items (id, order_id, product_id, quantity, unit_price, subtotal, created_at) 
                      VALUES ('ad7c47f0-41a9-4706-8346-adf69dc35010', '67c4d8a7-0a70-4c67-a226-fa5274b6ea40', 'c865d401-6592-418d-98d5-1aa633799680', 1, 30, 30, '2026-02-26T19:31:00.000Z');
INSERT INTO orders (id, buyer_id, seller_id, total_amount, status, created_at) 
                      VALUES ('3bc96417-965b-487f-971e-b8a67c7fa079', '79768ab4-b021-418b-bf3c-0dd52f857b65', '522afd0e-5b6f-4f57-be80-46fd79ba12db', 30, 'completed', '2026-02-26T20:11:00.000Z');
INSERT INTO order_items (id, order_id, product_id, quantity, unit_price, subtotal, created_at) 
                      VALUES ('9c1f8aec-637e-4432-b912-0a9e0400bf44', '3bc96417-965b-487f-971e-b8a67c7fa079', 'c865d401-6592-418d-98d5-1aa633799680', 1, 30, 30, '2026-02-26T20:11:00.000Z');
INSERT INTO orders (id, buyer_id, seller_id, total_amount, status, created_at) 
                      VALUES ('e4519674-27f6-4b47-ab33-7f88a81fd36c', 'aa9e3c8c-e997-4408-ac68-6265851f972d', '522afd0e-5b6f-4f57-be80-46fd79ba12db', 30, 'completed', '2026-02-26T21:54:00.000Z');
INSERT INTO order_items (id, order_id, product_id, quantity, unit_price, subtotal, created_at) 
                      VALUES ('2b937a5f-5646-47f6-9395-db1ee13ccf6b', 'e4519674-27f6-4b47-ab33-7f88a81fd36c', 'c865d401-6592-418d-98d5-1aa633799680', 1, 30, 30, '2026-02-26T21:54:00.000Z');
INSERT INTO orders (id, buyer_id, seller_id, total_amount, status, created_at) 
                      VALUES ('7e31b463-6c1f-4834-950f-558e8af9c1b9', '6c8c4ad9-70e8-48cb-9ce8-5d01c349ffcc', '522afd0e-5b6f-4f57-be80-46fd79ba12db', 30, 'completed', '2026-02-26T21:13:00.000Z');
INSERT INTO order_items (id, order_id, product_id, quantity, unit_price, subtotal, created_at) 
                      VALUES ('d75b73f4-edc9-4bdb-929f-c425188ea1e1', '7e31b463-6c1f-4834-950f-558e8af9c1b9', 'c865d401-6592-418d-98d5-1aa633799680', 1, 30, 30, '2026-02-26T21:13:00.000Z');
INSERT INTO orders (id, buyer_id, seller_id, total_amount, status, created_at) 
                      VALUES ('aee712d6-e60a-492f-bcef-0b78868f2ea1', 'ac51e939-ec0b-40c3-b3e7-39711b12845a', '522afd0e-5b6f-4f57-be80-46fd79ba12db', 30, 'completed', '2026-02-26T21:37:00.000Z');
INSERT INTO order_items (id, order_id, product_id, quantity, unit_price, subtotal, created_at) 
                      VALUES ('291c58de-d2d4-4694-b5b4-548dbeffcd51', 'aee712d6-e60a-492f-bcef-0b78868f2ea1', 'c865d401-6592-418d-98d5-1aa633799680', 1, 30, 30, '2026-02-26T21:37:00.000Z');
INSERT INTO audit_logs (id, action, user_id, description, level, created_at) 
                  VALUES ('91f9e206-0214-46ee-8abc-d60638361c4b', 'USER_LOGIN', 'da273443-bae3-4781-ae4e-819d0c9d56a6', 'Vendedor inició sesión para jornada', 'info', '2026-02-26T14:23:00.000Z');
INSERT INTO daily_sales (id, seller_id, sale_date, total_investment, total_revenue, units_sold, units_lost, total_waste_cost, is_closed) 
                  VALUES ('2b6a863c-fe00-4d04-9e83-aaae589f042a', 'da273443-bae3-4781-ae4e-819d0c9d56a6', '2026-02-26', 112, 350, 14, 0, 0, true);
INSERT INTO sale_details (id, daily_sale_id, product_id, quantity_prepared, quantity_sold, quantity_lost, unit_cost, unit_price, waste_cost, waste_reason) 
                  VALUES ('0c44c0f5-1060-4c69-bd06-a1f002bcc161', '2b6a863c-fe00-4d04-9e83-aaae589f042a', 'ea84c406-f235-4e9c-b061-71ed9401e63b', 14, 14, 0, 8, 25, 0, 'expired');
INSERT INTO orders (id, buyer_id, seller_id, total_amount, status, created_at) 
                      VALUES ('cd74604a-d9e1-4b71-83a5-bf51c8853125', '79768ab4-b021-418b-bf3c-0dd52f857b65', 'da273443-bae3-4781-ae4e-819d0c9d56a6', 25, 'completed', '2026-02-26T20:37:00.000Z');
INSERT INTO order_items (id, order_id, product_id, quantity, unit_price, subtotal, created_at) 
                      VALUES ('2bb46897-d72c-48e2-98da-e011e7c3c697', 'cd74604a-d9e1-4b71-83a5-bf51c8853125', 'ea84c406-f235-4e9c-b061-71ed9401e63b', 1, 25, 25, '2026-02-26T20:37:00.000Z');
INSERT INTO orders (id, buyer_id, seller_id, total_amount, status, created_at) 
                      VALUES ('8062cd5a-cf53-4c55-9681-53fdbf63564a', '1161fb73-809d-4954-a73a-738a9a1868f7', 'da273443-bae3-4781-ae4e-819d0c9d56a6', 25, 'completed', '2026-02-26T20:26:00.000Z');
INSERT INTO order_items (id, order_id, product_id, quantity, unit_price, subtotal, created_at) 
                      VALUES ('c00c0146-3a2a-47b0-a6d3-8910976f60f0', '8062cd5a-cf53-4c55-9681-53fdbf63564a', 'ea84c406-f235-4e9c-b061-71ed9401e63b', 1, 25, 25, '2026-02-26T20:26:00.000Z');
INSERT INTO orders (id, buyer_id, seller_id, total_amount, status, created_at) 
                      VALUES ('f0d72df0-91c0-4758-96a9-9e2f25863fad', 'ac51e939-ec0b-40c3-b3e7-39711b12845a', 'da273443-bae3-4781-ae4e-819d0c9d56a6', 25, 'completed', '2026-02-26T17:25:00.000Z');
INSERT INTO order_items (id, order_id, product_id, quantity, unit_price, subtotal, created_at) 
                      VALUES ('59050141-8dfb-4814-a3ba-4af8530e55cf', 'f0d72df0-91c0-4758-96a9-9e2f25863fad', 'ea84c406-f235-4e9c-b061-71ed9401e63b', 1, 25, 25, '2026-02-26T17:25:00.000Z');
INSERT INTO orders (id, buyer_id, seller_id, total_amount, status, created_at) 
                      VALUES ('b39cceca-0a11-4eb8-bd6b-26c4c79d957f', '6c8c4ad9-70e8-48cb-9ce8-5d01c349ffcc', 'da273443-bae3-4781-ae4e-819d0c9d56a6', 25, 'completed', '2026-02-26T17:58:00.000Z');
INSERT INTO order_items (id, order_id, product_id, quantity, unit_price, subtotal, created_at) 
                      VALUES ('63f1bd9c-9837-493d-8ce9-edfdc8ad7e2f', 'b39cceca-0a11-4eb8-bd6b-26c4c79d957f', 'ea84c406-f235-4e9c-b061-71ed9401e63b', 1, 25, 25, '2026-02-26T17:58:00.000Z');
INSERT INTO orders (id, buyer_id, seller_id, total_amount, status, created_at) 
                      VALUES ('1758bb25-3192-402c-b3c8-eafd82ad57d2', '6c8c4ad9-70e8-48cb-9ce8-5d01c349ffcc', 'da273443-bae3-4781-ae4e-819d0c9d56a6', 25, 'completed', '2026-02-26T18:40:00.000Z');
INSERT INTO order_items (id, order_id, product_id, quantity, unit_price, subtotal, created_at) 
                      VALUES ('9c90f698-6bc9-4b21-8ed1-a29c14a44534', '1758bb25-3192-402c-b3c8-eafd82ad57d2', 'ea84c406-f235-4e9c-b061-71ed9401e63b', 1, 25, 25, '2026-02-26T18:40:00.000Z');
INSERT INTO orders (id, buyer_id, seller_id, total_amount, status, created_at) 
                      VALUES ('449d7e42-3def-401b-aed0-64b4ea7c4c5e', '79768ab4-b021-418b-bf3c-0dd52f857b65', 'da273443-bae3-4781-ae4e-819d0c9d56a6', 25, 'completed', '2026-02-26T19:51:00.000Z');
INSERT INTO order_items (id, order_id, product_id, quantity, unit_price, subtotal, created_at) 
                      VALUES ('6cd8c56c-7ec5-4bc7-a2a0-7f4f8b8271d0', '449d7e42-3def-401b-aed0-64b4ea7c4c5e', 'ea84c406-f235-4e9c-b061-71ed9401e63b', 1, 25, 25, '2026-02-26T19:51:00.000Z');
INSERT INTO orders (id, buyer_id, seller_id, total_amount, status, created_at) 
                      VALUES ('845f657f-61d4-47ff-81ce-2e6595299f9e', 'aa9e3c8c-e997-4408-ac68-6265851f972d', 'da273443-bae3-4781-ae4e-819d0c9d56a6', 25, 'completed', '2026-02-26T19:55:00.000Z');
INSERT INTO order_items (id, order_id, product_id, quantity, unit_price, subtotal, created_at) 
                      VALUES ('cb9dd266-6985-41af-a33e-4baacc2dfc13', '845f657f-61d4-47ff-81ce-2e6595299f9e', 'ea84c406-f235-4e9c-b061-71ed9401e63b', 1, 25, 25, '2026-02-26T19:55:00.000Z');
INSERT INTO orders (id, buyer_id, seller_id, total_amount, status, created_at) 
                      VALUES ('3946c61b-d535-436d-a812-175580684dd9', '6c8c4ad9-70e8-48cb-9ce8-5d01c349ffcc', 'da273443-bae3-4781-ae4e-819d0c9d56a6', 25, 'completed', '2026-02-26T21:42:00.000Z');
INSERT INTO order_items (id, order_id, product_id, quantity, unit_price, subtotal, created_at) 
                      VALUES ('89269a8f-2df6-48df-b0e8-c0043d9aee26', '3946c61b-d535-436d-a812-175580684dd9', 'ea84c406-f235-4e9c-b061-71ed9401e63b', 1, 25, 25, '2026-02-26T21:42:00.000Z');
INSERT INTO orders (id, buyer_id, seller_id, total_amount, status, created_at) 
                      VALUES ('4e6ba699-799c-4fbd-8c56-89c39d54df7f', 'b03c172d-3388-458c-8054-b6ad7db24e27', 'da273443-bae3-4781-ae4e-819d0c9d56a6', 25, 'completed', '2026-02-26T21:47:00.000Z');
INSERT INTO order_items (id, order_id, product_id, quantity, unit_price, subtotal, created_at) 
                      VALUES ('745f1fee-c5ba-4ebb-9e41-3af94bb029c6', '4e6ba699-799c-4fbd-8c56-89c39d54df7f', 'ea84c406-f235-4e9c-b061-71ed9401e63b', 1, 25, 25, '2026-02-26T21:47:00.000Z');
INSERT INTO orders (id, buyer_id, seller_id, total_amount, status, created_at) 
                      VALUES ('896d5183-5b74-4469-9620-b78ef25a3931', '79768ab4-b021-418b-bf3c-0dd52f857b65', 'da273443-bae3-4781-ae4e-819d0c9d56a6', 25, 'completed', '2026-02-26T21:14:00.000Z');
INSERT INTO order_items (id, order_id, product_id, quantity, unit_price, subtotal, created_at) 
                      VALUES ('7ff52bea-1a2d-4f18-831b-9c7d1b611697', '896d5183-5b74-4469-9620-b78ef25a3931', 'ea84c406-f235-4e9c-b061-71ed9401e63b', 1, 25, 25, '2026-02-26T21:14:00.000Z');
INSERT INTO orders (id, buyer_id, seller_id, total_amount, status, created_at) 
                      VALUES ('d7807db5-3411-4f06-827e-ee6c580341c1', '1161fb73-809d-4954-a73a-738a9a1868f7', 'da273443-bae3-4781-ae4e-819d0c9d56a6', 25, 'completed', '2026-02-26T16:35:00.000Z');
INSERT INTO order_items (id, order_id, product_id, quantity, unit_price, subtotal, created_at) 
                      VALUES ('edbef1b9-9321-4ab2-bb22-3a6ccc84bcb2', 'd7807db5-3411-4f06-827e-ee6c580341c1', 'ea84c406-f235-4e9c-b061-71ed9401e63b', 1, 25, 25, '2026-02-26T16:35:00.000Z');
INSERT INTO orders (id, buyer_id, seller_id, total_amount, status, created_at) 
                      VALUES ('3fd1cc0c-1771-4a92-bbf6-8c228dbb04a7', 'ac51e939-ec0b-40c3-b3e7-39711b12845a', 'da273443-bae3-4781-ae4e-819d0c9d56a6', 25, 'completed', '2026-02-26T21:53:00.000Z');
INSERT INTO order_items (id, order_id, product_id, quantity, unit_price, subtotal, created_at) 
                      VALUES ('b9b88571-a5cb-4d2d-b86b-9b7262aad9fe', '3fd1cc0c-1771-4a92-bbf6-8c228dbb04a7', 'ea84c406-f235-4e9c-b061-71ed9401e63b', 1, 25, 25, '2026-02-26T21:53:00.000Z');
INSERT INTO orders (id, buyer_id, seller_id, total_amount, status, created_at) 
                      VALUES ('7e7cef1c-920b-4416-8d50-4fb8175facb5', 'aa9e3c8c-e997-4408-ac68-6265851f972d', 'da273443-bae3-4781-ae4e-819d0c9d56a6', 25, 'completed', '2026-02-26T18:32:00.000Z');
INSERT INTO order_items (id, order_id, product_id, quantity, unit_price, subtotal, created_at) 
                      VALUES ('b4fca561-9652-453d-a0c1-f7560c37c4ec', '7e7cef1c-920b-4416-8d50-4fb8175facb5', 'ea84c406-f235-4e9c-b061-71ed9401e63b', 1, 25, 25, '2026-02-26T18:32:00.000Z');
INSERT INTO orders (id, buyer_id, seller_id, total_amount, status, created_at) 
                      VALUES ('19245867-792d-4b7e-b6ef-7645f5f19c92', '233694a0-da98-4b19-8640-7b99f406554e', 'da273443-bae3-4781-ae4e-819d0c9d56a6', 25, 'completed', '2026-02-26T17:37:00.000Z');
INSERT INTO order_items (id, order_id, product_id, quantity, unit_price, subtotal, created_at) 
                      VALUES ('033e47c7-66c6-4048-9b23-008ac736fc55', '19245867-792d-4b7e-b6ef-7645f5f19c92', 'ea84c406-f235-4e9c-b061-71ed9401e63b', 1, 25, 25, '2026-02-26T17:37:00.000Z');
INSERT INTO audit_logs (id, action, user_id, description, level, created_at) 
                  VALUES ('e75a12a9-b093-499e-9386-53fd8e456d18', 'USER_LOGIN', 'cdc7b576-3957-4e3f-9e87-6630e4ef1950', 'Vendedor inició sesión para jornada', 'info', '2026-02-26T14:07:00.000Z');
INSERT INTO daily_sales (id, seller_id, sale_date, total_investment, total_revenue, units_sold, units_lost, total_waste_cost, is_closed) 
                  VALUES ('7cb9a2ae-4e83-4e09-8a96-aca0a0de0ea3', 'cdc7b576-3957-4e3f-9e87-6630e4ef1950', '2026-02-26', 350, 770, 14, 0, 0, true);
INSERT INTO sale_details (id, daily_sale_id, product_id, quantity_prepared, quantity_sold, quantity_lost, unit_cost, unit_price, waste_cost, waste_reason) 
                  VALUES ('5df84a57-efe1-44da-ae5e-3f939487d731', '7cb9a2ae-4e83-4e09-8a96-aca0a0de0ea3', '49e54b55-6e07-407b-9dac-36e93e1f8aa2', 14, 14, 0, 25, 55, 0, 'expired');
INSERT INTO orders (id, buyer_id, seller_id, total_amount, status, created_at) 
                      VALUES ('831deebd-87c6-494e-bde7-f8b21da27e7a', '1161fb73-809d-4954-a73a-738a9a1868f7', 'cdc7b576-3957-4e3f-9e87-6630e4ef1950', 55, 'completed', '2026-02-26T20:14:00.000Z');
INSERT INTO order_items (id, order_id, product_id, quantity, unit_price, subtotal, created_at) 
                      VALUES ('4dd10380-d821-48f2-934e-06b8cd9dc9f3', '831deebd-87c6-494e-bde7-f8b21da27e7a', '49e54b55-6e07-407b-9dac-36e93e1f8aa2', 1, 55, 55, '2026-02-26T20:14:00.000Z');
INSERT INTO orders (id, buyer_id, seller_id, total_amount, status, created_at) 
                      VALUES ('73c920c6-d07b-4670-8149-27cd62c53900', 'aa9e3c8c-e997-4408-ac68-6265851f972d', 'cdc7b576-3957-4e3f-9e87-6630e4ef1950', 55, 'completed', '2026-02-26T21:44:00.000Z');
INSERT INTO order_items (id, order_id, product_id, quantity, unit_price, subtotal, created_at) 
                      VALUES ('62bb1c9d-01ee-41dc-8ba0-6933e1b3e724', '73c920c6-d07b-4670-8149-27cd62c53900', '49e54b55-6e07-407b-9dac-36e93e1f8aa2', 1, 55, 55, '2026-02-26T21:44:00.000Z');
INSERT INTO orders (id, buyer_id, seller_id, total_amount, status, created_at) 
                      VALUES ('39ba1b81-6a6e-406a-bff6-ee404437fb46', 'b03c172d-3388-458c-8054-b6ad7db24e27', 'cdc7b576-3957-4e3f-9e87-6630e4ef1950', 55, 'completed', '2026-02-26T20:26:00.000Z');
INSERT INTO order_items (id, order_id, product_id, quantity, unit_price, subtotal, created_at) 
                      VALUES ('cd0f25e1-6beb-421e-95d7-22b6fabf9b90', '39ba1b81-6a6e-406a-bff6-ee404437fb46', '49e54b55-6e07-407b-9dac-36e93e1f8aa2', 1, 55, 55, '2026-02-26T20:26:00.000Z');
INSERT INTO orders (id, buyer_id, seller_id, total_amount, status, created_at) 
                      VALUES ('e5428f1c-ae81-4bda-b474-b61f713db5d2', '1161fb73-809d-4954-a73a-738a9a1868f7', 'cdc7b576-3957-4e3f-9e87-6630e4ef1950', 55, 'completed', '2026-02-26T16:25:00.000Z');
INSERT INTO order_items (id, order_id, product_id, quantity, unit_price, subtotal, created_at) 
                      VALUES ('84939986-1b80-432a-9a3a-f5cc4b01321d', 'e5428f1c-ae81-4bda-b474-b61f713db5d2', '49e54b55-6e07-407b-9dac-36e93e1f8aa2', 1, 55, 55, '2026-02-26T16:25:00.000Z');
INSERT INTO orders (id, buyer_id, seller_id, total_amount, status, created_at) 
                      VALUES ('8b299ea1-4097-4271-be99-6640441722c9', '79768ab4-b021-418b-bf3c-0dd52f857b65', 'cdc7b576-3957-4e3f-9e87-6630e4ef1950', 55, 'completed', '2026-02-26T17:09:00.000Z');
INSERT INTO order_items (id, order_id, product_id, quantity, unit_price, subtotal, created_at) 
                      VALUES ('7d0f8fb3-59d4-46ed-8af6-37bf4188e34f', '8b299ea1-4097-4271-be99-6640441722c9', '49e54b55-6e07-407b-9dac-36e93e1f8aa2', 1, 55, 55, '2026-02-26T17:09:00.000Z');
INSERT INTO orders (id, buyer_id, seller_id, total_amount, status, created_at) 
                      VALUES ('b78bb81c-b9e7-46e0-b6c2-e13d64af5c5b', 'b03c172d-3388-458c-8054-b6ad7db24e27', 'cdc7b576-3957-4e3f-9e87-6630e4ef1950', 55, 'completed', '2026-02-26T16:32:00.000Z');
INSERT INTO order_items (id, order_id, product_id, quantity, unit_price, subtotal, created_at) 
                      VALUES ('d85f4ada-85cb-4bfa-909e-dbfa9eae41ce', 'b78bb81c-b9e7-46e0-b6c2-e13d64af5c5b', '49e54b55-6e07-407b-9dac-36e93e1f8aa2', 1, 55, 55, '2026-02-26T16:32:00.000Z');
INSERT INTO orders (id, buyer_id, seller_id, total_amount, status, created_at) 
                      VALUES ('d691c433-30c1-4e2b-893f-3a564da21191', '1161fb73-809d-4954-a73a-738a9a1868f7', 'cdc7b576-3957-4e3f-9e87-6630e4ef1950', 55, 'completed', '2026-02-26T19:58:00.000Z');
INSERT INTO order_items (id, order_id, product_id, quantity, unit_price, subtotal, created_at) 
                      VALUES ('d5dfe220-7e25-48ad-b0c6-30eb6f24cb5c', 'd691c433-30c1-4e2b-893f-3a564da21191', '49e54b55-6e07-407b-9dac-36e93e1f8aa2', 1, 55, 55, '2026-02-26T19:58:00.000Z');
INSERT INTO orders (id, buyer_id, seller_id, total_amount, status, created_at) 
                      VALUES ('e2ec6f9c-7f36-46ad-bea3-1d355a5f9c17', '6c8c4ad9-70e8-48cb-9ce8-5d01c349ffcc', 'cdc7b576-3957-4e3f-9e87-6630e4ef1950', 55, 'completed', '2026-02-26T19:24:00.000Z');
INSERT INTO order_items (id, order_id, product_id, quantity, unit_price, subtotal, created_at) 
                      VALUES ('fbec97ca-eb59-498d-b20e-aeade2dd37ed', 'e2ec6f9c-7f36-46ad-bea3-1d355a5f9c17', '49e54b55-6e07-407b-9dac-36e93e1f8aa2', 1, 55, 55, '2026-02-26T19:24:00.000Z');
INSERT INTO orders (id, buyer_id, seller_id, total_amount, status, created_at) 
                      VALUES ('bd151c76-5ce6-46b7-860e-8042858cfbd4', '79768ab4-b021-418b-bf3c-0dd52f857b65', 'cdc7b576-3957-4e3f-9e87-6630e4ef1950', 55, 'completed', '2026-02-26T18:54:00.000Z');
INSERT INTO order_items (id, order_id, product_id, quantity, unit_price, subtotal, created_at) 
                      VALUES ('b88e222f-1a55-4e87-a3b6-8ee4a2e34fb8', 'bd151c76-5ce6-46b7-860e-8042858cfbd4', '49e54b55-6e07-407b-9dac-36e93e1f8aa2', 1, 55, 55, '2026-02-26T18:54:00.000Z');
INSERT INTO orders (id, buyer_id, seller_id, total_amount, status, created_at) 
                      VALUES ('44a52f4b-895b-49fe-aea1-e649d284b1d9', '1161fb73-809d-4954-a73a-738a9a1868f7', 'cdc7b576-3957-4e3f-9e87-6630e4ef1950', 55, 'completed', '2026-02-26T17:51:00.000Z');
INSERT INTO order_items (id, order_id, product_id, quantity, unit_price, subtotal, created_at) 
                      VALUES ('4d3d0f22-0f00-45d5-b357-2094d8b75ef9', '44a52f4b-895b-49fe-aea1-e649d284b1d9', '49e54b55-6e07-407b-9dac-36e93e1f8aa2', 1, 55, 55, '2026-02-26T17:51:00.000Z');
INSERT INTO orders (id, buyer_id, seller_id, total_amount, status, created_at) 
                      VALUES ('d78e9a21-da92-450a-b01c-f85e57199b17', 'ac51e939-ec0b-40c3-b3e7-39711b12845a', 'cdc7b576-3957-4e3f-9e87-6630e4ef1950', 55, 'completed', '2026-02-26T17:04:00.000Z');
INSERT INTO order_items (id, order_id, product_id, quantity, unit_price, subtotal, created_at) 
                      VALUES ('1dddcf47-8916-4573-bd20-c28f9d5286ea', 'd78e9a21-da92-450a-b01c-f85e57199b17', '49e54b55-6e07-407b-9dac-36e93e1f8aa2', 1, 55, 55, '2026-02-26T17:04:00.000Z');
INSERT INTO orders (id, buyer_id, seller_id, total_amount, status, created_at) 
                      VALUES ('b9b2a6ce-b9be-44e7-9293-2c91acd0ef69', '6c8c4ad9-70e8-48cb-9ce8-5d01c349ffcc', 'cdc7b576-3957-4e3f-9e87-6630e4ef1950', 55, 'completed', '2026-02-26T20:37:00.000Z');
INSERT INTO order_items (id, order_id, product_id, quantity, unit_price, subtotal, created_at) 
                      VALUES ('f037334f-3a67-4b40-a9b1-f5c1a2974d1f', 'b9b2a6ce-b9be-44e7-9293-2c91acd0ef69', '49e54b55-6e07-407b-9dac-36e93e1f8aa2', 1, 55, 55, '2026-02-26T20:37:00.000Z');
INSERT INTO orders (id, buyer_id, seller_id, total_amount, status, created_at) 
                      VALUES ('bbca84ba-753c-4a36-81fa-17a9d95a6f6a', '6c8c4ad9-70e8-48cb-9ce8-5d01c349ffcc', 'cdc7b576-3957-4e3f-9e87-6630e4ef1950', 55, 'completed', '2026-02-26T17:49:00.000Z');
INSERT INTO order_items (id, order_id, product_id, quantity, unit_price, subtotal, created_at) 
                      VALUES ('b11a352c-833f-41d0-b5e5-9190c437bdc2', 'bbca84ba-753c-4a36-81fa-17a9d95a6f6a', '49e54b55-6e07-407b-9dac-36e93e1f8aa2', 1, 55, 55, '2026-02-26T17:49:00.000Z');
INSERT INTO orders (id, buyer_id, seller_id, total_amount, status, created_at) 
                      VALUES ('91716f17-f716-49e9-a9c2-31512171b4c8', '1161fb73-809d-4954-a73a-738a9a1868f7', 'cdc7b576-3957-4e3f-9e87-6630e4ef1950', 55, 'completed', '2026-02-26T17:44:00.000Z');
INSERT INTO order_items (id, order_id, product_id, quantity, unit_price, subtotal, created_at) 
                      VALUES ('3f5c241c-b6c0-48ad-b1af-18935f5a3a3f', '91716f17-f716-49e9-a9c2-31512171b4c8', '49e54b55-6e07-407b-9dac-36e93e1f8aa2', 1, 55, 55, '2026-02-26T17:44:00.000Z');
INSERT INTO audit_logs (id, action, user_id, description, level, created_at) 
                  VALUES ('52ead87a-0675-4db6-bf24-674e1dbe526f', 'USER_LOGIN', '6adabb60-eed5-4dd0-b80c-41983dd81404', 'Vendedor inició sesión para jornada', 'info', '2026-02-27T14:23:00.000Z');
INSERT INTO daily_sales (id, seller_id, sale_date, total_investment, total_revenue, units_sold, units_lost, total_waste_cost, is_closed) 
                  VALUES ('eb6645fe-c582-403b-b372-c2cdd9a8e9df', '6adabb60-eed5-4dd0-b80c-41983dd81404', '2026-02-27', 400, 675, 9, 1, 40, true);
INSERT INTO sale_details (id, daily_sale_id, product_id, quantity_prepared, quantity_sold, quantity_lost, unit_cost, unit_price, waste_cost, waste_reason) 
                  VALUES ('f740ae12-c69b-4b17-aad8-a7f534b366a3', 'eb6645fe-c582-403b-b372-c2cdd9a8e9df', 'cd4cb45a-05bc-4729-bb2a-06d122f369fc', 10, 9, 1, 40, 75, 40, 'expired');
INSERT INTO orders (id, buyer_id, seller_id, total_amount, status, created_at) 
                      VALUES ('03b2692a-cc40-4bb6-baa6-d03eec064949', '79768ab4-b021-418b-bf3c-0dd52f857b65', '6adabb60-eed5-4dd0-b80c-41983dd81404', 75, 'completed', '2026-02-27T21:11:00.000Z');
INSERT INTO order_items (id, order_id, product_id, quantity, unit_price, subtotal, created_at) 
                      VALUES ('330867a9-a7fc-4785-b459-8c6273f32a53', '03b2692a-cc40-4bb6-baa6-d03eec064949', 'cd4cb45a-05bc-4729-bb2a-06d122f369fc', 1, 75, 75, '2026-02-27T21:11:00.000Z');
INSERT INTO orders (id, buyer_id, seller_id, total_amount, status, created_at) 
                      VALUES ('b10c226f-ff92-4c09-8e73-984525713e5e', '1161fb73-809d-4954-a73a-738a9a1868f7', '6adabb60-eed5-4dd0-b80c-41983dd81404', 75, 'completed', '2026-02-27T16:47:00.000Z');
INSERT INTO order_items (id, order_id, product_id, quantity, unit_price, subtotal, created_at) 
                      VALUES ('c78f6f36-ce41-4b9b-a8c4-fffd9369e5d6', 'b10c226f-ff92-4c09-8e73-984525713e5e', 'cd4cb45a-05bc-4729-bb2a-06d122f369fc', 1, 75, 75, '2026-02-27T16:47:00.000Z');
INSERT INTO orders (id, buyer_id, seller_id, total_amount, status, created_at) 
                      VALUES ('d05cf2f0-f400-47be-9790-c16a82e6e2cf', '233694a0-da98-4b19-8640-7b99f406554e', '6adabb60-eed5-4dd0-b80c-41983dd81404', 75, 'completed', '2026-02-27T19:09:00.000Z');
INSERT INTO order_items (id, order_id, product_id, quantity, unit_price, subtotal, created_at) 
                      VALUES ('8df5eb4a-a2fd-41e5-9421-2b35f327ab46', 'd05cf2f0-f400-47be-9790-c16a82e6e2cf', 'cd4cb45a-05bc-4729-bb2a-06d122f369fc', 1, 75, 75, '2026-02-27T19:09:00.000Z');
INSERT INTO orders (id, buyer_id, seller_id, total_amount, status, created_at) 
                      VALUES ('e9d15855-932c-40ba-8db4-af0b88f92d9f', '79768ab4-b021-418b-bf3c-0dd52f857b65', '6adabb60-eed5-4dd0-b80c-41983dd81404', 75, 'completed', '2026-02-27T18:38:00.000Z');
INSERT INTO order_items (id, order_id, product_id, quantity, unit_price, subtotal, created_at) 
                      VALUES ('053de27a-5e3f-4703-9f6a-c7a59e450ae1', 'e9d15855-932c-40ba-8db4-af0b88f92d9f', 'cd4cb45a-05bc-4729-bb2a-06d122f369fc', 1, 75, 75, '2026-02-27T18:38:00.000Z');
INSERT INTO orders (id, buyer_id, seller_id, total_amount, status, created_at) 
                      VALUES ('5a344e2d-f4c2-4f12-84b6-cfa2b66a1299', '6c8c4ad9-70e8-48cb-9ce8-5d01c349ffcc', '6adabb60-eed5-4dd0-b80c-41983dd81404', 75, 'completed', '2026-02-27T21:13:00.000Z');
INSERT INTO order_items (id, order_id, product_id, quantity, unit_price, subtotal, created_at) 
                      VALUES ('75ac2ea8-7402-4ddd-9688-fd05c5b5e5b4', '5a344e2d-f4c2-4f12-84b6-cfa2b66a1299', 'cd4cb45a-05bc-4729-bb2a-06d122f369fc', 1, 75, 75, '2026-02-27T21:13:00.000Z');
INSERT INTO orders (id, buyer_id, seller_id, total_amount, status, created_at) 
                      VALUES ('5920ffd3-4227-4ca2-8256-5f6339bce778', '233694a0-da98-4b19-8640-7b99f406554e', '6adabb60-eed5-4dd0-b80c-41983dd81404', 75, 'completed', '2026-02-27T17:19:00.000Z');
INSERT INTO order_items (id, order_id, product_id, quantity, unit_price, subtotal, created_at) 
                      VALUES ('1be367cb-a722-4aa3-89d5-edb110ca89e5', '5920ffd3-4227-4ca2-8256-5f6339bce778', 'cd4cb45a-05bc-4729-bb2a-06d122f369fc', 1, 75, 75, '2026-02-27T17:19:00.000Z');
INSERT INTO orders (id, buyer_id, seller_id, total_amount, status, created_at) 
                      VALUES ('f8a9b9ba-8142-40e2-b6af-c1f6f3807bce', 'b03c172d-3388-458c-8054-b6ad7db24e27', '6adabb60-eed5-4dd0-b80c-41983dd81404', 75, 'completed', '2026-02-27T21:04:00.000Z');
INSERT INTO order_items (id, order_id, product_id, quantity, unit_price, subtotal, created_at) 
                      VALUES ('0571838b-81cd-478e-b9ca-d5d1aa6c05ed', 'f8a9b9ba-8142-40e2-b6af-c1f6f3807bce', 'cd4cb45a-05bc-4729-bb2a-06d122f369fc', 1, 75, 75, '2026-02-27T21:04:00.000Z');
INSERT INTO orders (id, buyer_id, seller_id, total_amount, status, created_at) 
                      VALUES ('4f9bf021-b625-402e-a3c7-317792a481a4', '6c8c4ad9-70e8-48cb-9ce8-5d01c349ffcc', '6adabb60-eed5-4dd0-b80c-41983dd81404', 75, 'completed', '2026-02-27T19:50:00.000Z');
INSERT INTO order_items (id, order_id, product_id, quantity, unit_price, subtotal, created_at) 
                      VALUES ('b9bdd33b-2584-450d-8a33-608804fcc8f6', '4f9bf021-b625-402e-a3c7-317792a481a4', 'cd4cb45a-05bc-4729-bb2a-06d122f369fc', 1, 75, 75, '2026-02-27T19:50:00.000Z');
INSERT INTO orders (id, buyer_id, seller_id, total_amount, status, created_at) 
                      VALUES ('5d8320ef-095a-4972-9a7e-9d78d2ef6efb', 'ac51e939-ec0b-40c3-b3e7-39711b12845a', '6adabb60-eed5-4dd0-b80c-41983dd81404', 75, 'completed', '2026-02-27T20:17:00.000Z');
INSERT INTO order_items (id, order_id, product_id, quantity, unit_price, subtotal, created_at) 
                      VALUES ('deb400d7-c1bd-41d2-900c-cffc0da99020', '5d8320ef-095a-4972-9a7e-9d78d2ef6efb', 'cd4cb45a-05bc-4729-bb2a-06d122f369fc', 1, 75, 75, '2026-02-27T20:17:00.000Z');
INSERT INTO audit_logs (id, action, user_id, description, level, created_at) 
                  VALUES ('83270492-773c-4177-948e-cd35869cddbc', 'USER_LOGIN', '5f552e5d-c288-453c-a685-b287e1c0c64a', 'Vendedor inició sesión para jornada', 'info', '2026-02-27T14:16:00.000Z');
INSERT INTO daily_sales (id, seller_id, sale_date, total_investment, total_revenue, units_sold, units_lost, total_waste_cost, is_closed) 
                  VALUES ('fe72d931-fec4-43a5-ae3e-9c34deb31807', '5f552e5d-c288-453c-a685-b287e1c0c64a', '2026-02-27', 200, 360, 8, 2, 40, true);
INSERT INTO sale_details (id, daily_sale_id, product_id, quantity_prepared, quantity_sold, quantity_lost, unit_cost, unit_price, waste_cost, waste_reason) 
                  VALUES ('aee7780c-3299-47a4-9fbc-a6d2023f72fb', 'fe72d931-fec4-43a5-ae3e-9c34deb31807', '90ccc3f8-627a-4af7-aab2-9c7967c2f50d', 10, 8, 2, 20, 45, 40, 'expired');
INSERT INTO orders (id, buyer_id, seller_id, total_amount, status, created_at) 
                      VALUES ('6d9d1026-aa8b-4646-9a69-87f934ce4950', '79768ab4-b021-418b-bf3c-0dd52f857b65', '5f552e5d-c288-453c-a685-b287e1c0c64a', 45, 'completed', '2026-02-27T19:21:00.000Z');
INSERT INTO order_items (id, order_id, product_id, quantity, unit_price, subtotal, created_at) 
                      VALUES ('f128a146-6eea-4f15-bcd2-cf8a100dc111', '6d9d1026-aa8b-4646-9a69-87f934ce4950', '90ccc3f8-627a-4af7-aab2-9c7967c2f50d', 1, 45, 45, '2026-02-27T19:21:00.000Z');
INSERT INTO orders (id, buyer_id, seller_id, total_amount, status, created_at) 
                      VALUES ('83c6b78a-9ffa-4625-a387-15ea67a69acd', 'b03c172d-3388-458c-8054-b6ad7db24e27', '5f552e5d-c288-453c-a685-b287e1c0c64a', 45, 'completed', '2026-02-27T19:41:00.000Z');
INSERT INTO order_items (id, order_id, product_id, quantity, unit_price, subtotal, created_at) 
                      VALUES ('b0557bc2-4c4d-4141-90b5-f964ecf3dd69', '83c6b78a-9ffa-4625-a387-15ea67a69acd', '90ccc3f8-627a-4af7-aab2-9c7967c2f50d', 1, 45, 45, '2026-02-27T19:41:00.000Z');
INSERT INTO orders (id, buyer_id, seller_id, total_amount, status, created_at) 
                      VALUES ('8b9c2299-0492-4549-8dc4-66b4dc137d8e', '79768ab4-b021-418b-bf3c-0dd52f857b65', '5f552e5d-c288-453c-a685-b287e1c0c64a', 45, 'completed', '2026-02-27T21:01:00.000Z');
INSERT INTO order_items (id, order_id, product_id, quantity, unit_price, subtotal, created_at) 
                      VALUES ('22d4c511-9495-4e74-bf4a-8e505eb204ac', '8b9c2299-0492-4549-8dc4-66b4dc137d8e', '90ccc3f8-627a-4af7-aab2-9c7967c2f50d', 1, 45, 45, '2026-02-27T21:01:00.000Z');
INSERT INTO orders (id, buyer_id, seller_id, total_amount, status, created_at) 
                      VALUES ('c58451db-f752-4748-b096-9f06ef4813c8', 'ac51e939-ec0b-40c3-b3e7-39711b12845a', '5f552e5d-c288-453c-a685-b287e1c0c64a', 45, 'completed', '2026-02-27T20:01:00.000Z');
INSERT INTO order_items (id, order_id, product_id, quantity, unit_price, subtotal, created_at) 
                      VALUES ('f7554c92-181b-4b5c-b490-838f5c4923d4', 'c58451db-f752-4748-b096-9f06ef4813c8', '90ccc3f8-627a-4af7-aab2-9c7967c2f50d', 1, 45, 45, '2026-02-27T20:01:00.000Z');
INSERT INTO orders (id, buyer_id, seller_id, total_amount, status, created_at) 
                      VALUES ('43bc6519-d5db-48f4-ad0d-c54814230301', 'ac51e939-ec0b-40c3-b3e7-39711b12845a', '5f552e5d-c288-453c-a685-b287e1c0c64a', 45, 'completed', '2026-02-27T21:32:00.000Z');
INSERT INTO order_items (id, order_id, product_id, quantity, unit_price, subtotal, created_at) 
                      VALUES ('e98d29d8-5b29-46b0-b68a-93d305edd7f5', '43bc6519-d5db-48f4-ad0d-c54814230301', '90ccc3f8-627a-4af7-aab2-9c7967c2f50d', 1, 45, 45, '2026-02-27T21:32:00.000Z');
INSERT INTO orders (id, buyer_id, seller_id, total_amount, status, created_at) 
                      VALUES ('336781e5-be68-487d-99ef-89b88698bc4c', 'b03c172d-3388-458c-8054-b6ad7db24e27', '5f552e5d-c288-453c-a685-b287e1c0c64a', 45, 'completed', '2026-02-27T19:31:00.000Z');
INSERT INTO order_items (id, order_id, product_id, quantity, unit_price, subtotal, created_at) 
                      VALUES ('68f7db44-9ab2-449c-a003-b6fccdb294b0', '336781e5-be68-487d-99ef-89b88698bc4c', '90ccc3f8-627a-4af7-aab2-9c7967c2f50d', 1, 45, 45, '2026-02-27T19:31:00.000Z');
INSERT INTO orders (id, buyer_id, seller_id, total_amount, status, created_at) 
                      VALUES ('f7f56f64-b1a3-457b-b7e5-b6c4230b60e6', '1161fb73-809d-4954-a73a-738a9a1868f7', '5f552e5d-c288-453c-a685-b287e1c0c64a', 45, 'completed', '2026-02-27T21:39:00.000Z');
INSERT INTO order_items (id, order_id, product_id, quantity, unit_price, subtotal, created_at) 
                      VALUES ('433483df-225c-4354-889b-a685b0f111a2', 'f7f56f64-b1a3-457b-b7e5-b6c4230b60e6', '90ccc3f8-627a-4af7-aab2-9c7967c2f50d', 1, 45, 45, '2026-02-27T21:39:00.000Z');
INSERT INTO orders (id, buyer_id, seller_id, total_amount, status, created_at) 
                      VALUES ('d4c85ee7-8d46-4b2f-880f-aec9541ba42d', 'aa9e3c8c-e997-4408-ac68-6265851f972d', '5f552e5d-c288-453c-a685-b287e1c0c64a', 45, 'completed', '2026-02-27T18:08:00.000Z');
INSERT INTO order_items (id, order_id, product_id, quantity, unit_price, subtotal, created_at) 
                      VALUES ('df15a6f5-e552-4778-b10d-8d7e742712bf', 'd4c85ee7-8d46-4b2f-880f-aec9541ba42d', '90ccc3f8-627a-4af7-aab2-9c7967c2f50d', 1, 45, 45, '2026-02-27T18:08:00.000Z');
INSERT INTO audit_logs (id, action, user_id, description, level, created_at) 
                  VALUES ('fe8db346-b017-4a6d-8854-6cc1b35aabb5', 'USER_LOGIN', '522afd0e-5b6f-4f57-be80-46fd79ba12db', 'Vendedor inició sesión para jornada', 'info', '2026-02-27T14:15:00.000Z');
INSERT INTO daily_sales (id, seller_id, sale_date, total_investment, total_revenue, units_sold, units_lost, total_waste_cost, is_closed) 
                  VALUES ('d0ec075e-712a-4779-98b9-0515bf3b8922', '522afd0e-5b6f-4f57-be80-46fd79ba12db', '2026-02-27', 168, 390, 13, 1, 12, true);
INSERT INTO sale_details (id, daily_sale_id, product_id, quantity_prepared, quantity_sold, quantity_lost, unit_cost, unit_price, waste_cost, waste_reason) 
                  VALUES ('ec43d1e2-d4c5-4ca7-908b-8f3caac22381', 'd0ec075e-712a-4779-98b9-0515bf3b8922', 'c865d401-6592-418d-98d5-1aa633799680', 14, 13, 1, 12, 30, 12, 'expired');
INSERT INTO orders (id, buyer_id, seller_id, total_amount, status, created_at) 
                      VALUES ('d3e9f638-ed55-4198-9a47-c7951f6e3319', '233694a0-da98-4b19-8640-7b99f406554e', '522afd0e-5b6f-4f57-be80-46fd79ba12db', 30, 'completed', '2026-02-27T18:17:00.000Z');
INSERT INTO order_items (id, order_id, product_id, quantity, unit_price, subtotal, created_at) 
                      VALUES ('7ed50573-6cd6-41f5-9ec8-6ae62ea6508c', 'd3e9f638-ed55-4198-9a47-c7951f6e3319', 'c865d401-6592-418d-98d5-1aa633799680', 1, 30, 30, '2026-02-27T18:17:00.000Z');
INSERT INTO orders (id, buyer_id, seller_id, total_amount, status, created_at) 
                      VALUES ('78eb290f-5269-4290-8e60-1be23a3f5b2b', '1161fb73-809d-4954-a73a-738a9a1868f7', '522afd0e-5b6f-4f57-be80-46fd79ba12db', 30, 'completed', '2026-02-27T18:30:00.000Z');
INSERT INTO order_items (id, order_id, product_id, quantity, unit_price, subtotal, created_at) 
                      VALUES ('2cf9a99d-5975-4e59-9c44-5face9a40e11', '78eb290f-5269-4290-8e60-1be23a3f5b2b', 'c865d401-6592-418d-98d5-1aa633799680', 1, 30, 30, '2026-02-27T18:30:00.000Z');
INSERT INTO orders (id, buyer_id, seller_id, total_amount, status, created_at) 
                      VALUES ('b66b1f78-cc09-4b79-b5dc-0403ece13669', '233694a0-da98-4b19-8640-7b99f406554e', '522afd0e-5b6f-4f57-be80-46fd79ba12db', 30, 'completed', '2026-02-27T18:16:00.000Z');
INSERT INTO order_items (id, order_id, product_id, quantity, unit_price, subtotal, created_at) 
                      VALUES ('07826d85-f334-44e6-8f62-07e7b321678e', 'b66b1f78-cc09-4b79-b5dc-0403ece13669', 'c865d401-6592-418d-98d5-1aa633799680', 1, 30, 30, '2026-02-27T18:16:00.000Z');
INSERT INTO orders (id, buyer_id, seller_id, total_amount, status, created_at) 
                      VALUES ('084bff55-b989-4a5b-930f-d59f5018da25', '6c8c4ad9-70e8-48cb-9ce8-5d01c349ffcc', '522afd0e-5b6f-4f57-be80-46fd79ba12db', 30, 'completed', '2026-02-27T18:31:00.000Z');
INSERT INTO order_items (id, order_id, product_id, quantity, unit_price, subtotal, created_at) 
                      VALUES ('bfd62c1b-63f8-4d40-b2e4-c7a047b4ec25', '084bff55-b989-4a5b-930f-d59f5018da25', 'c865d401-6592-418d-98d5-1aa633799680', 1, 30, 30, '2026-02-27T18:31:00.000Z');
INSERT INTO orders (id, buyer_id, seller_id, total_amount, status, created_at) 
                      VALUES ('12d3cdb4-d92b-433e-a30d-155e7241da3d', '233694a0-da98-4b19-8640-7b99f406554e', '522afd0e-5b6f-4f57-be80-46fd79ba12db', 30, 'completed', '2026-02-27T19:34:00.000Z');
INSERT INTO order_items (id, order_id, product_id, quantity, unit_price, subtotal, created_at) 
                      VALUES ('28000c05-d615-4f41-8de2-14ea3fae8bd1', '12d3cdb4-d92b-433e-a30d-155e7241da3d', 'c865d401-6592-418d-98d5-1aa633799680', 1, 30, 30, '2026-02-27T19:34:00.000Z');
INSERT INTO orders (id, buyer_id, seller_id, total_amount, status, created_at) 
                      VALUES ('0ce36b5f-1a35-45fe-b11a-36c9cdcd2c02', '1161fb73-809d-4954-a73a-738a9a1868f7', '522afd0e-5b6f-4f57-be80-46fd79ba12db', 30, 'completed', '2026-02-27T21:36:00.000Z');
INSERT INTO order_items (id, order_id, product_id, quantity, unit_price, subtotal, created_at) 
                      VALUES ('9e6a5f73-7517-484f-a6be-f63909a68fbf', '0ce36b5f-1a35-45fe-b11a-36c9cdcd2c02', 'c865d401-6592-418d-98d5-1aa633799680', 1, 30, 30, '2026-02-27T21:36:00.000Z');
INSERT INTO orders (id, buyer_id, seller_id, total_amount, status, created_at) 
                      VALUES ('05b000da-2de4-446a-831f-a680eb461fb4', '1161fb73-809d-4954-a73a-738a9a1868f7', '522afd0e-5b6f-4f57-be80-46fd79ba12db', 30, 'completed', '2026-02-27T18:39:00.000Z');
INSERT INTO order_items (id, order_id, product_id, quantity, unit_price, subtotal, created_at) 
                      VALUES ('96fe5519-567f-4c49-a160-5b63b2ab18b5', '05b000da-2de4-446a-831f-a680eb461fb4', 'c865d401-6592-418d-98d5-1aa633799680', 1, 30, 30, '2026-02-27T18:39:00.000Z');
INSERT INTO orders (id, buyer_id, seller_id, total_amount, status, created_at) 
                      VALUES ('7d9d5c23-f64e-4afb-b5a6-10a7243eb8b8', '1161fb73-809d-4954-a73a-738a9a1868f7', '522afd0e-5b6f-4f57-be80-46fd79ba12db', 30, 'completed', '2026-02-27T17:09:00.000Z');
INSERT INTO order_items (id, order_id, product_id, quantity, unit_price, subtotal, created_at) 
                      VALUES ('bf2ef13e-1311-405a-ac55-4aeab650f98a', '7d9d5c23-f64e-4afb-b5a6-10a7243eb8b8', 'c865d401-6592-418d-98d5-1aa633799680', 1, 30, 30, '2026-02-27T17:09:00.000Z');
INSERT INTO orders (id, buyer_id, seller_id, total_amount, status, created_at) 
                      VALUES ('cf9e3f44-a03b-49bb-97b4-4f231106374c', '1161fb73-809d-4954-a73a-738a9a1868f7', '522afd0e-5b6f-4f57-be80-46fd79ba12db', 30, 'completed', '2026-02-27T20:08:00.000Z');
INSERT INTO order_items (id, order_id, product_id, quantity, unit_price, subtotal, created_at) 
                      VALUES ('a7484ec4-4918-4676-818f-7c160a678160', 'cf9e3f44-a03b-49bb-97b4-4f231106374c', 'c865d401-6592-418d-98d5-1aa633799680', 1, 30, 30, '2026-02-27T20:08:00.000Z');
INSERT INTO orders (id, buyer_id, seller_id, total_amount, status, created_at) 
                      VALUES ('ce0f0b91-baa7-45c3-bc77-ee19ab27ab48', 'aa9e3c8c-e997-4408-ac68-6265851f972d', '522afd0e-5b6f-4f57-be80-46fd79ba12db', 30, 'completed', '2026-02-27T19:37:00.000Z');
INSERT INTO order_items (id, order_id, product_id, quantity, unit_price, subtotal, created_at) 
                      VALUES ('495b9445-66e6-4fa1-8e99-7a306f63def0', 'ce0f0b91-baa7-45c3-bc77-ee19ab27ab48', 'c865d401-6592-418d-98d5-1aa633799680', 1, 30, 30, '2026-02-27T19:37:00.000Z');
INSERT INTO orders (id, buyer_id, seller_id, total_amount, status, created_at) 
                      VALUES ('e1e2b46a-8cdf-4dbb-bf45-1e5412f655f9', 'b03c172d-3388-458c-8054-b6ad7db24e27', '522afd0e-5b6f-4f57-be80-46fd79ba12db', 30, 'completed', '2026-02-27T17:48:00.000Z');
INSERT INTO order_items (id, order_id, product_id, quantity, unit_price, subtotal, created_at) 
                      VALUES ('f8b4ad27-18c6-48dd-9485-c64073493952', 'e1e2b46a-8cdf-4dbb-bf45-1e5412f655f9', 'c865d401-6592-418d-98d5-1aa633799680', 1, 30, 30, '2026-02-27T17:48:00.000Z');
INSERT INTO orders (id, buyer_id, seller_id, total_amount, status, created_at) 
                      VALUES ('3224190b-d98f-4d31-bc65-f78f10c3a005', 'aa9e3c8c-e997-4408-ac68-6265851f972d', '522afd0e-5b6f-4f57-be80-46fd79ba12db', 30, 'completed', '2026-02-27T19:05:00.000Z');
INSERT INTO order_items (id, order_id, product_id, quantity, unit_price, subtotal, created_at) 
                      VALUES ('f27739bd-1250-4a94-880a-3f2f993d02f8', '3224190b-d98f-4d31-bc65-f78f10c3a005', 'c865d401-6592-418d-98d5-1aa633799680', 1, 30, 30, '2026-02-27T19:05:00.000Z');
INSERT INTO orders (id, buyer_id, seller_id, total_amount, status, created_at) 
                      VALUES ('4be229b9-c203-4735-9588-89243459ed3b', 'ac51e939-ec0b-40c3-b3e7-39711b12845a', '522afd0e-5b6f-4f57-be80-46fd79ba12db', 30, 'completed', '2026-02-27T20:04:00.000Z');
INSERT INTO order_items (id, order_id, product_id, quantity, unit_price, subtotal, created_at) 
                      VALUES ('8c10e787-a8e9-46bd-8c92-752d139589e9', '4be229b9-c203-4735-9588-89243459ed3b', 'c865d401-6592-418d-98d5-1aa633799680', 1, 30, 30, '2026-02-27T20:04:00.000Z');
INSERT INTO audit_logs (id, action, user_id, description, level, created_at) 
                  VALUES ('35ed2f51-e757-426b-b2c6-35b121f00fe4', 'USER_LOGIN', 'da273443-bae3-4781-ae4e-819d0c9d56a6', 'Vendedor inició sesión para jornada', 'info', '2026-02-27T14:13:00.000Z');
INSERT INTO daily_sales (id, seller_id, sale_date, total_investment, total_revenue, units_sold, units_lost, total_waste_cost, is_closed) 
                  VALUES ('f8b946cf-af64-447d-aee1-c4d53a8b424c', 'da273443-bae3-4781-ae4e-819d0c9d56a6', '2026-02-27', 104, 275, 11, 2, 16, true);
INSERT INTO sale_details (id, daily_sale_id, product_id, quantity_prepared, quantity_sold, quantity_lost, unit_cost, unit_price, waste_cost, waste_reason) 
                  VALUES ('75b5687b-c274-4e81-8335-e25ba6c8ea1a', 'f8b946cf-af64-447d-aee1-c4d53a8b424c', 'ea84c406-f235-4e9c-b061-71ed9401e63b', 13, 11, 2, 8, 25, 16, 'expired');
INSERT INTO orders (id, buyer_id, seller_id, total_amount, status, created_at) 
                      VALUES ('3db8c073-3b4c-445b-8f1f-14e2155003c5', 'ac51e939-ec0b-40c3-b3e7-39711b12845a', 'da273443-bae3-4781-ae4e-819d0c9d56a6', 25, 'completed', '2026-02-27T16:28:00.000Z');
INSERT INTO order_items (id, order_id, product_id, quantity, unit_price, subtotal, created_at) 
                      VALUES ('022643f9-4ea0-461f-a46f-563730ec9c19', '3db8c073-3b4c-445b-8f1f-14e2155003c5', 'ea84c406-f235-4e9c-b061-71ed9401e63b', 1, 25, 25, '2026-02-27T16:28:00.000Z');
INSERT INTO orders (id, buyer_id, seller_id, total_amount, status, created_at) 
                      VALUES ('7f79ed99-0933-4749-9f78-76ad2574dc04', '79768ab4-b021-418b-bf3c-0dd52f857b65', 'da273443-bae3-4781-ae4e-819d0c9d56a6', 25, 'completed', '2026-02-27T17:43:00.000Z');
INSERT INTO order_items (id, order_id, product_id, quantity, unit_price, subtotal, created_at) 
                      VALUES ('be20b152-2dc3-4422-bbc4-b0652b2baa2b', '7f79ed99-0933-4749-9f78-76ad2574dc04', 'ea84c406-f235-4e9c-b061-71ed9401e63b', 1, 25, 25, '2026-02-27T17:43:00.000Z');
INSERT INTO orders (id, buyer_id, seller_id, total_amount, status, created_at) 
                      VALUES ('56330831-f804-44b8-ad82-cc73d11dfa53', 'aa9e3c8c-e997-4408-ac68-6265851f972d', 'da273443-bae3-4781-ae4e-819d0c9d56a6', 25, 'completed', '2026-02-27T16:00:00.000Z');
INSERT INTO order_items (id, order_id, product_id, quantity, unit_price, subtotal, created_at) 
                      VALUES ('97f2518f-c2cf-47ae-b35f-3ea24889d567', '56330831-f804-44b8-ad82-cc73d11dfa53', 'ea84c406-f235-4e9c-b061-71ed9401e63b', 1, 25, 25, '2026-02-27T16:00:00.000Z');
INSERT INTO orders (id, buyer_id, seller_id, total_amount, status, created_at) 
                      VALUES ('32b2235f-5e54-4235-a516-960281be6e88', '6c8c4ad9-70e8-48cb-9ce8-5d01c349ffcc', 'da273443-bae3-4781-ae4e-819d0c9d56a6', 25, 'completed', '2026-02-27T18:47:00.000Z');
INSERT INTO order_items (id, order_id, product_id, quantity, unit_price, subtotal, created_at) 
                      VALUES ('a7105672-85c2-4dae-9c42-41c8bbebd95f', '32b2235f-5e54-4235-a516-960281be6e88', 'ea84c406-f235-4e9c-b061-71ed9401e63b', 1, 25, 25, '2026-02-27T18:47:00.000Z');
INSERT INTO orders (id, buyer_id, seller_id, total_amount, status, created_at) 
                      VALUES ('8e6ad569-e15b-4ae3-b2c8-c12d9fa2b4dc', '79768ab4-b021-418b-bf3c-0dd52f857b65', 'da273443-bae3-4781-ae4e-819d0c9d56a6', 25, 'completed', '2026-02-27T20:02:00.000Z');
INSERT INTO order_items (id, order_id, product_id, quantity, unit_price, subtotal, created_at) 
                      VALUES ('ff838322-6fa2-45c8-93ce-27e42d1c2305', '8e6ad569-e15b-4ae3-b2c8-c12d9fa2b4dc', 'ea84c406-f235-4e9c-b061-71ed9401e63b', 1, 25, 25, '2026-02-27T20:02:00.000Z');
INSERT INTO orders (id, buyer_id, seller_id, total_amount, status, created_at) 
                      VALUES ('8b79caa9-8cfb-4380-8612-b86ae2275693', '233694a0-da98-4b19-8640-7b99f406554e', 'da273443-bae3-4781-ae4e-819d0c9d56a6', 25, 'completed', '2026-02-27T18:27:00.000Z');
INSERT INTO order_items (id, order_id, product_id, quantity, unit_price, subtotal, created_at) 
                      VALUES ('9c160364-3f3c-4adf-a297-3086d2bb627e', '8b79caa9-8cfb-4380-8612-b86ae2275693', 'ea84c406-f235-4e9c-b061-71ed9401e63b', 1, 25, 25, '2026-02-27T18:27:00.000Z');
INSERT INTO orders (id, buyer_id, seller_id, total_amount, status, created_at) 
                      VALUES ('e537c184-a9e6-40a8-9276-26440e2f49c8', '6c8c4ad9-70e8-48cb-9ce8-5d01c349ffcc', 'da273443-bae3-4781-ae4e-819d0c9d56a6', 25, 'completed', '2026-02-27T20:05:00.000Z');
INSERT INTO order_items (id, order_id, product_id, quantity, unit_price, subtotal, created_at) 
                      VALUES ('a7b0d7fd-37e7-4473-96c7-7b5c50ea09e8', 'e537c184-a9e6-40a8-9276-26440e2f49c8', 'ea84c406-f235-4e9c-b061-71ed9401e63b', 1, 25, 25, '2026-02-27T20:05:00.000Z');
INSERT INTO orders (id, buyer_id, seller_id, total_amount, status, created_at) 
                      VALUES ('2d4de8fb-a7c6-4a2c-bd90-da09fb28077a', '79768ab4-b021-418b-bf3c-0dd52f857b65', 'da273443-bae3-4781-ae4e-819d0c9d56a6', 25, 'completed', '2026-02-27T17:38:00.000Z');
INSERT INTO order_items (id, order_id, product_id, quantity, unit_price, subtotal, created_at) 
                      VALUES ('77acf031-89bb-431f-a0db-ca9580acc66b', '2d4de8fb-a7c6-4a2c-bd90-da09fb28077a', 'ea84c406-f235-4e9c-b061-71ed9401e63b', 1, 25, 25, '2026-02-27T17:38:00.000Z');
INSERT INTO orders (id, buyer_id, seller_id, total_amount, status, created_at) 
                      VALUES ('eb4f28ea-f689-473a-a890-012dc041d706', '233694a0-da98-4b19-8640-7b99f406554e', 'da273443-bae3-4781-ae4e-819d0c9d56a6', 25, 'completed', '2026-02-27T20:19:00.000Z');
INSERT INTO order_items (id, order_id, product_id, quantity, unit_price, subtotal, created_at) 
                      VALUES ('e6fc7fc4-d944-4684-8ca0-4a8944a443a6', 'eb4f28ea-f689-473a-a890-012dc041d706', 'ea84c406-f235-4e9c-b061-71ed9401e63b', 1, 25, 25, '2026-02-27T20:19:00.000Z');
INSERT INTO orders (id, buyer_id, seller_id, total_amount, status, created_at) 
                      VALUES ('fab6deb8-be09-44bb-ad75-4858c326f604', '1161fb73-809d-4954-a73a-738a9a1868f7', 'da273443-bae3-4781-ae4e-819d0c9d56a6', 25, 'completed', '2026-02-27T17:45:00.000Z');
INSERT INTO order_items (id, order_id, product_id, quantity, unit_price, subtotal, created_at) 
                      VALUES ('32bf6abf-7213-4198-8a0d-480543b4098c', 'fab6deb8-be09-44bb-ad75-4858c326f604', 'ea84c406-f235-4e9c-b061-71ed9401e63b', 1, 25, 25, '2026-02-27T17:45:00.000Z');
INSERT INTO orders (id, buyer_id, seller_id, total_amount, status, created_at) 
                      VALUES ('2e709512-927f-4539-8876-25e4dc559e4b', '1161fb73-809d-4954-a73a-738a9a1868f7', 'da273443-bae3-4781-ae4e-819d0c9d56a6', 25, 'completed', '2026-02-27T17:17:00.000Z');
INSERT INTO order_items (id, order_id, product_id, quantity, unit_price, subtotal, created_at) 
                      VALUES ('851a37f8-4a8a-4408-bc4a-82552a183f8c', '2e709512-927f-4539-8876-25e4dc559e4b', 'ea84c406-f235-4e9c-b061-71ed9401e63b', 1, 25, 25, '2026-02-27T17:17:00.000Z');
INSERT INTO audit_logs (id, action, user_id, description, level, created_at) 
                  VALUES ('c35060c0-a4ad-4643-964a-e2b2ceac6222', 'USER_LOGIN', 'cdc7b576-3957-4e3f-9e87-6630e4ef1950', 'Vendedor inició sesión para jornada', 'info', '2026-02-27T14:24:00.000Z');
INSERT INTO daily_sales (id, seller_id, sale_date, total_investment, total_revenue, units_sold, units_lost, total_waste_cost, is_closed) 
                  VALUES ('42c8c5d7-02df-4fdc-85c8-ff083629366b', 'cdc7b576-3957-4e3f-9e87-6630e4ef1950', '2026-02-27', 250, 495, 9, 1, 25, true);
INSERT INTO sale_details (id, daily_sale_id, product_id, quantity_prepared, quantity_sold, quantity_lost, unit_cost, unit_price, waste_cost, waste_reason) 
                  VALUES ('8577b694-2488-4f9d-8665-2864b2f8efa1', '42c8c5d7-02df-4fdc-85c8-ff083629366b', '49e54b55-6e07-407b-9dac-36e93e1f8aa2', 10, 9, 1, 25, 55, 25, 'expired');
INSERT INTO orders (id, buyer_id, seller_id, total_amount, status, created_at) 
                      VALUES ('517071e8-e360-4992-add5-e15d137bc2be', 'ac51e939-ec0b-40c3-b3e7-39711b12845a', 'cdc7b576-3957-4e3f-9e87-6630e4ef1950', 55, 'completed', '2026-02-27T21:38:00.000Z');
INSERT INTO order_items (id, order_id, product_id, quantity, unit_price, subtotal, created_at) 
                      VALUES ('2b8b57b2-5926-4654-8ae7-4c1e544fe304', '517071e8-e360-4992-add5-e15d137bc2be', '49e54b55-6e07-407b-9dac-36e93e1f8aa2', 1, 55, 55, '2026-02-27T21:38:00.000Z');
INSERT INTO orders (id, buyer_id, seller_id, total_amount, status, created_at) 
                      VALUES ('d2f0743f-9e6b-4032-9654-bbaac9dccafe', '1161fb73-809d-4954-a73a-738a9a1868f7', 'cdc7b576-3957-4e3f-9e87-6630e4ef1950', 55, 'completed', '2026-02-27T19:25:00.000Z');
INSERT INTO order_items (id, order_id, product_id, quantity, unit_price, subtotal, created_at) 
                      VALUES ('5dd58e86-ced5-4f01-8b47-976a2bc13b3c', 'd2f0743f-9e6b-4032-9654-bbaac9dccafe', '49e54b55-6e07-407b-9dac-36e93e1f8aa2', 1, 55, 55, '2026-02-27T19:25:00.000Z');
INSERT INTO orders (id, buyer_id, seller_id, total_amount, status, created_at) 
                      VALUES ('221b7962-c8ec-49f9-a554-a346e443f91f', 'ac51e939-ec0b-40c3-b3e7-39711b12845a', 'cdc7b576-3957-4e3f-9e87-6630e4ef1950', 55, 'completed', '2026-02-27T16:23:00.000Z');
INSERT INTO order_items (id, order_id, product_id, quantity, unit_price, subtotal, created_at) 
                      VALUES ('26749f59-fe14-4072-b16c-2b0950a1f26b', '221b7962-c8ec-49f9-a554-a346e443f91f', '49e54b55-6e07-407b-9dac-36e93e1f8aa2', 1, 55, 55, '2026-02-27T16:23:00.000Z');
INSERT INTO orders (id, buyer_id, seller_id, total_amount, status, created_at) 
                      VALUES ('f644bc9a-c5b7-47be-8acd-ae122978b528', 'aa9e3c8c-e997-4408-ac68-6265851f972d', 'cdc7b576-3957-4e3f-9e87-6630e4ef1950', 55, 'completed', '2026-02-27T17:02:00.000Z');
INSERT INTO order_items (id, order_id, product_id, quantity, unit_price, subtotal, created_at) 
                      VALUES ('4d9adcf8-63ff-401c-b6b5-23e831a3208a', 'f644bc9a-c5b7-47be-8acd-ae122978b528', '49e54b55-6e07-407b-9dac-36e93e1f8aa2', 1, 55, 55, '2026-02-27T17:02:00.000Z');
INSERT INTO orders (id, buyer_id, seller_id, total_amount, status, created_at) 
                      VALUES ('5933fcab-2c07-488a-aa50-f227d702cdef', 'ac51e939-ec0b-40c3-b3e7-39711b12845a', 'cdc7b576-3957-4e3f-9e87-6630e4ef1950', 55, 'completed', '2026-02-27T17:14:00.000Z');
INSERT INTO order_items (id, order_id, product_id, quantity, unit_price, subtotal, created_at) 
                      VALUES ('c3b648d1-a0a5-456f-999e-d11c4037f86d', '5933fcab-2c07-488a-aa50-f227d702cdef', '49e54b55-6e07-407b-9dac-36e93e1f8aa2', 1, 55, 55, '2026-02-27T17:14:00.000Z');
INSERT INTO orders (id, buyer_id, seller_id, total_amount, status, created_at) 
                      VALUES ('7e107271-9dfa-4f5b-b7c5-383928dc338e', '6c8c4ad9-70e8-48cb-9ce8-5d01c349ffcc', 'cdc7b576-3957-4e3f-9e87-6630e4ef1950', 55, 'completed', '2026-02-27T16:05:00.000Z');
INSERT INTO order_items (id, order_id, product_id, quantity, unit_price, subtotal, created_at) 
                      VALUES ('b229b7f5-366c-497a-b081-b4f8feee0b01', '7e107271-9dfa-4f5b-b7c5-383928dc338e', '49e54b55-6e07-407b-9dac-36e93e1f8aa2', 1, 55, 55, '2026-02-27T16:05:00.000Z');
INSERT INTO orders (id, buyer_id, seller_id, total_amount, status, created_at) 
                      VALUES ('cb2460da-6df0-4b5f-b6a0-f2894c59e939', 'aa9e3c8c-e997-4408-ac68-6265851f972d', 'cdc7b576-3957-4e3f-9e87-6630e4ef1950', 55, 'completed', '2026-02-27T18:45:00.000Z');
INSERT INTO order_items (id, order_id, product_id, quantity, unit_price, subtotal, created_at) 
                      VALUES ('3de29d5d-6488-483e-a676-a5bfc0367da8', 'cb2460da-6df0-4b5f-b6a0-f2894c59e939', '49e54b55-6e07-407b-9dac-36e93e1f8aa2', 1, 55, 55, '2026-02-27T18:45:00.000Z');
INSERT INTO orders (id, buyer_id, seller_id, total_amount, status, created_at) 
                      VALUES ('98e5e29b-a386-4550-a30c-41040859124c', 'aa9e3c8c-e997-4408-ac68-6265851f972d', 'cdc7b576-3957-4e3f-9e87-6630e4ef1950', 55, 'completed', '2026-02-27T18:06:00.000Z');
INSERT INTO order_items (id, order_id, product_id, quantity, unit_price, subtotal, created_at) 
                      VALUES ('cdf85106-f6fd-4deb-b39c-b6112628a8e7', '98e5e29b-a386-4550-a30c-41040859124c', '49e54b55-6e07-407b-9dac-36e93e1f8aa2', 1, 55, 55, '2026-02-27T18:06:00.000Z');
INSERT INTO orders (id, buyer_id, seller_id, total_amount, status, created_at) 
                      VALUES ('63790b88-39ea-4a0c-ad8a-f2cc1ee4746c', 'ac51e939-ec0b-40c3-b3e7-39711b12845a', 'cdc7b576-3957-4e3f-9e87-6630e4ef1950', 55, 'completed', '2026-02-27T17:51:00.000Z');
INSERT INTO order_items (id, order_id, product_id, quantity, unit_price, subtotal, created_at) 
                      VALUES ('e1a79603-19f9-4905-ba1f-458860b17587', '63790b88-39ea-4a0c-ad8a-f2cc1ee4746c', '49e54b55-6e07-407b-9dac-36e93e1f8aa2', 1, 55, 55, '2026-02-27T17:51:00.000Z');
INSERT INTO audit_logs (id, action, user_id, description, level, created_at) 
                  VALUES ('bf3d65e5-e1de-4ab2-bc1b-99a24fbb3d8c', 'USER_LOGIN', '6adabb60-eed5-4dd0-b80c-41983dd81404', 'Vendedor inició sesión para jornada', 'info', '2026-02-28T14:28:00.000Z');
INSERT INTO daily_sales (id, seller_id, sale_date, total_investment, total_revenue, units_sold, units_lost, total_waste_cost, is_closed) 
                  VALUES ('894fa7a1-9b6d-484d-b3d5-aea21eb808de', '6adabb60-eed5-4dd0-b80c-41983dd81404', '2026-02-28', 480, 750, 10, 2, 80, true);
INSERT INTO sale_details (id, daily_sale_id, product_id, quantity_prepared, quantity_sold, quantity_lost, unit_cost, unit_price, waste_cost, waste_reason) 
                  VALUES ('98a7a72f-443a-4f41-901d-7c25dda47bb0', '894fa7a1-9b6d-484d-b3d5-aea21eb808de', 'cd4cb45a-05bc-4729-bb2a-06d122f369fc', 12, 10, 2, 40, 75, 80, 'expired');
INSERT INTO orders (id, buyer_id, seller_id, total_amount, status, created_at) 
                      VALUES ('0d2ec3fa-5623-401e-b2c5-1aca3d021011', '233694a0-da98-4b19-8640-7b99f406554e', '6adabb60-eed5-4dd0-b80c-41983dd81404', 75, 'completed', '2026-02-28T17:42:00.000Z');
INSERT INTO order_items (id, order_id, product_id, quantity, unit_price, subtotal, created_at) 
                      VALUES ('1ce6d9ae-500d-4c2d-84ee-b2b75d79893b', '0d2ec3fa-5623-401e-b2c5-1aca3d021011', 'cd4cb45a-05bc-4729-bb2a-06d122f369fc', 1, 75, 75, '2026-02-28T17:42:00.000Z');
INSERT INTO orders (id, buyer_id, seller_id, total_amount, status, created_at) 
                      VALUES ('c4b26eb5-a65e-42b3-8842-1ae959aec5c4', '6c8c4ad9-70e8-48cb-9ce8-5d01c349ffcc', '6adabb60-eed5-4dd0-b80c-41983dd81404', 75, 'completed', '2026-02-28T18:04:00.000Z');
INSERT INTO order_items (id, order_id, product_id, quantity, unit_price, subtotal, created_at) 
                      VALUES ('20d73767-8e1e-4b33-956b-ca54571269a5', 'c4b26eb5-a65e-42b3-8842-1ae959aec5c4', 'cd4cb45a-05bc-4729-bb2a-06d122f369fc', 1, 75, 75, '2026-02-28T18:04:00.000Z');
INSERT INTO orders (id, buyer_id, seller_id, total_amount, status, created_at) 
                      VALUES ('a829cd9f-cfdb-47ad-8a09-3bffaa97037d', '1161fb73-809d-4954-a73a-738a9a1868f7', '6adabb60-eed5-4dd0-b80c-41983dd81404', 75, 'completed', '2026-02-28T17:30:00.000Z');
INSERT INTO order_items (id, order_id, product_id, quantity, unit_price, subtotal, created_at) 
                      VALUES ('6870dd96-a5db-47a5-ae14-2bbc4a6fb365', 'a829cd9f-cfdb-47ad-8a09-3bffaa97037d', 'cd4cb45a-05bc-4729-bb2a-06d122f369fc', 1, 75, 75, '2026-02-28T17:30:00.000Z');
INSERT INTO orders (id, buyer_id, seller_id, total_amount, status, created_at) 
                      VALUES ('375089fb-8118-478f-ac58-8609b9c98b78', '6c8c4ad9-70e8-48cb-9ce8-5d01c349ffcc', '6adabb60-eed5-4dd0-b80c-41983dd81404', 75, 'completed', '2026-02-28T19:32:00.000Z');
INSERT INTO order_items (id, order_id, product_id, quantity, unit_price, subtotal, created_at) 
                      VALUES ('2dd63a8b-8e23-4f49-affd-7ee0cbb7c998', '375089fb-8118-478f-ac58-8609b9c98b78', 'cd4cb45a-05bc-4729-bb2a-06d122f369fc', 1, 75, 75, '2026-02-28T19:32:00.000Z');
INSERT INTO orders (id, buyer_id, seller_id, total_amount, status, created_at) 
                      VALUES ('bc303e06-122b-49b7-9086-0731cf5efbd8', '79768ab4-b021-418b-bf3c-0dd52f857b65', '6adabb60-eed5-4dd0-b80c-41983dd81404', 75, 'completed', '2026-02-28T21:16:00.000Z');
INSERT INTO order_items (id, order_id, product_id, quantity, unit_price, subtotal, created_at) 
                      VALUES ('9fb4e6d4-524b-460d-b841-bf017ba12a68', 'bc303e06-122b-49b7-9086-0731cf5efbd8', 'cd4cb45a-05bc-4729-bb2a-06d122f369fc', 1, 75, 75, '2026-02-28T21:16:00.000Z');
INSERT INTO orders (id, buyer_id, seller_id, total_amount, status, created_at) 
                      VALUES ('a0ada293-cf36-4612-a0a9-16285d3c1c97', '79768ab4-b021-418b-bf3c-0dd52f857b65', '6adabb60-eed5-4dd0-b80c-41983dd81404', 75, 'completed', '2026-02-28T16:31:00.000Z');
INSERT INTO order_items (id, order_id, product_id, quantity, unit_price, subtotal, created_at) 
                      VALUES ('b76ef253-985f-4760-b58d-0150f56bd13b', 'a0ada293-cf36-4612-a0a9-16285d3c1c97', 'cd4cb45a-05bc-4729-bb2a-06d122f369fc', 1, 75, 75, '2026-02-28T16:31:00.000Z');
INSERT INTO orders (id, buyer_id, seller_id, total_amount, status, created_at) 
                      VALUES ('1f787de8-78a5-4ed9-817e-123bf97d7c71', 'aa9e3c8c-e997-4408-ac68-6265851f972d', '6adabb60-eed5-4dd0-b80c-41983dd81404', 75, 'completed', '2026-02-28T20:09:00.000Z');
INSERT INTO order_items (id, order_id, product_id, quantity, unit_price, subtotal, created_at) 
                      VALUES ('2cbe5a01-c97f-4e29-a782-e8ba2f5dee14', '1f787de8-78a5-4ed9-817e-123bf97d7c71', 'cd4cb45a-05bc-4729-bb2a-06d122f369fc', 1, 75, 75, '2026-02-28T20:09:00.000Z');
INSERT INTO orders (id, buyer_id, seller_id, total_amount, status, created_at) 
                      VALUES ('069c24ed-b580-4d1a-a58e-147a147e47ea', '79768ab4-b021-418b-bf3c-0dd52f857b65', '6adabb60-eed5-4dd0-b80c-41983dd81404', 75, 'completed', '2026-02-28T18:27:00.000Z');
INSERT INTO order_items (id, order_id, product_id, quantity, unit_price, subtotal, created_at) 
                      VALUES ('6227b461-cfc3-4fc5-902e-949bf9bd20a4', '069c24ed-b580-4d1a-a58e-147a147e47ea', 'cd4cb45a-05bc-4729-bb2a-06d122f369fc', 1, 75, 75, '2026-02-28T18:27:00.000Z');
INSERT INTO orders (id, buyer_id, seller_id, total_amount, status, created_at) 
                      VALUES ('1da205ed-9da0-404e-8fcf-3eb24affced1', 'aa9e3c8c-e997-4408-ac68-6265851f972d', '6adabb60-eed5-4dd0-b80c-41983dd81404', 75, 'completed', '2026-02-28T16:26:00.000Z');
INSERT INTO order_items (id, order_id, product_id, quantity, unit_price, subtotal, created_at) 
                      VALUES ('57c1d991-d3e9-4bf2-bb55-0e7069410e77', '1da205ed-9da0-404e-8fcf-3eb24affced1', 'cd4cb45a-05bc-4729-bb2a-06d122f369fc', 1, 75, 75, '2026-02-28T16:26:00.000Z');
INSERT INTO orders (id, buyer_id, seller_id, total_amount, status, created_at) 
                      VALUES ('ef15e15f-534f-4786-8510-4ba5704a1571', 'b03c172d-3388-458c-8054-b6ad7db24e27', '6adabb60-eed5-4dd0-b80c-41983dd81404', 75, 'completed', '2026-02-28T17:32:00.000Z');
INSERT INTO order_items (id, order_id, product_id, quantity, unit_price, subtotal, created_at) 
                      VALUES ('d330c9e1-0f7d-4938-bbc5-3e7f7a654907', 'ef15e15f-534f-4786-8510-4ba5704a1571', 'cd4cb45a-05bc-4729-bb2a-06d122f369fc', 1, 75, 75, '2026-02-28T17:32:00.000Z');
INSERT INTO audit_logs (id, action, user_id, description, level, created_at) 
                  VALUES ('8aea6aa0-d1b9-43db-baa5-a8b2c2c696bc', 'USER_LOGIN', '5f552e5d-c288-453c-a685-b287e1c0c64a', 'Vendedor inició sesión para jornada', 'info', '2026-02-28T14:04:00.000Z');
INSERT INTO daily_sales (id, seller_id, sale_date, total_investment, total_revenue, units_sold, units_lost, total_waste_cost, is_closed) 
                  VALUES ('17613469-be48-47b9-9ab5-1699b1437a45', '5f552e5d-c288-453c-a685-b287e1c0c64a', '2026-02-28', 220, 495, 11, 0, 0, true);
INSERT INTO sale_details (id, daily_sale_id, product_id, quantity_prepared, quantity_sold, quantity_lost, unit_cost, unit_price, waste_cost, waste_reason) 
                  VALUES ('bef38c44-cad8-4e19-bf0d-6fc8749081fb', '17613469-be48-47b9-9ab5-1699b1437a45', '90ccc3f8-627a-4af7-aab2-9c7967c2f50d', 11, 11, 0, 20, 45, 0, 'expired');
INSERT INTO orders (id, buyer_id, seller_id, total_amount, status, created_at) 
                      VALUES ('a053715e-e1f1-4a00-b211-2a35c9f7b919', '6c8c4ad9-70e8-48cb-9ce8-5d01c349ffcc', '5f552e5d-c288-453c-a685-b287e1c0c64a', 45, 'completed', '2026-02-28T20:32:00.000Z');
INSERT INTO order_items (id, order_id, product_id, quantity, unit_price, subtotal, created_at) 
                      VALUES ('a9e2a6fb-d236-4079-9147-fa74be8ad67e', 'a053715e-e1f1-4a00-b211-2a35c9f7b919', '90ccc3f8-627a-4af7-aab2-9c7967c2f50d', 1, 45, 45, '2026-02-28T20:32:00.000Z');
INSERT INTO orders (id, buyer_id, seller_id, total_amount, status, created_at) 
                      VALUES ('78e38321-7787-4825-b734-38c32b90ee0b', '1161fb73-809d-4954-a73a-738a9a1868f7', '5f552e5d-c288-453c-a685-b287e1c0c64a', 45, 'completed', '2026-02-28T21:07:00.000Z');
INSERT INTO order_items (id, order_id, product_id, quantity, unit_price, subtotal, created_at) 
                      VALUES ('a055d46b-09ff-490a-976c-d8a910176c35', '78e38321-7787-4825-b734-38c32b90ee0b', '90ccc3f8-627a-4af7-aab2-9c7967c2f50d', 1, 45, 45, '2026-02-28T21:07:00.000Z');
INSERT INTO orders (id, buyer_id, seller_id, total_amount, status, created_at) 
                      VALUES ('6ad1e026-d683-450d-8238-a9362b73d096', '79768ab4-b021-418b-bf3c-0dd52f857b65', '5f552e5d-c288-453c-a685-b287e1c0c64a', 45, 'completed', '2026-02-28T16:42:00.000Z');
INSERT INTO order_items (id, order_id, product_id, quantity, unit_price, subtotal, created_at) 
                      VALUES ('6fd1f04b-dbd5-491f-8779-16d9a772981a', '6ad1e026-d683-450d-8238-a9362b73d096', '90ccc3f8-627a-4af7-aab2-9c7967c2f50d', 1, 45, 45, '2026-02-28T16:42:00.000Z');
INSERT INTO orders (id, buyer_id, seller_id, total_amount, status, created_at) 
                      VALUES ('da62f0aa-1a21-45a0-b943-7be88d5dc657', 'aa9e3c8c-e997-4408-ac68-6265851f972d', '5f552e5d-c288-453c-a685-b287e1c0c64a', 45, 'completed', '2026-02-28T20:01:00.000Z');
INSERT INTO order_items (id, order_id, product_id, quantity, unit_price, subtotal, created_at) 
                      VALUES ('8129cf76-e3ee-4a17-a524-48e7a54c2185', 'da62f0aa-1a21-45a0-b943-7be88d5dc657', '90ccc3f8-627a-4af7-aab2-9c7967c2f50d', 1, 45, 45, '2026-02-28T20:01:00.000Z');
INSERT INTO orders (id, buyer_id, seller_id, total_amount, status, created_at) 
                      VALUES ('9d5352c5-d170-4d32-afe8-a9d6d11b7642', '1161fb73-809d-4954-a73a-738a9a1868f7', '5f552e5d-c288-453c-a685-b287e1c0c64a', 45, 'completed', '2026-02-28T21:31:00.000Z');
INSERT INTO order_items (id, order_id, product_id, quantity, unit_price, subtotal, created_at) 
                      VALUES ('67f7c696-336b-4643-92c0-c225b9477af1', '9d5352c5-d170-4d32-afe8-a9d6d11b7642', '90ccc3f8-627a-4af7-aab2-9c7967c2f50d', 1, 45, 45, '2026-02-28T21:31:00.000Z');
INSERT INTO orders (id, buyer_id, seller_id, total_amount, status, created_at) 
                      VALUES ('015b3e67-9530-4fd8-8298-d148c2635926', '6c8c4ad9-70e8-48cb-9ce8-5d01c349ffcc', '5f552e5d-c288-453c-a685-b287e1c0c64a', 45, 'completed', '2026-02-28T18:24:00.000Z');
INSERT INTO order_items (id, order_id, product_id, quantity, unit_price, subtotal, created_at) 
                      VALUES ('5bc69ce6-c028-4a95-9789-52522203ee6e', '015b3e67-9530-4fd8-8298-d148c2635926', '90ccc3f8-627a-4af7-aab2-9c7967c2f50d', 1, 45, 45, '2026-02-28T18:24:00.000Z');
INSERT INTO orders (id, buyer_id, seller_id, total_amount, status, created_at) 
                      VALUES ('07d5151e-384b-4b43-8ea5-46263be0b068', 'aa9e3c8c-e997-4408-ac68-6265851f972d', '5f552e5d-c288-453c-a685-b287e1c0c64a', 45, 'completed', '2026-02-28T19:53:00.000Z');
INSERT INTO order_items (id, order_id, product_id, quantity, unit_price, subtotal, created_at) 
                      VALUES ('0787d8d5-5277-4625-82f5-bcbd5e689d14', '07d5151e-384b-4b43-8ea5-46263be0b068', '90ccc3f8-627a-4af7-aab2-9c7967c2f50d', 1, 45, 45, '2026-02-28T19:53:00.000Z');
INSERT INTO orders (id, buyer_id, seller_id, total_amount, status, created_at) 
                      VALUES ('afd70637-ea1c-4f5c-bc9b-d68f352004c2', 'b03c172d-3388-458c-8054-b6ad7db24e27', '5f552e5d-c288-453c-a685-b287e1c0c64a', 45, 'completed', '2026-02-28T19:06:00.000Z');
INSERT INTO order_items (id, order_id, product_id, quantity, unit_price, subtotal, created_at) 
                      VALUES ('e287f25c-d439-488f-bf7f-01a52f4ad0ac', 'afd70637-ea1c-4f5c-bc9b-d68f352004c2', '90ccc3f8-627a-4af7-aab2-9c7967c2f50d', 1, 45, 45, '2026-02-28T19:06:00.000Z');
INSERT INTO orders (id, buyer_id, seller_id, total_amount, status, created_at) 
                      VALUES ('6a892ca6-c031-40d8-98ac-337828b3dd72', '6c8c4ad9-70e8-48cb-9ce8-5d01c349ffcc', '5f552e5d-c288-453c-a685-b287e1c0c64a', 45, 'completed', '2026-02-28T16:01:00.000Z');
INSERT INTO order_items (id, order_id, product_id, quantity, unit_price, subtotal, created_at) 
                      VALUES ('2f74d327-c38d-42f9-a635-c3ac872ce51e', '6a892ca6-c031-40d8-98ac-337828b3dd72', '90ccc3f8-627a-4af7-aab2-9c7967c2f50d', 1, 45, 45, '2026-02-28T16:01:00.000Z');
INSERT INTO orders (id, buyer_id, seller_id, total_amount, status, created_at) 
                      VALUES ('99289c91-faa3-4307-af3a-f77fe746188d', 'ac51e939-ec0b-40c3-b3e7-39711b12845a', '5f552e5d-c288-453c-a685-b287e1c0c64a', 45, 'completed', '2026-02-28T17:05:00.000Z');
INSERT INTO order_items (id, order_id, product_id, quantity, unit_price, subtotal, created_at) 
                      VALUES ('5befab18-f538-48f0-9948-ea4c21fb377a', '99289c91-faa3-4307-af3a-f77fe746188d', '90ccc3f8-627a-4af7-aab2-9c7967c2f50d', 1, 45, 45, '2026-02-28T17:05:00.000Z');
INSERT INTO orders (id, buyer_id, seller_id, total_amount, status, created_at) 
                      VALUES ('44f57a43-f7ac-422b-a0b8-dd1f1c30a5fd', '79768ab4-b021-418b-bf3c-0dd52f857b65', '5f552e5d-c288-453c-a685-b287e1c0c64a', 45, 'completed', '2026-02-28T18:56:00.000Z');
INSERT INTO order_items (id, order_id, product_id, quantity, unit_price, subtotal, created_at) 
                      VALUES ('6acb6e37-973e-4de4-a1c3-e667273b1e91', '44f57a43-f7ac-422b-a0b8-dd1f1c30a5fd', '90ccc3f8-627a-4af7-aab2-9c7967c2f50d', 1, 45, 45, '2026-02-28T18:56:00.000Z');
INSERT INTO audit_logs (id, action, user_id, description, level, created_at) 
                  VALUES ('e7b06a02-9a6d-4229-98c3-2d07f7c1f65f', 'USER_LOGIN', '522afd0e-5b6f-4f57-be80-46fd79ba12db', 'Vendedor inició sesión para jornada', 'info', '2026-02-28T14:25:00.000Z');
INSERT INTO daily_sales (id, seller_id, sale_date, total_investment, total_revenue, units_sold, units_lost, total_waste_cost, is_closed) 
                  VALUES ('f3272bee-b60c-4d2c-a57e-adfdea5a81ee', '522afd0e-5b6f-4f57-be80-46fd79ba12db', '2026-02-28', 144, 300, 10, 2, 24, true);
INSERT INTO sale_details (id, daily_sale_id, product_id, quantity_prepared, quantity_sold, quantity_lost, unit_cost, unit_price, waste_cost, waste_reason) 
                  VALUES ('0c09a7bc-a4ff-449b-9e4f-b70002623bbc', 'f3272bee-b60c-4d2c-a57e-adfdea5a81ee', 'c865d401-6592-418d-98d5-1aa633799680', 12, 10, 2, 12, 30, 24, 'expired');
INSERT INTO orders (id, buyer_id, seller_id, total_amount, status, created_at) 
                      VALUES ('4ead93c7-93cf-47bf-83de-6ecbe524e0cb', '6c8c4ad9-70e8-48cb-9ce8-5d01c349ffcc', '522afd0e-5b6f-4f57-be80-46fd79ba12db', 30, 'completed', '2026-02-28T17:14:00.000Z');
INSERT INTO order_items (id, order_id, product_id, quantity, unit_price, subtotal, created_at) 
                      VALUES ('fca392a6-aa34-42bc-a237-1f078e94b565', '4ead93c7-93cf-47bf-83de-6ecbe524e0cb', 'c865d401-6592-418d-98d5-1aa633799680', 1, 30, 30, '2026-02-28T17:14:00.000Z');
INSERT INTO orders (id, buyer_id, seller_id, total_amount, status, created_at) 
                      VALUES ('6891e483-dcb0-438f-976c-9641e332afdd', 'ac51e939-ec0b-40c3-b3e7-39711b12845a', '522afd0e-5b6f-4f57-be80-46fd79ba12db', 30, 'completed', '2026-02-28T18:38:00.000Z');
INSERT INTO order_items (id, order_id, product_id, quantity, unit_price, subtotal, created_at) 
                      VALUES ('1ce50bea-2429-4bcc-af69-e5cd9d07ed72', '6891e483-dcb0-438f-976c-9641e332afdd', 'c865d401-6592-418d-98d5-1aa633799680', 1, 30, 30, '2026-02-28T18:38:00.000Z');
INSERT INTO orders (id, buyer_id, seller_id, total_amount, status, created_at) 
                      VALUES ('b68ad3af-449e-409a-9ba5-824e6d6b0e93', 'aa9e3c8c-e997-4408-ac68-6265851f972d', '522afd0e-5b6f-4f57-be80-46fd79ba12db', 30, 'completed', '2026-02-28T19:28:00.000Z');
INSERT INTO order_items (id, order_id, product_id, quantity, unit_price, subtotal, created_at) 
                      VALUES ('bfadc844-df1d-457f-8a9d-9363253474d7', 'b68ad3af-449e-409a-9ba5-824e6d6b0e93', 'c865d401-6592-418d-98d5-1aa633799680', 1, 30, 30, '2026-02-28T19:28:00.000Z');
INSERT INTO orders (id, buyer_id, seller_id, total_amount, status, created_at) 
                      VALUES ('da0b66ba-c0a5-4767-bfa9-0317b65238e2', 'aa9e3c8c-e997-4408-ac68-6265851f972d', '522afd0e-5b6f-4f57-be80-46fd79ba12db', 30, 'completed', '2026-02-28T19:45:00.000Z');
INSERT INTO order_items (id, order_id, product_id, quantity, unit_price, subtotal, created_at) 
                      VALUES ('a9b580fe-e2ba-4edb-879c-f5ded2e64be5', 'da0b66ba-c0a5-4767-bfa9-0317b65238e2', 'c865d401-6592-418d-98d5-1aa633799680', 1, 30, 30, '2026-02-28T19:45:00.000Z');
INSERT INTO orders (id, buyer_id, seller_id, total_amount, status, created_at) 
                      VALUES ('6e3c34b0-b34a-453f-80f3-623dfb434d2b', '1161fb73-809d-4954-a73a-738a9a1868f7', '522afd0e-5b6f-4f57-be80-46fd79ba12db', 30, 'completed', '2026-02-28T19:36:00.000Z');
INSERT INTO order_items (id, order_id, product_id, quantity, unit_price, subtotal, created_at) 
                      VALUES ('ab24b757-b4ed-4801-a870-68691794097c', '6e3c34b0-b34a-453f-80f3-623dfb434d2b', 'c865d401-6592-418d-98d5-1aa633799680', 1, 30, 30, '2026-02-28T19:36:00.000Z');
INSERT INTO orders (id, buyer_id, seller_id, total_amount, status, created_at) 
                      VALUES ('0b71cf41-6783-4026-985f-a860b920d76e', '6c8c4ad9-70e8-48cb-9ce8-5d01c349ffcc', '522afd0e-5b6f-4f57-be80-46fd79ba12db', 30, 'completed', '2026-02-28T19:39:00.000Z');
INSERT INTO order_items (id, order_id, product_id, quantity, unit_price, subtotal, created_at) 
                      VALUES ('6ba4090a-d8fc-4a81-a34e-d4ab233046cc', '0b71cf41-6783-4026-985f-a860b920d76e', 'c865d401-6592-418d-98d5-1aa633799680', 1, 30, 30, '2026-02-28T19:39:00.000Z');
INSERT INTO orders (id, buyer_id, seller_id, total_amount, status, created_at) 
                      VALUES ('fbda48e8-c3cb-4e4c-a591-7efd801d91bf', '233694a0-da98-4b19-8640-7b99f406554e', '522afd0e-5b6f-4f57-be80-46fd79ba12db', 30, 'completed', '2026-02-28T20:00:00.000Z');
INSERT INTO order_items (id, order_id, product_id, quantity, unit_price, subtotal, created_at) 
                      VALUES ('08d57a29-ab68-4a85-92a4-d3fe73882742', 'fbda48e8-c3cb-4e4c-a591-7efd801d91bf', 'c865d401-6592-418d-98d5-1aa633799680', 1, 30, 30, '2026-02-28T20:00:00.000Z');
INSERT INTO orders (id, buyer_id, seller_id, total_amount, status, created_at) 
                      VALUES ('9a06b13c-1cc2-4b4b-a37e-0f582db1935a', '6c8c4ad9-70e8-48cb-9ce8-5d01c349ffcc', '522afd0e-5b6f-4f57-be80-46fd79ba12db', 30, 'completed', '2026-02-28T18:06:00.000Z');
INSERT INTO order_items (id, order_id, product_id, quantity, unit_price, subtotal, created_at) 
                      VALUES ('05c39366-e9c6-4426-b201-17e1bcd931d5', '9a06b13c-1cc2-4b4b-a37e-0f582db1935a', 'c865d401-6592-418d-98d5-1aa633799680', 1, 30, 30, '2026-02-28T18:06:00.000Z');
INSERT INTO orders (id, buyer_id, seller_id, total_amount, status, created_at) 
                      VALUES ('3928c0ad-0c92-4bc3-815e-2a1f41b8eb25', '233694a0-da98-4b19-8640-7b99f406554e', '522afd0e-5b6f-4f57-be80-46fd79ba12db', 30, 'completed', '2026-02-28T16:25:00.000Z');
INSERT INTO order_items (id, order_id, product_id, quantity, unit_price, subtotal, created_at) 
                      VALUES ('d82e3a9a-11c9-4025-8d00-a6d0ec252336', '3928c0ad-0c92-4bc3-815e-2a1f41b8eb25', 'c865d401-6592-418d-98d5-1aa633799680', 1, 30, 30, '2026-02-28T16:25:00.000Z');
INSERT INTO orders (id, buyer_id, seller_id, total_amount, status, created_at) 
                      VALUES ('a9b219e0-4cf6-449a-89a1-446e2e7f433d', '233694a0-da98-4b19-8640-7b99f406554e', '522afd0e-5b6f-4f57-be80-46fd79ba12db', 30, 'completed', '2026-02-28T21:19:00.000Z');
INSERT INTO order_items (id, order_id, product_id, quantity, unit_price, subtotal, created_at) 
                      VALUES ('30915fc9-68d0-40f2-b4c2-75ea83d944d6', 'a9b219e0-4cf6-449a-89a1-446e2e7f433d', 'c865d401-6592-418d-98d5-1aa633799680', 1, 30, 30, '2026-02-28T21:19:00.000Z');
INSERT INTO audit_logs (id, action, user_id, description, level, created_at) 
                  VALUES ('e569f3a3-1834-436b-82eb-2c1ec3997485', 'USER_LOGIN', 'da273443-bae3-4781-ae4e-819d0c9d56a6', 'Vendedor inició sesión para jornada', 'info', '2026-02-28T14:11:00.000Z');
INSERT INTO daily_sales (id, seller_id, sale_date, total_investment, total_revenue, units_sold, units_lost, total_waste_cost, is_closed) 
                  VALUES ('49d615f0-952e-45f3-8327-df9882b958c2', 'da273443-bae3-4781-ae4e-819d0c9d56a6', '2026-02-28', 80, 225, 9, 1, 8, true);
INSERT INTO sale_details (id, daily_sale_id, product_id, quantity_prepared, quantity_sold, quantity_lost, unit_cost, unit_price, waste_cost, waste_reason) 
                  VALUES ('a43bd302-d6cd-4b4b-81cd-53a168761661', '49d615f0-952e-45f3-8327-df9882b958c2', 'ea84c406-f235-4e9c-b061-71ed9401e63b', 10, 9, 1, 8, 25, 8, 'expired');
INSERT INTO orders (id, buyer_id, seller_id, total_amount, status, created_at) 
                      VALUES ('352fb6f8-cdfa-4979-a824-3b03322ddec3', 'b03c172d-3388-458c-8054-b6ad7db24e27', 'da273443-bae3-4781-ae4e-819d0c9d56a6', 25, 'completed', '2026-02-28T20:23:00.000Z');
INSERT INTO order_items (id, order_id, product_id, quantity, unit_price, subtotal, created_at) 
                      VALUES ('1c9b7504-385b-4784-b1d9-7854abe4d1a6', '352fb6f8-cdfa-4979-a824-3b03322ddec3', 'ea84c406-f235-4e9c-b061-71ed9401e63b', 1, 25, 25, '2026-02-28T20:23:00.000Z');
INSERT INTO orders (id, buyer_id, seller_id, total_amount, status, created_at) 
                      VALUES ('301874bc-2336-4b5b-a889-6dfafd2aafd3', 'b03c172d-3388-458c-8054-b6ad7db24e27', 'da273443-bae3-4781-ae4e-819d0c9d56a6', 25, 'completed', '2026-02-28T18:47:00.000Z');
INSERT INTO order_items (id, order_id, product_id, quantity, unit_price, subtotal, created_at) 
                      VALUES ('e4d3399c-04b9-4ea3-b8c1-53eaa6550357', '301874bc-2336-4b5b-a889-6dfafd2aafd3', 'ea84c406-f235-4e9c-b061-71ed9401e63b', 1, 25, 25, '2026-02-28T18:47:00.000Z');
INSERT INTO orders (id, buyer_id, seller_id, total_amount, status, created_at) 
                      VALUES ('c5089ae9-6f32-455f-8124-f2934b893a96', 'b03c172d-3388-458c-8054-b6ad7db24e27', 'da273443-bae3-4781-ae4e-819d0c9d56a6', 25, 'completed', '2026-02-28T20:45:00.000Z');
INSERT INTO order_items (id, order_id, product_id, quantity, unit_price, subtotal, created_at) 
                      VALUES ('26ad62b2-df9c-4d52-bf48-579e236f6a57', 'c5089ae9-6f32-455f-8124-f2934b893a96', 'ea84c406-f235-4e9c-b061-71ed9401e63b', 1, 25, 25, '2026-02-28T20:45:00.000Z');
INSERT INTO orders (id, buyer_id, seller_id, total_amount, status, created_at) 
                      VALUES ('237f5f26-500a-4a88-b44d-dae6e5261b05', '6c8c4ad9-70e8-48cb-9ce8-5d01c349ffcc', 'da273443-bae3-4781-ae4e-819d0c9d56a6', 25, 'completed', '2026-02-28T21:13:00.000Z');
INSERT INTO order_items (id, order_id, product_id, quantity, unit_price, subtotal, created_at) 
                      VALUES ('9d12dc13-199a-4079-950e-6a6dfdaa807d', '237f5f26-500a-4a88-b44d-dae6e5261b05', 'ea84c406-f235-4e9c-b061-71ed9401e63b', 1, 25, 25, '2026-02-28T21:13:00.000Z');
INSERT INTO orders (id, buyer_id, seller_id, total_amount, status, created_at) 
                      VALUES ('d303a62e-5ad9-427f-9924-8a56d483b949', '6c8c4ad9-70e8-48cb-9ce8-5d01c349ffcc', 'da273443-bae3-4781-ae4e-819d0c9d56a6', 25, 'completed', '2026-02-28T18:21:00.000Z');
INSERT INTO order_items (id, order_id, product_id, quantity, unit_price, subtotal, created_at) 
                      VALUES ('d72f5e36-1553-4b98-ab7f-31c4cf0931b0', 'd303a62e-5ad9-427f-9924-8a56d483b949', 'ea84c406-f235-4e9c-b061-71ed9401e63b', 1, 25, 25, '2026-02-28T18:21:00.000Z');
INSERT INTO orders (id, buyer_id, seller_id, total_amount, status, created_at) 
                      VALUES ('186075ee-4649-450b-a7f3-3ad45c44927d', '233694a0-da98-4b19-8640-7b99f406554e', 'da273443-bae3-4781-ae4e-819d0c9d56a6', 25, 'completed', '2026-02-28T17:16:00.000Z');
INSERT INTO order_items (id, order_id, product_id, quantity, unit_price, subtotal, created_at) 
                      VALUES ('c134eb1e-e5e7-4ae0-91a3-3202c289a411', '186075ee-4649-450b-a7f3-3ad45c44927d', 'ea84c406-f235-4e9c-b061-71ed9401e63b', 1, 25, 25, '2026-02-28T17:16:00.000Z');
INSERT INTO orders (id, buyer_id, seller_id, total_amount, status, created_at) 
                      VALUES ('5de0cf0f-77a0-4f87-92c6-67681038fae8', '1161fb73-809d-4954-a73a-738a9a1868f7', 'da273443-bae3-4781-ae4e-819d0c9d56a6', 25, 'completed', '2026-02-28T19:32:00.000Z');
INSERT INTO order_items (id, order_id, product_id, quantity, unit_price, subtotal, created_at) 
                      VALUES ('1791aa5d-497a-4efc-b6db-65cbcaf23dae', '5de0cf0f-77a0-4f87-92c6-67681038fae8', 'ea84c406-f235-4e9c-b061-71ed9401e63b', 1, 25, 25, '2026-02-28T19:32:00.000Z');
INSERT INTO orders (id, buyer_id, seller_id, total_amount, status, created_at) 
                      VALUES ('4515c7e6-0ebe-46c5-b2bc-79eea701f86b', '6c8c4ad9-70e8-48cb-9ce8-5d01c349ffcc', 'da273443-bae3-4781-ae4e-819d0c9d56a6', 25, 'completed', '2026-02-28T16:23:00.000Z');
INSERT INTO order_items (id, order_id, product_id, quantity, unit_price, subtotal, created_at) 
                      VALUES ('162898d7-3d25-4a77-bb08-7ed07ed852df', '4515c7e6-0ebe-46c5-b2bc-79eea701f86b', 'ea84c406-f235-4e9c-b061-71ed9401e63b', 1, 25, 25, '2026-02-28T16:23:00.000Z');
INSERT INTO orders (id, buyer_id, seller_id, total_amount, status, created_at) 
                      VALUES ('5604db8a-6764-4608-8882-298c805e3325', 'ac51e939-ec0b-40c3-b3e7-39711b12845a', 'da273443-bae3-4781-ae4e-819d0c9d56a6', 25, 'completed', '2026-02-28T19:51:00.000Z');
INSERT INTO order_items (id, order_id, product_id, quantity, unit_price, subtotal, created_at) 
                      VALUES ('c03f71fd-9449-4047-a0d3-2fefda603a55', '5604db8a-6764-4608-8882-298c805e3325', 'ea84c406-f235-4e9c-b061-71ed9401e63b', 1, 25, 25, '2026-02-28T19:51:00.000Z');
INSERT INTO audit_logs (id, action, user_id, description, level, created_at) 
                  VALUES ('a7df71df-5b74-4713-ba27-f57a7060d3da', 'USER_LOGIN', 'cdc7b576-3957-4e3f-9e87-6630e4ef1950', 'Vendedor inició sesión para jornada', 'info', '2026-02-28T14:26:00.000Z');
INSERT INTO daily_sales (id, seller_id, sale_date, total_investment, total_revenue, units_sold, units_lost, total_waste_cost, is_closed) 
                  VALUES ('6da06aaa-2ef8-40e7-8c68-a3aeeb44c07b', 'cdc7b576-3957-4e3f-9e87-6630e4ef1950', '2026-02-28', 275, 605, 11, 0, 0, true);
INSERT INTO sale_details (id, daily_sale_id, product_id, quantity_prepared, quantity_sold, quantity_lost, unit_cost, unit_price, waste_cost, waste_reason) 
                  VALUES ('3c06303a-88cf-49b7-b4ec-83d0f13cf0f1', '6da06aaa-2ef8-40e7-8c68-a3aeeb44c07b', '49e54b55-6e07-407b-9dac-36e93e1f8aa2', 11, 11, 0, 25, 55, 0, 'expired');
INSERT INTO orders (id, buyer_id, seller_id, total_amount, status, created_at) 
                      VALUES ('1a5d32f7-6269-4035-9b7e-bb9eef93635e', '79768ab4-b021-418b-bf3c-0dd52f857b65', 'cdc7b576-3957-4e3f-9e87-6630e4ef1950', 55, 'completed', '2026-02-28T19:52:00.000Z');
INSERT INTO order_items (id, order_id, product_id, quantity, unit_price, subtotal, created_at) 
                      VALUES ('cf543f4a-f9fd-4f80-bc25-c6d56bd57d10', '1a5d32f7-6269-4035-9b7e-bb9eef93635e', '49e54b55-6e07-407b-9dac-36e93e1f8aa2', 1, 55, 55, '2026-02-28T19:52:00.000Z');
INSERT INTO orders (id, buyer_id, seller_id, total_amount, status, created_at) 
                      VALUES ('875493c9-a5d1-49d7-a343-5e1188d3e991', '6c8c4ad9-70e8-48cb-9ce8-5d01c349ffcc', 'cdc7b576-3957-4e3f-9e87-6630e4ef1950', 55, 'completed', '2026-02-28T18:23:00.000Z');
INSERT INTO order_items (id, order_id, product_id, quantity, unit_price, subtotal, created_at) 
                      VALUES ('6defde4a-5fdf-49a0-832e-e1562f109217', '875493c9-a5d1-49d7-a343-5e1188d3e991', '49e54b55-6e07-407b-9dac-36e93e1f8aa2', 1, 55, 55, '2026-02-28T18:23:00.000Z');
INSERT INTO orders (id, buyer_id, seller_id, total_amount, status, created_at) 
                      VALUES ('a0c4e71b-8ddf-4a57-8269-0f775c717530', '1161fb73-809d-4954-a73a-738a9a1868f7', 'cdc7b576-3957-4e3f-9e87-6630e4ef1950', 55, 'completed', '2026-02-28T19:46:00.000Z');
INSERT INTO order_items (id, order_id, product_id, quantity, unit_price, subtotal, created_at) 
                      VALUES ('cfe7b1d2-a2e0-40fc-a2dc-6ef8affa3674', 'a0c4e71b-8ddf-4a57-8269-0f775c717530', '49e54b55-6e07-407b-9dac-36e93e1f8aa2', 1, 55, 55, '2026-02-28T19:46:00.000Z');
INSERT INTO orders (id, buyer_id, seller_id, total_amount, status, created_at) 
                      VALUES ('814b9c47-64f6-4a46-9bae-98801e1b727f', '1161fb73-809d-4954-a73a-738a9a1868f7', 'cdc7b576-3957-4e3f-9e87-6630e4ef1950', 55, 'completed', '2026-02-28T21:55:00.000Z');
INSERT INTO order_items (id, order_id, product_id, quantity, unit_price, subtotal, created_at) 
                      VALUES ('99aad620-1892-49ad-9265-a8c22c39c82e', '814b9c47-64f6-4a46-9bae-98801e1b727f', '49e54b55-6e07-407b-9dac-36e93e1f8aa2', 1, 55, 55, '2026-02-28T21:55:00.000Z');
INSERT INTO orders (id, buyer_id, seller_id, total_amount, status, created_at) 
                      VALUES ('ac116fb6-25b7-4fb8-8144-d43417f24f84', '1161fb73-809d-4954-a73a-738a9a1868f7', 'cdc7b576-3957-4e3f-9e87-6630e4ef1950', 55, 'completed', '2026-02-28T18:37:00.000Z');
INSERT INTO order_items (id, order_id, product_id, quantity, unit_price, subtotal, created_at) 
                      VALUES ('3dd387e1-c3d6-4852-afbd-42f3a8891c1a', 'ac116fb6-25b7-4fb8-8144-d43417f24f84', '49e54b55-6e07-407b-9dac-36e93e1f8aa2', 1, 55, 55, '2026-02-28T18:37:00.000Z');
INSERT INTO orders (id, buyer_id, seller_id, total_amount, status, created_at) 
                      VALUES ('91ec210c-5bf4-4452-80db-dd9c33373be0', '79768ab4-b021-418b-bf3c-0dd52f857b65', 'cdc7b576-3957-4e3f-9e87-6630e4ef1950', 55, 'completed', '2026-02-28T17:14:00.000Z');
INSERT INTO order_items (id, order_id, product_id, quantity, unit_price, subtotal, created_at) 
                      VALUES ('4b56b205-128a-4184-b602-243b57c19e30', '91ec210c-5bf4-4452-80db-dd9c33373be0', '49e54b55-6e07-407b-9dac-36e93e1f8aa2', 1, 55, 55, '2026-02-28T17:14:00.000Z');
INSERT INTO orders (id, buyer_id, seller_id, total_amount, status, created_at) 
                      VALUES ('92e00ef5-c032-4481-b904-3da53eef6928', '79768ab4-b021-418b-bf3c-0dd52f857b65', 'cdc7b576-3957-4e3f-9e87-6630e4ef1950', 55, 'completed', '2026-02-28T16:52:00.000Z');
INSERT INTO order_items (id, order_id, product_id, quantity, unit_price, subtotal, created_at) 
                      VALUES ('736a3a56-0e49-432a-9379-eed0ebaee677', '92e00ef5-c032-4481-b904-3da53eef6928', '49e54b55-6e07-407b-9dac-36e93e1f8aa2', 1, 55, 55, '2026-02-28T16:52:00.000Z');
INSERT INTO orders (id, buyer_id, seller_id, total_amount, status, created_at) 
                      VALUES ('5eeb9df7-e055-4d55-bca6-fc114abf04aa', 'b03c172d-3388-458c-8054-b6ad7db24e27', 'cdc7b576-3957-4e3f-9e87-6630e4ef1950', 55, 'completed', '2026-02-28T21:27:00.000Z');
INSERT INTO order_items (id, order_id, product_id, quantity, unit_price, subtotal, created_at) 
                      VALUES ('18eb8e28-63c7-42d4-88de-a8f5edf772c0', '5eeb9df7-e055-4d55-bca6-fc114abf04aa', '49e54b55-6e07-407b-9dac-36e93e1f8aa2', 1, 55, 55, '2026-02-28T21:27:00.000Z');
INSERT INTO orders (id, buyer_id, seller_id, total_amount, status, created_at) 
                      VALUES ('a8e04ef8-f7eb-494d-9f7a-4725186bcfed', '233694a0-da98-4b19-8640-7b99f406554e', 'cdc7b576-3957-4e3f-9e87-6630e4ef1950', 55, 'completed', '2026-02-28T16:32:00.000Z');
INSERT INTO order_items (id, order_id, product_id, quantity, unit_price, subtotal, created_at) 
                      VALUES ('aae56c2d-87f4-48fb-ab2c-9d582a35b12f', 'a8e04ef8-f7eb-494d-9f7a-4725186bcfed', '49e54b55-6e07-407b-9dac-36e93e1f8aa2', 1, 55, 55, '2026-02-28T16:32:00.000Z');
INSERT INTO orders (id, buyer_id, seller_id, total_amount, status, created_at) 
                      VALUES ('95243423-66d3-4332-918a-cca4bc10ac1c', '1161fb73-809d-4954-a73a-738a9a1868f7', 'cdc7b576-3957-4e3f-9e87-6630e4ef1950', 55, 'completed', '2026-02-28T17:22:00.000Z');
INSERT INTO order_items (id, order_id, product_id, quantity, unit_price, subtotal, created_at) 
                      VALUES ('14187d75-46eb-4381-b6ce-2a8db4b2e733', '95243423-66d3-4332-918a-cca4bc10ac1c', '49e54b55-6e07-407b-9dac-36e93e1f8aa2', 1, 55, 55, '2026-02-28T17:22:00.000Z');
INSERT INTO orders (id, buyer_id, seller_id, total_amount, status, created_at) 
                      VALUES ('d2e21409-40fe-414b-947d-e347cf484d45', 'b03c172d-3388-458c-8054-b6ad7db24e27', 'cdc7b576-3957-4e3f-9e87-6630e4ef1950', 55, 'completed', '2026-02-28T21:29:00.000Z');
INSERT INTO order_items (id, order_id, product_id, quantity, unit_price, subtotal, created_at) 
                      VALUES ('799c613d-56d5-470d-8477-a9739f94495e', 'd2e21409-40fe-414b-947d-e347cf484d45', '49e54b55-6e07-407b-9dac-36e93e1f8aa2', 1, 55, 55, '2026-02-28T21:29:00.000Z');
INSERT INTO audit_logs (id, action, user_id, description, level, created_at) 
                  VALUES ('55d6d15d-163b-42a5-95b9-d5e3575407ba', 'USER_LOGIN', '6adabb60-eed5-4dd0-b80c-41983dd81404', 'Vendedor inició sesión para jornada', 'info', '2026-03-02T14:01:00.000Z');
INSERT INTO daily_sales (id, seller_id, sale_date, total_investment, total_revenue, units_sold, units_lost, total_waste_cost, is_closed) 
                  VALUES ('013ac38d-d64c-4678-8c47-ba6425043ffc', '6adabb60-eed5-4dd0-b80c-41983dd81404', '2026-03-02', 480, 750, 10, 2, 80, true);
INSERT INTO sale_details (id, daily_sale_id, product_id, quantity_prepared, quantity_sold, quantity_lost, unit_cost, unit_price, waste_cost, waste_reason) 
                  VALUES ('a1aa55f8-5542-4072-a8a7-d65c268fcfe5', '013ac38d-d64c-4678-8c47-ba6425043ffc', 'cd4cb45a-05bc-4729-bb2a-06d122f369fc', 12, 10, 2, 40, 75, 80, 'expired');
INSERT INTO orders (id, buyer_id, seller_id, total_amount, status, created_at) 
                      VALUES ('166eac3e-cf0b-4ba8-b472-23350ff4bd40', '233694a0-da98-4b19-8640-7b99f406554e', '6adabb60-eed5-4dd0-b80c-41983dd81404', 75, 'completed', '2026-03-02T20:33:00.000Z');
INSERT INTO order_items (id, order_id, product_id, quantity, unit_price, subtotal, created_at) 
                      VALUES ('4796bcd7-b908-4673-b56a-6d66d71549dd', '166eac3e-cf0b-4ba8-b472-23350ff4bd40', 'cd4cb45a-05bc-4729-bb2a-06d122f369fc', 1, 75, 75, '2026-03-02T20:33:00.000Z');
INSERT INTO orders (id, buyer_id, seller_id, total_amount, status, created_at) 
                      VALUES ('1938cccf-1658-4fa6-829f-b35fe6ee6763', '79768ab4-b021-418b-bf3c-0dd52f857b65', '6adabb60-eed5-4dd0-b80c-41983dd81404', 75, 'completed', '2026-03-02T17:27:00.000Z');
INSERT INTO order_items (id, order_id, product_id, quantity, unit_price, subtotal, created_at) 
                      VALUES ('f77172ba-7bb3-4f06-952c-acdfc3179359', '1938cccf-1658-4fa6-829f-b35fe6ee6763', 'cd4cb45a-05bc-4729-bb2a-06d122f369fc', 1, 75, 75, '2026-03-02T17:27:00.000Z');
INSERT INTO orders (id, buyer_id, seller_id, total_amount, status, created_at) 
                      VALUES ('dff52705-9240-4f6d-ac6c-f57af5bb7764', '233694a0-da98-4b19-8640-7b99f406554e', '6adabb60-eed5-4dd0-b80c-41983dd81404', 75, 'completed', '2026-03-02T16:32:00.000Z');
INSERT INTO order_items (id, order_id, product_id, quantity, unit_price, subtotal, created_at) 
                      VALUES ('8053f6c9-7dd7-415e-a215-9e44555772c4', 'dff52705-9240-4f6d-ac6c-f57af5bb7764', 'cd4cb45a-05bc-4729-bb2a-06d122f369fc', 1, 75, 75, '2026-03-02T16:32:00.000Z');
INSERT INTO orders (id, buyer_id, seller_id, total_amount, status, created_at) 
                      VALUES ('e5614461-924d-4dd6-b530-b9fa03e80d6a', '233694a0-da98-4b19-8640-7b99f406554e', '6adabb60-eed5-4dd0-b80c-41983dd81404', 75, 'completed', '2026-03-02T17:39:00.000Z');
INSERT INTO order_items (id, order_id, product_id, quantity, unit_price, subtotal, created_at) 
                      VALUES ('372d7411-b5bc-4936-bd23-298c789aff8d', 'e5614461-924d-4dd6-b530-b9fa03e80d6a', 'cd4cb45a-05bc-4729-bb2a-06d122f369fc', 1, 75, 75, '2026-03-02T17:39:00.000Z');
INSERT INTO orders (id, buyer_id, seller_id, total_amount, status, created_at) 
                      VALUES ('f2d6ac28-858d-4e68-8bc8-68813c2772dc', 'ac51e939-ec0b-40c3-b3e7-39711b12845a', '6adabb60-eed5-4dd0-b80c-41983dd81404', 75, 'completed', '2026-03-02T19:07:00.000Z');
INSERT INTO order_items (id, order_id, product_id, quantity, unit_price, subtotal, created_at) 
                      VALUES ('2288da11-6352-4b13-8eed-ed03f884bb5e', 'f2d6ac28-858d-4e68-8bc8-68813c2772dc', 'cd4cb45a-05bc-4729-bb2a-06d122f369fc', 1, 75, 75, '2026-03-02T19:07:00.000Z');
INSERT INTO orders (id, buyer_id, seller_id, total_amount, status, created_at) 
                      VALUES ('835f3abb-caf8-426e-952f-d44ad1141e17', '79768ab4-b021-418b-bf3c-0dd52f857b65', '6adabb60-eed5-4dd0-b80c-41983dd81404', 75, 'completed', '2026-03-02T16:29:00.000Z');
INSERT INTO order_items (id, order_id, product_id, quantity, unit_price, subtotal, created_at) 
                      VALUES ('c6feb240-dc44-41df-b783-ac4272927e73', '835f3abb-caf8-426e-952f-d44ad1141e17', 'cd4cb45a-05bc-4729-bb2a-06d122f369fc', 1, 75, 75, '2026-03-02T16:29:00.000Z');
INSERT INTO orders (id, buyer_id, seller_id, total_amount, status, created_at) 
                      VALUES ('71429ead-42f9-4e1e-9c6d-6c1d084e1b92', 'b03c172d-3388-458c-8054-b6ad7db24e27', '6adabb60-eed5-4dd0-b80c-41983dd81404', 75, 'completed', '2026-03-02T20:27:00.000Z');
INSERT INTO order_items (id, order_id, product_id, quantity, unit_price, subtotal, created_at) 
                      VALUES ('bb9d3272-5f99-4f72-aeca-6ed761e06e73', '71429ead-42f9-4e1e-9c6d-6c1d084e1b92', 'cd4cb45a-05bc-4729-bb2a-06d122f369fc', 1, 75, 75, '2026-03-02T20:27:00.000Z');
INSERT INTO orders (id, buyer_id, seller_id, total_amount, status, created_at) 
                      VALUES ('8ab90d33-89b4-4687-bd2b-d4c0cc90aee2', '79768ab4-b021-418b-bf3c-0dd52f857b65', '6adabb60-eed5-4dd0-b80c-41983dd81404', 75, 'completed', '2026-03-02T19:58:00.000Z');
INSERT INTO order_items (id, order_id, product_id, quantity, unit_price, subtotal, created_at) 
                      VALUES ('cb0573fe-faa7-422f-afd8-655a4c3e30d7', '8ab90d33-89b4-4687-bd2b-d4c0cc90aee2', 'cd4cb45a-05bc-4729-bb2a-06d122f369fc', 1, 75, 75, '2026-03-02T19:58:00.000Z');
INSERT INTO orders (id, buyer_id, seller_id, total_amount, status, created_at) 
                      VALUES ('a6faa64b-5362-4b76-aa84-6f9cc3ec86f4', 'aa9e3c8c-e997-4408-ac68-6265851f972d', '6adabb60-eed5-4dd0-b80c-41983dd81404', 75, 'completed', '2026-03-02T19:28:00.000Z');
INSERT INTO order_items (id, order_id, product_id, quantity, unit_price, subtotal, created_at) 
                      VALUES ('391e4252-edec-446d-ba61-92fb9f54f336', 'a6faa64b-5362-4b76-aa84-6f9cc3ec86f4', 'cd4cb45a-05bc-4729-bb2a-06d122f369fc', 1, 75, 75, '2026-03-02T19:28:00.000Z');
INSERT INTO orders (id, buyer_id, seller_id, total_amount, status, created_at) 
                      VALUES ('b7d9cc01-7d7e-4529-98d9-4181253f57f7', 'aa9e3c8c-e997-4408-ac68-6265851f972d', '6adabb60-eed5-4dd0-b80c-41983dd81404', 75, 'completed', '2026-03-02T17:16:00.000Z');
INSERT INTO order_items (id, order_id, product_id, quantity, unit_price, subtotal, created_at) 
                      VALUES ('b63b8bb8-7568-415c-b832-2e3342bfcb8e', 'b7d9cc01-7d7e-4529-98d9-4181253f57f7', 'cd4cb45a-05bc-4729-bb2a-06d122f369fc', 1, 75, 75, '2026-03-02T17:16:00.000Z');
INSERT INTO audit_logs (id, action, user_id, description, level, created_at) 
                  VALUES ('58dcb756-4e62-4fb8-ba41-0ec2fa8fe470', 'USER_LOGIN', '5f552e5d-c288-453c-a685-b287e1c0c64a', 'Vendedor inició sesión para jornada', 'info', '2026-03-02T14:04:00.000Z');
INSERT INTO daily_sales (id, seller_id, sale_date, total_investment, total_revenue, units_sold, units_lost, total_waste_cost, is_closed) 
                  VALUES ('ee3fb02d-9225-4d3c-8ec8-62f9236d6a62', '5f552e5d-c288-453c-a685-b287e1c0c64a', '2026-03-02', 280, 585, 13, 1, 20, true);
INSERT INTO sale_details (id, daily_sale_id, product_id, quantity_prepared, quantity_sold, quantity_lost, unit_cost, unit_price, waste_cost, waste_reason) 
                  VALUES ('63f2ca80-3375-4544-994a-506d194786bc', 'ee3fb02d-9225-4d3c-8ec8-62f9236d6a62', '90ccc3f8-627a-4af7-aab2-9c7967c2f50d', 14, 13, 1, 20, 45, 20, 'expired');
INSERT INTO orders (id, buyer_id, seller_id, total_amount, status, created_at) 
                      VALUES ('39bb58cc-37f7-4c3f-a83f-ad59fdc6783e', '1161fb73-809d-4954-a73a-738a9a1868f7', '5f552e5d-c288-453c-a685-b287e1c0c64a', 45, 'completed', '2026-03-02T20:27:00.000Z');
INSERT INTO order_items (id, order_id, product_id, quantity, unit_price, subtotal, created_at) 
                      VALUES ('b9d110fe-fe75-4bdd-85ee-1f0e5e40611c', '39bb58cc-37f7-4c3f-a83f-ad59fdc6783e', '90ccc3f8-627a-4af7-aab2-9c7967c2f50d', 1, 45, 45, '2026-03-02T20:27:00.000Z');
INSERT INTO orders (id, buyer_id, seller_id, total_amount, status, created_at) 
                      VALUES ('c77021d3-d067-4a68-8bfc-c5fe4e01dd08', '233694a0-da98-4b19-8640-7b99f406554e', '5f552e5d-c288-453c-a685-b287e1c0c64a', 45, 'completed', '2026-03-02T18:27:00.000Z');
INSERT INTO order_items (id, order_id, product_id, quantity, unit_price, subtotal, created_at) 
                      VALUES ('5db76f93-8ab4-4784-9778-b699d7928969', 'c77021d3-d067-4a68-8bfc-c5fe4e01dd08', '90ccc3f8-627a-4af7-aab2-9c7967c2f50d', 1, 45, 45, '2026-03-02T18:27:00.000Z');
INSERT INTO orders (id, buyer_id, seller_id, total_amount, status, created_at) 
                      VALUES ('e02e3466-1bfb-4808-8f1e-515966b8c473', '6c8c4ad9-70e8-48cb-9ce8-5d01c349ffcc', '5f552e5d-c288-453c-a685-b287e1c0c64a', 45, 'completed', '2026-03-02T17:23:00.000Z');
INSERT INTO order_items (id, order_id, product_id, quantity, unit_price, subtotal, created_at) 
                      VALUES ('e151cd40-72e2-4d19-8785-ba94e3fc64c1', 'e02e3466-1bfb-4808-8f1e-515966b8c473', '90ccc3f8-627a-4af7-aab2-9c7967c2f50d', 1, 45, 45, '2026-03-02T17:23:00.000Z');
INSERT INTO orders (id, buyer_id, seller_id, total_amount, status, created_at) 
                      VALUES ('18994077-6b5b-4fff-9d5f-01cac4cfdab9', '233694a0-da98-4b19-8640-7b99f406554e', '5f552e5d-c288-453c-a685-b287e1c0c64a', 45, 'completed', '2026-03-02T18:41:00.000Z');
INSERT INTO order_items (id, order_id, product_id, quantity, unit_price, subtotal, created_at) 
                      VALUES ('cb941ea5-bdfe-4146-86a6-ed784042ac84', '18994077-6b5b-4fff-9d5f-01cac4cfdab9', '90ccc3f8-627a-4af7-aab2-9c7967c2f50d', 1, 45, 45, '2026-03-02T18:41:00.000Z');
INSERT INTO orders (id, buyer_id, seller_id, total_amount, status, created_at) 
                      VALUES ('dd3b7a6b-323f-45d7-8f89-82e4bc9728b4', 'b03c172d-3388-458c-8054-b6ad7db24e27', '5f552e5d-c288-453c-a685-b287e1c0c64a', 45, 'completed', '2026-03-02T21:26:00.000Z');
INSERT INTO order_items (id, order_id, product_id, quantity, unit_price, subtotal, created_at) 
                      VALUES ('9cf88f0c-be99-4815-adb5-054f0dbc3bec', 'dd3b7a6b-323f-45d7-8f89-82e4bc9728b4', '90ccc3f8-627a-4af7-aab2-9c7967c2f50d', 1, 45, 45, '2026-03-02T21:26:00.000Z');
INSERT INTO orders (id, buyer_id, seller_id, total_amount, status, created_at) 
                      VALUES ('fd1e58a6-70ef-4ae5-9a41-a3a537064925', '233694a0-da98-4b19-8640-7b99f406554e', '5f552e5d-c288-453c-a685-b287e1c0c64a', 45, 'completed', '2026-03-02T17:09:00.000Z');
INSERT INTO order_items (id, order_id, product_id, quantity, unit_price, subtotal, created_at) 
                      VALUES ('45cb888f-9c37-4293-b002-9f775ac48cb3', 'fd1e58a6-70ef-4ae5-9a41-a3a537064925', '90ccc3f8-627a-4af7-aab2-9c7967c2f50d', 1, 45, 45, '2026-03-02T17:09:00.000Z');
INSERT INTO orders (id, buyer_id, seller_id, total_amount, status, created_at) 
                      VALUES ('c02676de-0173-474c-b9fd-285412413c35', '1161fb73-809d-4954-a73a-738a9a1868f7', '5f552e5d-c288-453c-a685-b287e1c0c64a', 45, 'completed', '2026-03-02T19:40:00.000Z');
INSERT INTO order_items (id, order_id, product_id, quantity, unit_price, subtotal, created_at) 
                      VALUES ('e0881722-513c-4b17-b59e-801d171cc2d2', 'c02676de-0173-474c-b9fd-285412413c35', '90ccc3f8-627a-4af7-aab2-9c7967c2f50d', 1, 45, 45, '2026-03-02T19:40:00.000Z');
INSERT INTO orders (id, buyer_id, seller_id, total_amount, status, created_at) 
                      VALUES ('bf84ef66-8bbc-46b7-a9aa-0862fc6ac73e', '6c8c4ad9-70e8-48cb-9ce8-5d01c349ffcc', '5f552e5d-c288-453c-a685-b287e1c0c64a', 45, 'completed', '2026-03-02T21:52:00.000Z');
INSERT INTO order_items (id, order_id, product_id, quantity, unit_price, subtotal, created_at) 
                      VALUES ('22f76ac4-47c5-4070-ae6f-464226b3503f', 'bf84ef66-8bbc-46b7-a9aa-0862fc6ac73e', '90ccc3f8-627a-4af7-aab2-9c7967c2f50d', 1, 45, 45, '2026-03-02T21:52:00.000Z');
INSERT INTO orders (id, buyer_id, seller_id, total_amount, status, created_at) 
                      VALUES ('46410a03-435e-411d-88fc-24a9796c63ae', '1161fb73-809d-4954-a73a-738a9a1868f7', '5f552e5d-c288-453c-a685-b287e1c0c64a', 45, 'completed', '2026-03-02T16:08:00.000Z');
INSERT INTO order_items (id, order_id, product_id, quantity, unit_price, subtotal, created_at) 
                      VALUES ('e9261faf-4358-45e3-89c6-f6aad7197ea5', '46410a03-435e-411d-88fc-24a9796c63ae', '90ccc3f8-627a-4af7-aab2-9c7967c2f50d', 1, 45, 45, '2026-03-02T16:08:00.000Z');
INSERT INTO orders (id, buyer_id, seller_id, total_amount, status, created_at) 
                      VALUES ('fd898e2d-c0f1-4774-aa23-c0d889db524c', '1161fb73-809d-4954-a73a-738a9a1868f7', '5f552e5d-c288-453c-a685-b287e1c0c64a', 45, 'completed', '2026-03-02T17:20:00.000Z');
INSERT INTO order_items (id, order_id, product_id, quantity, unit_price, subtotal, created_at) 
                      VALUES ('fec14134-edb9-47a6-af0e-8d3adf9d73ae', 'fd898e2d-c0f1-4774-aa23-c0d889db524c', '90ccc3f8-627a-4af7-aab2-9c7967c2f50d', 1, 45, 45, '2026-03-02T17:20:00.000Z');
INSERT INTO orders (id, buyer_id, seller_id, total_amount, status, created_at) 
                      VALUES ('5b6982d3-41ce-4d31-b40e-8817aa53a190', '6c8c4ad9-70e8-48cb-9ce8-5d01c349ffcc', '5f552e5d-c288-453c-a685-b287e1c0c64a', 45, 'completed', '2026-03-02T17:14:00.000Z');
INSERT INTO order_items (id, order_id, product_id, quantity, unit_price, subtotal, created_at) 
                      VALUES ('a6837214-1bf1-4b03-8453-6a26e6694366', '5b6982d3-41ce-4d31-b40e-8817aa53a190', '90ccc3f8-627a-4af7-aab2-9c7967c2f50d', 1, 45, 45, '2026-03-02T17:14:00.000Z');
INSERT INTO orders (id, buyer_id, seller_id, total_amount, status, created_at) 
                      VALUES ('b6ec4a85-f8e5-4f97-aa98-bf44bd8eb5a7', '79768ab4-b021-418b-bf3c-0dd52f857b65', '5f552e5d-c288-453c-a685-b287e1c0c64a', 45, 'completed', '2026-03-02T17:09:00.000Z');
INSERT INTO order_items (id, order_id, product_id, quantity, unit_price, subtotal, created_at) 
                      VALUES ('efd542d7-d26e-46fd-ac1b-93fa2cf8ae92', 'b6ec4a85-f8e5-4f97-aa98-bf44bd8eb5a7', '90ccc3f8-627a-4af7-aab2-9c7967c2f50d', 1, 45, 45, '2026-03-02T17:09:00.000Z');
INSERT INTO orders (id, buyer_id, seller_id, total_amount, status, created_at) 
                      VALUES ('63ed7760-d793-40b5-a57a-0706aa7c4108', 'aa9e3c8c-e997-4408-ac68-6265851f972d', '5f552e5d-c288-453c-a685-b287e1c0c64a', 45, 'completed', '2026-03-02T17:46:00.000Z');
INSERT INTO order_items (id, order_id, product_id, quantity, unit_price, subtotal, created_at) 
                      VALUES ('4f490ccf-51c0-4ee1-95f7-394f0b461753', '63ed7760-d793-40b5-a57a-0706aa7c4108', '90ccc3f8-627a-4af7-aab2-9c7967c2f50d', 1, 45, 45, '2026-03-02T17:46:00.000Z');
INSERT INTO audit_logs (id, action, user_id, description, level, created_at) 
                  VALUES ('bf8553e9-dc86-441b-8fbd-eff3467d0166', 'USER_LOGIN', '522afd0e-5b6f-4f57-be80-46fd79ba12db', 'Vendedor inició sesión para jornada', 'info', '2026-03-02T14:04:00.000Z');
INSERT INTO daily_sales (id, seller_id, sale_date, total_investment, total_revenue, units_sold, units_lost, total_waste_cost, is_closed) 
                  VALUES ('9e918fd3-4ac7-4f20-b6c2-d5acf62d1772', '522afd0e-5b6f-4f57-be80-46fd79ba12db', '2026-03-02', 168, 420, 14, 0, 0, true);
INSERT INTO sale_details (id, daily_sale_id, product_id, quantity_prepared, quantity_sold, quantity_lost, unit_cost, unit_price, waste_cost, waste_reason) 
                  VALUES ('4aa41156-21e2-47e1-b9b3-8687d7ba463f', '9e918fd3-4ac7-4f20-b6c2-d5acf62d1772', 'c865d401-6592-418d-98d5-1aa633799680', 14, 14, 0, 12, 30, 0, 'expired');
INSERT INTO orders (id, buyer_id, seller_id, total_amount, status, created_at) 
                      VALUES ('c821ea0a-fae3-4257-a7b0-9eea91a5744e', '6c8c4ad9-70e8-48cb-9ce8-5d01c349ffcc', '522afd0e-5b6f-4f57-be80-46fd79ba12db', 30, 'completed', '2026-03-02T16:55:00.000Z');
INSERT INTO order_items (id, order_id, product_id, quantity, unit_price, subtotal, created_at) 
                      VALUES ('8f1abd57-ea5f-4825-8346-4a76291b3310', 'c821ea0a-fae3-4257-a7b0-9eea91a5744e', 'c865d401-6592-418d-98d5-1aa633799680', 1, 30, 30, '2026-03-02T16:55:00.000Z');
INSERT INTO orders (id, buyer_id, seller_id, total_amount, status, created_at) 
                      VALUES ('7c917cad-3051-4f41-8ac4-50ae77afcd4f', '1161fb73-809d-4954-a73a-738a9a1868f7', '522afd0e-5b6f-4f57-be80-46fd79ba12db', 30, 'completed', '2026-03-02T18:25:00.000Z');
INSERT INTO order_items (id, order_id, product_id, quantity, unit_price, subtotal, created_at) 
                      VALUES ('d7f94082-3859-40a3-9579-b7a9e93bd40d', '7c917cad-3051-4f41-8ac4-50ae77afcd4f', 'c865d401-6592-418d-98d5-1aa633799680', 1, 30, 30, '2026-03-02T18:25:00.000Z');
INSERT INTO orders (id, buyer_id, seller_id, total_amount, status, created_at) 
                      VALUES ('7a622262-2412-4426-9e92-a92a258a62b3', '1161fb73-809d-4954-a73a-738a9a1868f7', '522afd0e-5b6f-4f57-be80-46fd79ba12db', 30, 'completed', '2026-03-02T20:36:00.000Z');
INSERT INTO order_items (id, order_id, product_id, quantity, unit_price, subtotal, created_at) 
                      VALUES ('f924cbd7-53b9-4455-a211-e7d8673bf25e', '7a622262-2412-4426-9e92-a92a258a62b3', 'c865d401-6592-418d-98d5-1aa633799680', 1, 30, 30, '2026-03-02T20:36:00.000Z');
INSERT INTO orders (id, buyer_id, seller_id, total_amount, status, created_at) 
                      VALUES ('d73bd745-3c45-4ca8-b571-a034895ba654', 'b03c172d-3388-458c-8054-b6ad7db24e27', '522afd0e-5b6f-4f57-be80-46fd79ba12db', 30, 'completed', '2026-03-02T20:33:00.000Z');
INSERT INTO order_items (id, order_id, product_id, quantity, unit_price, subtotal, created_at) 
                      VALUES ('3bbbff14-acdd-4a95-a639-1445afe02cd0', 'd73bd745-3c45-4ca8-b571-a034895ba654', 'c865d401-6592-418d-98d5-1aa633799680', 1, 30, 30, '2026-03-02T20:33:00.000Z');
INSERT INTO orders (id, buyer_id, seller_id, total_amount, status, created_at) 
                      VALUES ('6c5abaf4-97f9-464f-8847-9419cadeb714', '79768ab4-b021-418b-bf3c-0dd52f857b65', '522afd0e-5b6f-4f57-be80-46fd79ba12db', 30, 'completed', '2026-03-02T16:42:00.000Z');
INSERT INTO order_items (id, order_id, product_id, quantity, unit_price, subtotal, created_at) 
                      VALUES ('ab95d5c5-be55-45a8-8784-f3d302eabd40', '6c5abaf4-97f9-464f-8847-9419cadeb714', 'c865d401-6592-418d-98d5-1aa633799680', 1, 30, 30, '2026-03-02T16:42:00.000Z');
INSERT INTO orders (id, buyer_id, seller_id, total_amount, status, created_at) 
                      VALUES ('6a7082ba-b4ea-42ef-9685-53aaa5ecc0f0', 'ac51e939-ec0b-40c3-b3e7-39711b12845a', '522afd0e-5b6f-4f57-be80-46fd79ba12db', 30, 'completed', '2026-03-02T18:48:00.000Z');
INSERT INTO order_items (id, order_id, product_id, quantity, unit_price, subtotal, created_at) 
                      VALUES ('ffb71e88-bd0c-42a3-8810-f4882ba445ca', '6a7082ba-b4ea-42ef-9685-53aaa5ecc0f0', 'c865d401-6592-418d-98d5-1aa633799680', 1, 30, 30, '2026-03-02T18:48:00.000Z');
INSERT INTO orders (id, buyer_id, seller_id, total_amount, status, created_at) 
                      VALUES ('d34f4282-fc0e-42e4-93e2-f1366acf8fc8', 'b03c172d-3388-458c-8054-b6ad7db24e27', '522afd0e-5b6f-4f57-be80-46fd79ba12db', 30, 'completed', '2026-03-02T21:49:00.000Z');
INSERT INTO order_items (id, order_id, product_id, quantity, unit_price, subtotal, created_at) 
                      VALUES ('b662d424-a326-4f3a-89fc-fdc5124ede36', 'd34f4282-fc0e-42e4-93e2-f1366acf8fc8', 'c865d401-6592-418d-98d5-1aa633799680', 1, 30, 30, '2026-03-02T21:49:00.000Z');
INSERT INTO orders (id, buyer_id, seller_id, total_amount, status, created_at) 
                      VALUES ('0e850f66-21cd-4b26-b707-0fbd9434a8a6', '1161fb73-809d-4954-a73a-738a9a1868f7', '522afd0e-5b6f-4f57-be80-46fd79ba12db', 30, 'completed', '2026-03-02T21:42:00.000Z');
INSERT INTO order_items (id, order_id, product_id, quantity, unit_price, subtotal, created_at) 
                      VALUES ('3a40789e-cc85-4092-b6ba-f98c04155ca7', '0e850f66-21cd-4b26-b707-0fbd9434a8a6', 'c865d401-6592-418d-98d5-1aa633799680', 1, 30, 30, '2026-03-02T21:42:00.000Z');
INSERT INTO orders (id, buyer_id, seller_id, total_amount, status, created_at) 
                      VALUES ('b47dda87-d70e-443e-95b6-7a17d3b98fd2', 'b03c172d-3388-458c-8054-b6ad7db24e27', '522afd0e-5b6f-4f57-be80-46fd79ba12db', 30, 'completed', '2026-03-02T18:10:00.000Z');
INSERT INTO order_items (id, order_id, product_id, quantity, unit_price, subtotal, created_at) 
                      VALUES ('1ae0f114-7812-425f-8af5-0fbea4108ab8', 'b47dda87-d70e-443e-95b6-7a17d3b98fd2', 'c865d401-6592-418d-98d5-1aa633799680', 1, 30, 30, '2026-03-02T18:10:00.000Z');
INSERT INTO orders (id, buyer_id, seller_id, total_amount, status, created_at) 
                      VALUES ('26d38276-768e-4755-a474-6acad277ce9e', '233694a0-da98-4b19-8640-7b99f406554e', '522afd0e-5b6f-4f57-be80-46fd79ba12db', 30, 'completed', '2026-03-02T17:24:00.000Z');
INSERT INTO order_items (id, order_id, product_id, quantity, unit_price, subtotal, created_at) 
                      VALUES ('59b55c36-dcbf-4b6b-af2b-0e2a645e9ca8', '26d38276-768e-4755-a474-6acad277ce9e', 'c865d401-6592-418d-98d5-1aa633799680', 1, 30, 30, '2026-03-02T17:24:00.000Z');
INSERT INTO orders (id, buyer_id, seller_id, total_amount, status, created_at) 
                      VALUES ('7ff44366-35ba-44b4-ae9e-0e204a70aaa5', 'b03c172d-3388-458c-8054-b6ad7db24e27', '522afd0e-5b6f-4f57-be80-46fd79ba12db', 30, 'completed', '2026-03-02T21:40:00.000Z');
INSERT INTO order_items (id, order_id, product_id, quantity, unit_price, subtotal, created_at) 
                      VALUES ('f085c606-776d-4429-8119-81264195cb2a', '7ff44366-35ba-44b4-ae9e-0e204a70aaa5', 'c865d401-6592-418d-98d5-1aa633799680', 1, 30, 30, '2026-03-02T21:40:00.000Z');
INSERT INTO orders (id, buyer_id, seller_id, total_amount, status, created_at) 
                      VALUES ('b9de947e-314d-4109-8a1a-443aa154455d', 'aa9e3c8c-e997-4408-ac68-6265851f972d', '522afd0e-5b6f-4f57-be80-46fd79ba12db', 30, 'completed', '2026-03-02T21:12:00.000Z');
INSERT INTO order_items (id, order_id, product_id, quantity, unit_price, subtotal, created_at) 
                      VALUES ('7d1a34c4-40f9-4b51-8967-238dd05b6c97', 'b9de947e-314d-4109-8a1a-443aa154455d', 'c865d401-6592-418d-98d5-1aa633799680', 1, 30, 30, '2026-03-02T21:12:00.000Z');
INSERT INTO orders (id, buyer_id, seller_id, total_amount, status, created_at) 
                      VALUES ('602e5c49-5dff-48d6-9106-15c45093ac5a', '233694a0-da98-4b19-8640-7b99f406554e', '522afd0e-5b6f-4f57-be80-46fd79ba12db', 30, 'completed', '2026-03-02T19:36:00.000Z');
INSERT INTO order_items (id, order_id, product_id, quantity, unit_price, subtotal, created_at) 
                      VALUES ('69e8cfe9-bfef-4427-b8b9-e8d7c510a1bf', '602e5c49-5dff-48d6-9106-15c45093ac5a', 'c865d401-6592-418d-98d5-1aa633799680', 1, 30, 30, '2026-03-02T19:36:00.000Z');
INSERT INTO orders (id, buyer_id, seller_id, total_amount, status, created_at) 
                      VALUES ('52f93968-d89f-4888-859f-cb5d58c88090', 'b03c172d-3388-458c-8054-b6ad7db24e27', '522afd0e-5b6f-4f57-be80-46fd79ba12db', 30, 'completed', '2026-03-02T16:59:00.000Z');
INSERT INTO order_items (id, order_id, product_id, quantity, unit_price, subtotal, created_at) 
                      VALUES ('a85b1080-d78b-4f53-80b6-c6dd3fe058f7', '52f93968-d89f-4888-859f-cb5d58c88090', 'c865d401-6592-418d-98d5-1aa633799680', 1, 30, 30, '2026-03-02T16:59:00.000Z');
INSERT INTO audit_logs (id, action, user_id, description, level, created_at) 
                  VALUES ('6431e1ed-fc9f-442d-b4f5-d431c8152b2f', 'USER_LOGIN', 'da273443-bae3-4781-ae4e-819d0c9d56a6', 'Vendedor inició sesión para jornada', 'info', '2026-03-02T14:25:00.000Z');
INSERT INTO daily_sales (id, seller_id, sale_date, total_investment, total_revenue, units_sold, units_lost, total_waste_cost, is_closed) 
                  VALUES ('9dc5e09d-8f4f-4603-af9e-ba9f4cf7fc75', 'da273443-bae3-4781-ae4e-819d0c9d56a6', '2026-03-02', 112, 300, 12, 2, 16, true);
INSERT INTO sale_details (id, daily_sale_id, product_id, quantity_prepared, quantity_sold, quantity_lost, unit_cost, unit_price, waste_cost, waste_reason) 
                  VALUES ('9cd72f96-0b71-4403-ae8c-08c2afc5fd4a', '9dc5e09d-8f4f-4603-af9e-ba9f4cf7fc75', 'ea84c406-f235-4e9c-b061-71ed9401e63b', 14, 12, 2, 8, 25, 16, 'expired');
INSERT INTO orders (id, buyer_id, seller_id, total_amount, status, created_at) 
                      VALUES ('9e4c3b2a-7209-4934-b6fc-bb8fff81ba95', 'b03c172d-3388-458c-8054-b6ad7db24e27', 'da273443-bae3-4781-ae4e-819d0c9d56a6', 25, 'completed', '2026-03-02T20:58:00.000Z');
INSERT INTO order_items (id, order_id, product_id, quantity, unit_price, subtotal, created_at) 
                      VALUES ('18aaef7e-629a-4be6-bdcf-6d1f3e65dba3', '9e4c3b2a-7209-4934-b6fc-bb8fff81ba95', 'ea84c406-f235-4e9c-b061-71ed9401e63b', 1, 25, 25, '2026-03-02T20:58:00.000Z');
INSERT INTO orders (id, buyer_id, seller_id, total_amount, status, created_at) 
                      VALUES ('62f25483-6d1f-40ef-a0e6-5ddfe1bd4e5c', '1161fb73-809d-4954-a73a-738a9a1868f7', 'da273443-bae3-4781-ae4e-819d0c9d56a6', 25, 'completed', '2026-03-02T19:08:00.000Z');
INSERT INTO order_items (id, order_id, product_id, quantity, unit_price, subtotal, created_at) 
                      VALUES ('e0583f68-5970-4b46-a4d0-c73f83400735', '62f25483-6d1f-40ef-a0e6-5ddfe1bd4e5c', 'ea84c406-f235-4e9c-b061-71ed9401e63b', 1, 25, 25, '2026-03-02T19:08:00.000Z');
INSERT INTO orders (id, buyer_id, seller_id, total_amount, status, created_at) 
                      VALUES ('f9582110-cb18-4180-ad4d-ed38ca00935d', 'ac51e939-ec0b-40c3-b3e7-39711b12845a', 'da273443-bae3-4781-ae4e-819d0c9d56a6', 25, 'completed', '2026-03-02T19:30:00.000Z');
INSERT INTO order_items (id, order_id, product_id, quantity, unit_price, subtotal, created_at) 
                      VALUES ('41bd8c61-86a1-424a-8f49-6dc16d95302d', 'f9582110-cb18-4180-ad4d-ed38ca00935d', 'ea84c406-f235-4e9c-b061-71ed9401e63b', 1, 25, 25, '2026-03-02T19:30:00.000Z');
INSERT INTO orders (id, buyer_id, seller_id, total_amount, status, created_at) 
                      VALUES ('106edb62-e159-4955-b2a6-2f1794043c9b', '79768ab4-b021-418b-bf3c-0dd52f857b65', 'da273443-bae3-4781-ae4e-819d0c9d56a6', 25, 'completed', '2026-03-02T17:51:00.000Z');
INSERT INTO order_items (id, order_id, product_id, quantity, unit_price, subtotal, created_at) 
                      VALUES ('0bd018cf-abfe-44d8-a483-cfa9c49c3a5d', '106edb62-e159-4955-b2a6-2f1794043c9b', 'ea84c406-f235-4e9c-b061-71ed9401e63b', 1, 25, 25, '2026-03-02T17:51:00.000Z');
INSERT INTO orders (id, buyer_id, seller_id, total_amount, status, created_at) 
                      VALUES ('41b23622-e1ed-4d80-8f6b-4a089e03b0c1', '233694a0-da98-4b19-8640-7b99f406554e', 'da273443-bae3-4781-ae4e-819d0c9d56a6', 25, 'completed', '2026-03-02T16:45:00.000Z');
INSERT INTO order_items (id, order_id, product_id, quantity, unit_price, subtotal, created_at) 
                      VALUES ('71dc55e6-f374-44ba-9a83-853e1b3fdd13', '41b23622-e1ed-4d80-8f6b-4a089e03b0c1', 'ea84c406-f235-4e9c-b061-71ed9401e63b', 1, 25, 25, '2026-03-02T16:45:00.000Z');
INSERT INTO orders (id, buyer_id, seller_id, total_amount, status, created_at) 
                      VALUES ('2461706e-8db9-4e45-8a62-dd36b2a88453', '6c8c4ad9-70e8-48cb-9ce8-5d01c349ffcc', 'da273443-bae3-4781-ae4e-819d0c9d56a6', 25, 'completed', '2026-03-02T19:12:00.000Z');
INSERT INTO order_items (id, order_id, product_id, quantity, unit_price, subtotal, created_at) 
                      VALUES ('027d3609-be6b-4b54-9cb1-39df0d8870e8', '2461706e-8db9-4e45-8a62-dd36b2a88453', 'ea84c406-f235-4e9c-b061-71ed9401e63b', 1, 25, 25, '2026-03-02T19:12:00.000Z');
INSERT INTO orders (id, buyer_id, seller_id, total_amount, status, created_at) 
                      VALUES ('358415d4-db5a-4465-ac4c-ca441065cfce', 'ac51e939-ec0b-40c3-b3e7-39711b12845a', 'da273443-bae3-4781-ae4e-819d0c9d56a6', 25, 'completed', '2026-03-02T21:21:00.000Z');
INSERT INTO order_items (id, order_id, product_id, quantity, unit_price, subtotal, created_at) 
                      VALUES ('9fcf9dbd-a3a0-4dd6-9a86-5feb2e2bc96e', '358415d4-db5a-4465-ac4c-ca441065cfce', 'ea84c406-f235-4e9c-b061-71ed9401e63b', 1, 25, 25, '2026-03-02T21:21:00.000Z');
INSERT INTO orders (id, buyer_id, seller_id, total_amount, status, created_at) 
                      VALUES ('def67e12-d787-4de4-b97e-58077242b2f9', '6c8c4ad9-70e8-48cb-9ce8-5d01c349ffcc', 'da273443-bae3-4781-ae4e-819d0c9d56a6', 25, 'completed', '2026-03-02T16:25:00.000Z');
INSERT INTO order_items (id, order_id, product_id, quantity, unit_price, subtotal, created_at) 
                      VALUES ('42f8ba48-24e2-4fb9-b265-8fe5164c68dc', 'def67e12-d787-4de4-b97e-58077242b2f9', 'ea84c406-f235-4e9c-b061-71ed9401e63b', 1, 25, 25, '2026-03-02T16:25:00.000Z');
INSERT INTO orders (id, buyer_id, seller_id, total_amount, status, created_at) 
                      VALUES ('156d93ae-da05-42f8-a236-87d19b5a1d0f', 'b03c172d-3388-458c-8054-b6ad7db24e27', 'da273443-bae3-4781-ae4e-819d0c9d56a6', 25, 'completed', '2026-03-02T16:43:00.000Z');
INSERT INTO order_items (id, order_id, product_id, quantity, unit_price, subtotal, created_at) 
                      VALUES ('115b9406-9da9-4f01-9545-901df5c3b7fe', '156d93ae-da05-42f8-a236-87d19b5a1d0f', 'ea84c406-f235-4e9c-b061-71ed9401e63b', 1, 25, 25, '2026-03-02T16:43:00.000Z');
INSERT INTO orders (id, buyer_id, seller_id, total_amount, status, created_at) 
                      VALUES ('0db1990b-cce2-4f4a-8344-60f7cab82663', '79768ab4-b021-418b-bf3c-0dd52f857b65', 'da273443-bae3-4781-ae4e-819d0c9d56a6', 25, 'completed', '2026-03-02T16:12:00.000Z');
INSERT INTO order_items (id, order_id, product_id, quantity, unit_price, subtotal, created_at) 
                      VALUES ('b5d52366-0830-42c5-815e-85079d1cb237', '0db1990b-cce2-4f4a-8344-60f7cab82663', 'ea84c406-f235-4e9c-b061-71ed9401e63b', 1, 25, 25, '2026-03-02T16:12:00.000Z');
INSERT INTO orders (id, buyer_id, seller_id, total_amount, status, created_at) 
                      VALUES ('1f36e81e-abeb-409f-8b8e-692606d294c6', 'ac51e939-ec0b-40c3-b3e7-39711b12845a', 'da273443-bae3-4781-ae4e-819d0c9d56a6', 25, 'completed', '2026-03-02T18:21:00.000Z');
INSERT INTO order_items (id, order_id, product_id, quantity, unit_price, subtotal, created_at) 
                      VALUES ('3a1f127a-eafb-4409-bb56-e0dcce67e04d', '1f36e81e-abeb-409f-8b8e-692606d294c6', 'ea84c406-f235-4e9c-b061-71ed9401e63b', 1, 25, 25, '2026-03-02T18:21:00.000Z');
INSERT INTO orders (id, buyer_id, seller_id, total_amount, status, created_at) 
                      VALUES ('d33afacb-5b9d-4d6f-818e-aabe359151aa', '6c8c4ad9-70e8-48cb-9ce8-5d01c349ffcc', 'da273443-bae3-4781-ae4e-819d0c9d56a6', 25, 'completed', '2026-03-02T16:45:00.000Z');
INSERT INTO order_items (id, order_id, product_id, quantity, unit_price, subtotal, created_at) 
                      VALUES ('a37145ba-5fb9-4e25-ab9d-3658d6fd0a82', 'd33afacb-5b9d-4d6f-818e-aabe359151aa', 'ea84c406-f235-4e9c-b061-71ed9401e63b', 1, 25, 25, '2026-03-02T16:45:00.000Z');
INSERT INTO audit_logs (id, action, user_id, description, level, created_at) 
                  VALUES ('4b9b147b-d1c7-4707-b6da-f113ac1c698c', 'USER_LOGIN', 'cdc7b576-3957-4e3f-9e87-6630e4ef1950', 'Vendedor inició sesión para jornada', 'info', '2026-03-02T14:12:00.000Z');
INSERT INTO daily_sales (id, seller_id, sale_date, total_investment, total_revenue, units_sold, units_lost, total_waste_cost, is_closed) 
                  VALUES ('150b5b54-0c24-4cf3-9dbd-d9bfa9333060', 'cdc7b576-3957-4e3f-9e87-6630e4ef1950', '2026-03-02', 325, 715, 13, 0, 0, true);
INSERT INTO sale_details (id, daily_sale_id, product_id, quantity_prepared, quantity_sold, quantity_lost, unit_cost, unit_price, waste_cost, waste_reason) 
                  VALUES ('9731676f-2a93-4b0b-8873-6fb540e3a5a3', '150b5b54-0c24-4cf3-9dbd-d9bfa9333060', '49e54b55-6e07-407b-9dac-36e93e1f8aa2', 13, 13, 0, 25, 55, 0, 'expired');
INSERT INTO orders (id, buyer_id, seller_id, total_amount, status, created_at) 
                      VALUES ('a94c9af1-b2b5-43c7-b295-aab0b3bb5915', 'b03c172d-3388-458c-8054-b6ad7db24e27', 'cdc7b576-3957-4e3f-9e87-6630e4ef1950', 55, 'completed', '2026-03-02T18:47:00.000Z');
INSERT INTO order_items (id, order_id, product_id, quantity, unit_price, subtotal, created_at) 
                      VALUES ('90ede9d6-3583-41ee-97ee-22c50573d4f1', 'a94c9af1-b2b5-43c7-b295-aab0b3bb5915', '49e54b55-6e07-407b-9dac-36e93e1f8aa2', 1, 55, 55, '2026-03-02T18:47:00.000Z');
INSERT INTO orders (id, buyer_id, seller_id, total_amount, status, created_at) 
                      VALUES ('dcbca3c3-98a0-4915-93af-46ccecf4ece0', 'aa9e3c8c-e997-4408-ac68-6265851f972d', 'cdc7b576-3957-4e3f-9e87-6630e4ef1950', 55, 'completed', '2026-03-02T20:39:00.000Z');
INSERT INTO order_items (id, order_id, product_id, quantity, unit_price, subtotal, created_at) 
                      VALUES ('80bf68a8-a66d-4b80-9d98-ac619457d266', 'dcbca3c3-98a0-4915-93af-46ccecf4ece0', '49e54b55-6e07-407b-9dac-36e93e1f8aa2', 1, 55, 55, '2026-03-02T20:39:00.000Z');
INSERT INTO orders (id, buyer_id, seller_id, total_amount, status, created_at) 
                      VALUES ('c3381960-5d05-4ad0-801c-29693b034f5b', 'b03c172d-3388-458c-8054-b6ad7db24e27', 'cdc7b576-3957-4e3f-9e87-6630e4ef1950', 55, 'completed', '2026-03-02T17:58:00.000Z');
INSERT INTO order_items (id, order_id, product_id, quantity, unit_price, subtotal, created_at) 
                      VALUES ('cd3e2bab-1f78-45f0-bc16-9c955a98d9ae', 'c3381960-5d05-4ad0-801c-29693b034f5b', '49e54b55-6e07-407b-9dac-36e93e1f8aa2', 1, 55, 55, '2026-03-02T17:58:00.000Z');
INSERT INTO orders (id, buyer_id, seller_id, total_amount, status, created_at) 
                      VALUES ('be67c6af-d385-46db-9f24-b56a3863bfed', 'aa9e3c8c-e997-4408-ac68-6265851f972d', 'cdc7b576-3957-4e3f-9e87-6630e4ef1950', 55, 'completed', '2026-03-02T18:43:00.000Z');
INSERT INTO order_items (id, order_id, product_id, quantity, unit_price, subtotal, created_at) 
                      VALUES ('c7348f2f-86c9-43e9-981b-d1f2ad514c7e', 'be67c6af-d385-46db-9f24-b56a3863bfed', '49e54b55-6e07-407b-9dac-36e93e1f8aa2', 1, 55, 55, '2026-03-02T18:43:00.000Z');
INSERT INTO orders (id, buyer_id, seller_id, total_amount, status, created_at) 
                      VALUES ('7290bb80-e402-41fb-afa9-10740d2e0a66', 'b03c172d-3388-458c-8054-b6ad7db24e27', 'cdc7b576-3957-4e3f-9e87-6630e4ef1950', 55, 'completed', '2026-03-02T21:26:00.000Z');
INSERT INTO order_items (id, order_id, product_id, quantity, unit_price, subtotal, created_at) 
                      VALUES ('a4965813-3764-4c14-a65d-faff2071c0e9', '7290bb80-e402-41fb-afa9-10740d2e0a66', '49e54b55-6e07-407b-9dac-36e93e1f8aa2', 1, 55, 55, '2026-03-02T21:26:00.000Z');
INSERT INTO orders (id, buyer_id, seller_id, total_amount, status, created_at) 
                      VALUES ('34ad29d4-956f-48f0-ad7a-fd6f5bebb976', '1161fb73-809d-4954-a73a-738a9a1868f7', 'cdc7b576-3957-4e3f-9e87-6630e4ef1950', 55, 'completed', '2026-03-02T17:30:00.000Z');
INSERT INTO order_items (id, order_id, product_id, quantity, unit_price, subtotal, created_at) 
                      VALUES ('a12809ec-1e96-4e2f-a558-365770553c14', '34ad29d4-956f-48f0-ad7a-fd6f5bebb976', '49e54b55-6e07-407b-9dac-36e93e1f8aa2', 1, 55, 55, '2026-03-02T17:30:00.000Z');
INSERT INTO orders (id, buyer_id, seller_id, total_amount, status, created_at) 
                      VALUES ('8b249e2a-e802-4c72-a448-cf6e5fb89f4a', '1161fb73-809d-4954-a73a-738a9a1868f7', 'cdc7b576-3957-4e3f-9e87-6630e4ef1950', 55, 'completed', '2026-03-02T19:11:00.000Z');
INSERT INTO order_items (id, order_id, product_id, quantity, unit_price, subtotal, created_at) 
                      VALUES ('3d678f81-8e53-45f0-8090-c456c1773a31', '8b249e2a-e802-4c72-a448-cf6e5fb89f4a', '49e54b55-6e07-407b-9dac-36e93e1f8aa2', 1, 55, 55, '2026-03-02T19:11:00.000Z');
INSERT INTO orders (id, buyer_id, seller_id, total_amount, status, created_at) 
                      VALUES ('b42164fe-c79d-43a4-9484-a7aa9e7eb4da', 'ac51e939-ec0b-40c3-b3e7-39711b12845a', 'cdc7b576-3957-4e3f-9e87-6630e4ef1950', 55, 'completed', '2026-03-02T20:30:00.000Z');
INSERT INTO order_items (id, order_id, product_id, quantity, unit_price, subtotal, created_at) 
                      VALUES ('7cd77102-ff63-4e9d-b717-e958f40ad81b', 'b42164fe-c79d-43a4-9484-a7aa9e7eb4da', '49e54b55-6e07-407b-9dac-36e93e1f8aa2', 1, 55, 55, '2026-03-02T20:30:00.000Z');
INSERT INTO orders (id, buyer_id, seller_id, total_amount, status, created_at) 
                      VALUES ('bac2aaf1-9fc9-4586-a7d9-829b61f02ae1', 'aa9e3c8c-e997-4408-ac68-6265851f972d', 'cdc7b576-3957-4e3f-9e87-6630e4ef1950', 55, 'completed', '2026-03-02T20:24:00.000Z');
INSERT INTO order_items (id, order_id, product_id, quantity, unit_price, subtotal, created_at) 
                      VALUES ('4e74982b-b382-411f-97b3-7e98190b61ba', 'bac2aaf1-9fc9-4586-a7d9-829b61f02ae1', '49e54b55-6e07-407b-9dac-36e93e1f8aa2', 1, 55, 55, '2026-03-02T20:24:00.000Z');
INSERT INTO orders (id, buyer_id, seller_id, total_amount, status, created_at) 
                      VALUES ('8d8299d8-cd4c-47e9-aa79-af05f6a93a3a', '6c8c4ad9-70e8-48cb-9ce8-5d01c349ffcc', 'cdc7b576-3957-4e3f-9e87-6630e4ef1950', 55, 'completed', '2026-03-02T16:22:00.000Z');
INSERT INTO order_items (id, order_id, product_id, quantity, unit_price, subtotal, created_at) 
                      VALUES ('0351a9c6-2998-44bf-b0d4-d102a1deee01', '8d8299d8-cd4c-47e9-aa79-af05f6a93a3a', '49e54b55-6e07-407b-9dac-36e93e1f8aa2', 1, 55, 55, '2026-03-02T16:22:00.000Z');
INSERT INTO orders (id, buyer_id, seller_id, total_amount, status, created_at) 
                      VALUES ('c808cfae-026b-43db-af16-8c79ccfa2098', 'ac51e939-ec0b-40c3-b3e7-39711b12845a', 'cdc7b576-3957-4e3f-9e87-6630e4ef1950', 55, 'completed', '2026-03-02T19:47:00.000Z');
INSERT INTO order_items (id, order_id, product_id, quantity, unit_price, subtotal, created_at) 
                      VALUES ('976d7274-1706-47d0-b819-ad00cd6215db', 'c808cfae-026b-43db-af16-8c79ccfa2098', '49e54b55-6e07-407b-9dac-36e93e1f8aa2', 1, 55, 55, '2026-03-02T19:47:00.000Z');
INSERT INTO orders (id, buyer_id, seller_id, total_amount, status, created_at) 
                      VALUES ('a2a37430-d865-461e-8d27-cc41395c8445', 'ac51e939-ec0b-40c3-b3e7-39711b12845a', 'cdc7b576-3957-4e3f-9e87-6630e4ef1950', 55, 'completed', '2026-03-02T17:59:00.000Z');
INSERT INTO order_items (id, order_id, product_id, quantity, unit_price, subtotal, created_at) 
                      VALUES ('d1d8dafc-265c-4d30-ae50-6a23996b1350', 'a2a37430-d865-461e-8d27-cc41395c8445', '49e54b55-6e07-407b-9dac-36e93e1f8aa2', 1, 55, 55, '2026-03-02T17:59:00.000Z');
INSERT INTO orders (id, buyer_id, seller_id, total_amount, status, created_at) 
                      VALUES ('01429659-b935-42a5-886f-00c7cdf6e8bb', 'b03c172d-3388-458c-8054-b6ad7db24e27', 'cdc7b576-3957-4e3f-9e87-6630e4ef1950', 55, 'completed', '2026-03-02T18:39:00.000Z');
INSERT INTO order_items (id, order_id, product_id, quantity, unit_price, subtotal, created_at) 
                      VALUES ('44a37de1-b7cd-493d-9d80-f7210720d4c2', '01429659-b935-42a5-886f-00c7cdf6e8bb', '49e54b55-6e07-407b-9dac-36e93e1f8aa2', 1, 55, 55, '2026-03-02T18:39:00.000Z');
INSERT INTO audit_logs (id, action, user_id, description, level, created_at) 
                  VALUES ('6c56736b-a9a4-4c7d-b154-6a4f44fc51f2', 'USER_LOGIN', '6adabb60-eed5-4dd0-b80c-41983dd81404', 'Vendedor inició sesión para jornada', 'info', '2026-03-03T14:04:00.000Z');
INSERT INTO daily_sales (id, seller_id, sale_date, total_investment, total_revenue, units_sold, units_lost, total_waste_cost, is_closed) 
                  VALUES ('f0acb482-156b-47c3-b7bc-46bd2a7c1a61', '6adabb60-eed5-4dd0-b80c-41983dd81404', '2026-03-03', 520, 825, 11, 2, 80, true);
INSERT INTO sale_details (id, daily_sale_id, product_id, quantity_prepared, quantity_sold, quantity_lost, unit_cost, unit_price, waste_cost, waste_reason) 
                  VALUES ('7209be6a-cad6-415d-b4fe-c52592d73458', 'f0acb482-156b-47c3-b7bc-46bd2a7c1a61', 'cd4cb45a-05bc-4729-bb2a-06d122f369fc', 13, 11, 2, 40, 75, 80, 'expired');
INSERT INTO orders (id, buyer_id, seller_id, total_amount, status, created_at) 
                      VALUES ('d8022f47-bd83-452d-bb9b-2a4a384c02d5', '1161fb73-809d-4954-a73a-738a9a1868f7', '6adabb60-eed5-4dd0-b80c-41983dd81404', 75, 'completed', '2026-03-03T16:22:00.000Z');
INSERT INTO order_items (id, order_id, product_id, quantity, unit_price, subtotal, created_at) 
                      VALUES ('2adb66f3-77f9-4df7-ac7b-d774af00f33f', 'd8022f47-bd83-452d-bb9b-2a4a384c02d5', 'cd4cb45a-05bc-4729-bb2a-06d122f369fc', 1, 75, 75, '2026-03-03T16:22:00.000Z');
INSERT INTO orders (id, buyer_id, seller_id, total_amount, status, created_at) 
                      VALUES ('21e8aeb3-d571-4600-9d94-85c2420e6242', '1161fb73-809d-4954-a73a-738a9a1868f7', '6adabb60-eed5-4dd0-b80c-41983dd81404', 75, 'completed', '2026-03-03T18:27:00.000Z');
INSERT INTO order_items (id, order_id, product_id, quantity, unit_price, subtotal, created_at) 
                      VALUES ('d38abbcd-a3c3-474d-893b-3e50a29f544a', '21e8aeb3-d571-4600-9d94-85c2420e6242', 'cd4cb45a-05bc-4729-bb2a-06d122f369fc', 1, 75, 75, '2026-03-03T18:27:00.000Z');
INSERT INTO orders (id, buyer_id, seller_id, total_amount, status, created_at) 
                      VALUES ('6ac47168-9dd7-4ad6-8870-49a812e40252', '6c8c4ad9-70e8-48cb-9ce8-5d01c349ffcc', '6adabb60-eed5-4dd0-b80c-41983dd81404', 75, 'completed', '2026-03-03T17:59:00.000Z');
INSERT INTO order_items (id, order_id, product_id, quantity, unit_price, subtotal, created_at) 
                      VALUES ('54bc1b6d-6a9b-49e5-96f6-215e5f6b7d23', '6ac47168-9dd7-4ad6-8870-49a812e40252', 'cd4cb45a-05bc-4729-bb2a-06d122f369fc', 1, 75, 75, '2026-03-03T17:59:00.000Z');
INSERT INTO orders (id, buyer_id, seller_id, total_amount, status, created_at) 
                      VALUES ('bd001fdf-4f6c-4a85-8798-440ebf240f2e', '233694a0-da98-4b19-8640-7b99f406554e', '6adabb60-eed5-4dd0-b80c-41983dd81404', 75, 'completed', '2026-03-03T21:53:00.000Z');
INSERT INTO order_items (id, order_id, product_id, quantity, unit_price, subtotal, created_at) 
                      VALUES ('23c59748-bbd2-44d9-81ab-4a8c35d5fa36', 'bd001fdf-4f6c-4a85-8798-440ebf240f2e', 'cd4cb45a-05bc-4729-bb2a-06d122f369fc', 1, 75, 75, '2026-03-03T21:53:00.000Z');
INSERT INTO orders (id, buyer_id, seller_id, total_amount, status, created_at) 
                      VALUES ('58c73bb5-ff2a-4872-b3e3-c903c1c6235d', 'ac51e939-ec0b-40c3-b3e7-39711b12845a', '6adabb60-eed5-4dd0-b80c-41983dd81404', 75, 'completed', '2026-03-03T17:34:00.000Z');
INSERT INTO order_items (id, order_id, product_id, quantity, unit_price, subtotal, created_at) 
                      VALUES ('6a415101-6a76-4185-bf59-5b62278c8533', '58c73bb5-ff2a-4872-b3e3-c903c1c6235d', 'cd4cb45a-05bc-4729-bb2a-06d122f369fc', 1, 75, 75, '2026-03-03T17:34:00.000Z');
INSERT INTO orders (id, buyer_id, seller_id, total_amount, status, created_at) 
                      VALUES ('7d6f1c31-31f8-4dd3-91ab-5e279dc93941', 'aa9e3c8c-e997-4408-ac68-6265851f972d', '6adabb60-eed5-4dd0-b80c-41983dd81404', 75, 'completed', '2026-03-03T16:06:00.000Z');
INSERT INTO order_items (id, order_id, product_id, quantity, unit_price, subtotal, created_at) 
                      VALUES ('ee59223a-206d-480f-965d-ebd92003f32e', '7d6f1c31-31f8-4dd3-91ab-5e279dc93941', 'cd4cb45a-05bc-4729-bb2a-06d122f369fc', 1, 75, 75, '2026-03-03T16:06:00.000Z');
INSERT INTO orders (id, buyer_id, seller_id, total_amount, status, created_at) 
                      VALUES ('7751af7d-742d-42d1-b5a5-5529817f1dc9', '79768ab4-b021-418b-bf3c-0dd52f857b65', '6adabb60-eed5-4dd0-b80c-41983dd81404', 75, 'completed', '2026-03-03T16:34:00.000Z');
INSERT INTO order_items (id, order_id, product_id, quantity, unit_price, subtotal, created_at) 
                      VALUES ('b067b3e3-ccf9-4d64-a49e-af775f97e384', '7751af7d-742d-42d1-b5a5-5529817f1dc9', 'cd4cb45a-05bc-4729-bb2a-06d122f369fc', 1, 75, 75, '2026-03-03T16:34:00.000Z');
INSERT INTO orders (id, buyer_id, seller_id, total_amount, status, created_at) 
                      VALUES ('603b39cb-ee87-4e55-8405-3a6fa9384905', 'ac51e939-ec0b-40c3-b3e7-39711b12845a', '6adabb60-eed5-4dd0-b80c-41983dd81404', 75, 'completed', '2026-03-03T18:51:00.000Z');
INSERT INTO order_items (id, order_id, product_id, quantity, unit_price, subtotal, created_at) 
                      VALUES ('08f1b965-265d-4fc0-bcfc-2df2b0ac75aa', '603b39cb-ee87-4e55-8405-3a6fa9384905', 'cd4cb45a-05bc-4729-bb2a-06d122f369fc', 1, 75, 75, '2026-03-03T18:51:00.000Z');
INSERT INTO orders (id, buyer_id, seller_id, total_amount, status, created_at) 
                      VALUES ('713e5521-26b1-4875-9d44-951c6e886b01', 'ac51e939-ec0b-40c3-b3e7-39711b12845a', '6adabb60-eed5-4dd0-b80c-41983dd81404', 75, 'completed', '2026-03-03T19:47:00.000Z');
INSERT INTO order_items (id, order_id, product_id, quantity, unit_price, subtotal, created_at) 
                      VALUES ('714b0d5e-9cdb-497f-aab3-ad2b5b9bba9b', '713e5521-26b1-4875-9d44-951c6e886b01', 'cd4cb45a-05bc-4729-bb2a-06d122f369fc', 1, 75, 75, '2026-03-03T19:47:00.000Z');
INSERT INTO orders (id, buyer_id, seller_id, total_amount, status, created_at) 
                      VALUES ('fb50f638-9b39-40a1-b6ae-470c25427dd0', '1161fb73-809d-4954-a73a-738a9a1868f7', '6adabb60-eed5-4dd0-b80c-41983dd81404', 75, 'completed', '2026-03-03T16:15:00.000Z');
INSERT INTO order_items (id, order_id, product_id, quantity, unit_price, subtotal, created_at) 
                      VALUES ('622251a5-a4a7-43b6-885b-3c8a19319d4d', 'fb50f638-9b39-40a1-b6ae-470c25427dd0', 'cd4cb45a-05bc-4729-bb2a-06d122f369fc', 1, 75, 75, '2026-03-03T16:15:00.000Z');
INSERT INTO orders (id, buyer_id, seller_id, total_amount, status, created_at) 
                      VALUES ('3bbc9cea-780d-48b8-b248-9da9442f9ff8', 'b03c172d-3388-458c-8054-b6ad7db24e27', '6adabb60-eed5-4dd0-b80c-41983dd81404', 75, 'completed', '2026-03-03T20:53:00.000Z');
INSERT INTO order_items (id, order_id, product_id, quantity, unit_price, subtotal, created_at) 
                      VALUES ('8bca44ca-7e4e-4ec8-9874-0185cbefeae1', '3bbc9cea-780d-48b8-b248-9da9442f9ff8', 'cd4cb45a-05bc-4729-bb2a-06d122f369fc', 1, 75, 75, '2026-03-03T20:53:00.000Z');
INSERT INTO audit_logs (id, action, user_id, description, level, created_at) 
                  VALUES ('d7155c9a-79b8-4075-a5a6-2736461b2ff4', 'USER_LOGIN', '5f552e5d-c288-453c-a685-b287e1c0c64a', 'Vendedor inició sesión para jornada', 'info', '2026-03-03T14:23:00.000Z');
INSERT INTO daily_sales (id, seller_id, sale_date, total_investment, total_revenue, units_sold, units_lost, total_waste_cost, is_closed) 
                  VALUES ('876e3253-5a53-4ed7-9269-6ad61d8fb693', '5f552e5d-c288-453c-a685-b287e1c0c64a', '2026-03-03', 200, 405, 9, 1, 20, true);
INSERT INTO sale_details (id, daily_sale_id, product_id, quantity_prepared, quantity_sold, quantity_lost, unit_cost, unit_price, waste_cost, waste_reason) 
                  VALUES ('003d9983-828c-41b9-8ece-d2fd04576f16', '876e3253-5a53-4ed7-9269-6ad61d8fb693', '90ccc3f8-627a-4af7-aab2-9c7967c2f50d', 10, 9, 1, 20, 45, 20, 'expired');
INSERT INTO orders (id, buyer_id, seller_id, total_amount, status, created_at) 
                      VALUES ('3641f304-cbaf-4c15-a652-d3a940cd2c65', 'b03c172d-3388-458c-8054-b6ad7db24e27', '5f552e5d-c288-453c-a685-b287e1c0c64a', 45, 'completed', '2026-03-03T20:56:00.000Z');
INSERT INTO order_items (id, order_id, product_id, quantity, unit_price, subtotal, created_at) 
                      VALUES ('b6268860-f4dc-49df-a936-62166d8ad2a9', '3641f304-cbaf-4c15-a652-d3a940cd2c65', '90ccc3f8-627a-4af7-aab2-9c7967c2f50d', 1, 45, 45, '2026-03-03T20:56:00.000Z');
INSERT INTO orders (id, buyer_id, seller_id, total_amount, status, created_at) 
                      VALUES ('e1fc6bba-d30b-4285-bdd2-b04dfed24f28', 'aa9e3c8c-e997-4408-ac68-6265851f972d', '5f552e5d-c288-453c-a685-b287e1c0c64a', 45, 'completed', '2026-03-03T20:36:00.000Z');
INSERT INTO order_items (id, order_id, product_id, quantity, unit_price, subtotal, created_at) 
                      VALUES ('1c55dcec-a509-416c-a615-1ba2a10eabdb', 'e1fc6bba-d30b-4285-bdd2-b04dfed24f28', '90ccc3f8-627a-4af7-aab2-9c7967c2f50d', 1, 45, 45, '2026-03-03T20:36:00.000Z');
INSERT INTO orders (id, buyer_id, seller_id, total_amount, status, created_at) 
                      VALUES ('a233d09b-2142-4325-95ef-8a26816673db', '233694a0-da98-4b19-8640-7b99f406554e', '5f552e5d-c288-453c-a685-b287e1c0c64a', 45, 'completed', '2026-03-03T21:44:00.000Z');
INSERT INTO order_items (id, order_id, product_id, quantity, unit_price, subtotal, created_at) 
                      VALUES ('fbb9607c-27ae-447e-95be-5e4ba576cb09', 'a233d09b-2142-4325-95ef-8a26816673db', '90ccc3f8-627a-4af7-aab2-9c7967c2f50d', 1, 45, 45, '2026-03-03T21:44:00.000Z');
INSERT INTO orders (id, buyer_id, seller_id, total_amount, status, created_at) 
                      VALUES ('02458fb4-c8e8-43e4-a8c0-e48cec5203a5', 'ac51e939-ec0b-40c3-b3e7-39711b12845a', '5f552e5d-c288-453c-a685-b287e1c0c64a', 45, 'completed', '2026-03-03T21:26:00.000Z');
INSERT INTO order_items (id, order_id, product_id, quantity, unit_price, subtotal, created_at) 
                      VALUES ('2326b3e7-384c-4140-84ef-81d1a953219c', '02458fb4-c8e8-43e4-a8c0-e48cec5203a5', '90ccc3f8-627a-4af7-aab2-9c7967c2f50d', 1, 45, 45, '2026-03-03T21:26:00.000Z');
INSERT INTO orders (id, buyer_id, seller_id, total_amount, status, created_at) 
                      VALUES ('edace2c7-254b-418a-b534-48f5e7afde26', '79768ab4-b021-418b-bf3c-0dd52f857b65', '5f552e5d-c288-453c-a685-b287e1c0c64a', 45, 'completed', '2026-03-03T21:00:00.000Z');
INSERT INTO order_items (id, order_id, product_id, quantity, unit_price, subtotal, created_at) 
                      VALUES ('1e6f5503-c490-4207-ac38-89518c79e22d', 'edace2c7-254b-418a-b534-48f5e7afde26', '90ccc3f8-627a-4af7-aab2-9c7967c2f50d', 1, 45, 45, '2026-03-03T21:00:00.000Z');
INSERT INTO orders (id, buyer_id, seller_id, total_amount, status, created_at) 
                      VALUES ('77ad4bec-197e-42ee-952e-83b868f6754a', 'b03c172d-3388-458c-8054-b6ad7db24e27', '5f552e5d-c288-453c-a685-b287e1c0c64a', 45, 'completed', '2026-03-03T21:06:00.000Z');
INSERT INTO order_items (id, order_id, product_id, quantity, unit_price, subtotal, created_at) 
                      VALUES ('cc48a9a4-a854-42de-b177-fb29d405cd50', '77ad4bec-197e-42ee-952e-83b868f6754a', '90ccc3f8-627a-4af7-aab2-9c7967c2f50d', 1, 45, 45, '2026-03-03T21:06:00.000Z');
INSERT INTO orders (id, buyer_id, seller_id, total_amount, status, created_at) 
                      VALUES ('9dc105c8-52b6-4dd4-8fdb-2ccd54c2d17d', '6c8c4ad9-70e8-48cb-9ce8-5d01c349ffcc', '5f552e5d-c288-453c-a685-b287e1c0c64a', 45, 'completed', '2026-03-03T16:53:00.000Z');
INSERT INTO order_items (id, order_id, product_id, quantity, unit_price, subtotal, created_at) 
                      VALUES ('710e7954-d5a1-4f12-87ff-0170901f87e9', '9dc105c8-52b6-4dd4-8fdb-2ccd54c2d17d', '90ccc3f8-627a-4af7-aab2-9c7967c2f50d', 1, 45, 45, '2026-03-03T16:53:00.000Z');
INSERT INTO orders (id, buyer_id, seller_id, total_amount, status, created_at) 
                      VALUES ('38ed0024-8370-492c-8643-382a33feb792', '1161fb73-809d-4954-a73a-738a9a1868f7', '5f552e5d-c288-453c-a685-b287e1c0c64a', 45, 'completed', '2026-03-03T19:45:00.000Z');
INSERT INTO order_items (id, order_id, product_id, quantity, unit_price, subtotal, created_at) 
                      VALUES ('849c74fa-6a49-4e7f-9015-c3e79d99e9a8', '38ed0024-8370-492c-8643-382a33feb792', '90ccc3f8-627a-4af7-aab2-9c7967c2f50d', 1, 45, 45, '2026-03-03T19:45:00.000Z');
INSERT INTO orders (id, buyer_id, seller_id, total_amount, status, created_at) 
                      VALUES ('372e047d-5ee3-42ed-9360-3b6aeb0f5c48', 'aa9e3c8c-e997-4408-ac68-6265851f972d', '5f552e5d-c288-453c-a685-b287e1c0c64a', 45, 'completed', '2026-03-03T16:51:00.000Z');
INSERT INTO order_items (id, order_id, product_id, quantity, unit_price, subtotal, created_at) 
                      VALUES ('f5e266ec-5605-4a22-a1da-5fb7089ebcbe', '372e047d-5ee3-42ed-9360-3b6aeb0f5c48', '90ccc3f8-627a-4af7-aab2-9c7967c2f50d', 1, 45, 45, '2026-03-03T16:51:00.000Z');
INSERT INTO audit_logs (id, action, user_id, description, level, created_at) 
                  VALUES ('5cf5c9f8-6eb5-4d4c-b835-66fba1a53031', 'USER_LOGIN', '522afd0e-5b6f-4f57-be80-46fd79ba12db', 'Vendedor inició sesión para jornada', 'info', '2026-03-03T14:12:00.000Z');
INSERT INTO daily_sales (id, seller_id, sale_date, total_investment, total_revenue, units_sold, units_lost, total_waste_cost, is_closed) 
                  VALUES ('c5c3841a-c706-4322-92cd-400dedb1a69d', '522afd0e-5b6f-4f57-be80-46fd79ba12db', '2026-03-03', 168, 420, 14, 0, 0, true);
INSERT INTO sale_details (id, daily_sale_id, product_id, quantity_prepared, quantity_sold, quantity_lost, unit_cost, unit_price, waste_cost, waste_reason) 
                  VALUES ('ea430e0d-620c-4448-8a32-06c9495d0757', 'c5c3841a-c706-4322-92cd-400dedb1a69d', 'c865d401-6592-418d-98d5-1aa633799680', 14, 14, 0, 12, 30, 0, 'expired');
INSERT INTO orders (id, buyer_id, seller_id, total_amount, status, created_at) 
                      VALUES ('8cfab048-1108-4e21-a884-66272ea8d440', '79768ab4-b021-418b-bf3c-0dd52f857b65', '522afd0e-5b6f-4f57-be80-46fd79ba12db', 30, 'completed', '2026-03-03T21:04:00.000Z');
INSERT INTO order_items (id, order_id, product_id, quantity, unit_price, subtotal, created_at) 
                      VALUES ('66bbcd2c-b6aa-422f-828d-d6a930b02e4b', '8cfab048-1108-4e21-a884-66272ea8d440', 'c865d401-6592-418d-98d5-1aa633799680', 1, 30, 30, '2026-03-03T21:04:00.000Z');
INSERT INTO orders (id, buyer_id, seller_id, total_amount, status, created_at) 
                      VALUES ('b3e33119-7b82-4939-87d7-4faa46b3b813', 'aa9e3c8c-e997-4408-ac68-6265851f972d', '522afd0e-5b6f-4f57-be80-46fd79ba12db', 30, 'completed', '2026-03-03T19:09:00.000Z');
INSERT INTO order_items (id, order_id, product_id, quantity, unit_price, subtotal, created_at) 
                      VALUES ('2503f7e3-53ef-4855-ba53-93d4566ae1de', 'b3e33119-7b82-4939-87d7-4faa46b3b813', 'c865d401-6592-418d-98d5-1aa633799680', 1, 30, 30, '2026-03-03T19:09:00.000Z');
INSERT INTO orders (id, buyer_id, seller_id, total_amount, status, created_at) 
                      VALUES ('e8ec6865-519f-43a8-b50b-fd3be0020975', 'ac51e939-ec0b-40c3-b3e7-39711b12845a', '522afd0e-5b6f-4f57-be80-46fd79ba12db', 30, 'completed', '2026-03-03T18:38:00.000Z');
INSERT INTO order_items (id, order_id, product_id, quantity, unit_price, subtotal, created_at) 
                      VALUES ('c44bb4fc-e97a-4ef8-ad17-5ea4a694bc45', 'e8ec6865-519f-43a8-b50b-fd3be0020975', 'c865d401-6592-418d-98d5-1aa633799680', 1, 30, 30, '2026-03-03T18:38:00.000Z');
INSERT INTO orders (id, buyer_id, seller_id, total_amount, status, created_at) 
                      VALUES ('9f6f5315-a918-4325-b8eb-d172d6ad4247', '233694a0-da98-4b19-8640-7b99f406554e', '522afd0e-5b6f-4f57-be80-46fd79ba12db', 30, 'completed', '2026-03-03T20:39:00.000Z');
INSERT INTO order_items (id, order_id, product_id, quantity, unit_price, subtotal, created_at) 
                      VALUES ('94765de8-7096-4aae-8b04-1feeab736759', '9f6f5315-a918-4325-b8eb-d172d6ad4247', 'c865d401-6592-418d-98d5-1aa633799680', 1, 30, 30, '2026-03-03T20:39:00.000Z');
INSERT INTO orders (id, buyer_id, seller_id, total_amount, status, created_at) 
                      VALUES ('53eb1218-1ba6-4f58-9b1c-9901b1513bf7', '233694a0-da98-4b19-8640-7b99f406554e', '522afd0e-5b6f-4f57-be80-46fd79ba12db', 30, 'completed', '2026-03-03T21:55:00.000Z');
INSERT INTO order_items (id, order_id, product_id, quantity, unit_price, subtotal, created_at) 
                      VALUES ('5e7bb5e9-8f4b-4ca9-85d9-41fed7cda4dc', '53eb1218-1ba6-4f58-9b1c-9901b1513bf7', 'c865d401-6592-418d-98d5-1aa633799680', 1, 30, 30, '2026-03-03T21:55:00.000Z');
INSERT INTO orders (id, buyer_id, seller_id, total_amount, status, created_at) 
                      VALUES ('387faff7-4ea0-4a34-9a72-bb51906cf207', '79768ab4-b021-418b-bf3c-0dd52f857b65', '522afd0e-5b6f-4f57-be80-46fd79ba12db', 30, 'completed', '2026-03-03T19:03:00.000Z');
INSERT INTO order_items (id, order_id, product_id, quantity, unit_price, subtotal, created_at) 
                      VALUES ('d7cde6ab-8d94-4471-a79d-188a5d2a1d22', '387faff7-4ea0-4a34-9a72-bb51906cf207', 'c865d401-6592-418d-98d5-1aa633799680', 1, 30, 30, '2026-03-03T19:03:00.000Z');
INSERT INTO orders (id, buyer_id, seller_id, total_amount, status, created_at) 
                      VALUES ('47c761ea-00cb-402d-85f8-c3aa2a335952', '233694a0-da98-4b19-8640-7b99f406554e', '522afd0e-5b6f-4f57-be80-46fd79ba12db', 30, 'completed', '2026-03-03T17:02:00.000Z');
INSERT INTO order_items (id, order_id, product_id, quantity, unit_price, subtotal, created_at) 
                      VALUES ('0250a694-7c0f-49d3-bfc3-0f2981e21631', '47c761ea-00cb-402d-85f8-c3aa2a335952', 'c865d401-6592-418d-98d5-1aa633799680', 1, 30, 30, '2026-03-03T17:02:00.000Z');
INSERT INTO orders (id, buyer_id, seller_id, total_amount, status, created_at) 
                      VALUES ('8f31935a-8349-40a6-858c-cf17c9ab5339', 'b03c172d-3388-458c-8054-b6ad7db24e27', '522afd0e-5b6f-4f57-be80-46fd79ba12db', 30, 'completed', '2026-03-03T16:08:00.000Z');
INSERT INTO order_items (id, order_id, product_id, quantity, unit_price, subtotal, created_at) 
                      VALUES ('cb97a35e-ef91-4f1b-9d97-059e2520f7ff', '8f31935a-8349-40a6-858c-cf17c9ab5339', 'c865d401-6592-418d-98d5-1aa633799680', 1, 30, 30, '2026-03-03T16:08:00.000Z');
INSERT INTO orders (id, buyer_id, seller_id, total_amount, status, created_at) 
                      VALUES ('32942c2a-a061-4ae7-a3e1-070a8f6fab46', 'b03c172d-3388-458c-8054-b6ad7db24e27', '522afd0e-5b6f-4f57-be80-46fd79ba12db', 30, 'completed', '2026-03-03T16:26:00.000Z');
INSERT INTO order_items (id, order_id, product_id, quantity, unit_price, subtotal, created_at) 
                      VALUES ('e0acf8e6-5cd7-40e0-b719-aabdd60c12dd', '32942c2a-a061-4ae7-a3e1-070a8f6fab46', 'c865d401-6592-418d-98d5-1aa633799680', 1, 30, 30, '2026-03-03T16:26:00.000Z');
INSERT INTO orders (id, buyer_id, seller_id, total_amount, status, created_at) 
                      VALUES ('1eb50142-3d39-451d-bfc3-913e8066d8e2', '79768ab4-b021-418b-bf3c-0dd52f857b65', '522afd0e-5b6f-4f57-be80-46fd79ba12db', 30, 'completed', '2026-03-03T21:58:00.000Z');
INSERT INTO order_items (id, order_id, product_id, quantity, unit_price, subtotal, created_at) 
                      VALUES ('fe282063-771a-4bec-bb35-dc7986793186', '1eb50142-3d39-451d-bfc3-913e8066d8e2', 'c865d401-6592-418d-98d5-1aa633799680', 1, 30, 30, '2026-03-03T21:58:00.000Z');
INSERT INTO orders (id, buyer_id, seller_id, total_amount, status, created_at) 
                      VALUES ('d4f5028b-9cfc-4aed-8a30-dbe63fe6d35a', 'ac51e939-ec0b-40c3-b3e7-39711b12845a', '522afd0e-5b6f-4f57-be80-46fd79ba12db', 30, 'completed', '2026-03-03T19:45:00.000Z');
INSERT INTO order_items (id, order_id, product_id, quantity, unit_price, subtotal, created_at) 
                      VALUES ('cecf5980-3558-43c8-ba6e-d37a13876328', 'd4f5028b-9cfc-4aed-8a30-dbe63fe6d35a', 'c865d401-6592-418d-98d5-1aa633799680', 1, 30, 30, '2026-03-03T19:45:00.000Z');
INSERT INTO orders (id, buyer_id, seller_id, total_amount, status, created_at) 
                      VALUES ('040ce542-de1f-4de7-8483-180676392a2a', '6c8c4ad9-70e8-48cb-9ce8-5d01c349ffcc', '522afd0e-5b6f-4f57-be80-46fd79ba12db', 30, 'completed', '2026-03-03T16:13:00.000Z');
INSERT INTO order_items (id, order_id, product_id, quantity, unit_price, subtotal, created_at) 
                      VALUES ('64e8ff25-3e4e-4437-ad81-6fe169dc1b99', '040ce542-de1f-4de7-8483-180676392a2a', 'c865d401-6592-418d-98d5-1aa633799680', 1, 30, 30, '2026-03-03T16:13:00.000Z');
INSERT INTO orders (id, buyer_id, seller_id, total_amount, status, created_at) 
                      VALUES ('9ab914f4-c472-4a9f-bad6-ab2d66531cfa', '79768ab4-b021-418b-bf3c-0dd52f857b65', '522afd0e-5b6f-4f57-be80-46fd79ba12db', 30, 'completed', '2026-03-03T20:10:00.000Z');
INSERT INTO order_items (id, order_id, product_id, quantity, unit_price, subtotal, created_at) 
                      VALUES ('7d6fc784-e1f1-4038-a5ac-67ec30c740d5', '9ab914f4-c472-4a9f-bad6-ab2d66531cfa', 'c865d401-6592-418d-98d5-1aa633799680', 1, 30, 30, '2026-03-03T20:10:00.000Z');
INSERT INTO orders (id, buyer_id, seller_id, total_amount, status, created_at) 
                      VALUES ('5950b040-cd94-46e7-bcb2-57a365681526', '1161fb73-809d-4954-a73a-738a9a1868f7', '522afd0e-5b6f-4f57-be80-46fd79ba12db', 30, 'completed', '2026-03-03T18:59:00.000Z');
INSERT INTO order_items (id, order_id, product_id, quantity, unit_price, subtotal, created_at) 
                      VALUES ('1214aecc-e719-45d9-96fa-cbb628bd95b8', '5950b040-cd94-46e7-bcb2-57a365681526', 'c865d401-6592-418d-98d5-1aa633799680', 1, 30, 30, '2026-03-03T18:59:00.000Z');
INSERT INTO audit_logs (id, action, user_id, description, level, created_at) 
                  VALUES ('b269cfcd-fccb-43f9-adbe-907c56873759', 'USER_LOGIN', 'da273443-bae3-4781-ae4e-819d0c9d56a6', 'Vendedor inició sesión para jornada', 'info', '2026-03-03T14:09:00.000Z');
INSERT INTO daily_sales (id, seller_id, sale_date, total_investment, total_revenue, units_sold, units_lost, total_waste_cost, is_closed) 
                  VALUES ('e7bcc78a-6fc3-4425-8b7a-4383252741a2', 'da273443-bae3-4781-ae4e-819d0c9d56a6', '2026-03-03', 112, 325, 13, 1, 8, true);
INSERT INTO sale_details (id, daily_sale_id, product_id, quantity_prepared, quantity_sold, quantity_lost, unit_cost, unit_price, waste_cost, waste_reason) 
                  VALUES ('585b46e9-42f7-4dec-b23a-fd4b60fbc4d7', 'e7bcc78a-6fc3-4425-8b7a-4383252741a2', 'ea84c406-f235-4e9c-b061-71ed9401e63b', 14, 13, 1, 8, 25, 8, 'expired');
INSERT INTO orders (id, buyer_id, seller_id, total_amount, status, created_at) 
                      VALUES ('3e16a009-3f9b-43f0-9b6c-0491a2e636f1', '6c8c4ad9-70e8-48cb-9ce8-5d01c349ffcc', 'da273443-bae3-4781-ae4e-819d0c9d56a6', 25, 'completed', '2026-03-03T21:59:00.000Z');
INSERT INTO order_items (id, order_id, product_id, quantity, unit_price, subtotal, created_at) 
                      VALUES ('7aed950f-e208-4a08-a59f-bab885f2b41a', '3e16a009-3f9b-43f0-9b6c-0491a2e636f1', 'ea84c406-f235-4e9c-b061-71ed9401e63b', 1, 25, 25, '2026-03-03T21:59:00.000Z');
INSERT INTO orders (id, buyer_id, seller_id, total_amount, status, created_at) 
                      VALUES ('cb94289a-9b4d-4526-bcf1-48b6a67df7ed', '6c8c4ad9-70e8-48cb-9ce8-5d01c349ffcc', 'da273443-bae3-4781-ae4e-819d0c9d56a6', 25, 'completed', '2026-03-03T18:10:00.000Z');
INSERT INTO order_items (id, order_id, product_id, quantity, unit_price, subtotal, created_at) 
                      VALUES ('4dcdb172-9acd-4668-ab8b-123722ff6e97', 'cb94289a-9b4d-4526-bcf1-48b6a67df7ed', 'ea84c406-f235-4e9c-b061-71ed9401e63b', 1, 25, 25, '2026-03-03T18:10:00.000Z');
INSERT INTO orders (id, buyer_id, seller_id, total_amount, status, created_at) 
                      VALUES ('2c610ba1-9315-4a10-87cf-b8c71f585074', 'b03c172d-3388-458c-8054-b6ad7db24e27', 'da273443-bae3-4781-ae4e-819d0c9d56a6', 25, 'completed', '2026-03-03T16:43:00.000Z');
INSERT INTO order_items (id, order_id, product_id, quantity, unit_price, subtotal, created_at) 
                      VALUES ('18a6bd99-0642-47c3-a28c-5213fa4b3182', '2c610ba1-9315-4a10-87cf-b8c71f585074', 'ea84c406-f235-4e9c-b061-71ed9401e63b', 1, 25, 25, '2026-03-03T16:43:00.000Z');
INSERT INTO orders (id, buyer_id, seller_id, total_amount, status, created_at) 
                      VALUES ('0e7a6037-a76d-4933-b699-7e459c85bbed', '6c8c4ad9-70e8-48cb-9ce8-5d01c349ffcc', 'da273443-bae3-4781-ae4e-819d0c9d56a6', 25, 'completed', '2026-03-03T21:17:00.000Z');
INSERT INTO order_items (id, order_id, product_id, quantity, unit_price, subtotal, created_at) 
                      VALUES ('04e6f93b-a9e1-4ec8-be0d-2c13f3c47611', '0e7a6037-a76d-4933-b699-7e459c85bbed', 'ea84c406-f235-4e9c-b061-71ed9401e63b', 1, 25, 25, '2026-03-03T21:17:00.000Z');
INSERT INTO orders (id, buyer_id, seller_id, total_amount, status, created_at) 
                      VALUES ('9baf7591-356f-456e-a469-2923e6e69846', 'ac51e939-ec0b-40c3-b3e7-39711b12845a', 'da273443-bae3-4781-ae4e-819d0c9d56a6', 25, 'completed', '2026-03-03T16:17:00.000Z');
INSERT INTO order_items (id, order_id, product_id, quantity, unit_price, subtotal, created_at) 
                      VALUES ('6a172353-4384-42e2-8f18-acb71f008d0c', '9baf7591-356f-456e-a469-2923e6e69846', 'ea84c406-f235-4e9c-b061-71ed9401e63b', 1, 25, 25, '2026-03-03T16:17:00.000Z');
INSERT INTO orders (id, buyer_id, seller_id, total_amount, status, created_at) 
                      VALUES ('72a8c825-e1b7-4c20-899c-a5032fb66096', 'ac51e939-ec0b-40c3-b3e7-39711b12845a', 'da273443-bae3-4781-ae4e-819d0c9d56a6', 25, 'completed', '2026-03-03T21:27:00.000Z');
INSERT INTO order_items (id, order_id, product_id, quantity, unit_price, subtotal, created_at) 
                      VALUES ('31eea131-f8e1-470d-9665-65f9ee997103', '72a8c825-e1b7-4c20-899c-a5032fb66096', 'ea84c406-f235-4e9c-b061-71ed9401e63b', 1, 25, 25, '2026-03-03T21:27:00.000Z');
INSERT INTO orders (id, buyer_id, seller_id, total_amount, status, created_at) 
                      VALUES ('43b168ba-1dfa-4e95-a4c3-d8f64207cf91', '233694a0-da98-4b19-8640-7b99f406554e', 'da273443-bae3-4781-ae4e-819d0c9d56a6', 25, 'completed', '2026-03-03T19:48:00.000Z');
INSERT INTO order_items (id, order_id, product_id, quantity, unit_price, subtotal, created_at) 
                      VALUES ('9b06f4e7-f02d-45ac-a70f-577eda742dc2', '43b168ba-1dfa-4e95-a4c3-d8f64207cf91', 'ea84c406-f235-4e9c-b061-71ed9401e63b', 1, 25, 25, '2026-03-03T19:48:00.000Z');
INSERT INTO orders (id, buyer_id, seller_id, total_amount, status, created_at) 
                      VALUES ('94e7207d-044b-4373-bbe8-0f05bf0b42b5', 'b03c172d-3388-458c-8054-b6ad7db24e27', 'da273443-bae3-4781-ae4e-819d0c9d56a6', 25, 'completed', '2026-03-03T17:37:00.000Z');
INSERT INTO order_items (id, order_id, product_id, quantity, unit_price, subtotal, created_at) 
                      VALUES ('856857a6-ce6c-428c-b01c-c2455c32ffc5', '94e7207d-044b-4373-bbe8-0f05bf0b42b5', 'ea84c406-f235-4e9c-b061-71ed9401e63b', 1, 25, 25, '2026-03-03T17:37:00.000Z');
INSERT INTO orders (id, buyer_id, seller_id, total_amount, status, created_at) 
                      VALUES ('9d5786de-06a1-443e-9c0b-2a3dd7babfdb', 'b03c172d-3388-458c-8054-b6ad7db24e27', 'da273443-bae3-4781-ae4e-819d0c9d56a6', 25, 'completed', '2026-03-03T21:43:00.000Z');
INSERT INTO order_items (id, order_id, product_id, quantity, unit_price, subtotal, created_at) 
                      VALUES ('6ba512da-d37b-49ec-aca7-86f05c1187ff', '9d5786de-06a1-443e-9c0b-2a3dd7babfdb', 'ea84c406-f235-4e9c-b061-71ed9401e63b', 1, 25, 25, '2026-03-03T21:43:00.000Z');
INSERT INTO orders (id, buyer_id, seller_id, total_amount, status, created_at) 
                      VALUES ('da3335c8-63dd-474b-831b-86b56c10aff8', '6c8c4ad9-70e8-48cb-9ce8-5d01c349ffcc', 'da273443-bae3-4781-ae4e-819d0c9d56a6', 25, 'completed', '2026-03-03T21:35:00.000Z');
INSERT INTO order_items (id, order_id, product_id, quantity, unit_price, subtotal, created_at) 
                      VALUES ('8b847e5a-5a2d-49bd-95ae-d6a0ed99a5f1', 'da3335c8-63dd-474b-831b-86b56c10aff8', 'ea84c406-f235-4e9c-b061-71ed9401e63b', 1, 25, 25, '2026-03-03T21:35:00.000Z');
INSERT INTO orders (id, buyer_id, seller_id, total_amount, status, created_at) 
                      VALUES ('3054b061-2129-4c4c-b3df-8093c1fae38c', '233694a0-da98-4b19-8640-7b99f406554e', 'da273443-bae3-4781-ae4e-819d0c9d56a6', 25, 'completed', '2026-03-03T16:54:00.000Z');
INSERT INTO order_items (id, order_id, product_id, quantity, unit_price, subtotal, created_at) 
                      VALUES ('59f20272-d92f-4704-b563-ca427bad1fbf', '3054b061-2129-4c4c-b3df-8093c1fae38c', 'ea84c406-f235-4e9c-b061-71ed9401e63b', 1, 25, 25, '2026-03-03T16:54:00.000Z');
INSERT INTO orders (id, buyer_id, seller_id, total_amount, status, created_at) 
                      VALUES ('2c856a5f-15b9-409c-8081-26e53d94040f', '1161fb73-809d-4954-a73a-738a9a1868f7', 'da273443-bae3-4781-ae4e-819d0c9d56a6', 25, 'completed', '2026-03-03T21:50:00.000Z');
INSERT INTO order_items (id, order_id, product_id, quantity, unit_price, subtotal, created_at) 
                      VALUES ('3c797573-d640-42f8-b7f0-0bf01dc146c2', '2c856a5f-15b9-409c-8081-26e53d94040f', 'ea84c406-f235-4e9c-b061-71ed9401e63b', 1, 25, 25, '2026-03-03T21:50:00.000Z');
INSERT INTO orders (id, buyer_id, seller_id, total_amount, status, created_at) 
                      VALUES ('74a70e22-5f0f-4f4e-83c1-efe2dcf9291e', '233694a0-da98-4b19-8640-7b99f406554e', 'da273443-bae3-4781-ae4e-819d0c9d56a6', 25, 'completed', '2026-03-03T16:29:00.000Z');
INSERT INTO order_items (id, order_id, product_id, quantity, unit_price, subtotal, created_at) 
                      VALUES ('3526e388-a540-4ae5-a784-b7c3da78da0e', '74a70e22-5f0f-4f4e-83c1-efe2dcf9291e', 'ea84c406-f235-4e9c-b061-71ed9401e63b', 1, 25, 25, '2026-03-03T16:29:00.000Z');
INSERT INTO audit_logs (id, action, user_id, description, level, created_at) 
                  VALUES ('3cb5d0b0-7024-495e-a35b-59df9c749870', 'USER_LOGIN', 'cdc7b576-3957-4e3f-9e87-6630e4ef1950', 'Vendedor inició sesión para jornada', 'info', '2026-03-03T14:09:00.000Z');
INSERT INTO daily_sales (id, seller_id, sale_date, total_investment, total_revenue, units_sold, units_lost, total_waste_cost, is_closed) 
                  VALUES ('16c6ff9b-7e29-4283-ab59-c37bfee94165', 'cdc7b576-3957-4e3f-9e87-6630e4ef1950', '2026-03-03', 250, 440, 8, 2, 50, true);
INSERT INTO sale_details (id, daily_sale_id, product_id, quantity_prepared, quantity_sold, quantity_lost, unit_cost, unit_price, waste_cost, waste_reason) 
                  VALUES ('0aaea562-09a4-4fb0-85d7-7d275acb820c', '16c6ff9b-7e29-4283-ab59-c37bfee94165', '49e54b55-6e07-407b-9dac-36e93e1f8aa2', 10, 8, 2, 25, 55, 50, 'expired');
INSERT INTO orders (id, buyer_id, seller_id, total_amount, status, created_at) 
                      VALUES ('a69794d3-8b8f-4f6b-93a6-67316ec5effb', '6c8c4ad9-70e8-48cb-9ce8-5d01c349ffcc', 'cdc7b576-3957-4e3f-9e87-6630e4ef1950', 55, 'completed', '2026-03-03T19:44:00.000Z');
INSERT INTO order_items (id, order_id, product_id, quantity, unit_price, subtotal, created_at) 
                      VALUES ('8953550c-9b1e-4081-8785-4432552f9faa', 'a69794d3-8b8f-4f6b-93a6-67316ec5effb', '49e54b55-6e07-407b-9dac-36e93e1f8aa2', 1, 55, 55, '2026-03-03T19:44:00.000Z');
INSERT INTO orders (id, buyer_id, seller_id, total_amount, status, created_at) 
                      VALUES ('1689fba8-8b57-436a-9642-163e537fe2ee', '1161fb73-809d-4954-a73a-738a9a1868f7', 'cdc7b576-3957-4e3f-9e87-6630e4ef1950', 55, 'completed', '2026-03-03T19:12:00.000Z');
INSERT INTO order_items (id, order_id, product_id, quantity, unit_price, subtotal, created_at) 
                      VALUES ('62fc2d86-4746-461d-ba8f-ad5b95ec3526', '1689fba8-8b57-436a-9642-163e537fe2ee', '49e54b55-6e07-407b-9dac-36e93e1f8aa2', 1, 55, 55, '2026-03-03T19:12:00.000Z');
INSERT INTO orders (id, buyer_id, seller_id, total_amount, status, created_at) 
                      VALUES ('5e451abd-7626-4980-89f5-2cf6c735a993', 'ac51e939-ec0b-40c3-b3e7-39711b12845a', 'cdc7b576-3957-4e3f-9e87-6630e4ef1950', 55, 'completed', '2026-03-03T21:09:00.000Z');
INSERT INTO order_items (id, order_id, product_id, quantity, unit_price, subtotal, created_at) 
                      VALUES ('a121cd83-6dc8-43a4-93e2-7654daebe161', '5e451abd-7626-4980-89f5-2cf6c735a993', '49e54b55-6e07-407b-9dac-36e93e1f8aa2', 1, 55, 55, '2026-03-03T21:09:00.000Z');
INSERT INTO orders (id, buyer_id, seller_id, total_amount, status, created_at) 
                      VALUES ('b1260eab-4b82-4ec9-8bb2-8c711e6b4902', '6c8c4ad9-70e8-48cb-9ce8-5d01c349ffcc', 'cdc7b576-3957-4e3f-9e87-6630e4ef1950', 55, 'completed', '2026-03-03T17:05:00.000Z');
INSERT INTO order_items (id, order_id, product_id, quantity, unit_price, subtotal, created_at) 
                      VALUES ('7fffe411-cb5a-4b3a-9f0e-8421a0867c49', 'b1260eab-4b82-4ec9-8bb2-8c711e6b4902', '49e54b55-6e07-407b-9dac-36e93e1f8aa2', 1, 55, 55, '2026-03-03T17:05:00.000Z');
INSERT INTO orders (id, buyer_id, seller_id, total_amount, status, created_at) 
                      VALUES ('db808da0-30f2-4868-bc1c-3c3fc34d5135', 'aa9e3c8c-e997-4408-ac68-6265851f972d', 'cdc7b576-3957-4e3f-9e87-6630e4ef1950', 55, 'completed', '2026-03-03T17:58:00.000Z');
INSERT INTO order_items (id, order_id, product_id, quantity, unit_price, subtotal, created_at) 
                      VALUES ('e5566d05-a58f-4040-87b3-f66e4ca86c2d', 'db808da0-30f2-4868-bc1c-3c3fc34d5135', '49e54b55-6e07-407b-9dac-36e93e1f8aa2', 1, 55, 55, '2026-03-03T17:58:00.000Z');
INSERT INTO orders (id, buyer_id, seller_id, total_amount, status, created_at) 
                      VALUES ('a854c872-6034-4c23-977e-8b796b0e6fc7', '6c8c4ad9-70e8-48cb-9ce8-5d01c349ffcc', 'cdc7b576-3957-4e3f-9e87-6630e4ef1950', 55, 'completed', '2026-03-03T21:25:00.000Z');
INSERT INTO order_items (id, order_id, product_id, quantity, unit_price, subtotal, created_at) 
                      VALUES ('01874977-c5a4-411a-ae4e-c5ef3be63e3b', 'a854c872-6034-4c23-977e-8b796b0e6fc7', '49e54b55-6e07-407b-9dac-36e93e1f8aa2', 1, 55, 55, '2026-03-03T21:25:00.000Z');
INSERT INTO orders (id, buyer_id, seller_id, total_amount, status, created_at) 
                      VALUES ('c2ce6670-bfce-4bdc-a657-6a6cec7553a4', '1161fb73-809d-4954-a73a-738a9a1868f7', 'cdc7b576-3957-4e3f-9e87-6630e4ef1950', 55, 'completed', '2026-03-03T18:39:00.000Z');
INSERT INTO order_items (id, order_id, product_id, quantity, unit_price, subtotal, created_at) 
                      VALUES ('216e9329-e45c-4122-8dc7-a36d9a3dbad7', 'c2ce6670-bfce-4bdc-a657-6a6cec7553a4', '49e54b55-6e07-407b-9dac-36e93e1f8aa2', 1, 55, 55, '2026-03-03T18:39:00.000Z');
INSERT INTO orders (id, buyer_id, seller_id, total_amount, status, created_at) 
                      VALUES ('2b778484-58e3-4c3e-b2f0-84957c2fe5e0', '233694a0-da98-4b19-8640-7b99f406554e', 'cdc7b576-3957-4e3f-9e87-6630e4ef1950', 55, 'completed', '2026-03-03T21:38:00.000Z');
INSERT INTO order_items (id, order_id, product_id, quantity, unit_price, subtotal, created_at) 
                      VALUES ('bdc74066-b002-4a68-bda8-cc9513b47a70', '2b778484-58e3-4c3e-b2f0-84957c2fe5e0', '49e54b55-6e07-407b-9dac-36e93e1f8aa2', 1, 55, 55, '2026-03-03T21:38:00.000Z');
INSERT INTO audit_logs (id, action, user_id, description, level, created_at) 
                  VALUES ('c32a604f-1200-4dd2-844e-be7a2f45c9a1', 'USER_LOGIN', '6adabb60-eed5-4dd0-b80c-41983dd81404', 'Vendedor inició sesión para jornada', 'info', '2026-03-04T14:12:00.000Z');
INSERT INTO daily_sales (id, seller_id, sale_date, total_investment, total_revenue, units_sold, units_lost, total_waste_cost, is_closed) 
                  VALUES ('f817718d-4600-4cc1-9edb-aebab28152b1', '6adabb60-eed5-4dd0-b80c-41983dd81404', '2026-03-04', 400, 750, 10, 0, 0, true);
INSERT INTO sale_details (id, daily_sale_id, product_id, quantity_prepared, quantity_sold, quantity_lost, unit_cost, unit_price, waste_cost, waste_reason) 
                  VALUES ('d4560e19-05da-47a1-ae22-bd4659e7f8f1', 'f817718d-4600-4cc1-9edb-aebab28152b1', 'cd4cb45a-05bc-4729-bb2a-06d122f369fc', 10, 10, 0, 40, 75, 0, 'expired');
INSERT INTO orders (id, buyer_id, seller_id, total_amount, status, created_at) 
                      VALUES ('f64dedda-932b-4c0d-9c24-99221ed0b4ad', 'aa9e3c8c-e997-4408-ac68-6265851f972d', '6adabb60-eed5-4dd0-b80c-41983dd81404', 75, 'completed', '2026-03-04T19:02:00.000Z');
INSERT INTO order_items (id, order_id, product_id, quantity, unit_price, subtotal, created_at) 
                      VALUES ('487a817a-36ae-44dd-ad9b-abcebf401956', 'f64dedda-932b-4c0d-9c24-99221ed0b4ad', 'cd4cb45a-05bc-4729-bb2a-06d122f369fc', 1, 75, 75, '2026-03-04T19:02:00.000Z');
INSERT INTO orders (id, buyer_id, seller_id, total_amount, status, created_at) 
                      VALUES ('339c55d3-af93-43c4-a97d-18bc1444f300', '233694a0-da98-4b19-8640-7b99f406554e', '6adabb60-eed5-4dd0-b80c-41983dd81404', 75, 'completed', '2026-03-04T20:23:00.000Z');
INSERT INTO order_items (id, order_id, product_id, quantity, unit_price, subtotal, created_at) 
                      VALUES ('d871b0de-e01f-4af0-a802-af86ccb8b05d', '339c55d3-af93-43c4-a97d-18bc1444f300', 'cd4cb45a-05bc-4729-bb2a-06d122f369fc', 1, 75, 75, '2026-03-04T20:23:00.000Z');
INSERT INTO orders (id, buyer_id, seller_id, total_amount, status, created_at) 
                      VALUES ('c69b77ae-1dbd-4d41-a114-dc6688028b89', '233694a0-da98-4b19-8640-7b99f406554e', '6adabb60-eed5-4dd0-b80c-41983dd81404', 75, 'completed', '2026-03-04T17:06:00.000Z');
INSERT INTO order_items (id, order_id, product_id, quantity, unit_price, subtotal, created_at) 
                      VALUES ('97c6cd9e-b64a-48db-a57e-fdd379d57fc0', 'c69b77ae-1dbd-4d41-a114-dc6688028b89', 'cd4cb45a-05bc-4729-bb2a-06d122f369fc', 1, 75, 75, '2026-03-04T17:06:00.000Z');
INSERT INTO orders (id, buyer_id, seller_id, total_amount, status, created_at) 
                      VALUES ('d08db6c9-945f-4082-8921-d50548215bf0', '1161fb73-809d-4954-a73a-738a9a1868f7', '6adabb60-eed5-4dd0-b80c-41983dd81404', 75, 'completed', '2026-03-04T18:47:00.000Z');
INSERT INTO order_items (id, order_id, product_id, quantity, unit_price, subtotal, created_at) 
                      VALUES ('e4f40f3e-927d-4540-bb49-8a8e01166cb8', 'd08db6c9-945f-4082-8921-d50548215bf0', 'cd4cb45a-05bc-4729-bb2a-06d122f369fc', 1, 75, 75, '2026-03-04T18:47:00.000Z');
INSERT INTO orders (id, buyer_id, seller_id, total_amount, status, created_at) 
                      VALUES ('e383f2a5-ada0-4f88-8e05-b01a73c100da', 'b03c172d-3388-458c-8054-b6ad7db24e27', '6adabb60-eed5-4dd0-b80c-41983dd81404', 75, 'completed', '2026-03-04T17:46:00.000Z');
INSERT INTO order_items (id, order_id, product_id, quantity, unit_price, subtotal, created_at) 
                      VALUES ('03c1727b-2017-4267-8c75-7b398d87c45e', 'e383f2a5-ada0-4f88-8e05-b01a73c100da', 'cd4cb45a-05bc-4729-bb2a-06d122f369fc', 1, 75, 75, '2026-03-04T17:46:00.000Z');
INSERT INTO orders (id, buyer_id, seller_id, total_amount, status, created_at) 
                      VALUES ('e54ececa-73de-45c0-8ac6-d9f114396744', 'b03c172d-3388-458c-8054-b6ad7db24e27', '6adabb60-eed5-4dd0-b80c-41983dd81404', 75, 'completed', '2026-03-04T18:52:00.000Z');
INSERT INTO order_items (id, order_id, product_id, quantity, unit_price, subtotal, created_at) 
                      VALUES ('e650f4a2-9d9a-4faa-bb1d-0ee28dffd437', 'e54ececa-73de-45c0-8ac6-d9f114396744', 'cd4cb45a-05bc-4729-bb2a-06d122f369fc', 1, 75, 75, '2026-03-04T18:52:00.000Z');
INSERT INTO orders (id, buyer_id, seller_id, total_amount, status, created_at) 
                      VALUES ('3ee1e1ba-9d19-40ec-8299-9bdfbab6e187', 'ac51e939-ec0b-40c3-b3e7-39711b12845a', '6adabb60-eed5-4dd0-b80c-41983dd81404', 75, 'completed', '2026-03-04T21:15:00.000Z');
INSERT INTO order_items (id, order_id, product_id, quantity, unit_price, subtotal, created_at) 
                      VALUES ('6a698fa5-8bcb-4df0-b152-94685aa53886', '3ee1e1ba-9d19-40ec-8299-9bdfbab6e187', 'cd4cb45a-05bc-4729-bb2a-06d122f369fc', 1, 75, 75, '2026-03-04T21:15:00.000Z');
INSERT INTO orders (id, buyer_id, seller_id, total_amount, status, created_at) 
                      VALUES ('49aae26a-8b94-4cae-8624-e2cb609cd7cb', '79768ab4-b021-418b-bf3c-0dd52f857b65', '6adabb60-eed5-4dd0-b80c-41983dd81404', 75, 'completed', '2026-03-04T20:27:00.000Z');
INSERT INTO order_items (id, order_id, product_id, quantity, unit_price, subtotal, created_at) 
                      VALUES ('7e37099a-cd9a-4586-b87e-92d47835db6f', '49aae26a-8b94-4cae-8624-e2cb609cd7cb', 'cd4cb45a-05bc-4729-bb2a-06d122f369fc', 1, 75, 75, '2026-03-04T20:27:00.000Z');
INSERT INTO orders (id, buyer_id, seller_id, total_amount, status, created_at) 
                      VALUES ('b6fb8ec7-1b07-45b0-9f00-7018e69e1222', 'ac51e939-ec0b-40c3-b3e7-39711b12845a', '6adabb60-eed5-4dd0-b80c-41983dd81404', 75, 'completed', '2026-03-04T16:30:00.000Z');
INSERT INTO order_items (id, order_id, product_id, quantity, unit_price, subtotal, created_at) 
                      VALUES ('6e39cda4-2996-4a1c-b533-564ae82a8c72', 'b6fb8ec7-1b07-45b0-9f00-7018e69e1222', 'cd4cb45a-05bc-4729-bb2a-06d122f369fc', 1, 75, 75, '2026-03-04T16:30:00.000Z');
INSERT INTO orders (id, buyer_id, seller_id, total_amount, status, created_at) 
                      VALUES ('aeafbc93-4eca-41ef-8621-540ce17282b7', '1161fb73-809d-4954-a73a-738a9a1868f7', '6adabb60-eed5-4dd0-b80c-41983dd81404', 75, 'completed', '2026-03-04T21:37:00.000Z');
INSERT INTO order_items (id, order_id, product_id, quantity, unit_price, subtotal, created_at) 
                      VALUES ('b419cd8b-983f-4cf9-8f02-3d139d9036bc', 'aeafbc93-4eca-41ef-8621-540ce17282b7', 'cd4cb45a-05bc-4729-bb2a-06d122f369fc', 1, 75, 75, '2026-03-04T21:37:00.000Z');
INSERT INTO audit_logs (id, action, user_id, description, level, created_at) 
                  VALUES ('585e4fd4-14a1-42d9-8cbb-6f2040ea5993', 'USER_LOGIN', '5f552e5d-c288-453c-a685-b287e1c0c64a', 'Vendedor inició sesión para jornada', 'info', '2026-03-04T14:18:00.000Z');
INSERT INTO daily_sales (id, seller_id, sale_date, total_investment, total_revenue, units_sold, units_lost, total_waste_cost, is_closed) 
                  VALUES ('ab2ba6c4-72f2-4e53-b5ce-7fb7cace1902', '5f552e5d-c288-453c-a685-b287e1c0c64a', '2026-03-04', 260, 585, 13, 0, 0, true);
INSERT INTO sale_details (id, daily_sale_id, product_id, quantity_prepared, quantity_sold, quantity_lost, unit_cost, unit_price, waste_cost, waste_reason) 
                  VALUES ('a3a4c8fd-19b8-49fc-90a3-31b23bfa3609', 'ab2ba6c4-72f2-4e53-b5ce-7fb7cace1902', '90ccc3f8-627a-4af7-aab2-9c7967c2f50d', 13, 13, 0, 20, 45, 0, 'expired');
INSERT INTO orders (id, buyer_id, seller_id, total_amount, status, created_at) 
                      VALUES ('661218e2-6fe2-402b-906a-8484c8c7fe14', '233694a0-da98-4b19-8640-7b99f406554e', '5f552e5d-c288-453c-a685-b287e1c0c64a', 45, 'completed', '2026-03-04T18:52:00.000Z');
INSERT INTO order_items (id, order_id, product_id, quantity, unit_price, subtotal, created_at) 
                      VALUES ('42550eb1-2149-47bd-9951-b57815e61460', '661218e2-6fe2-402b-906a-8484c8c7fe14', '90ccc3f8-627a-4af7-aab2-9c7967c2f50d', 1, 45, 45, '2026-03-04T18:52:00.000Z');
INSERT INTO orders (id, buyer_id, seller_id, total_amount, status, created_at) 
                      VALUES ('968d3b16-0788-45a4-8f8b-2ad6841b7248', '79768ab4-b021-418b-bf3c-0dd52f857b65', '5f552e5d-c288-453c-a685-b287e1c0c64a', 45, 'completed', '2026-03-04T21:23:00.000Z');
INSERT INTO order_items (id, order_id, product_id, quantity, unit_price, subtotal, created_at) 
                      VALUES ('f58581a6-bbe8-423c-8e6a-8f7047e4e8ca', '968d3b16-0788-45a4-8f8b-2ad6841b7248', '90ccc3f8-627a-4af7-aab2-9c7967c2f50d', 1, 45, 45, '2026-03-04T21:23:00.000Z');
INSERT INTO orders (id, buyer_id, seller_id, total_amount, status, created_at) 
                      VALUES ('57c116da-4c02-4548-86b9-0fc0a05b49f7', 'b03c172d-3388-458c-8054-b6ad7db24e27', '5f552e5d-c288-453c-a685-b287e1c0c64a', 45, 'completed', '2026-03-04T21:46:00.000Z');
INSERT INTO order_items (id, order_id, product_id, quantity, unit_price, subtotal, created_at) 
                      VALUES ('8dd1d27a-9816-4aad-a89a-106d5a62caf7', '57c116da-4c02-4548-86b9-0fc0a05b49f7', '90ccc3f8-627a-4af7-aab2-9c7967c2f50d', 1, 45, 45, '2026-03-04T21:46:00.000Z');
INSERT INTO orders (id, buyer_id, seller_id, total_amount, status, created_at) 
                      VALUES ('3f456a7a-6e42-49ea-88bd-aabdf97ab916', '233694a0-da98-4b19-8640-7b99f406554e', '5f552e5d-c288-453c-a685-b287e1c0c64a', 45, 'completed', '2026-03-04T18:41:00.000Z');
INSERT INTO order_items (id, order_id, product_id, quantity, unit_price, subtotal, created_at) 
                      VALUES ('e0cc6d93-b5a2-43eb-ae53-814aa35e8f83', '3f456a7a-6e42-49ea-88bd-aabdf97ab916', '90ccc3f8-627a-4af7-aab2-9c7967c2f50d', 1, 45, 45, '2026-03-04T18:41:00.000Z');
INSERT INTO orders (id, buyer_id, seller_id, total_amount, status, created_at) 
                      VALUES ('85e8d927-e80a-4a8a-9f7e-1cd5d1576dde', '233694a0-da98-4b19-8640-7b99f406554e', '5f552e5d-c288-453c-a685-b287e1c0c64a', 45, 'completed', '2026-03-04T18:16:00.000Z');
INSERT INTO order_items (id, order_id, product_id, quantity, unit_price, subtotal, created_at) 
                      VALUES ('83173e64-4bfc-4351-87b3-72c7238262b0', '85e8d927-e80a-4a8a-9f7e-1cd5d1576dde', '90ccc3f8-627a-4af7-aab2-9c7967c2f50d', 1, 45, 45, '2026-03-04T18:16:00.000Z');
INSERT INTO orders (id, buyer_id, seller_id, total_amount, status, created_at) 
                      VALUES ('cf24af58-4cde-4276-ab35-8acfcb609ccf', 'ac51e939-ec0b-40c3-b3e7-39711b12845a', '5f552e5d-c288-453c-a685-b287e1c0c64a', 45, 'completed', '2026-03-04T17:55:00.000Z');
INSERT INTO order_items (id, order_id, product_id, quantity, unit_price, subtotal, created_at) 
                      VALUES ('e6f7f442-6fa5-4910-9de2-c1a0b86491f9', 'cf24af58-4cde-4276-ab35-8acfcb609ccf', '90ccc3f8-627a-4af7-aab2-9c7967c2f50d', 1, 45, 45, '2026-03-04T17:55:00.000Z');
INSERT INTO orders (id, buyer_id, seller_id, total_amount, status, created_at) 
                      VALUES ('0476af1f-dca7-49e9-bc31-33895f35ba26', 'b03c172d-3388-458c-8054-b6ad7db24e27', '5f552e5d-c288-453c-a685-b287e1c0c64a', 45, 'completed', '2026-03-04T21:59:00.000Z');
INSERT INTO order_items (id, order_id, product_id, quantity, unit_price, subtotal, created_at) 
                      VALUES ('97a56bb0-a39b-461f-8120-128a4259f2d2', '0476af1f-dca7-49e9-bc31-33895f35ba26', '90ccc3f8-627a-4af7-aab2-9c7967c2f50d', 1, 45, 45, '2026-03-04T21:59:00.000Z');
INSERT INTO orders (id, buyer_id, seller_id, total_amount, status, created_at) 
                      VALUES ('8fb85e0f-5472-4b65-ac34-435122befe94', 'ac51e939-ec0b-40c3-b3e7-39711b12845a', '5f552e5d-c288-453c-a685-b287e1c0c64a', 45, 'completed', '2026-03-04T16:21:00.000Z');
INSERT INTO order_items (id, order_id, product_id, quantity, unit_price, subtotal, created_at) 
                      VALUES ('f604842c-849a-4522-8534-2fbc7db8571a', '8fb85e0f-5472-4b65-ac34-435122befe94', '90ccc3f8-627a-4af7-aab2-9c7967c2f50d', 1, 45, 45, '2026-03-04T16:21:00.000Z');
INSERT INTO orders (id, buyer_id, seller_id, total_amount, status, created_at) 
                      VALUES ('aa0e934c-894d-4657-9691-117bb8a9bfea', '233694a0-da98-4b19-8640-7b99f406554e', '5f552e5d-c288-453c-a685-b287e1c0c64a', 45, 'completed', '2026-03-04T16:33:00.000Z');
INSERT INTO order_items (id, order_id, product_id, quantity, unit_price, subtotal, created_at) 
                      VALUES ('0eb58242-a336-49be-b945-06d4671b4646', 'aa0e934c-894d-4657-9691-117bb8a9bfea', '90ccc3f8-627a-4af7-aab2-9c7967c2f50d', 1, 45, 45, '2026-03-04T16:33:00.000Z');
INSERT INTO orders (id, buyer_id, seller_id, total_amount, status, created_at) 
                      VALUES ('948dbb71-fd6b-465c-bbb8-bfcf3ab9fb08', 'b03c172d-3388-458c-8054-b6ad7db24e27', '5f552e5d-c288-453c-a685-b287e1c0c64a', 45, 'completed', '2026-03-04T20:33:00.000Z');
INSERT INTO order_items (id, order_id, product_id, quantity, unit_price, subtotal, created_at) 
                      VALUES ('ac2f08b1-3cb0-4222-890d-1031843acbe8', '948dbb71-fd6b-465c-bbb8-bfcf3ab9fb08', '90ccc3f8-627a-4af7-aab2-9c7967c2f50d', 1, 45, 45, '2026-03-04T20:33:00.000Z');
INSERT INTO orders (id, buyer_id, seller_id, total_amount, status, created_at) 
                      VALUES ('1ea728b0-1ec9-405b-843c-d8c75d26dc68', '79768ab4-b021-418b-bf3c-0dd52f857b65', '5f552e5d-c288-453c-a685-b287e1c0c64a', 45, 'completed', '2026-03-04T20:15:00.000Z');
INSERT INTO order_items (id, order_id, product_id, quantity, unit_price, subtotal, created_at) 
                      VALUES ('a3e5a8a0-c841-487c-afd9-de7e6ed0ae56', '1ea728b0-1ec9-405b-843c-d8c75d26dc68', '90ccc3f8-627a-4af7-aab2-9c7967c2f50d', 1, 45, 45, '2026-03-04T20:15:00.000Z');
INSERT INTO orders (id, buyer_id, seller_id, total_amount, status, created_at) 
                      VALUES ('e9668549-f081-4b54-94a1-dae3c4a6f2fd', '233694a0-da98-4b19-8640-7b99f406554e', '5f552e5d-c288-453c-a685-b287e1c0c64a', 45, 'completed', '2026-03-04T18:31:00.000Z');
INSERT INTO order_items (id, order_id, product_id, quantity, unit_price, subtotal, created_at) 
                      VALUES ('2135a36e-bb80-4630-9896-d6d1a54600dd', 'e9668549-f081-4b54-94a1-dae3c4a6f2fd', '90ccc3f8-627a-4af7-aab2-9c7967c2f50d', 1, 45, 45, '2026-03-04T18:31:00.000Z');
INSERT INTO orders (id, buyer_id, seller_id, total_amount, status, created_at) 
                      VALUES ('da970f25-e999-4e13-9c75-110e373fed87', '1161fb73-809d-4954-a73a-738a9a1868f7', '5f552e5d-c288-453c-a685-b287e1c0c64a', 45, 'completed', '2026-03-04T17:54:00.000Z');
INSERT INTO order_items (id, order_id, product_id, quantity, unit_price, subtotal, created_at) 
                      VALUES ('6fb176b3-1a4f-465a-aaa4-9eb4cfa1aeb7', 'da970f25-e999-4e13-9c75-110e373fed87', '90ccc3f8-627a-4af7-aab2-9c7967c2f50d', 1, 45, 45, '2026-03-04T17:54:00.000Z');
INSERT INTO audit_logs (id, action, user_id, description, level, created_at) 
                  VALUES ('ae0f64ec-1463-4486-b04d-b2c223e9561e', 'USER_LOGIN', '522afd0e-5b6f-4f57-be80-46fd79ba12db', 'Vendedor inició sesión para jornada', 'info', '2026-03-04T14:20:00.000Z');
INSERT INTO daily_sales (id, seller_id, sale_date, total_investment, total_revenue, units_sold, units_lost, total_waste_cost, is_closed) 
                  VALUES ('d952eef4-231f-44d0-80a9-abfcf1451359', '522afd0e-5b6f-4f57-be80-46fd79ba12db', '2026-03-04', 144, 360, 12, 0, 0, true);
INSERT INTO sale_details (id, daily_sale_id, product_id, quantity_prepared, quantity_sold, quantity_lost, unit_cost, unit_price, waste_cost, waste_reason) 
                  VALUES ('25331d25-6dbc-495c-b7d1-59e69236a82a', 'd952eef4-231f-44d0-80a9-abfcf1451359', 'c865d401-6592-418d-98d5-1aa633799680', 12, 12, 0, 12, 30, 0, 'expired');
INSERT INTO orders (id, buyer_id, seller_id, total_amount, status, created_at) 
                      VALUES ('cc6551ca-d86c-4120-a33a-484b177baa3d', '233694a0-da98-4b19-8640-7b99f406554e', '522afd0e-5b6f-4f57-be80-46fd79ba12db', 30, 'completed', '2026-03-04T19:49:00.000Z');
INSERT INTO order_items (id, order_id, product_id, quantity, unit_price, subtotal, created_at) 
                      VALUES ('b45f0dd9-1a79-4134-8686-bb00dbe3e208', 'cc6551ca-d86c-4120-a33a-484b177baa3d', 'c865d401-6592-418d-98d5-1aa633799680', 1, 30, 30, '2026-03-04T19:49:00.000Z');
INSERT INTO orders (id, buyer_id, seller_id, total_amount, status, created_at) 
                      VALUES ('0150c450-22d2-496d-af6f-2ec62a879ff8', 'ac51e939-ec0b-40c3-b3e7-39711b12845a', '522afd0e-5b6f-4f57-be80-46fd79ba12db', 30, 'completed', '2026-03-04T18:42:00.000Z');
INSERT INTO order_items (id, order_id, product_id, quantity, unit_price, subtotal, created_at) 
                      VALUES ('d86c7db4-b6d1-4fca-86fb-68212301c164', '0150c450-22d2-496d-af6f-2ec62a879ff8', 'c865d401-6592-418d-98d5-1aa633799680', 1, 30, 30, '2026-03-04T18:42:00.000Z');
INSERT INTO orders (id, buyer_id, seller_id, total_amount, status, created_at) 
                      VALUES ('a9ddd720-3c20-41bf-84de-eb50b04353fc', 'b03c172d-3388-458c-8054-b6ad7db24e27', '522afd0e-5b6f-4f57-be80-46fd79ba12db', 30, 'completed', '2026-03-04T21:47:00.000Z');
INSERT INTO order_items (id, order_id, product_id, quantity, unit_price, subtotal, created_at) 
                      VALUES ('59b120c4-bce2-4ec2-a9b9-fbf617699879', 'a9ddd720-3c20-41bf-84de-eb50b04353fc', 'c865d401-6592-418d-98d5-1aa633799680', 1, 30, 30, '2026-03-04T21:47:00.000Z');
INSERT INTO orders (id, buyer_id, seller_id, total_amount, status, created_at) 
                      VALUES ('0ff9855a-7bf7-4273-879d-3041a3bb7413', '79768ab4-b021-418b-bf3c-0dd52f857b65', '522afd0e-5b6f-4f57-be80-46fd79ba12db', 30, 'completed', '2026-03-04T17:12:00.000Z');
INSERT INTO order_items (id, order_id, product_id, quantity, unit_price, subtotal, created_at) 
                      VALUES ('dc4ac2c1-5609-44c3-bb5d-303592eec338', '0ff9855a-7bf7-4273-879d-3041a3bb7413', 'c865d401-6592-418d-98d5-1aa633799680', 1, 30, 30, '2026-03-04T17:12:00.000Z');
INSERT INTO orders (id, buyer_id, seller_id, total_amount, status, created_at) 
                      VALUES ('79956caa-8bea-4665-9bf0-f47c35bc2fd6', 'aa9e3c8c-e997-4408-ac68-6265851f972d', '522afd0e-5b6f-4f57-be80-46fd79ba12db', 30, 'completed', '2026-03-04T19:22:00.000Z');
INSERT INTO order_items (id, order_id, product_id, quantity, unit_price, subtotal, created_at) 
                      VALUES ('c3792127-af46-4da5-96d9-f428ba01905d', '79956caa-8bea-4665-9bf0-f47c35bc2fd6', 'c865d401-6592-418d-98d5-1aa633799680', 1, 30, 30, '2026-03-04T19:22:00.000Z');
INSERT INTO orders (id, buyer_id, seller_id, total_amount, status, created_at) 
                      VALUES ('f82bf88e-5194-4656-8d7c-db52b3749f60', '1161fb73-809d-4954-a73a-738a9a1868f7', '522afd0e-5b6f-4f57-be80-46fd79ba12db', 30, 'completed', '2026-03-04T18:04:00.000Z');
INSERT INTO order_items (id, order_id, product_id, quantity, unit_price, subtotal, created_at) 
                      VALUES ('36f434d2-8e9d-4b8f-a0eb-8b5b167ec147', 'f82bf88e-5194-4656-8d7c-db52b3749f60', 'c865d401-6592-418d-98d5-1aa633799680', 1, 30, 30, '2026-03-04T18:04:00.000Z');
INSERT INTO orders (id, buyer_id, seller_id, total_amount, status, created_at) 
                      VALUES ('e8ec3741-b168-4f1a-8d6f-d842987d553c', 'b03c172d-3388-458c-8054-b6ad7db24e27', '522afd0e-5b6f-4f57-be80-46fd79ba12db', 30, 'completed', '2026-03-04T16:11:00.000Z');
INSERT INTO order_items (id, order_id, product_id, quantity, unit_price, subtotal, created_at) 
                      VALUES ('5f275595-977a-4545-94bf-e8635c24459d', 'e8ec3741-b168-4f1a-8d6f-d842987d553c', 'c865d401-6592-418d-98d5-1aa633799680', 1, 30, 30, '2026-03-04T16:11:00.000Z');
INSERT INTO orders (id, buyer_id, seller_id, total_amount, status, created_at) 
                      VALUES ('e4464ebb-f22e-4ac7-84c4-7c02d1d922fc', '233694a0-da98-4b19-8640-7b99f406554e', '522afd0e-5b6f-4f57-be80-46fd79ba12db', 30, 'completed', '2026-03-04T19:54:00.000Z');
INSERT INTO order_items (id, order_id, product_id, quantity, unit_price, subtotal, created_at) 
                      VALUES ('37de80e2-2f89-4430-8ebe-a75988be2cf2', 'e4464ebb-f22e-4ac7-84c4-7c02d1d922fc', 'c865d401-6592-418d-98d5-1aa633799680', 1, 30, 30, '2026-03-04T19:54:00.000Z');
INSERT INTO orders (id, buyer_id, seller_id, total_amount, status, created_at) 
                      VALUES ('c6a75cf0-47e2-4e6c-8060-5ced2e741284', 'aa9e3c8c-e997-4408-ac68-6265851f972d', '522afd0e-5b6f-4f57-be80-46fd79ba12db', 30, 'completed', '2026-03-04T21:07:00.000Z');
INSERT INTO order_items (id, order_id, product_id, quantity, unit_price, subtotal, created_at) 
                      VALUES ('5cc4443e-2de6-4e2a-a169-69fdf5cc9a5d', 'c6a75cf0-47e2-4e6c-8060-5ced2e741284', 'c865d401-6592-418d-98d5-1aa633799680', 1, 30, 30, '2026-03-04T21:07:00.000Z');
INSERT INTO orders (id, buyer_id, seller_id, total_amount, status, created_at) 
                      VALUES ('5bdcf322-1907-4dfb-b4fb-ba489052f1da', '6c8c4ad9-70e8-48cb-9ce8-5d01c349ffcc', '522afd0e-5b6f-4f57-be80-46fd79ba12db', 30, 'completed', '2026-03-04T21:04:00.000Z');
INSERT INTO order_items (id, order_id, product_id, quantity, unit_price, subtotal, created_at) 
                      VALUES ('fff1fd59-8658-4a2d-ab13-49705de54320', '5bdcf322-1907-4dfb-b4fb-ba489052f1da', 'c865d401-6592-418d-98d5-1aa633799680', 1, 30, 30, '2026-03-04T21:04:00.000Z');
INSERT INTO orders (id, buyer_id, seller_id, total_amount, status, created_at) 
                      VALUES ('00504836-77e9-4934-95eb-1a874d26ba1f', 'b03c172d-3388-458c-8054-b6ad7db24e27', '522afd0e-5b6f-4f57-be80-46fd79ba12db', 30, 'completed', '2026-03-04T16:09:00.000Z');
INSERT INTO order_items (id, order_id, product_id, quantity, unit_price, subtotal, created_at) 
                      VALUES ('8042ae41-0ba4-41fd-81bc-fcbc09c6b4ef', '00504836-77e9-4934-95eb-1a874d26ba1f', 'c865d401-6592-418d-98d5-1aa633799680', 1, 30, 30, '2026-03-04T16:09:00.000Z');
INSERT INTO orders (id, buyer_id, seller_id, total_amount, status, created_at) 
                      VALUES ('444b9891-8b66-4855-beaf-bdf42cccb4b7', '1161fb73-809d-4954-a73a-738a9a1868f7', '522afd0e-5b6f-4f57-be80-46fd79ba12db', 30, 'completed', '2026-03-04T18:10:00.000Z');
INSERT INTO order_items (id, order_id, product_id, quantity, unit_price, subtotal, created_at) 
                      VALUES ('0bedc37b-1caa-42c3-9643-48970c59c176', '444b9891-8b66-4855-beaf-bdf42cccb4b7', 'c865d401-6592-418d-98d5-1aa633799680', 1, 30, 30, '2026-03-04T18:10:00.000Z');
INSERT INTO audit_logs (id, action, user_id, description, level, created_at) 
                  VALUES ('4f666ead-7411-4487-9aa6-e5a0a1268855', 'USER_LOGIN', 'da273443-bae3-4781-ae4e-819d0c9d56a6', 'Vendedor inició sesión para jornada', 'info', '2026-03-04T14:22:00.000Z');
INSERT INTO daily_sales (id, seller_id, sale_date, total_investment, total_revenue, units_sold, units_lost, total_waste_cost, is_closed) 
                  VALUES ('1a66dd23-7f2b-4f7e-b9c5-cb5b6fa7826f', 'da273443-bae3-4781-ae4e-819d0c9d56a6', '2026-03-04', 80, 225, 9, 1, 8, true);
INSERT INTO sale_details (id, daily_sale_id, product_id, quantity_prepared, quantity_sold, quantity_lost, unit_cost, unit_price, waste_cost, waste_reason) 
                  VALUES ('661027e8-0f10-4f27-8642-0325c048b429', '1a66dd23-7f2b-4f7e-b9c5-cb5b6fa7826f', 'ea84c406-f235-4e9c-b061-71ed9401e63b', 10, 9, 1, 8, 25, 8, 'expired');
INSERT INTO orders (id, buyer_id, seller_id, total_amount, status, created_at) 
                      VALUES ('1661db88-0148-46ad-8784-260f6b6141c8', 'aa9e3c8c-e997-4408-ac68-6265851f972d', 'da273443-bae3-4781-ae4e-819d0c9d56a6', 25, 'completed', '2026-03-04T21:41:00.000Z');
INSERT INTO order_items (id, order_id, product_id, quantity, unit_price, subtotal, created_at) 
                      VALUES ('c43ae6e3-87f4-455f-88a1-7c4bc01ce405', '1661db88-0148-46ad-8784-260f6b6141c8', 'ea84c406-f235-4e9c-b061-71ed9401e63b', 1, 25, 25, '2026-03-04T21:41:00.000Z');
INSERT INTO orders (id, buyer_id, seller_id, total_amount, status, created_at) 
                      VALUES ('e66f316d-7dcd-4cce-a8c7-5f98dcfdf444', '1161fb73-809d-4954-a73a-738a9a1868f7', 'da273443-bae3-4781-ae4e-819d0c9d56a6', 25, 'completed', '2026-03-04T20:43:00.000Z');
INSERT INTO order_items (id, order_id, product_id, quantity, unit_price, subtotal, created_at) 
                      VALUES ('a3f62b89-c7ae-46f3-b550-ba8f30af8a89', 'e66f316d-7dcd-4cce-a8c7-5f98dcfdf444', 'ea84c406-f235-4e9c-b061-71ed9401e63b', 1, 25, 25, '2026-03-04T20:43:00.000Z');
INSERT INTO orders (id, buyer_id, seller_id, total_amount, status, created_at) 
                      VALUES ('0e67435d-a6eb-4a2d-b4f8-4e3ed632bc79', 'ac51e939-ec0b-40c3-b3e7-39711b12845a', 'da273443-bae3-4781-ae4e-819d0c9d56a6', 25, 'completed', '2026-03-04T20:30:00.000Z');
INSERT INTO order_items (id, order_id, product_id, quantity, unit_price, subtotal, created_at) 
                      VALUES ('a439d796-ce35-4ab9-8543-28d32c6f3680', '0e67435d-a6eb-4a2d-b4f8-4e3ed632bc79', 'ea84c406-f235-4e9c-b061-71ed9401e63b', 1, 25, 25, '2026-03-04T20:30:00.000Z');
INSERT INTO orders (id, buyer_id, seller_id, total_amount, status, created_at) 
                      VALUES ('85d7e034-526b-44c5-9593-d7117eefc38a', 'ac51e939-ec0b-40c3-b3e7-39711b12845a', 'da273443-bae3-4781-ae4e-819d0c9d56a6', 25, 'completed', '2026-03-04T18:15:00.000Z');
INSERT INTO order_items (id, order_id, product_id, quantity, unit_price, subtotal, created_at) 
                      VALUES ('848112a6-2b5c-4425-b97a-3649f5c88c15', '85d7e034-526b-44c5-9593-d7117eefc38a', 'ea84c406-f235-4e9c-b061-71ed9401e63b', 1, 25, 25, '2026-03-04T18:15:00.000Z');
INSERT INTO orders (id, buyer_id, seller_id, total_amount, status, created_at) 
                      VALUES ('fbdf1166-157d-4019-8bb0-f070bffadbab', '6c8c4ad9-70e8-48cb-9ce8-5d01c349ffcc', 'da273443-bae3-4781-ae4e-819d0c9d56a6', 25, 'completed', '2026-03-04T17:31:00.000Z');
INSERT INTO order_items (id, order_id, product_id, quantity, unit_price, subtotal, created_at) 
                      VALUES ('1c35bbad-758b-4391-b581-b82f83b8952d', 'fbdf1166-157d-4019-8bb0-f070bffadbab', 'ea84c406-f235-4e9c-b061-71ed9401e63b', 1, 25, 25, '2026-03-04T17:31:00.000Z');
INSERT INTO orders (id, buyer_id, seller_id, total_amount, status, created_at) 
                      VALUES ('ef9e7eba-7645-4237-940b-2b45fefc21c9', '79768ab4-b021-418b-bf3c-0dd52f857b65', 'da273443-bae3-4781-ae4e-819d0c9d56a6', 25, 'completed', '2026-03-04T17:42:00.000Z');
INSERT INTO order_items (id, order_id, product_id, quantity, unit_price, subtotal, created_at) 
                      VALUES ('89f9c42f-1635-4798-a39e-60a0fa0d9c15', 'ef9e7eba-7645-4237-940b-2b45fefc21c9', 'ea84c406-f235-4e9c-b061-71ed9401e63b', 1, 25, 25, '2026-03-04T17:42:00.000Z');
INSERT INTO orders (id, buyer_id, seller_id, total_amount, status, created_at) 
                      VALUES ('4a6ab34e-73eb-4b1e-a11c-dec0e15b88cd', 'aa9e3c8c-e997-4408-ac68-6265851f972d', 'da273443-bae3-4781-ae4e-819d0c9d56a6', 25, 'completed', '2026-03-04T21:42:00.000Z');
INSERT INTO order_items (id, order_id, product_id, quantity, unit_price, subtotal, created_at) 
                      VALUES ('f1c53eae-91a6-4544-b186-338f6652a39d', '4a6ab34e-73eb-4b1e-a11c-dec0e15b88cd', 'ea84c406-f235-4e9c-b061-71ed9401e63b', 1, 25, 25, '2026-03-04T21:42:00.000Z');
INSERT INTO orders (id, buyer_id, seller_id, total_amount, status, created_at) 
                      VALUES ('40ee9de0-c693-42c8-ae77-888f0836186b', 'ac51e939-ec0b-40c3-b3e7-39711b12845a', 'da273443-bae3-4781-ae4e-819d0c9d56a6', 25, 'completed', '2026-03-04T17:43:00.000Z');
INSERT INTO order_items (id, order_id, product_id, quantity, unit_price, subtotal, created_at) 
                      VALUES ('262de1e3-4393-4cad-a450-79c4a856fda8', '40ee9de0-c693-42c8-ae77-888f0836186b', 'ea84c406-f235-4e9c-b061-71ed9401e63b', 1, 25, 25, '2026-03-04T17:43:00.000Z');
INSERT INTO orders (id, buyer_id, seller_id, total_amount, status, created_at) 
                      VALUES ('7b35b229-b071-4c6f-9f5b-fad844369959', '79768ab4-b021-418b-bf3c-0dd52f857b65', 'da273443-bae3-4781-ae4e-819d0c9d56a6', 25, 'completed', '2026-03-04T16:33:00.000Z');
INSERT INTO order_items (id, order_id, product_id, quantity, unit_price, subtotal, created_at) 
                      VALUES ('0c03f689-dd8c-44e3-80f9-9dcd3d9ba385', '7b35b229-b071-4c6f-9f5b-fad844369959', 'ea84c406-f235-4e9c-b061-71ed9401e63b', 1, 25, 25, '2026-03-04T16:33:00.000Z');
INSERT INTO audit_logs (id, action, user_id, description, level, created_at) 
                  VALUES ('b6a8ac3e-440b-496c-9c37-f442f37ee643', 'USER_LOGIN', 'cdc7b576-3957-4e3f-9e87-6630e4ef1950', 'Vendedor inició sesión para jornada', 'info', '2026-03-04T14:04:00.000Z');
INSERT INTO daily_sales (id, seller_id, sale_date, total_investment, total_revenue, units_sold, units_lost, total_waste_cost, is_closed) 
                  VALUES ('91273aad-ad4b-4e0a-b30e-afa0d9d29079', 'cdc7b576-3957-4e3f-9e87-6630e4ef1950', '2026-03-04', 350, 660, 12, 2, 50, true);
INSERT INTO sale_details (id, daily_sale_id, product_id, quantity_prepared, quantity_sold, quantity_lost, unit_cost, unit_price, waste_cost, waste_reason) 
                  VALUES ('19c1a423-b534-42ad-9d77-8e27fcca7b3b', '91273aad-ad4b-4e0a-b30e-afa0d9d29079', '49e54b55-6e07-407b-9dac-36e93e1f8aa2', 14, 12, 2, 25, 55, 50, 'expired');
INSERT INTO orders (id, buyer_id, seller_id, total_amount, status, created_at) 
                      VALUES ('c9da1b9b-6f87-435c-a679-195f1557289d', '79768ab4-b021-418b-bf3c-0dd52f857b65', 'cdc7b576-3957-4e3f-9e87-6630e4ef1950', 55, 'completed', '2026-03-04T16:58:00.000Z');
INSERT INTO order_items (id, order_id, product_id, quantity, unit_price, subtotal, created_at) 
                      VALUES ('b0e2f6b7-b56e-45a7-9ae0-f9482edff83e', 'c9da1b9b-6f87-435c-a679-195f1557289d', '49e54b55-6e07-407b-9dac-36e93e1f8aa2', 1, 55, 55, '2026-03-04T16:58:00.000Z');
INSERT INTO orders (id, buyer_id, seller_id, total_amount, status, created_at) 
                      VALUES ('2fce3787-eb32-409c-88d1-95c19ee8476f', 'aa9e3c8c-e997-4408-ac68-6265851f972d', 'cdc7b576-3957-4e3f-9e87-6630e4ef1950', 55, 'completed', '2026-03-04T18:42:00.000Z');
INSERT INTO order_items (id, order_id, product_id, quantity, unit_price, subtotal, created_at) 
                      VALUES ('620a82fa-f637-4cc0-96b8-2a840eaf2100', '2fce3787-eb32-409c-88d1-95c19ee8476f', '49e54b55-6e07-407b-9dac-36e93e1f8aa2', 1, 55, 55, '2026-03-04T18:42:00.000Z');
INSERT INTO orders (id, buyer_id, seller_id, total_amount, status, created_at) 
                      VALUES ('d126230a-c1dd-476d-836c-3a4a149c90f5', 'b03c172d-3388-458c-8054-b6ad7db24e27', 'cdc7b576-3957-4e3f-9e87-6630e4ef1950', 55, 'completed', '2026-03-04T16:50:00.000Z');
INSERT INTO order_items (id, order_id, product_id, quantity, unit_price, subtotal, created_at) 
                      VALUES ('196f6c79-40fc-4a37-a826-0d22b923ed95', 'd126230a-c1dd-476d-836c-3a4a149c90f5', '49e54b55-6e07-407b-9dac-36e93e1f8aa2', 1, 55, 55, '2026-03-04T16:50:00.000Z');
INSERT INTO orders (id, buyer_id, seller_id, total_amount, status, created_at) 
                      VALUES ('0327ffbb-5a38-4f5a-b24d-0f07b345d5ec', 'b03c172d-3388-458c-8054-b6ad7db24e27', 'cdc7b576-3957-4e3f-9e87-6630e4ef1950', 55, 'completed', '2026-03-04T17:18:00.000Z');
INSERT INTO order_items (id, order_id, product_id, quantity, unit_price, subtotal, created_at) 
                      VALUES ('c593f59c-a3b0-4f47-be9b-8b419d82d142', '0327ffbb-5a38-4f5a-b24d-0f07b345d5ec', '49e54b55-6e07-407b-9dac-36e93e1f8aa2', 1, 55, 55, '2026-03-04T17:18:00.000Z');
INSERT INTO orders (id, buyer_id, seller_id, total_amount, status, created_at) 
                      VALUES ('4d586ee5-1688-4d34-aad9-dc682f034cd6', '79768ab4-b021-418b-bf3c-0dd52f857b65', 'cdc7b576-3957-4e3f-9e87-6630e4ef1950', 55, 'completed', '2026-03-04T17:07:00.000Z');
INSERT INTO order_items (id, order_id, product_id, quantity, unit_price, subtotal, created_at) 
                      VALUES ('c12dfa91-df53-4bb8-b1e5-279e07d84b53', '4d586ee5-1688-4d34-aad9-dc682f034cd6', '49e54b55-6e07-407b-9dac-36e93e1f8aa2', 1, 55, 55, '2026-03-04T17:07:00.000Z');
INSERT INTO orders (id, buyer_id, seller_id, total_amount, status, created_at) 
                      VALUES ('d742f77f-4b0a-4e6f-9811-dcb3fc5d513a', '233694a0-da98-4b19-8640-7b99f406554e', 'cdc7b576-3957-4e3f-9e87-6630e4ef1950', 55, 'completed', '2026-03-04T16:01:00.000Z');
INSERT INTO order_items (id, order_id, product_id, quantity, unit_price, subtotal, created_at) 
                      VALUES ('1148123c-8fb4-48f2-bd84-774e3e1d4de1', 'd742f77f-4b0a-4e6f-9811-dcb3fc5d513a', '49e54b55-6e07-407b-9dac-36e93e1f8aa2', 1, 55, 55, '2026-03-04T16:01:00.000Z');
INSERT INTO orders (id, buyer_id, seller_id, total_amount, status, created_at) 
                      VALUES ('a0bf6d4f-1ff9-4423-9304-a90f19b225bd', 'aa9e3c8c-e997-4408-ac68-6265851f972d', 'cdc7b576-3957-4e3f-9e87-6630e4ef1950', 55, 'completed', '2026-03-04T19:55:00.000Z');
INSERT INTO order_items (id, order_id, product_id, quantity, unit_price, subtotal, created_at) 
                      VALUES ('e9ae089c-ae9b-41b1-b578-409c51c607bd', 'a0bf6d4f-1ff9-4423-9304-a90f19b225bd', '49e54b55-6e07-407b-9dac-36e93e1f8aa2', 1, 55, 55, '2026-03-04T19:55:00.000Z');
INSERT INTO orders (id, buyer_id, seller_id, total_amount, status, created_at) 
                      VALUES ('1916d38c-dd73-47f1-86b8-fae29144afee', '6c8c4ad9-70e8-48cb-9ce8-5d01c349ffcc', 'cdc7b576-3957-4e3f-9e87-6630e4ef1950', 55, 'completed', '2026-03-04T18:11:00.000Z');
INSERT INTO order_items (id, order_id, product_id, quantity, unit_price, subtotal, created_at) 
                      VALUES ('a701b9a2-a440-427f-8d2c-ad78d0fd7066', '1916d38c-dd73-47f1-86b8-fae29144afee', '49e54b55-6e07-407b-9dac-36e93e1f8aa2', 1, 55, 55, '2026-03-04T18:11:00.000Z');
INSERT INTO orders (id, buyer_id, seller_id, total_amount, status, created_at) 
                      VALUES ('75daa3df-5719-4d5e-877e-1cede8ee5177', 'ac51e939-ec0b-40c3-b3e7-39711b12845a', 'cdc7b576-3957-4e3f-9e87-6630e4ef1950', 55, 'completed', '2026-03-04T21:17:00.000Z');
INSERT INTO order_items (id, order_id, product_id, quantity, unit_price, subtotal, created_at) 
                      VALUES ('06f60059-ef07-4303-b08e-713e4089e309', '75daa3df-5719-4d5e-877e-1cede8ee5177', '49e54b55-6e07-407b-9dac-36e93e1f8aa2', 1, 55, 55, '2026-03-04T21:17:00.000Z');
INSERT INTO orders (id, buyer_id, seller_id, total_amount, status, created_at) 
                      VALUES ('372932b5-c030-4caa-bc07-7c37ec18442f', '1161fb73-809d-4954-a73a-738a9a1868f7', 'cdc7b576-3957-4e3f-9e87-6630e4ef1950', 55, 'completed', '2026-03-04T20:05:00.000Z');
INSERT INTO order_items (id, order_id, product_id, quantity, unit_price, subtotal, created_at) 
                      VALUES ('d7283605-49e1-43dc-842e-aba718a4b9cd', '372932b5-c030-4caa-bc07-7c37ec18442f', '49e54b55-6e07-407b-9dac-36e93e1f8aa2', 1, 55, 55, '2026-03-04T20:05:00.000Z');
INSERT INTO orders (id, buyer_id, seller_id, total_amount, status, created_at) 
                      VALUES ('4e595561-c837-4b88-9a59-025a0cc22bd5', '6c8c4ad9-70e8-48cb-9ce8-5d01c349ffcc', 'cdc7b576-3957-4e3f-9e87-6630e4ef1950', 55, 'completed', '2026-03-04T21:24:00.000Z');
INSERT INTO order_items (id, order_id, product_id, quantity, unit_price, subtotal, created_at) 
                      VALUES ('3d08061f-33aa-4c56-880d-1400c2e3228a', '4e595561-c837-4b88-9a59-025a0cc22bd5', '49e54b55-6e07-407b-9dac-36e93e1f8aa2', 1, 55, 55, '2026-03-04T21:24:00.000Z');
INSERT INTO orders (id, buyer_id, seller_id, total_amount, status, created_at) 
                      VALUES ('46988987-c520-42fa-bef2-e56583b61eb3', '6c8c4ad9-70e8-48cb-9ce8-5d01c349ffcc', 'cdc7b576-3957-4e3f-9e87-6630e4ef1950', 55, 'completed', '2026-03-04T17:13:00.000Z');
INSERT INTO order_items (id, order_id, product_id, quantity, unit_price, subtotal, created_at) 
                      VALUES ('f49d3bdb-3184-4ed0-b1b3-ea5f544c00a7', '46988987-c520-42fa-bef2-e56583b61eb3', '49e54b55-6e07-407b-9dac-36e93e1f8aa2', 1, 55, 55, '2026-03-04T17:13:00.000Z');
INSERT INTO audit_logs (id, action, user_id, description, level, created_at) 
                  VALUES ('c232c054-de2d-4ba3-8139-5795c2f36cdb', 'USER_LOGIN', '6adabb60-eed5-4dd0-b80c-41983dd81404', 'Vendedor inició sesión para jornada', 'info', '2026-03-05T14:18:00.000Z');
INSERT INTO daily_sales (id, seller_id, sale_date, total_investment, total_revenue, units_sold, units_lost, total_waste_cost, is_closed) 
                  VALUES ('eec8ce41-1ed2-477a-a0ce-5bc05ad4165f', '6adabb60-eed5-4dd0-b80c-41983dd81404', '2026-03-05', 440, 675, 9, 2, 80, true);
INSERT INTO sale_details (id, daily_sale_id, product_id, quantity_prepared, quantity_sold, quantity_lost, unit_cost, unit_price, waste_cost, waste_reason) 
                  VALUES ('e5b2c5ae-038c-4481-afed-8a768f493c91', 'eec8ce41-1ed2-477a-a0ce-5bc05ad4165f', 'cd4cb45a-05bc-4729-bb2a-06d122f369fc', 11, 9, 2, 40, 75, 80, 'expired');
INSERT INTO orders (id, buyer_id, seller_id, total_amount, status, created_at) 
                      VALUES ('5e646a2f-ba3b-4377-a0f8-d5c5f159d9f5', 'b03c172d-3388-458c-8054-b6ad7db24e27', '6adabb60-eed5-4dd0-b80c-41983dd81404', 75, 'completed', '2026-03-05T18:53:00.000Z');
INSERT INTO order_items (id, order_id, product_id, quantity, unit_price, subtotal, created_at) 
                      VALUES ('a32da3bd-d8db-421d-8924-8c1bb8acf6f5', '5e646a2f-ba3b-4377-a0f8-d5c5f159d9f5', 'cd4cb45a-05bc-4729-bb2a-06d122f369fc', 1, 75, 75, '2026-03-05T18:53:00.000Z');
INSERT INTO orders (id, buyer_id, seller_id, total_amount, status, created_at) 
                      VALUES ('b43f63d7-5c41-4b47-b706-21cc505f3497', 'aa9e3c8c-e997-4408-ac68-6265851f972d', '6adabb60-eed5-4dd0-b80c-41983dd81404', 75, 'completed', '2026-03-05T16:53:00.000Z');
INSERT INTO order_items (id, order_id, product_id, quantity, unit_price, subtotal, created_at) 
                      VALUES ('71946210-b819-491a-bc25-0c24f868931c', 'b43f63d7-5c41-4b47-b706-21cc505f3497', 'cd4cb45a-05bc-4729-bb2a-06d122f369fc', 1, 75, 75, '2026-03-05T16:53:00.000Z');
INSERT INTO orders (id, buyer_id, seller_id, total_amount, status, created_at) 
                      VALUES ('97634a70-229d-4a7c-a813-fe6967bd9034', 'aa9e3c8c-e997-4408-ac68-6265851f972d', '6adabb60-eed5-4dd0-b80c-41983dd81404', 75, 'completed', '2026-03-05T16:46:00.000Z');
INSERT INTO order_items (id, order_id, product_id, quantity, unit_price, subtotal, created_at) 
                      VALUES ('a3536080-40da-4178-abe9-498af48f9ddf', '97634a70-229d-4a7c-a813-fe6967bd9034', 'cd4cb45a-05bc-4729-bb2a-06d122f369fc', 1, 75, 75, '2026-03-05T16:46:00.000Z');
INSERT INTO orders (id, buyer_id, seller_id, total_amount, status, created_at) 
                      VALUES ('c3855cc0-d91e-4636-afce-f3b3f2590ba7', '6c8c4ad9-70e8-48cb-9ce8-5d01c349ffcc', '6adabb60-eed5-4dd0-b80c-41983dd81404', 75, 'completed', '2026-03-05T19:01:00.000Z');
INSERT INTO order_items (id, order_id, product_id, quantity, unit_price, subtotal, created_at) 
                      VALUES ('3ad24c3a-2f25-4934-ba80-aa124dbbf5be', 'c3855cc0-d91e-4636-afce-f3b3f2590ba7', 'cd4cb45a-05bc-4729-bb2a-06d122f369fc', 1, 75, 75, '2026-03-05T19:01:00.000Z');
INSERT INTO orders (id, buyer_id, seller_id, total_amount, status, created_at) 
                      VALUES ('c4a8ad92-e178-4e80-b4f5-c9a07e1bf307', '6c8c4ad9-70e8-48cb-9ce8-5d01c349ffcc', '6adabb60-eed5-4dd0-b80c-41983dd81404', 75, 'completed', '2026-03-05T20:52:00.000Z');
INSERT INTO order_items (id, order_id, product_id, quantity, unit_price, subtotal, created_at) 
                      VALUES ('2c3bcc50-b8fa-4769-850d-92b0f1431894', 'c4a8ad92-e178-4e80-b4f5-c9a07e1bf307', 'cd4cb45a-05bc-4729-bb2a-06d122f369fc', 1, 75, 75, '2026-03-05T20:52:00.000Z');
INSERT INTO orders (id, buyer_id, seller_id, total_amount, status, created_at) 
                      VALUES ('b1a4cd2e-cb79-4148-8dcd-935d1d437ca5', '79768ab4-b021-418b-bf3c-0dd52f857b65', '6adabb60-eed5-4dd0-b80c-41983dd81404', 75, 'completed', '2026-03-05T16:55:00.000Z');
INSERT INTO order_items (id, order_id, product_id, quantity, unit_price, subtotal, created_at) 
                      VALUES ('95fa85e9-717a-4e98-956f-21c97810ed27', 'b1a4cd2e-cb79-4148-8dcd-935d1d437ca5', 'cd4cb45a-05bc-4729-bb2a-06d122f369fc', 1, 75, 75, '2026-03-05T16:55:00.000Z');
INSERT INTO orders (id, buyer_id, seller_id, total_amount, status, created_at) 
                      VALUES ('face5349-5c21-41eb-a8e4-5fefebbd34ff', '1161fb73-809d-4954-a73a-738a9a1868f7', '6adabb60-eed5-4dd0-b80c-41983dd81404', 75, 'completed', '2026-03-05T19:09:00.000Z');
INSERT INTO order_items (id, order_id, product_id, quantity, unit_price, subtotal, created_at) 
                      VALUES ('884371be-c9bf-48e3-b53c-f4494ae008d1', 'face5349-5c21-41eb-a8e4-5fefebbd34ff', 'cd4cb45a-05bc-4729-bb2a-06d122f369fc', 1, 75, 75, '2026-03-05T19:09:00.000Z');
INSERT INTO orders (id, buyer_id, seller_id, total_amount, status, created_at) 
                      VALUES ('13a96cca-f1fa-4b39-b1ec-b3f30e235a2c', '1161fb73-809d-4954-a73a-738a9a1868f7', '6adabb60-eed5-4dd0-b80c-41983dd81404', 75, 'completed', '2026-03-05T18:58:00.000Z');
INSERT INTO order_items (id, order_id, product_id, quantity, unit_price, subtotal, created_at) 
                      VALUES ('c465cd0c-9e01-4d8b-98f5-e5382426e7f5', '13a96cca-f1fa-4b39-b1ec-b3f30e235a2c', 'cd4cb45a-05bc-4729-bb2a-06d122f369fc', 1, 75, 75, '2026-03-05T18:58:00.000Z');
INSERT INTO orders (id, buyer_id, seller_id, total_amount, status, created_at) 
                      VALUES ('ab96e8c0-323b-4d16-9723-d38c93ae22f2', 'b03c172d-3388-458c-8054-b6ad7db24e27', '6adabb60-eed5-4dd0-b80c-41983dd81404', 75, 'completed', '2026-03-05T18:47:00.000Z');
INSERT INTO order_items (id, order_id, product_id, quantity, unit_price, subtotal, created_at) 
                      VALUES ('a3bfa03f-6923-419f-821e-516d6b81e2c3', 'ab96e8c0-323b-4d16-9723-d38c93ae22f2', 'cd4cb45a-05bc-4729-bb2a-06d122f369fc', 1, 75, 75, '2026-03-05T18:47:00.000Z');
INSERT INTO audit_logs (id, action, user_id, description, level, created_at) 
                  VALUES ('87db282b-032b-45eb-894e-0c7de97b6b6d', 'USER_LOGIN', '5f552e5d-c288-453c-a685-b287e1c0c64a', 'Vendedor inició sesión para jornada', 'info', '2026-03-05T14:04:00.000Z');
INSERT INTO daily_sales (id, seller_id, sale_date, total_investment, total_revenue, units_sold, units_lost, total_waste_cost, is_closed) 
                  VALUES ('7205290f-e2d0-4f9a-b179-3f998d10bc59', '5f552e5d-c288-453c-a685-b287e1c0c64a', '2026-03-05', 220, 405, 9, 2, 40, true);
INSERT INTO sale_details (id, daily_sale_id, product_id, quantity_prepared, quantity_sold, quantity_lost, unit_cost, unit_price, waste_cost, waste_reason) 
                  VALUES ('ce315128-8143-4cdf-a44f-68d5c0d5fde7', '7205290f-e2d0-4f9a-b179-3f998d10bc59', '90ccc3f8-627a-4af7-aab2-9c7967c2f50d', 11, 9, 2, 20, 45, 40, 'expired');
INSERT INTO orders (id, buyer_id, seller_id, total_amount, status, created_at) 
                      VALUES ('125c8e64-d7b4-492d-ac7d-a8e0c84eb2ce', '6c8c4ad9-70e8-48cb-9ce8-5d01c349ffcc', '5f552e5d-c288-453c-a685-b287e1c0c64a', 45, 'completed', '2026-03-05T20:08:00.000Z');
INSERT INTO order_items (id, order_id, product_id, quantity, unit_price, subtotal, created_at) 
                      VALUES ('93f4d82d-2c8a-41a1-8987-975d8722b5f7', '125c8e64-d7b4-492d-ac7d-a8e0c84eb2ce', '90ccc3f8-627a-4af7-aab2-9c7967c2f50d', 1, 45, 45, '2026-03-05T20:08:00.000Z');
INSERT INTO orders (id, buyer_id, seller_id, total_amount, status, created_at) 
                      VALUES ('f8c5b50a-65e1-4956-adfc-5d55be42e06a', 'b03c172d-3388-458c-8054-b6ad7db24e27', '5f552e5d-c288-453c-a685-b287e1c0c64a', 45, 'completed', '2026-03-05T19:56:00.000Z');
INSERT INTO order_items (id, order_id, product_id, quantity, unit_price, subtotal, created_at) 
                      VALUES ('0a3c714d-eebc-4823-a541-3f73f60274d1', 'f8c5b50a-65e1-4956-adfc-5d55be42e06a', '90ccc3f8-627a-4af7-aab2-9c7967c2f50d', 1, 45, 45, '2026-03-05T19:56:00.000Z');
INSERT INTO orders (id, buyer_id, seller_id, total_amount, status, created_at) 
                      VALUES ('00e8fd06-a3b9-455c-bd9a-11a033f8c837', '6c8c4ad9-70e8-48cb-9ce8-5d01c349ffcc', '5f552e5d-c288-453c-a685-b287e1c0c64a', 45, 'completed', '2026-03-05T17:53:00.000Z');
INSERT INTO order_items (id, order_id, product_id, quantity, unit_price, subtotal, created_at) 
                      VALUES ('ae14e0cd-7a42-40c2-9833-a837cfbae167', '00e8fd06-a3b9-455c-bd9a-11a033f8c837', '90ccc3f8-627a-4af7-aab2-9c7967c2f50d', 1, 45, 45, '2026-03-05T17:53:00.000Z');
INSERT INTO orders (id, buyer_id, seller_id, total_amount, status, created_at) 
                      VALUES ('655b513f-0b72-44f4-8cf4-b0251aa35f11', 'aa9e3c8c-e997-4408-ac68-6265851f972d', '5f552e5d-c288-453c-a685-b287e1c0c64a', 45, 'completed', '2026-03-05T19:43:00.000Z');
INSERT INTO order_items (id, order_id, product_id, quantity, unit_price, subtotal, created_at) 
                      VALUES ('8c0d98f4-dee3-434e-8101-bb2a0b02dad9', '655b513f-0b72-44f4-8cf4-b0251aa35f11', '90ccc3f8-627a-4af7-aab2-9c7967c2f50d', 1, 45, 45, '2026-03-05T19:43:00.000Z');
INSERT INTO orders (id, buyer_id, seller_id, total_amount, status, created_at) 
                      VALUES ('9d9b275a-1f42-4169-9e76-97b39569b6fe', '1161fb73-809d-4954-a73a-738a9a1868f7', '5f552e5d-c288-453c-a685-b287e1c0c64a', 45, 'completed', '2026-03-05T20:22:00.000Z');
INSERT INTO order_items (id, order_id, product_id, quantity, unit_price, subtotal, created_at) 
                      VALUES ('0d39966e-e526-498b-9d11-2036762c3547', '9d9b275a-1f42-4169-9e76-97b39569b6fe', '90ccc3f8-627a-4af7-aab2-9c7967c2f50d', 1, 45, 45, '2026-03-05T20:22:00.000Z');
INSERT INTO orders (id, buyer_id, seller_id, total_amount, status, created_at) 
                      VALUES ('4d6a05c0-a19a-41c0-bb1d-337af70a5a98', '1161fb73-809d-4954-a73a-738a9a1868f7', '5f552e5d-c288-453c-a685-b287e1c0c64a', 45, 'completed', '2026-03-05T20:00:00.000Z');
INSERT INTO order_items (id, order_id, product_id, quantity, unit_price, subtotal, created_at) 
                      VALUES ('6d24d353-9264-4203-8ef0-59a798afbfa6', '4d6a05c0-a19a-41c0-bb1d-337af70a5a98', '90ccc3f8-627a-4af7-aab2-9c7967c2f50d', 1, 45, 45, '2026-03-05T20:00:00.000Z');
INSERT INTO orders (id, buyer_id, seller_id, total_amount, status, created_at) 
                      VALUES ('ee81e213-425d-4fe4-be1e-b02991fd1369', '233694a0-da98-4b19-8640-7b99f406554e', '5f552e5d-c288-453c-a685-b287e1c0c64a', 45, 'completed', '2026-03-05T18:13:00.000Z');
INSERT INTO order_items (id, order_id, product_id, quantity, unit_price, subtotal, created_at) 
                      VALUES ('39e26145-ce2a-49bf-9ed6-649e8b5532ee', 'ee81e213-425d-4fe4-be1e-b02991fd1369', '90ccc3f8-627a-4af7-aab2-9c7967c2f50d', 1, 45, 45, '2026-03-05T18:13:00.000Z');
INSERT INTO orders (id, buyer_id, seller_id, total_amount, status, created_at) 
                      VALUES ('abf4f3fc-d831-4956-b4ec-9a97d5aed5f0', 'b03c172d-3388-458c-8054-b6ad7db24e27', '5f552e5d-c288-453c-a685-b287e1c0c64a', 45, 'completed', '2026-03-05T21:08:00.000Z');
INSERT INTO order_items (id, order_id, product_id, quantity, unit_price, subtotal, created_at) 
                      VALUES ('58a01f27-57b1-4ad6-9c1c-2e4de0a9bb72', 'abf4f3fc-d831-4956-b4ec-9a97d5aed5f0', '90ccc3f8-627a-4af7-aab2-9c7967c2f50d', 1, 45, 45, '2026-03-05T21:08:00.000Z');
INSERT INTO orders (id, buyer_id, seller_id, total_amount, status, created_at) 
                      VALUES ('2c7b1c25-2d7c-453e-a76d-407fd1e255ca', '6c8c4ad9-70e8-48cb-9ce8-5d01c349ffcc', '5f552e5d-c288-453c-a685-b287e1c0c64a', 45, 'completed', '2026-03-05T21:03:00.000Z');
INSERT INTO order_items (id, order_id, product_id, quantity, unit_price, subtotal, created_at) 
                      VALUES ('a2468ba4-b023-4afa-8243-c9556857aa3c', '2c7b1c25-2d7c-453e-a76d-407fd1e255ca', '90ccc3f8-627a-4af7-aab2-9c7967c2f50d', 1, 45, 45, '2026-03-05T21:03:00.000Z');
INSERT INTO audit_logs (id, action, user_id, description, level, created_at) 
                  VALUES ('f6632cff-e7f6-4071-9ba7-52689f1c6419', 'USER_LOGIN', '522afd0e-5b6f-4f57-be80-46fd79ba12db', 'Vendedor inició sesión para jornada', 'info', '2026-03-05T14:18:00.000Z');
INSERT INTO daily_sales (id, seller_id, sale_date, total_investment, total_revenue, units_sold, units_lost, total_waste_cost, is_closed) 
                  VALUES ('c09cdc2b-d9f3-4eac-aa9f-db28de296d61', '522afd0e-5b6f-4f57-be80-46fd79ba12db', '2026-03-05', 132, 300, 10, 1, 12, true);
INSERT INTO sale_details (id, daily_sale_id, product_id, quantity_prepared, quantity_sold, quantity_lost, unit_cost, unit_price, waste_cost, waste_reason) 
                  VALUES ('4b798f6b-6ee3-49b3-98d1-a47996e4d4d4', 'c09cdc2b-d9f3-4eac-aa9f-db28de296d61', 'c865d401-6592-418d-98d5-1aa633799680', 11, 10, 1, 12, 30, 12, 'expired');
INSERT INTO orders (id, buyer_id, seller_id, total_amount, status, created_at) 
                      VALUES ('d4a7daa1-7357-47a1-91fa-79e1f382e8e0', 'aa9e3c8c-e997-4408-ac68-6265851f972d', '522afd0e-5b6f-4f57-be80-46fd79ba12db', 30, 'completed', '2026-03-05T20:26:00.000Z');
INSERT INTO order_items (id, order_id, product_id, quantity, unit_price, subtotal, created_at) 
                      VALUES ('fa4c22c2-771a-4a30-a7e3-e3e5cd73a638', 'd4a7daa1-7357-47a1-91fa-79e1f382e8e0', 'c865d401-6592-418d-98d5-1aa633799680', 1, 30, 30, '2026-03-05T20:26:00.000Z');
INSERT INTO orders (id, buyer_id, seller_id, total_amount, status, created_at) 
                      VALUES ('7595a93c-2eba-4182-8f5f-17b5b15c742c', 'aa9e3c8c-e997-4408-ac68-6265851f972d', '522afd0e-5b6f-4f57-be80-46fd79ba12db', 30, 'completed', '2026-03-05T16:39:00.000Z');
INSERT INTO order_items (id, order_id, product_id, quantity, unit_price, subtotal, created_at) 
                      VALUES ('406f4531-f359-4714-9cbf-ad93f7a067f1', '7595a93c-2eba-4182-8f5f-17b5b15c742c', 'c865d401-6592-418d-98d5-1aa633799680', 1, 30, 30, '2026-03-05T16:39:00.000Z');
INSERT INTO orders (id, buyer_id, seller_id, total_amount, status, created_at) 
                      VALUES ('f646f227-47ab-4847-8c6f-31eb3d8cc8ad', 'b03c172d-3388-458c-8054-b6ad7db24e27', '522afd0e-5b6f-4f57-be80-46fd79ba12db', 30, 'completed', '2026-03-05T18:10:00.000Z');
INSERT INTO order_items (id, order_id, product_id, quantity, unit_price, subtotal, created_at) 
                      VALUES ('55090f0e-dbab-4535-bed1-4c0603948789', 'f646f227-47ab-4847-8c6f-31eb3d8cc8ad', 'c865d401-6592-418d-98d5-1aa633799680', 1, 30, 30, '2026-03-05T18:10:00.000Z');
INSERT INTO orders (id, buyer_id, seller_id, total_amount, status, created_at) 
                      VALUES ('d3ec91ac-7c6b-4862-86bc-2cca2e47d3b8', '233694a0-da98-4b19-8640-7b99f406554e', '522afd0e-5b6f-4f57-be80-46fd79ba12db', 30, 'completed', '2026-03-05T18:23:00.000Z');
INSERT INTO order_items (id, order_id, product_id, quantity, unit_price, subtotal, created_at) 
                      VALUES ('fad400c3-b959-4a5d-88f6-02a442e56206', 'd3ec91ac-7c6b-4862-86bc-2cca2e47d3b8', 'c865d401-6592-418d-98d5-1aa633799680', 1, 30, 30, '2026-03-05T18:23:00.000Z');
INSERT INTO orders (id, buyer_id, seller_id, total_amount, status, created_at) 
                      VALUES ('617457b3-cd92-4509-8dc9-abe181b437f1', 'ac51e939-ec0b-40c3-b3e7-39711b12845a', '522afd0e-5b6f-4f57-be80-46fd79ba12db', 30, 'completed', '2026-03-05T21:03:00.000Z');
INSERT INTO order_items (id, order_id, product_id, quantity, unit_price, subtotal, created_at) 
                      VALUES ('42f91c10-e64d-45c3-b741-91a5588c7199', '617457b3-cd92-4509-8dc9-abe181b437f1', 'c865d401-6592-418d-98d5-1aa633799680', 1, 30, 30, '2026-03-05T21:03:00.000Z');
INSERT INTO orders (id, buyer_id, seller_id, total_amount, status, created_at) 
                      VALUES ('698ab940-25b5-4d19-b8bd-a63d41c5f2e7', 'b03c172d-3388-458c-8054-b6ad7db24e27', '522afd0e-5b6f-4f57-be80-46fd79ba12db', 30, 'completed', '2026-03-05T21:56:00.000Z');
INSERT INTO order_items (id, order_id, product_id, quantity, unit_price, subtotal, created_at) 
                      VALUES ('83410766-fbd8-4a95-90ef-af5ceeb03c50', '698ab940-25b5-4d19-b8bd-a63d41c5f2e7', 'c865d401-6592-418d-98d5-1aa633799680', 1, 30, 30, '2026-03-05T21:56:00.000Z');
INSERT INTO orders (id, buyer_id, seller_id, total_amount, status, created_at) 
                      VALUES ('eacec0a9-df32-4ecc-ad5a-c2cc70cdb8d3', '233694a0-da98-4b19-8640-7b99f406554e', '522afd0e-5b6f-4f57-be80-46fd79ba12db', 30, 'completed', '2026-03-05T18:49:00.000Z');
INSERT INTO order_items (id, order_id, product_id, quantity, unit_price, subtotal, created_at) 
                      VALUES ('313054fd-826c-4175-ae3a-5a9687cc8268', 'eacec0a9-df32-4ecc-ad5a-c2cc70cdb8d3', 'c865d401-6592-418d-98d5-1aa633799680', 1, 30, 30, '2026-03-05T18:49:00.000Z');
INSERT INTO orders (id, buyer_id, seller_id, total_amount, status, created_at) 
                      VALUES ('86bbff17-37db-4216-a9f7-89568e093235', 'ac51e939-ec0b-40c3-b3e7-39711b12845a', '522afd0e-5b6f-4f57-be80-46fd79ba12db', 30, 'completed', '2026-03-05T16:17:00.000Z');
INSERT INTO order_items (id, order_id, product_id, quantity, unit_price, subtotal, created_at) 
                      VALUES ('459fdbbd-ecbd-42ca-966e-9454739a3cd8', '86bbff17-37db-4216-a9f7-89568e093235', 'c865d401-6592-418d-98d5-1aa633799680', 1, 30, 30, '2026-03-05T16:17:00.000Z');
INSERT INTO orders (id, buyer_id, seller_id, total_amount, status, created_at) 
                      VALUES ('e1db0244-209a-4f1f-b8ab-2022486e98d2', '6c8c4ad9-70e8-48cb-9ce8-5d01c349ffcc', '522afd0e-5b6f-4f57-be80-46fd79ba12db', 30, 'completed', '2026-03-05T20:07:00.000Z');
INSERT INTO order_items (id, order_id, product_id, quantity, unit_price, subtotal, created_at) 
                      VALUES ('fc1749f9-059a-4a07-896d-fdfba07523fa', 'e1db0244-209a-4f1f-b8ab-2022486e98d2', 'c865d401-6592-418d-98d5-1aa633799680', 1, 30, 30, '2026-03-05T20:07:00.000Z');
INSERT INTO orders (id, buyer_id, seller_id, total_amount, status, created_at) 
                      VALUES ('e7332114-00e1-45b5-abce-2f132bb69ec4', 'aa9e3c8c-e997-4408-ac68-6265851f972d', '522afd0e-5b6f-4f57-be80-46fd79ba12db', 30, 'completed', '2026-03-05T19:29:00.000Z');
INSERT INTO order_items (id, order_id, product_id, quantity, unit_price, subtotal, created_at) 
                      VALUES ('5ef21734-a7d1-4702-bb05-fc5655517ed0', 'e7332114-00e1-45b5-abce-2f132bb69ec4', 'c865d401-6592-418d-98d5-1aa633799680', 1, 30, 30, '2026-03-05T19:29:00.000Z');
INSERT INTO audit_logs (id, action, user_id, description, level, created_at) 
                  VALUES ('6a76cc26-3022-454a-aa86-14bbcd4f95b9', 'USER_LOGIN', 'da273443-bae3-4781-ae4e-819d0c9d56a6', 'Vendedor inició sesión para jornada', 'info', '2026-03-05T14:13:00.000Z');
INSERT INTO daily_sales (id, seller_id, sale_date, total_investment, total_revenue, units_sold, units_lost, total_waste_cost, is_closed) 
                  VALUES ('6e82950b-809e-4bb5-8b9f-09f154704fc4', 'da273443-bae3-4781-ae4e-819d0c9d56a6', '2026-03-05', 104, 300, 12, 1, 8, true);
INSERT INTO sale_details (id, daily_sale_id, product_id, quantity_prepared, quantity_sold, quantity_lost, unit_cost, unit_price, waste_cost, waste_reason) 
                  VALUES ('5c2bec80-2b22-443c-862d-dd28b98018fc', '6e82950b-809e-4bb5-8b9f-09f154704fc4', 'ea84c406-f235-4e9c-b061-71ed9401e63b', 13, 12, 1, 8, 25, 8, 'expired');
INSERT INTO orders (id, buyer_id, seller_id, total_amount, status, created_at) 
                      VALUES ('72d9fa49-bede-4e06-8831-e4e1be8fcc5a', '233694a0-da98-4b19-8640-7b99f406554e', 'da273443-bae3-4781-ae4e-819d0c9d56a6', 25, 'completed', '2026-03-05T18:10:00.000Z');
INSERT INTO order_items (id, order_id, product_id, quantity, unit_price, subtotal, created_at) 
                      VALUES ('656e823d-9d20-4ca7-810d-cf9f987e2132', '72d9fa49-bede-4e06-8831-e4e1be8fcc5a', 'ea84c406-f235-4e9c-b061-71ed9401e63b', 1, 25, 25, '2026-03-05T18:10:00.000Z');
INSERT INTO orders (id, buyer_id, seller_id, total_amount, status, created_at) 
                      VALUES ('d68cde63-bd68-40a8-9756-4fab0f471d01', '233694a0-da98-4b19-8640-7b99f406554e', 'da273443-bae3-4781-ae4e-819d0c9d56a6', 25, 'completed', '2026-03-05T19:53:00.000Z');
INSERT INTO order_items (id, order_id, product_id, quantity, unit_price, subtotal, created_at) 
                      VALUES ('09f344b6-8409-4b4c-9eb3-6354348969b6', 'd68cde63-bd68-40a8-9756-4fab0f471d01', 'ea84c406-f235-4e9c-b061-71ed9401e63b', 1, 25, 25, '2026-03-05T19:53:00.000Z');
INSERT INTO orders (id, buyer_id, seller_id, total_amount, status, created_at) 
                      VALUES ('1c134729-fd32-4849-a5e1-d6fc039dd55a', '233694a0-da98-4b19-8640-7b99f406554e', 'da273443-bae3-4781-ae4e-819d0c9d56a6', 25, 'completed', '2026-03-05T19:31:00.000Z');
INSERT INTO order_items (id, order_id, product_id, quantity, unit_price, subtotal, created_at) 
                      VALUES ('02506c21-81c0-4707-a47b-f0eba8dff777', '1c134729-fd32-4849-a5e1-d6fc039dd55a', 'ea84c406-f235-4e9c-b061-71ed9401e63b', 1, 25, 25, '2026-03-05T19:31:00.000Z');
INSERT INTO orders (id, buyer_id, seller_id, total_amount, status, created_at) 
                      VALUES ('48427cd5-6f17-4b75-83a5-42bb283b975b', '79768ab4-b021-418b-bf3c-0dd52f857b65', 'da273443-bae3-4781-ae4e-819d0c9d56a6', 25, 'completed', '2026-03-05T21:00:00.000Z');
INSERT INTO order_items (id, order_id, product_id, quantity, unit_price, subtotal, created_at) 
                      VALUES ('39826778-0052-4738-9842-8d2b52735f52', '48427cd5-6f17-4b75-83a5-42bb283b975b', 'ea84c406-f235-4e9c-b061-71ed9401e63b', 1, 25, 25, '2026-03-05T21:00:00.000Z');
INSERT INTO orders (id, buyer_id, seller_id, total_amount, status, created_at) 
                      VALUES ('6031ca5c-1133-4d46-acdf-ebf8019d3494', 'b03c172d-3388-458c-8054-b6ad7db24e27', 'da273443-bae3-4781-ae4e-819d0c9d56a6', 25, 'completed', '2026-03-05T18:29:00.000Z');
INSERT INTO order_items (id, order_id, product_id, quantity, unit_price, subtotal, created_at) 
                      VALUES ('b4fe248e-50da-4530-9c7c-d6115103b805', '6031ca5c-1133-4d46-acdf-ebf8019d3494', 'ea84c406-f235-4e9c-b061-71ed9401e63b', 1, 25, 25, '2026-03-05T18:29:00.000Z');
INSERT INTO orders (id, buyer_id, seller_id, total_amount, status, created_at) 
                      VALUES ('e6cc6825-27b7-46ed-9939-712a2bde8e66', 'aa9e3c8c-e997-4408-ac68-6265851f972d', 'da273443-bae3-4781-ae4e-819d0c9d56a6', 25, 'completed', '2026-03-05T17:17:00.000Z');
INSERT INTO order_items (id, order_id, product_id, quantity, unit_price, subtotal, created_at) 
                      VALUES ('bd6ebfd8-4a2b-4c66-a129-823c44155901', 'e6cc6825-27b7-46ed-9939-712a2bde8e66', 'ea84c406-f235-4e9c-b061-71ed9401e63b', 1, 25, 25, '2026-03-05T17:17:00.000Z');
INSERT INTO orders (id, buyer_id, seller_id, total_amount, status, created_at) 
                      VALUES ('67160735-a866-4ab4-99db-1408cab111e3', '1161fb73-809d-4954-a73a-738a9a1868f7', 'da273443-bae3-4781-ae4e-819d0c9d56a6', 25, 'completed', '2026-03-05T18:38:00.000Z');
INSERT INTO order_items (id, order_id, product_id, quantity, unit_price, subtotal, created_at) 
                      VALUES ('1376e100-843a-4ffc-b52b-81b387df5580', '67160735-a866-4ab4-99db-1408cab111e3', 'ea84c406-f235-4e9c-b061-71ed9401e63b', 1, 25, 25, '2026-03-05T18:38:00.000Z');
INSERT INTO orders (id, buyer_id, seller_id, total_amount, status, created_at) 
                      VALUES ('a6bb3d0d-57c4-42e1-9e04-50419b0485be', '233694a0-da98-4b19-8640-7b99f406554e', 'da273443-bae3-4781-ae4e-819d0c9d56a6', 25, 'completed', '2026-03-05T18:25:00.000Z');
INSERT INTO order_items (id, order_id, product_id, quantity, unit_price, subtotal, created_at) 
                      VALUES ('67f90540-1973-4a33-a417-21756245fe20', 'a6bb3d0d-57c4-42e1-9e04-50419b0485be', 'ea84c406-f235-4e9c-b061-71ed9401e63b', 1, 25, 25, '2026-03-05T18:25:00.000Z');
INSERT INTO orders (id, buyer_id, seller_id, total_amount, status, created_at) 
                      VALUES ('eab1a9af-fd1a-4650-a0fd-e120d651c2f0', '1161fb73-809d-4954-a73a-738a9a1868f7', 'da273443-bae3-4781-ae4e-819d0c9d56a6', 25, 'completed', '2026-03-05T18:31:00.000Z');
INSERT INTO order_items (id, order_id, product_id, quantity, unit_price, subtotal, created_at) 
                      VALUES ('9a4eee75-89af-4aa6-82a5-2a54a01c0e58', 'eab1a9af-fd1a-4650-a0fd-e120d651c2f0', 'ea84c406-f235-4e9c-b061-71ed9401e63b', 1, 25, 25, '2026-03-05T18:31:00.000Z');
INSERT INTO orders (id, buyer_id, seller_id, total_amount, status, created_at) 
                      VALUES ('72968e04-95ac-4706-8381-83e775339dda', '79768ab4-b021-418b-bf3c-0dd52f857b65', 'da273443-bae3-4781-ae4e-819d0c9d56a6', 25, 'completed', '2026-03-05T18:31:00.000Z');
INSERT INTO order_items (id, order_id, product_id, quantity, unit_price, subtotal, created_at) 
                      VALUES ('6c0c6afb-b45d-4d83-aa37-a3ed89c65987', '72968e04-95ac-4706-8381-83e775339dda', 'ea84c406-f235-4e9c-b061-71ed9401e63b', 1, 25, 25, '2026-03-05T18:31:00.000Z');
INSERT INTO orders (id, buyer_id, seller_id, total_amount, status, created_at) 
                      VALUES ('8875e18f-0cfb-418b-a5b6-993694f03528', '1161fb73-809d-4954-a73a-738a9a1868f7', 'da273443-bae3-4781-ae4e-819d0c9d56a6', 25, 'completed', '2026-03-05T20:34:00.000Z');
INSERT INTO order_items (id, order_id, product_id, quantity, unit_price, subtotal, created_at) 
                      VALUES ('6e149f6a-4dce-41fb-9f1a-f5c90f9e3127', '8875e18f-0cfb-418b-a5b6-993694f03528', 'ea84c406-f235-4e9c-b061-71ed9401e63b', 1, 25, 25, '2026-03-05T20:34:00.000Z');
INSERT INTO orders (id, buyer_id, seller_id, total_amount, status, created_at) 
                      VALUES ('f72ef58b-b50f-4a65-bf2f-2339fd1612bc', 'b03c172d-3388-458c-8054-b6ad7db24e27', 'da273443-bae3-4781-ae4e-819d0c9d56a6', 25, 'completed', '2026-03-05T19:16:00.000Z');
INSERT INTO order_items (id, order_id, product_id, quantity, unit_price, subtotal, created_at) 
                      VALUES ('cb557469-c786-4e83-95a1-7a617ce79d2d', 'f72ef58b-b50f-4a65-bf2f-2339fd1612bc', 'ea84c406-f235-4e9c-b061-71ed9401e63b', 1, 25, 25, '2026-03-05T19:16:00.000Z');
INSERT INTO audit_logs (id, action, user_id, description, level, created_at) 
                  VALUES ('2013c35a-4a36-4a3d-949b-afc274771de5', 'USER_LOGIN', 'cdc7b576-3957-4e3f-9e87-6630e4ef1950', 'Vendedor inició sesión para jornada', 'info', '2026-03-05T14:17:00.000Z');
INSERT INTO daily_sales (id, seller_id, sale_date, total_investment, total_revenue, units_sold, units_lost, total_waste_cost, is_closed) 
                  VALUES ('6f13be5e-2870-4f8b-bd49-d490912a9aa4', 'cdc7b576-3957-4e3f-9e87-6630e4ef1950', '2026-03-05', 250, 550, 10, 0, 0, true);
INSERT INTO sale_details (id, daily_sale_id, product_id, quantity_prepared, quantity_sold, quantity_lost, unit_cost, unit_price, waste_cost, waste_reason) 
                  VALUES ('51eeb0ed-09e6-4a08-a488-3ded21ebcf51', '6f13be5e-2870-4f8b-bd49-d490912a9aa4', '49e54b55-6e07-407b-9dac-36e93e1f8aa2', 10, 10, 0, 25, 55, 0, 'expired');
INSERT INTO orders (id, buyer_id, seller_id, total_amount, status, created_at) 
                      VALUES ('06da2477-bfab-4574-8c19-68078c0a445f', '6c8c4ad9-70e8-48cb-9ce8-5d01c349ffcc', 'cdc7b576-3957-4e3f-9e87-6630e4ef1950', 55, 'completed', '2026-03-05T20:13:00.000Z');
INSERT INTO order_items (id, order_id, product_id, quantity, unit_price, subtotal, created_at) 
                      VALUES ('e44f27e4-3a29-4db1-a109-f048825bee1e', '06da2477-bfab-4574-8c19-68078c0a445f', '49e54b55-6e07-407b-9dac-36e93e1f8aa2', 1, 55, 55, '2026-03-05T20:13:00.000Z');
INSERT INTO orders (id, buyer_id, seller_id, total_amount, status, created_at) 
                      VALUES ('b149d511-94b8-4fae-bc8f-b0477cd5ddf9', 'aa9e3c8c-e997-4408-ac68-6265851f972d', 'cdc7b576-3957-4e3f-9e87-6630e4ef1950', 55, 'completed', '2026-03-05T18:11:00.000Z');
INSERT INTO order_items (id, order_id, product_id, quantity, unit_price, subtotal, created_at) 
                      VALUES ('b2d284ba-1d13-4e61-867d-ba6d8b18c09f', 'b149d511-94b8-4fae-bc8f-b0477cd5ddf9', '49e54b55-6e07-407b-9dac-36e93e1f8aa2', 1, 55, 55, '2026-03-05T18:11:00.000Z');
INSERT INTO orders (id, buyer_id, seller_id, total_amount, status, created_at) 
                      VALUES ('79f8c3e7-9673-4fa8-bb0f-9d966470e191', '1161fb73-809d-4954-a73a-738a9a1868f7', 'cdc7b576-3957-4e3f-9e87-6630e4ef1950', 55, 'completed', '2026-03-05T18:14:00.000Z');
INSERT INTO order_items (id, order_id, product_id, quantity, unit_price, subtotal, created_at) 
                      VALUES ('29a47f5e-6a85-441a-bba9-b54b17e18f4a', '79f8c3e7-9673-4fa8-bb0f-9d966470e191', '49e54b55-6e07-407b-9dac-36e93e1f8aa2', 1, 55, 55, '2026-03-05T18:14:00.000Z');
INSERT INTO orders (id, buyer_id, seller_id, total_amount, status, created_at) 
                      VALUES ('4b7109f6-94e5-4d71-9dcb-96c87def3325', '233694a0-da98-4b19-8640-7b99f406554e', 'cdc7b576-3957-4e3f-9e87-6630e4ef1950', 55, 'completed', '2026-03-05T19:25:00.000Z');
INSERT INTO order_items (id, order_id, product_id, quantity, unit_price, subtotal, created_at) 
                      VALUES ('3ee3ca3b-10d7-4745-a47c-24543f0c753c', '4b7109f6-94e5-4d71-9dcb-96c87def3325', '49e54b55-6e07-407b-9dac-36e93e1f8aa2', 1, 55, 55, '2026-03-05T19:25:00.000Z');
INSERT INTO orders (id, buyer_id, seller_id, total_amount, status, created_at) 
                      VALUES ('d0424603-1d39-4922-a578-ef605f7afdec', 'ac51e939-ec0b-40c3-b3e7-39711b12845a', 'cdc7b576-3957-4e3f-9e87-6630e4ef1950', 55, 'completed', '2026-03-05T16:54:00.000Z');
INSERT INTO order_items (id, order_id, product_id, quantity, unit_price, subtotal, created_at) 
                      VALUES ('1199788a-50d2-448c-bc24-7ec5e3c05c6b', 'd0424603-1d39-4922-a578-ef605f7afdec', '49e54b55-6e07-407b-9dac-36e93e1f8aa2', 1, 55, 55, '2026-03-05T16:54:00.000Z');
INSERT INTO orders (id, buyer_id, seller_id, total_amount, status, created_at) 
                      VALUES ('d6cf8862-e636-4c6a-9a18-8cb6f62bdad4', 'ac51e939-ec0b-40c3-b3e7-39711b12845a', 'cdc7b576-3957-4e3f-9e87-6630e4ef1950', 55, 'completed', '2026-03-05T19:52:00.000Z');
INSERT INTO order_items (id, order_id, product_id, quantity, unit_price, subtotal, created_at) 
                      VALUES ('bf8ed403-5071-4717-9e01-d53e2a774b53', 'd6cf8862-e636-4c6a-9a18-8cb6f62bdad4', '49e54b55-6e07-407b-9dac-36e93e1f8aa2', 1, 55, 55, '2026-03-05T19:52:00.000Z');
INSERT INTO orders (id, buyer_id, seller_id, total_amount, status, created_at) 
                      VALUES ('681f006a-0141-4eb7-a7e3-656d5228da59', 'ac51e939-ec0b-40c3-b3e7-39711b12845a', 'cdc7b576-3957-4e3f-9e87-6630e4ef1950', 55, 'completed', '2026-03-05T18:54:00.000Z');
INSERT INTO order_items (id, order_id, product_id, quantity, unit_price, subtotal, created_at) 
                      VALUES ('dd46944a-bdfe-4258-a2c7-78ffce52a3e2', '681f006a-0141-4eb7-a7e3-656d5228da59', '49e54b55-6e07-407b-9dac-36e93e1f8aa2', 1, 55, 55, '2026-03-05T18:54:00.000Z');
INSERT INTO orders (id, buyer_id, seller_id, total_amount, status, created_at) 
                      VALUES ('802e8eb2-1532-46d9-854d-4dba196509f2', '79768ab4-b021-418b-bf3c-0dd52f857b65', 'cdc7b576-3957-4e3f-9e87-6630e4ef1950', 55, 'completed', '2026-03-05T21:29:00.000Z');
INSERT INTO order_items (id, order_id, product_id, quantity, unit_price, subtotal, created_at) 
                      VALUES ('e089d0ba-9188-4dec-a67c-3201b8fd08de', '802e8eb2-1532-46d9-854d-4dba196509f2', '49e54b55-6e07-407b-9dac-36e93e1f8aa2', 1, 55, 55, '2026-03-05T21:29:00.000Z');
INSERT INTO orders (id, buyer_id, seller_id, total_amount, status, created_at) 
                      VALUES ('1bec5858-d0c5-49f4-95c3-db3bafa4561e', 'b03c172d-3388-458c-8054-b6ad7db24e27', 'cdc7b576-3957-4e3f-9e87-6630e4ef1950', 55, 'completed', '2026-03-05T18:48:00.000Z');
INSERT INTO order_items (id, order_id, product_id, quantity, unit_price, subtotal, created_at) 
                      VALUES ('57b43b10-2789-4d7e-abe6-748d46bbe389', '1bec5858-d0c5-49f4-95c3-db3bafa4561e', '49e54b55-6e07-407b-9dac-36e93e1f8aa2', 1, 55, 55, '2026-03-05T18:48:00.000Z');
INSERT INTO orders (id, buyer_id, seller_id, total_amount, status, created_at) 
                      VALUES ('ec07b145-0bdd-483e-9763-b9d7b5528a71', '6c8c4ad9-70e8-48cb-9ce8-5d01c349ffcc', 'cdc7b576-3957-4e3f-9e87-6630e4ef1950', 55, 'completed', '2026-03-05T19:55:00.000Z');
INSERT INTO order_items (id, order_id, product_id, quantity, unit_price, subtotal, created_at) 
                      VALUES ('57092a97-2bc3-41dc-8f89-49ca5e5cfb08', 'ec07b145-0bdd-483e-9763-b9d7b5528a71', '49e54b55-6e07-407b-9dac-36e93e1f8aa2', 1, 55, 55, '2026-03-05T19:55:00.000Z');
INSERT INTO audit_logs (id, action, user_id, description, level, created_at) 
                  VALUES ('22fc698c-2d83-4e5f-8934-61d05b6a7016', 'USER_LOGIN', '6adabb60-eed5-4dd0-b80c-41983dd81404', 'Vendedor inició sesión para jornada', 'info', '2026-03-06T14:16:00.000Z');
INSERT INTO daily_sales (id, seller_id, sale_date, total_investment, total_revenue, units_sold, units_lost, total_waste_cost, is_closed) 
                  VALUES ('ca264cec-b528-4b72-8363-202a10041791', '6adabb60-eed5-4dd0-b80c-41983dd81404', '2026-03-06', 560, 975, 13, 1, 40, true);
INSERT INTO sale_details (id, daily_sale_id, product_id, quantity_prepared, quantity_sold, quantity_lost, unit_cost, unit_price, waste_cost, waste_reason) 
                  VALUES ('fb1963c0-f824-4365-8496-5ec36606ab0e', 'ca264cec-b528-4b72-8363-202a10041791', 'cd4cb45a-05bc-4729-bb2a-06d122f369fc', 14, 13, 1, 40, 75, 40, 'expired');
INSERT INTO orders (id, buyer_id, seller_id, total_amount, status, created_at) 
                      VALUES ('fc2eb6c5-e451-460e-861f-a3534928e42d', 'aa9e3c8c-e997-4408-ac68-6265851f972d', '6adabb60-eed5-4dd0-b80c-41983dd81404', 75, 'completed', '2026-03-06T18:41:00.000Z');
INSERT INTO order_items (id, order_id, product_id, quantity, unit_price, subtotal, created_at) 
                      VALUES ('afaa8d11-2f4f-4523-83c4-da25e33d8388', 'fc2eb6c5-e451-460e-861f-a3534928e42d', 'cd4cb45a-05bc-4729-bb2a-06d122f369fc', 1, 75, 75, '2026-03-06T18:41:00.000Z');
INSERT INTO orders (id, buyer_id, seller_id, total_amount, status, created_at) 
                      VALUES ('738933f3-612f-4d35-9144-33b66ad30c7f', 'b03c172d-3388-458c-8054-b6ad7db24e27', '6adabb60-eed5-4dd0-b80c-41983dd81404', 75, 'completed', '2026-03-06T18:27:00.000Z');
INSERT INTO order_items (id, order_id, product_id, quantity, unit_price, subtotal, created_at) 
                      VALUES ('69478d0d-70e8-4dfa-9cce-a02de4168f95', '738933f3-612f-4d35-9144-33b66ad30c7f', 'cd4cb45a-05bc-4729-bb2a-06d122f369fc', 1, 75, 75, '2026-03-06T18:27:00.000Z');
INSERT INTO orders (id, buyer_id, seller_id, total_amount, status, created_at) 
                      VALUES ('d865411a-adf3-416e-9491-ad147ec6e61d', 'b03c172d-3388-458c-8054-b6ad7db24e27', '6adabb60-eed5-4dd0-b80c-41983dd81404', 75, 'completed', '2026-03-06T16:39:00.000Z');
INSERT INTO order_items (id, order_id, product_id, quantity, unit_price, subtotal, created_at) 
                      VALUES ('9707ead1-b0a2-4838-88e5-f3afcf94194e', 'd865411a-adf3-416e-9491-ad147ec6e61d', 'cd4cb45a-05bc-4729-bb2a-06d122f369fc', 1, 75, 75, '2026-03-06T16:39:00.000Z');
INSERT INTO orders (id, buyer_id, seller_id, total_amount, status, created_at) 
                      VALUES ('a08bf1d1-01e0-4022-a029-1f778149a6a2', '6c8c4ad9-70e8-48cb-9ce8-5d01c349ffcc', '6adabb60-eed5-4dd0-b80c-41983dd81404', 75, 'completed', '2026-03-06T16:11:00.000Z');
INSERT INTO order_items (id, order_id, product_id, quantity, unit_price, subtotal, created_at) 
                      VALUES ('0873733c-132d-4743-a4db-d03067658242', 'a08bf1d1-01e0-4022-a029-1f778149a6a2', 'cd4cb45a-05bc-4729-bb2a-06d122f369fc', 1, 75, 75, '2026-03-06T16:11:00.000Z');
INSERT INTO orders (id, buyer_id, seller_id, total_amount, status, created_at) 
                      VALUES ('8cfc84ac-2a05-4f73-bbb1-5424cf3e0efb', '6c8c4ad9-70e8-48cb-9ce8-5d01c349ffcc', '6adabb60-eed5-4dd0-b80c-41983dd81404', 75, 'completed', '2026-03-06T21:16:00.000Z');
INSERT INTO order_items (id, order_id, product_id, quantity, unit_price, subtotal, created_at) 
                      VALUES ('4c954b40-1e7e-4e1c-b196-71d0ec573b5a', '8cfc84ac-2a05-4f73-bbb1-5424cf3e0efb', 'cd4cb45a-05bc-4729-bb2a-06d122f369fc', 1, 75, 75, '2026-03-06T21:16:00.000Z');
INSERT INTO orders (id, buyer_id, seller_id, total_amount, status, created_at) 
                      VALUES ('33602ca5-0b31-4ea2-bb5e-90e10e2f8016', '1161fb73-809d-4954-a73a-738a9a1868f7', '6adabb60-eed5-4dd0-b80c-41983dd81404', 75, 'completed', '2026-03-06T20:45:00.000Z');
INSERT INTO order_items (id, order_id, product_id, quantity, unit_price, subtotal, created_at) 
                      VALUES ('1e9fbf57-e93b-4bd8-aa9e-dea6c7aa8ef7', '33602ca5-0b31-4ea2-bb5e-90e10e2f8016', 'cd4cb45a-05bc-4729-bb2a-06d122f369fc', 1, 75, 75, '2026-03-06T20:45:00.000Z');
INSERT INTO orders (id, buyer_id, seller_id, total_amount, status, created_at) 
                      VALUES ('21ab7645-9892-4d0e-b76c-d67da93ded1b', '233694a0-da98-4b19-8640-7b99f406554e', '6adabb60-eed5-4dd0-b80c-41983dd81404', 75, 'completed', '2026-03-06T20:10:00.000Z');
INSERT INTO order_items (id, order_id, product_id, quantity, unit_price, subtotal, created_at) 
                      VALUES ('16a22702-7f70-4b85-b876-22cd5e184808', '21ab7645-9892-4d0e-b76c-d67da93ded1b', 'cd4cb45a-05bc-4729-bb2a-06d122f369fc', 1, 75, 75, '2026-03-06T20:10:00.000Z');
INSERT INTO orders (id, buyer_id, seller_id, total_amount, status, created_at) 
                      VALUES ('12ca688e-de07-489c-a6a1-6f959d3651b6', '79768ab4-b021-418b-bf3c-0dd52f857b65', '6adabb60-eed5-4dd0-b80c-41983dd81404', 75, 'completed', '2026-03-06T16:49:00.000Z');
INSERT INTO order_items (id, order_id, product_id, quantity, unit_price, subtotal, created_at) 
                      VALUES ('b41e0551-e764-4134-8ebd-c03f5f415148', '12ca688e-de07-489c-a6a1-6f959d3651b6', 'cd4cb45a-05bc-4729-bb2a-06d122f369fc', 1, 75, 75, '2026-03-06T16:49:00.000Z');
INSERT INTO orders (id, buyer_id, seller_id, total_amount, status, created_at) 
                      VALUES ('e3a1eb03-0243-46be-9a0e-4da1418daa1e', 'b03c172d-3388-458c-8054-b6ad7db24e27', '6adabb60-eed5-4dd0-b80c-41983dd81404', 75, 'completed', '2026-03-06T18:35:00.000Z');
INSERT INTO order_items (id, order_id, product_id, quantity, unit_price, subtotal, created_at) 
                      VALUES ('dce5b60e-e6b3-48fb-8463-802f5ea7bdfb', 'e3a1eb03-0243-46be-9a0e-4da1418daa1e', 'cd4cb45a-05bc-4729-bb2a-06d122f369fc', 1, 75, 75, '2026-03-06T18:35:00.000Z');
INSERT INTO orders (id, buyer_id, seller_id, total_amount, status, created_at) 
                      VALUES ('dbca7f71-0d13-4c0d-a2c7-8f6bf2e38981', '79768ab4-b021-418b-bf3c-0dd52f857b65', '6adabb60-eed5-4dd0-b80c-41983dd81404', 75, 'completed', '2026-03-06T19:15:00.000Z');
INSERT INTO order_items (id, order_id, product_id, quantity, unit_price, subtotal, created_at) 
                      VALUES ('1a4a31b9-04bb-480c-a772-18e7bdba3657', 'dbca7f71-0d13-4c0d-a2c7-8f6bf2e38981', 'cd4cb45a-05bc-4729-bb2a-06d122f369fc', 1, 75, 75, '2026-03-06T19:15:00.000Z');
INSERT INTO orders (id, buyer_id, seller_id, total_amount, status, created_at) 
                      VALUES ('8d1aadfc-5ad8-41e4-93a5-556a64126b05', 'aa9e3c8c-e997-4408-ac68-6265851f972d', '6adabb60-eed5-4dd0-b80c-41983dd81404', 75, 'completed', '2026-03-06T17:17:00.000Z');
INSERT INTO order_items (id, order_id, product_id, quantity, unit_price, subtotal, created_at) 
                      VALUES ('d27f4a17-a1e8-4f55-9c1e-5f6f276fbe0d', '8d1aadfc-5ad8-41e4-93a5-556a64126b05', 'cd4cb45a-05bc-4729-bb2a-06d122f369fc', 1, 75, 75, '2026-03-06T17:17:00.000Z');
INSERT INTO orders (id, buyer_id, seller_id, total_amount, status, created_at) 
                      VALUES ('5129a16a-5318-4962-823c-b87bad1c2da7', 'aa9e3c8c-e997-4408-ac68-6265851f972d', '6adabb60-eed5-4dd0-b80c-41983dd81404', 75, 'completed', '2026-03-06T20:50:00.000Z');
INSERT INTO order_items (id, order_id, product_id, quantity, unit_price, subtotal, created_at) 
                      VALUES ('2eadfa38-c394-48dd-a000-555a72be13f8', '5129a16a-5318-4962-823c-b87bad1c2da7', 'cd4cb45a-05bc-4729-bb2a-06d122f369fc', 1, 75, 75, '2026-03-06T20:50:00.000Z');
INSERT INTO orders (id, buyer_id, seller_id, total_amount, status, created_at) 
                      VALUES ('5b38f11f-b3cf-4969-b7dd-7c12ebfcecad', 'ac51e939-ec0b-40c3-b3e7-39711b12845a', '6adabb60-eed5-4dd0-b80c-41983dd81404', 75, 'completed', '2026-03-06T20:59:00.000Z');
INSERT INTO order_items (id, order_id, product_id, quantity, unit_price, subtotal, created_at) 
                      VALUES ('e4672259-d63b-41f9-a06c-1fdaca28584c', '5b38f11f-b3cf-4969-b7dd-7c12ebfcecad', 'cd4cb45a-05bc-4729-bb2a-06d122f369fc', 1, 75, 75, '2026-03-06T20:59:00.000Z');
INSERT INTO audit_logs (id, action, user_id, description, level, created_at) 
                  VALUES ('3fe62ef5-d65b-4198-9c5b-4aa9e325eba3', 'USER_LOGIN', '5f552e5d-c288-453c-a685-b287e1c0c64a', 'Vendedor inició sesión para jornada', 'info', '2026-03-06T14:20:00.000Z');
INSERT INTO daily_sales (id, seller_id, sale_date, total_investment, total_revenue, units_sold, units_lost, total_waste_cost, is_closed) 
                  VALUES ('d679e321-0b6f-4330-9ce6-13b884bebf0b', '5f552e5d-c288-453c-a685-b287e1c0c64a', '2026-03-06', 240, 540, 12, 0, 0, true);
INSERT INTO sale_details (id, daily_sale_id, product_id, quantity_prepared, quantity_sold, quantity_lost, unit_cost, unit_price, waste_cost, waste_reason) 
                  VALUES ('e717994c-8a85-47bc-a3f1-084d7dfe6f37', 'd679e321-0b6f-4330-9ce6-13b884bebf0b', '90ccc3f8-627a-4af7-aab2-9c7967c2f50d', 12, 12, 0, 20, 45, 0, 'expired');
INSERT INTO orders (id, buyer_id, seller_id, total_amount, status, created_at) 
                      VALUES ('5aa6fe4e-b732-46af-8345-ce70d77b1b29', '79768ab4-b021-418b-bf3c-0dd52f857b65', '5f552e5d-c288-453c-a685-b287e1c0c64a', 45, 'completed', '2026-03-06T20:18:00.000Z');
INSERT INTO order_items (id, order_id, product_id, quantity, unit_price, subtotal, created_at) 
                      VALUES ('bdd27307-b416-47d7-ad17-476aa9383750', '5aa6fe4e-b732-46af-8345-ce70d77b1b29', '90ccc3f8-627a-4af7-aab2-9c7967c2f50d', 1, 45, 45, '2026-03-06T20:18:00.000Z');
INSERT INTO orders (id, buyer_id, seller_id, total_amount, status, created_at) 
                      VALUES ('acf5aba8-e452-4af3-81ca-e954eb7660aa', '79768ab4-b021-418b-bf3c-0dd52f857b65', '5f552e5d-c288-453c-a685-b287e1c0c64a', 45, 'completed', '2026-03-06T18:55:00.000Z');
INSERT INTO order_items (id, order_id, product_id, quantity, unit_price, subtotal, created_at) 
                      VALUES ('46750bd7-208a-4b7c-803e-d61a22f5b3b7', 'acf5aba8-e452-4af3-81ca-e954eb7660aa', '90ccc3f8-627a-4af7-aab2-9c7967c2f50d', 1, 45, 45, '2026-03-06T18:55:00.000Z');
INSERT INTO orders (id, buyer_id, seller_id, total_amount, status, created_at) 
                      VALUES ('7506c01c-e2d4-4174-9aa4-d7c90ce99e7b', '1161fb73-809d-4954-a73a-738a9a1868f7', '5f552e5d-c288-453c-a685-b287e1c0c64a', 45, 'completed', '2026-03-06T17:02:00.000Z');
INSERT INTO order_items (id, order_id, product_id, quantity, unit_price, subtotal, created_at) 
                      VALUES ('4315f881-1090-4f44-b78b-c8dbfb16c419', '7506c01c-e2d4-4174-9aa4-d7c90ce99e7b', '90ccc3f8-627a-4af7-aab2-9c7967c2f50d', 1, 45, 45, '2026-03-06T17:02:00.000Z');
INSERT INTO orders (id, buyer_id, seller_id, total_amount, status, created_at) 
                      VALUES ('45e17cb9-9e95-47cb-a32a-1c23593eb53c', 'ac51e939-ec0b-40c3-b3e7-39711b12845a', '5f552e5d-c288-453c-a685-b287e1c0c64a', 45, 'completed', '2026-03-06T20:14:00.000Z');
INSERT INTO order_items (id, order_id, product_id, quantity, unit_price, subtotal, created_at) 
                      VALUES ('01f041e2-f70c-447b-a7dd-f0ee044a2678', '45e17cb9-9e95-47cb-a32a-1c23593eb53c', '90ccc3f8-627a-4af7-aab2-9c7967c2f50d', 1, 45, 45, '2026-03-06T20:14:00.000Z');
INSERT INTO orders (id, buyer_id, seller_id, total_amount, status, created_at) 
                      VALUES ('5ca5a090-b764-47db-bff5-6e66ec9f5020', 'ac51e939-ec0b-40c3-b3e7-39711b12845a', '5f552e5d-c288-453c-a685-b287e1c0c64a', 45, 'completed', '2026-03-06T19:23:00.000Z');
INSERT INTO order_items (id, order_id, product_id, quantity, unit_price, subtotal, created_at) 
                      VALUES ('a6561f0f-fa62-4f6d-b8e7-bc09d82a483b', '5ca5a090-b764-47db-bff5-6e66ec9f5020', '90ccc3f8-627a-4af7-aab2-9c7967c2f50d', 1, 45, 45, '2026-03-06T19:23:00.000Z');
INSERT INTO orders (id, buyer_id, seller_id, total_amount, status, created_at) 
                      VALUES ('30348a31-1cfe-4c16-be1d-8038eee1bc50', 'b03c172d-3388-458c-8054-b6ad7db24e27', '5f552e5d-c288-453c-a685-b287e1c0c64a', 45, 'completed', '2026-03-06T21:02:00.000Z');
INSERT INTO order_items (id, order_id, product_id, quantity, unit_price, subtotal, created_at) 
                      VALUES ('f655c182-68d5-4978-adc0-6d4f37b20cae', '30348a31-1cfe-4c16-be1d-8038eee1bc50', '90ccc3f8-627a-4af7-aab2-9c7967c2f50d', 1, 45, 45, '2026-03-06T21:02:00.000Z');
INSERT INTO orders (id, buyer_id, seller_id, total_amount, status, created_at) 
                      VALUES ('c4cb4d99-97cb-4de9-b1be-eb1cffbff362', '79768ab4-b021-418b-bf3c-0dd52f857b65', '5f552e5d-c288-453c-a685-b287e1c0c64a', 45, 'completed', '2026-03-06T17:13:00.000Z');
INSERT INTO order_items (id, order_id, product_id, quantity, unit_price, subtotal, created_at) 
                      VALUES ('3af69784-a3e1-41f4-a639-53f5b36c9b2a', 'c4cb4d99-97cb-4de9-b1be-eb1cffbff362', '90ccc3f8-627a-4af7-aab2-9c7967c2f50d', 1, 45, 45, '2026-03-06T17:13:00.000Z');
INSERT INTO orders (id, buyer_id, seller_id, total_amount, status, created_at) 
                      VALUES ('3b845144-f403-4b0b-9724-71f4fdc5e254', '1161fb73-809d-4954-a73a-738a9a1868f7', '5f552e5d-c288-453c-a685-b287e1c0c64a', 45, 'completed', '2026-03-06T19:39:00.000Z');
INSERT INTO order_items (id, order_id, product_id, quantity, unit_price, subtotal, created_at) 
                      VALUES ('e5313192-b8bd-404d-912e-107c60cd4fb5', '3b845144-f403-4b0b-9724-71f4fdc5e254', '90ccc3f8-627a-4af7-aab2-9c7967c2f50d', 1, 45, 45, '2026-03-06T19:39:00.000Z');
INSERT INTO orders (id, buyer_id, seller_id, total_amount, status, created_at) 
                      VALUES ('e2ebdc1a-7a47-49f3-ace7-b6ccc5769c47', '6c8c4ad9-70e8-48cb-9ce8-5d01c349ffcc', '5f552e5d-c288-453c-a685-b287e1c0c64a', 45, 'completed', '2026-03-06T17:15:00.000Z');
INSERT INTO order_items (id, order_id, product_id, quantity, unit_price, subtotal, created_at) 
                      VALUES ('3da415a8-4ec6-4969-810f-70c19e89db0c', 'e2ebdc1a-7a47-49f3-ace7-b6ccc5769c47', '90ccc3f8-627a-4af7-aab2-9c7967c2f50d', 1, 45, 45, '2026-03-06T17:15:00.000Z');
INSERT INTO orders (id, buyer_id, seller_id, total_amount, status, created_at) 
                      VALUES ('de1d73cb-7e59-48bd-aae9-6362f7d1c545', 'aa9e3c8c-e997-4408-ac68-6265851f972d', '5f552e5d-c288-453c-a685-b287e1c0c64a', 45, 'completed', '2026-03-06T20:12:00.000Z');
INSERT INTO order_items (id, order_id, product_id, quantity, unit_price, subtotal, created_at) 
                      VALUES ('d90179d3-8996-4391-ab76-c57a6bffe211', 'de1d73cb-7e59-48bd-aae9-6362f7d1c545', '90ccc3f8-627a-4af7-aab2-9c7967c2f50d', 1, 45, 45, '2026-03-06T20:12:00.000Z');
INSERT INTO orders (id, buyer_id, seller_id, total_amount, status, created_at) 
                      VALUES ('2448b6c4-eb00-4f6d-8abf-0f44fea24954', 'aa9e3c8c-e997-4408-ac68-6265851f972d', '5f552e5d-c288-453c-a685-b287e1c0c64a', 45, 'completed', '2026-03-06T20:13:00.000Z');
INSERT INTO order_items (id, order_id, product_id, quantity, unit_price, subtotal, created_at) 
                      VALUES ('ca426582-2922-4d3e-b6f5-a47842b9114d', '2448b6c4-eb00-4f6d-8abf-0f44fea24954', '90ccc3f8-627a-4af7-aab2-9c7967c2f50d', 1, 45, 45, '2026-03-06T20:13:00.000Z');
INSERT INTO orders (id, buyer_id, seller_id, total_amount, status, created_at) 
                      VALUES ('8459ea36-2d59-4256-8bbb-bac4b13198c0', 'aa9e3c8c-e997-4408-ac68-6265851f972d', '5f552e5d-c288-453c-a685-b287e1c0c64a', 45, 'completed', '2026-03-06T19:50:00.000Z');
INSERT INTO order_items (id, order_id, product_id, quantity, unit_price, subtotal, created_at) 
                      VALUES ('cfc04120-fb7e-4b10-8afa-f0f4348a1bf4', '8459ea36-2d59-4256-8bbb-bac4b13198c0', '90ccc3f8-627a-4af7-aab2-9c7967c2f50d', 1, 45, 45, '2026-03-06T19:50:00.000Z');
INSERT INTO audit_logs (id, action, user_id, description, level, created_at) 
                  VALUES ('f626d799-e7de-480f-8b55-78ddadda147c', 'USER_LOGIN', '522afd0e-5b6f-4f57-be80-46fd79ba12db', 'Vendedor inició sesión para jornada', 'info', '2026-03-06T14:29:00.000Z');
INSERT INTO daily_sales (id, seller_id, sale_date, total_investment, total_revenue, units_sold, units_lost, total_waste_cost, is_closed) 
                  VALUES ('263e879b-f148-4f76-a492-eef830a01d20', '522afd0e-5b6f-4f57-be80-46fd79ba12db', '2026-03-06', 132, 300, 10, 1, 12, true);
INSERT INTO sale_details (id, daily_sale_id, product_id, quantity_prepared, quantity_sold, quantity_lost, unit_cost, unit_price, waste_cost, waste_reason) 
                  VALUES ('fe63fbd7-173e-4e1d-bc47-96c860ad0381', '263e879b-f148-4f76-a492-eef830a01d20', 'c865d401-6592-418d-98d5-1aa633799680', 11, 10, 1, 12, 30, 12, 'expired');
INSERT INTO orders (id, buyer_id, seller_id, total_amount, status, created_at) 
                      VALUES ('8adce468-e3af-4633-99fd-3bd85b76f1ad', 'aa9e3c8c-e997-4408-ac68-6265851f972d', '522afd0e-5b6f-4f57-be80-46fd79ba12db', 30, 'completed', '2026-03-06T17:23:00.000Z');
INSERT INTO order_items (id, order_id, product_id, quantity, unit_price, subtotal, created_at) 
                      VALUES ('27f40881-1450-4885-96ea-068f20e78d2e', '8adce468-e3af-4633-99fd-3bd85b76f1ad', 'c865d401-6592-418d-98d5-1aa633799680', 1, 30, 30, '2026-03-06T17:23:00.000Z');
INSERT INTO orders (id, buyer_id, seller_id, total_amount, status, created_at) 
                      VALUES ('07e88154-5a26-4682-8236-9346e5909846', 'b03c172d-3388-458c-8054-b6ad7db24e27', '522afd0e-5b6f-4f57-be80-46fd79ba12db', 30, 'completed', '2026-03-06T18:32:00.000Z');
INSERT INTO order_items (id, order_id, product_id, quantity, unit_price, subtotal, created_at) 
                      VALUES ('51bebd50-d943-4a7e-961a-f254413517de', '07e88154-5a26-4682-8236-9346e5909846', 'c865d401-6592-418d-98d5-1aa633799680', 1, 30, 30, '2026-03-06T18:32:00.000Z');
INSERT INTO orders (id, buyer_id, seller_id, total_amount, status, created_at) 
                      VALUES ('469e9e6b-f809-4c19-a3c5-542404a20cf7', '6c8c4ad9-70e8-48cb-9ce8-5d01c349ffcc', '522afd0e-5b6f-4f57-be80-46fd79ba12db', 30, 'completed', '2026-03-06T20:30:00.000Z');
INSERT INTO order_items (id, order_id, product_id, quantity, unit_price, subtotal, created_at) 
                      VALUES ('e55faf00-1b80-424c-9bd1-5021afaf8729', '469e9e6b-f809-4c19-a3c5-542404a20cf7', 'c865d401-6592-418d-98d5-1aa633799680', 1, 30, 30, '2026-03-06T20:30:00.000Z');
INSERT INTO orders (id, buyer_id, seller_id, total_amount, status, created_at) 
                      VALUES ('f1785862-515d-453d-8084-71e2594b8303', '6c8c4ad9-70e8-48cb-9ce8-5d01c349ffcc', '522afd0e-5b6f-4f57-be80-46fd79ba12db', 30, 'completed', '2026-03-06T17:45:00.000Z');
INSERT INTO order_items (id, order_id, product_id, quantity, unit_price, subtotal, created_at) 
                      VALUES ('afebf3c0-392b-4f58-9a4e-7b18f2ac17e1', 'f1785862-515d-453d-8084-71e2594b8303', 'c865d401-6592-418d-98d5-1aa633799680', 1, 30, 30, '2026-03-06T17:45:00.000Z');
INSERT INTO orders (id, buyer_id, seller_id, total_amount, status, created_at) 
                      VALUES ('88b1bdd7-8229-484c-ab2d-fa02a5fbabda', 'aa9e3c8c-e997-4408-ac68-6265851f972d', '522afd0e-5b6f-4f57-be80-46fd79ba12db', 30, 'completed', '2026-03-06T16:59:00.000Z');
INSERT INTO order_items (id, order_id, product_id, quantity, unit_price, subtotal, created_at) 
                      VALUES ('9fbb3c02-223d-44db-a50f-886520dcf90e', '88b1bdd7-8229-484c-ab2d-fa02a5fbabda', 'c865d401-6592-418d-98d5-1aa633799680', 1, 30, 30, '2026-03-06T16:59:00.000Z');
INSERT INTO orders (id, buyer_id, seller_id, total_amount, status, created_at) 
                      VALUES ('13c4f343-3932-4462-a179-9eac9e39f64a', 'aa9e3c8c-e997-4408-ac68-6265851f972d', '522afd0e-5b6f-4f57-be80-46fd79ba12db', 30, 'completed', '2026-03-06T20:24:00.000Z');
INSERT INTO order_items (id, order_id, product_id, quantity, unit_price, subtotal, created_at) 
                      VALUES ('192299ed-fe03-4d39-94ea-3e1830bba290', '13c4f343-3932-4462-a179-9eac9e39f64a', 'c865d401-6592-418d-98d5-1aa633799680', 1, 30, 30, '2026-03-06T20:24:00.000Z');
INSERT INTO orders (id, buyer_id, seller_id, total_amount, status, created_at) 
                      VALUES ('55ddec0b-74d3-4f45-ad3e-38dd0fe20861', 'b03c172d-3388-458c-8054-b6ad7db24e27', '522afd0e-5b6f-4f57-be80-46fd79ba12db', 30, 'completed', '2026-03-06T18:07:00.000Z');
INSERT INTO order_items (id, order_id, product_id, quantity, unit_price, subtotal, created_at) 
                      VALUES ('8f27710b-a83a-48a8-8d05-c8a97311ac32', '55ddec0b-74d3-4f45-ad3e-38dd0fe20861', 'c865d401-6592-418d-98d5-1aa633799680', 1, 30, 30, '2026-03-06T18:07:00.000Z');
INSERT INTO orders (id, buyer_id, seller_id, total_amount, status, created_at) 
                      VALUES ('3c96c2c1-be1c-4721-9f2d-d786688d46af', '233694a0-da98-4b19-8640-7b99f406554e', '522afd0e-5b6f-4f57-be80-46fd79ba12db', 30, 'completed', '2026-03-06T17:29:00.000Z');
INSERT INTO order_items (id, order_id, product_id, quantity, unit_price, subtotal, created_at) 
                      VALUES ('0f6592ba-eec1-4898-9962-38d983bb4527', '3c96c2c1-be1c-4721-9f2d-d786688d46af', 'c865d401-6592-418d-98d5-1aa633799680', 1, 30, 30, '2026-03-06T17:29:00.000Z');
INSERT INTO orders (id, buyer_id, seller_id, total_amount, status, created_at) 
                      VALUES ('7e025595-44c5-4bd9-93f2-8f9421ab913c', 'aa9e3c8c-e997-4408-ac68-6265851f972d', '522afd0e-5b6f-4f57-be80-46fd79ba12db', 30, 'completed', '2026-03-06T16:18:00.000Z');
INSERT INTO order_items (id, order_id, product_id, quantity, unit_price, subtotal, created_at) 
                      VALUES ('496f4d1d-9571-4adc-9190-78181e6b4593', '7e025595-44c5-4bd9-93f2-8f9421ab913c', 'c865d401-6592-418d-98d5-1aa633799680', 1, 30, 30, '2026-03-06T16:18:00.000Z');
INSERT INTO orders (id, buyer_id, seller_id, total_amount, status, created_at) 
                      VALUES ('5781fce2-1a77-4425-8cfe-47b4b2bcbc5e', 'aa9e3c8c-e997-4408-ac68-6265851f972d', '522afd0e-5b6f-4f57-be80-46fd79ba12db', 30, 'completed', '2026-03-06T16:52:00.000Z');
INSERT INTO order_items (id, order_id, product_id, quantity, unit_price, subtotal, created_at) 
                      VALUES ('356c2057-270f-43b1-8e26-7f0d1050a789', '5781fce2-1a77-4425-8cfe-47b4b2bcbc5e', 'c865d401-6592-418d-98d5-1aa633799680', 1, 30, 30, '2026-03-06T16:52:00.000Z');
INSERT INTO audit_logs (id, action, user_id, description, level, created_at) 
                  VALUES ('0582616a-016e-4790-a391-7b2902b65a01', 'USER_LOGIN', 'da273443-bae3-4781-ae4e-819d0c9d56a6', 'Vendedor inició sesión para jornada', 'info', '2026-03-06T14:03:00.000Z');
INSERT INTO daily_sales (id, seller_id, sale_date, total_investment, total_revenue, units_sold, units_lost, total_waste_cost, is_closed) 
                  VALUES ('12d5e9ca-9708-4edd-839d-4e0a7ecb4050', 'da273443-bae3-4781-ae4e-819d0c9d56a6', '2026-03-06', 112, 325, 13, 1, 8, true);
INSERT INTO sale_details (id, daily_sale_id, product_id, quantity_prepared, quantity_sold, quantity_lost, unit_cost, unit_price, waste_cost, waste_reason) 
                  VALUES ('912cb770-957f-4917-aee6-3fac78e23f9c', '12d5e9ca-9708-4edd-839d-4e0a7ecb4050', 'ea84c406-f235-4e9c-b061-71ed9401e63b', 14, 13, 1, 8, 25, 8, 'expired');
INSERT INTO orders (id, buyer_id, seller_id, total_amount, status, created_at) 
                      VALUES ('4e3832ed-4e0b-4077-9af3-f08d71ff52c4', '1161fb73-809d-4954-a73a-738a9a1868f7', 'da273443-bae3-4781-ae4e-819d0c9d56a6', 25, 'completed', '2026-03-06T20:16:00.000Z');
INSERT INTO order_items (id, order_id, product_id, quantity, unit_price, subtotal, created_at) 
                      VALUES ('f31b02ef-ec46-46a0-9994-9e4d566252af', '4e3832ed-4e0b-4077-9af3-f08d71ff52c4', 'ea84c406-f235-4e9c-b061-71ed9401e63b', 1, 25, 25, '2026-03-06T20:16:00.000Z');
INSERT INTO orders (id, buyer_id, seller_id, total_amount, status, created_at) 
                      VALUES ('b99a3aee-fe5e-472e-972f-1b40516aec40', '233694a0-da98-4b19-8640-7b99f406554e', 'da273443-bae3-4781-ae4e-819d0c9d56a6', 25, 'completed', '2026-03-06T17:29:00.000Z');
INSERT INTO order_items (id, order_id, product_id, quantity, unit_price, subtotal, created_at) 
                      VALUES ('0ca91e7c-1a6e-42a9-9662-30f5dea319c7', 'b99a3aee-fe5e-472e-972f-1b40516aec40', 'ea84c406-f235-4e9c-b061-71ed9401e63b', 1, 25, 25, '2026-03-06T17:29:00.000Z');
INSERT INTO orders (id, buyer_id, seller_id, total_amount, status, created_at) 
                      VALUES ('07bb4478-6890-436f-9c2a-2143e4b638b7', 'b03c172d-3388-458c-8054-b6ad7db24e27', 'da273443-bae3-4781-ae4e-819d0c9d56a6', 25, 'completed', '2026-03-06T21:54:00.000Z');
INSERT INTO order_items (id, order_id, product_id, quantity, unit_price, subtotal, created_at) 
                      VALUES ('d0076709-c962-488d-a852-fe7773b48ff8', '07bb4478-6890-436f-9c2a-2143e4b638b7', 'ea84c406-f235-4e9c-b061-71ed9401e63b', 1, 25, 25, '2026-03-06T21:54:00.000Z');
INSERT INTO orders (id, buyer_id, seller_id, total_amount, status, created_at) 
                      VALUES ('ccf4b9df-9e66-4405-9e92-9a3d5d5897bd', 'aa9e3c8c-e997-4408-ac68-6265851f972d', 'da273443-bae3-4781-ae4e-819d0c9d56a6', 25, 'completed', '2026-03-06T16:35:00.000Z');
INSERT INTO order_items (id, order_id, product_id, quantity, unit_price, subtotal, created_at) 
                      VALUES ('c3e19953-d2d7-40b2-8368-73454865eafc', 'ccf4b9df-9e66-4405-9e92-9a3d5d5897bd', 'ea84c406-f235-4e9c-b061-71ed9401e63b', 1, 25, 25, '2026-03-06T16:35:00.000Z');
INSERT INTO orders (id, buyer_id, seller_id, total_amount, status, created_at) 
                      VALUES ('2112030b-3642-4bf9-a6bf-3db559ef496f', 'b03c172d-3388-458c-8054-b6ad7db24e27', 'da273443-bae3-4781-ae4e-819d0c9d56a6', 25, 'completed', '2026-03-06T21:08:00.000Z');
INSERT INTO order_items (id, order_id, product_id, quantity, unit_price, subtotal, created_at) 
                      VALUES ('932a99a4-4ef1-4bc6-8373-e2794741b98a', '2112030b-3642-4bf9-a6bf-3db559ef496f', 'ea84c406-f235-4e9c-b061-71ed9401e63b', 1, 25, 25, '2026-03-06T21:08:00.000Z');
INSERT INTO orders (id, buyer_id, seller_id, total_amount, status, created_at) 
                      VALUES ('10b6da93-bec3-4305-abf2-9abd1cabadb0', 'ac51e939-ec0b-40c3-b3e7-39711b12845a', 'da273443-bae3-4781-ae4e-819d0c9d56a6', 25, 'completed', '2026-03-06T18:00:00.000Z');
INSERT INTO order_items (id, order_id, product_id, quantity, unit_price, subtotal, created_at) 
                      VALUES ('becc25b3-bcb3-468d-8294-e3a6f5c30087', '10b6da93-bec3-4305-abf2-9abd1cabadb0', 'ea84c406-f235-4e9c-b061-71ed9401e63b', 1, 25, 25, '2026-03-06T18:00:00.000Z');
INSERT INTO orders (id, buyer_id, seller_id, total_amount, status, created_at) 
                      VALUES ('a910c101-b53f-438d-be18-f3b260fb9890', '6c8c4ad9-70e8-48cb-9ce8-5d01c349ffcc', 'da273443-bae3-4781-ae4e-819d0c9d56a6', 25, 'completed', '2026-03-06T20:59:00.000Z');
INSERT INTO order_items (id, order_id, product_id, quantity, unit_price, subtotal, created_at) 
                      VALUES ('0438aff3-36c8-4348-9700-8309897f261f', 'a910c101-b53f-438d-be18-f3b260fb9890', 'ea84c406-f235-4e9c-b061-71ed9401e63b', 1, 25, 25, '2026-03-06T20:59:00.000Z');
INSERT INTO orders (id, buyer_id, seller_id, total_amount, status, created_at) 
                      VALUES ('a59e9417-645e-43f3-aae1-f2c87b6ed159', '6c8c4ad9-70e8-48cb-9ce8-5d01c349ffcc', 'da273443-bae3-4781-ae4e-819d0c9d56a6', 25, 'completed', '2026-03-06T21:29:00.000Z');
INSERT INTO order_items (id, order_id, product_id, quantity, unit_price, subtotal, created_at) 
                      VALUES ('c9ddbc24-a865-4dba-9a43-3089c1e06c95', 'a59e9417-645e-43f3-aae1-f2c87b6ed159', 'ea84c406-f235-4e9c-b061-71ed9401e63b', 1, 25, 25, '2026-03-06T21:29:00.000Z');
INSERT INTO orders (id, buyer_id, seller_id, total_amount, status, created_at) 
                      VALUES ('e2cda712-5b04-411c-8dc2-84ef1173e7a5', '6c8c4ad9-70e8-48cb-9ce8-5d01c349ffcc', 'da273443-bae3-4781-ae4e-819d0c9d56a6', 25, 'completed', '2026-03-06T17:21:00.000Z');
INSERT INTO order_items (id, order_id, product_id, quantity, unit_price, subtotal, created_at) 
                      VALUES ('f17b92cf-a481-4fae-a820-63286c8998ba', 'e2cda712-5b04-411c-8dc2-84ef1173e7a5', 'ea84c406-f235-4e9c-b061-71ed9401e63b', 1, 25, 25, '2026-03-06T17:21:00.000Z');
INSERT INTO orders (id, buyer_id, seller_id, total_amount, status, created_at) 
                      VALUES ('f77d1326-e6a7-42ea-8342-b36d50fba7fc', 'ac51e939-ec0b-40c3-b3e7-39711b12845a', 'da273443-bae3-4781-ae4e-819d0c9d56a6', 25, 'completed', '2026-03-06T16:47:00.000Z');
INSERT INTO order_items (id, order_id, product_id, quantity, unit_price, subtotal, created_at) 
                      VALUES ('1d1600cf-7e37-48f5-b3c1-ae9c78fbd820', 'f77d1326-e6a7-42ea-8342-b36d50fba7fc', 'ea84c406-f235-4e9c-b061-71ed9401e63b', 1, 25, 25, '2026-03-06T16:47:00.000Z');
INSERT INTO orders (id, buyer_id, seller_id, total_amount, status, created_at) 
                      VALUES ('a9c2a132-911f-46c1-839f-57a1c1e22081', '233694a0-da98-4b19-8640-7b99f406554e', 'da273443-bae3-4781-ae4e-819d0c9d56a6', 25, 'completed', '2026-03-06T20:29:00.000Z');
INSERT INTO order_items (id, order_id, product_id, quantity, unit_price, subtotal, created_at) 
                      VALUES ('b942c498-6208-4a0d-9d4c-d155762d3218', 'a9c2a132-911f-46c1-839f-57a1c1e22081', 'ea84c406-f235-4e9c-b061-71ed9401e63b', 1, 25, 25, '2026-03-06T20:29:00.000Z');
INSERT INTO orders (id, buyer_id, seller_id, total_amount, status, created_at) 
                      VALUES ('0493e563-458c-4f16-b0da-caf5e3f09448', '79768ab4-b021-418b-bf3c-0dd52f857b65', 'da273443-bae3-4781-ae4e-819d0c9d56a6', 25, 'completed', '2026-03-06T17:38:00.000Z');
INSERT INTO order_items (id, order_id, product_id, quantity, unit_price, subtotal, created_at) 
                      VALUES ('8a233cb1-5300-402c-a36e-d4c881ca4086', '0493e563-458c-4f16-b0da-caf5e3f09448', 'ea84c406-f235-4e9c-b061-71ed9401e63b', 1, 25, 25, '2026-03-06T17:38:00.000Z');
INSERT INTO orders (id, buyer_id, seller_id, total_amount, status, created_at) 
                      VALUES ('189f2528-a6fd-415d-8896-99898e4ce5c7', '79768ab4-b021-418b-bf3c-0dd52f857b65', 'da273443-bae3-4781-ae4e-819d0c9d56a6', 25, 'completed', '2026-03-06T19:22:00.000Z');
INSERT INTO order_items (id, order_id, product_id, quantity, unit_price, subtotal, created_at) 
                      VALUES ('663e63b6-b22d-422d-9132-5f3397c54a1d', '189f2528-a6fd-415d-8896-99898e4ce5c7', 'ea84c406-f235-4e9c-b061-71ed9401e63b', 1, 25, 25, '2026-03-06T19:22:00.000Z');
INSERT INTO audit_logs (id, action, user_id, description, level, created_at) 
                  VALUES ('e18bbd57-fcd0-466f-98c5-412129f12726', 'USER_LOGIN', 'cdc7b576-3957-4e3f-9e87-6630e4ef1950', 'Vendedor inició sesión para jornada', 'info', '2026-03-06T14:29:00.000Z');
INSERT INTO daily_sales (id, seller_id, sale_date, total_investment, total_revenue, units_sold, units_lost, total_waste_cost, is_closed) 
                  VALUES ('34c2645c-07a6-4b51-be7e-87a9e0c41c5b', 'cdc7b576-3957-4e3f-9e87-6630e4ef1950', '2026-03-06', 325, 660, 12, 1, 25, true);
INSERT INTO sale_details (id, daily_sale_id, product_id, quantity_prepared, quantity_sold, quantity_lost, unit_cost, unit_price, waste_cost, waste_reason) 
                  VALUES ('e7b4ad0a-4dd3-4f03-9a0a-37d5a21b793f', '34c2645c-07a6-4b51-be7e-87a9e0c41c5b', '49e54b55-6e07-407b-9dac-36e93e1f8aa2', 13, 12, 1, 25, 55, 25, 'expired');
INSERT INTO orders (id, buyer_id, seller_id, total_amount, status, created_at) 
                      VALUES ('28c011ac-4039-4e10-9ebd-434d6f42625d', '6c8c4ad9-70e8-48cb-9ce8-5d01c349ffcc', 'cdc7b576-3957-4e3f-9e87-6630e4ef1950', 55, 'completed', '2026-03-06T21:59:00.000Z');
INSERT INTO order_items (id, order_id, product_id, quantity, unit_price, subtotal, created_at) 
                      VALUES ('05db837b-40d5-41ce-95b3-8190ec013af1', '28c011ac-4039-4e10-9ebd-434d6f42625d', '49e54b55-6e07-407b-9dac-36e93e1f8aa2', 1, 55, 55, '2026-03-06T21:59:00.000Z');
INSERT INTO orders (id, buyer_id, seller_id, total_amount, status, created_at) 
                      VALUES ('9e718adb-3531-48fc-8cc2-93fd4d791ea9', 'b03c172d-3388-458c-8054-b6ad7db24e27', 'cdc7b576-3957-4e3f-9e87-6630e4ef1950', 55, 'completed', '2026-03-06T17:58:00.000Z');
INSERT INTO order_items (id, order_id, product_id, quantity, unit_price, subtotal, created_at) 
                      VALUES ('f3b4050b-cb09-422d-8d79-ad02047acdbc', '9e718adb-3531-48fc-8cc2-93fd4d791ea9', '49e54b55-6e07-407b-9dac-36e93e1f8aa2', 1, 55, 55, '2026-03-06T17:58:00.000Z');
INSERT INTO orders (id, buyer_id, seller_id, total_amount, status, created_at) 
                      VALUES ('a572a555-047f-45c2-98b2-29c85a106e83', 'b03c172d-3388-458c-8054-b6ad7db24e27', 'cdc7b576-3957-4e3f-9e87-6630e4ef1950', 55, 'completed', '2026-03-06T21:26:00.000Z');
INSERT INTO order_items (id, order_id, product_id, quantity, unit_price, subtotal, created_at) 
                      VALUES ('2b8dbdcc-d75e-4199-a8fd-18861f9085b6', 'a572a555-047f-45c2-98b2-29c85a106e83', '49e54b55-6e07-407b-9dac-36e93e1f8aa2', 1, 55, 55, '2026-03-06T21:26:00.000Z');
INSERT INTO orders (id, buyer_id, seller_id, total_amount, status, created_at) 
                      VALUES ('f325e8e8-8974-4c4e-bd7c-f970a1d2c7c2', 'aa9e3c8c-e997-4408-ac68-6265851f972d', 'cdc7b576-3957-4e3f-9e87-6630e4ef1950', 55, 'completed', '2026-03-06T20:08:00.000Z');
INSERT INTO order_items (id, order_id, product_id, quantity, unit_price, subtotal, created_at) 
                      VALUES ('b7c22a74-04c4-4c7a-9967-1b1c6694b6b4', 'f325e8e8-8974-4c4e-bd7c-f970a1d2c7c2', '49e54b55-6e07-407b-9dac-36e93e1f8aa2', 1, 55, 55, '2026-03-06T20:08:00.000Z');
INSERT INTO orders (id, buyer_id, seller_id, total_amount, status, created_at) 
                      VALUES ('d2fe469d-54fe-49e8-9507-3defb55a6721', 'aa9e3c8c-e997-4408-ac68-6265851f972d', 'cdc7b576-3957-4e3f-9e87-6630e4ef1950', 55, 'completed', '2026-03-06T20:54:00.000Z');
INSERT INTO order_items (id, order_id, product_id, quantity, unit_price, subtotal, created_at) 
                      VALUES ('88033314-86f6-4261-a7f9-6512f5078e7a', 'd2fe469d-54fe-49e8-9507-3defb55a6721', '49e54b55-6e07-407b-9dac-36e93e1f8aa2', 1, 55, 55, '2026-03-06T20:54:00.000Z');
INSERT INTO orders (id, buyer_id, seller_id, total_amount, status, created_at) 
                      VALUES ('2777a316-87e9-4e87-b8ee-4fe806693de6', '1161fb73-809d-4954-a73a-738a9a1868f7', 'cdc7b576-3957-4e3f-9e87-6630e4ef1950', 55, 'completed', '2026-03-06T21:58:00.000Z');
INSERT INTO order_items (id, order_id, product_id, quantity, unit_price, subtotal, created_at) 
                      VALUES ('b29e510e-7d12-4d5c-8ea6-a5fb2fbef3b3', '2777a316-87e9-4e87-b8ee-4fe806693de6', '49e54b55-6e07-407b-9dac-36e93e1f8aa2', 1, 55, 55, '2026-03-06T21:58:00.000Z');
INSERT INTO orders (id, buyer_id, seller_id, total_amount, status, created_at) 
                      VALUES ('4d6c3443-01d4-4338-b3ba-c88a158d72fa', '1161fb73-809d-4954-a73a-738a9a1868f7', 'cdc7b576-3957-4e3f-9e87-6630e4ef1950', 55, 'completed', '2026-03-06T17:01:00.000Z');
INSERT INTO order_items (id, order_id, product_id, quantity, unit_price, subtotal, created_at) 
                      VALUES ('641770d1-5ec3-4348-91aa-1fa2ab990944', '4d6c3443-01d4-4338-b3ba-c88a158d72fa', '49e54b55-6e07-407b-9dac-36e93e1f8aa2', 1, 55, 55, '2026-03-06T17:01:00.000Z');
INSERT INTO orders (id, buyer_id, seller_id, total_amount, status, created_at) 
                      VALUES ('6815ccc1-2cbf-4e74-bab7-175dfc7be97c', '1161fb73-809d-4954-a73a-738a9a1868f7', 'cdc7b576-3957-4e3f-9e87-6630e4ef1950', 55, 'completed', '2026-03-06T19:38:00.000Z');
INSERT INTO order_items (id, order_id, product_id, quantity, unit_price, subtotal, created_at) 
                      VALUES ('4bcffcb7-1e9c-45dc-acdf-2df7f992b448', '6815ccc1-2cbf-4e74-bab7-175dfc7be97c', '49e54b55-6e07-407b-9dac-36e93e1f8aa2', 1, 55, 55, '2026-03-06T19:38:00.000Z');
INSERT INTO orders (id, buyer_id, seller_id, total_amount, status, created_at) 
                      VALUES ('c27e5e14-dcf4-45cd-bf7f-9ab1a29584a5', '6c8c4ad9-70e8-48cb-9ce8-5d01c349ffcc', 'cdc7b576-3957-4e3f-9e87-6630e4ef1950', 55, 'completed', '2026-03-06T18:15:00.000Z');
INSERT INTO order_items (id, order_id, product_id, quantity, unit_price, subtotal, created_at) 
                      VALUES ('c07beb00-dbdb-41a0-a84a-5ee2a3e5177c', 'c27e5e14-dcf4-45cd-bf7f-9ab1a29584a5', '49e54b55-6e07-407b-9dac-36e93e1f8aa2', 1, 55, 55, '2026-03-06T18:15:00.000Z');
INSERT INTO orders (id, buyer_id, seller_id, total_amount, status, created_at) 
                      VALUES ('f7cc8370-f7bb-453a-bca2-a635ef0f685a', '1161fb73-809d-4954-a73a-738a9a1868f7', 'cdc7b576-3957-4e3f-9e87-6630e4ef1950', 55, 'completed', '2026-03-06T16:30:00.000Z');
INSERT INTO order_items (id, order_id, product_id, quantity, unit_price, subtotal, created_at) 
                      VALUES ('66e5b1ec-c7c6-404d-9e3b-02ba060aad9e', 'f7cc8370-f7bb-453a-bca2-a635ef0f685a', '49e54b55-6e07-407b-9dac-36e93e1f8aa2', 1, 55, 55, '2026-03-06T16:30:00.000Z');
INSERT INTO orders (id, buyer_id, seller_id, total_amount, status, created_at) 
                      VALUES ('09957a99-2467-4efa-b780-b6656477c89b', 'aa9e3c8c-e997-4408-ac68-6265851f972d', 'cdc7b576-3957-4e3f-9e87-6630e4ef1950', 55, 'completed', '2026-03-06T17:51:00.000Z');
INSERT INTO order_items (id, order_id, product_id, quantity, unit_price, subtotal, created_at) 
                      VALUES ('55e0a75d-4c27-42c2-b804-1ac60cd608cb', '09957a99-2467-4efa-b780-b6656477c89b', '49e54b55-6e07-407b-9dac-36e93e1f8aa2', 1, 55, 55, '2026-03-06T17:51:00.000Z');
INSERT INTO orders (id, buyer_id, seller_id, total_amount, status, created_at) 
                      VALUES ('c1dc28d0-92f5-492a-96c5-b6fa7456cf02', '6c8c4ad9-70e8-48cb-9ce8-5d01c349ffcc', 'cdc7b576-3957-4e3f-9e87-6630e4ef1950', 55, 'completed', '2026-03-06T17:50:00.000Z');
INSERT INTO order_items (id, order_id, product_id, quantity, unit_price, subtotal, created_at) 
                      VALUES ('91a75919-c9fd-41fc-be98-96ce206349c7', 'c1dc28d0-92f5-492a-96c5-b6fa7456cf02', '49e54b55-6e07-407b-9dac-36e93e1f8aa2', 1, 55, 55, '2026-03-06T17:50:00.000Z');
INSERT INTO audit_logs (id, action, user_id, description, level, created_at) 
                  VALUES ('3edc07b6-1ca5-4f70-904a-5743faa24763', 'USER_LOGIN', '6adabb60-eed5-4dd0-b80c-41983dd81404', 'Vendedor inició sesión para jornada', 'info', '2026-03-07T14:02:00.000Z');
INSERT INTO daily_sales (id, seller_id, sale_date, total_investment, total_revenue, units_sold, units_lost, total_waste_cost, is_closed) 
                  VALUES ('3d35b940-2eaf-4ff1-b99a-c1c914bf47b0', '6adabb60-eed5-4dd0-b80c-41983dd81404', '2026-03-07', 560, 900, 12, 2, 80, true);
INSERT INTO sale_details (id, daily_sale_id, product_id, quantity_prepared, quantity_sold, quantity_lost, unit_cost, unit_price, waste_cost, waste_reason) 
                  VALUES ('554764dd-af50-40a4-8c17-bf4ed8af8a81', '3d35b940-2eaf-4ff1-b99a-c1c914bf47b0', 'cd4cb45a-05bc-4729-bb2a-06d122f369fc', 14, 12, 2, 40, 75, 80, 'expired');
INSERT INTO orders (id, buyer_id, seller_id, total_amount, status, created_at) 
                      VALUES ('5603cf8a-e44f-4289-86b2-1544e168586c', 'b03c172d-3388-458c-8054-b6ad7db24e27', '6adabb60-eed5-4dd0-b80c-41983dd81404', 75, 'completed', '2026-03-07T20:27:00.000Z');
INSERT INTO order_items (id, order_id, product_id, quantity, unit_price, subtotal, created_at) 
                      VALUES ('00108dad-f12d-498a-b76b-ee7aa9da5eeb', '5603cf8a-e44f-4289-86b2-1544e168586c', 'cd4cb45a-05bc-4729-bb2a-06d122f369fc', 1, 75, 75, '2026-03-07T20:27:00.000Z');
INSERT INTO orders (id, buyer_id, seller_id, total_amount, status, created_at) 
                      VALUES ('6a445c54-4629-4edf-8cdd-3453c21248b5', 'b03c172d-3388-458c-8054-b6ad7db24e27', '6adabb60-eed5-4dd0-b80c-41983dd81404', 75, 'completed', '2026-03-07T17:32:00.000Z');
INSERT INTO order_items (id, order_id, product_id, quantity, unit_price, subtotal, created_at) 
                      VALUES ('c662beed-a40e-4f81-bbbd-69e72819ab0a', '6a445c54-4629-4edf-8cdd-3453c21248b5', 'cd4cb45a-05bc-4729-bb2a-06d122f369fc', 1, 75, 75, '2026-03-07T17:32:00.000Z');
INSERT INTO orders (id, buyer_id, seller_id, total_amount, status, created_at) 
                      VALUES ('a32e9014-9791-4ed1-b260-f28fa1df16cf', 'b03c172d-3388-458c-8054-b6ad7db24e27', '6adabb60-eed5-4dd0-b80c-41983dd81404', 75, 'completed', '2026-03-07T20:21:00.000Z');
INSERT INTO order_items (id, order_id, product_id, quantity, unit_price, subtotal, created_at) 
                      VALUES ('acebae1b-ea94-45b2-995a-5c42107b7502', 'a32e9014-9791-4ed1-b260-f28fa1df16cf', 'cd4cb45a-05bc-4729-bb2a-06d122f369fc', 1, 75, 75, '2026-03-07T20:21:00.000Z');
INSERT INTO orders (id, buyer_id, seller_id, total_amount, status, created_at) 
                      VALUES ('c4fe5f38-fc6d-41f7-8ee8-ca3cb3cff5a4', 'aa9e3c8c-e997-4408-ac68-6265851f972d', '6adabb60-eed5-4dd0-b80c-41983dd81404', 75, 'completed', '2026-03-07T18:22:00.000Z');
INSERT INTO order_items (id, order_id, product_id, quantity, unit_price, subtotal, created_at) 
                      VALUES ('7df7a743-e23c-41aa-a0c6-b00637d36526', 'c4fe5f38-fc6d-41f7-8ee8-ca3cb3cff5a4', 'cd4cb45a-05bc-4729-bb2a-06d122f369fc', 1, 75, 75, '2026-03-07T18:22:00.000Z');
INSERT INTO orders (id, buyer_id, seller_id, total_amount, status, created_at) 
                      VALUES ('163ad736-61ae-46f3-aceb-e7b6d04eb226', '1161fb73-809d-4954-a73a-738a9a1868f7', '6adabb60-eed5-4dd0-b80c-41983dd81404', 75, 'completed', '2026-03-07T18:08:00.000Z');
INSERT INTO order_items (id, order_id, product_id, quantity, unit_price, subtotal, created_at) 
                      VALUES ('9e7eb70f-6d63-41bf-ae9c-b2d3c323baa2', '163ad736-61ae-46f3-aceb-e7b6d04eb226', 'cd4cb45a-05bc-4729-bb2a-06d122f369fc', 1, 75, 75, '2026-03-07T18:08:00.000Z');
INSERT INTO orders (id, buyer_id, seller_id, total_amount, status, created_at) 
                      VALUES ('4d736b90-b0f7-4b45-b4f6-245d0d5fd047', '79768ab4-b021-418b-bf3c-0dd52f857b65', '6adabb60-eed5-4dd0-b80c-41983dd81404', 75, 'completed', '2026-03-07T17:25:00.000Z');
INSERT INTO order_items (id, order_id, product_id, quantity, unit_price, subtotal, created_at) 
                      VALUES ('e621b950-5e7a-43ba-be1d-84aba119a1da', '4d736b90-b0f7-4b45-b4f6-245d0d5fd047', 'cd4cb45a-05bc-4729-bb2a-06d122f369fc', 1, 75, 75, '2026-03-07T17:25:00.000Z');
INSERT INTO orders (id, buyer_id, seller_id, total_amount, status, created_at) 
                      VALUES ('6354ce80-3139-4a71-a190-68f5e4546741', '233694a0-da98-4b19-8640-7b99f406554e', '6adabb60-eed5-4dd0-b80c-41983dd81404', 75, 'completed', '2026-03-07T16:43:00.000Z');
INSERT INTO order_items (id, order_id, product_id, quantity, unit_price, subtotal, created_at) 
                      VALUES ('3d6fc238-2afd-4fcb-8dab-22561c8915b1', '6354ce80-3139-4a71-a190-68f5e4546741', 'cd4cb45a-05bc-4729-bb2a-06d122f369fc', 1, 75, 75, '2026-03-07T16:43:00.000Z');
INSERT INTO orders (id, buyer_id, seller_id, total_amount, status, created_at) 
                      VALUES ('3c9b7315-69a4-4aa0-81e6-b03866964436', '79768ab4-b021-418b-bf3c-0dd52f857b65', '6adabb60-eed5-4dd0-b80c-41983dd81404', 75, 'completed', '2026-03-07T16:30:00.000Z');
INSERT INTO order_items (id, order_id, product_id, quantity, unit_price, subtotal, created_at) 
                      VALUES ('e741a39b-4129-4404-ad1d-a2b8d466ea36', '3c9b7315-69a4-4aa0-81e6-b03866964436', 'cd4cb45a-05bc-4729-bb2a-06d122f369fc', 1, 75, 75, '2026-03-07T16:30:00.000Z');
INSERT INTO orders (id, buyer_id, seller_id, total_amount, status, created_at) 
                      VALUES ('2ebe7d32-793f-4a91-8b37-4a112cd9e592', '6c8c4ad9-70e8-48cb-9ce8-5d01c349ffcc', '6adabb60-eed5-4dd0-b80c-41983dd81404', 75, 'completed', '2026-03-07T21:27:00.000Z');
INSERT INTO order_items (id, order_id, product_id, quantity, unit_price, subtotal, created_at) 
                      VALUES ('ab918467-0cf6-416d-9046-333e0ef56b8d', '2ebe7d32-793f-4a91-8b37-4a112cd9e592', 'cd4cb45a-05bc-4729-bb2a-06d122f369fc', 1, 75, 75, '2026-03-07T21:27:00.000Z');
INSERT INTO orders (id, buyer_id, seller_id, total_amount, status, created_at) 
                      VALUES ('02080c84-a1a7-4291-b548-af88b160284f', 'b03c172d-3388-458c-8054-b6ad7db24e27', '6adabb60-eed5-4dd0-b80c-41983dd81404', 75, 'completed', '2026-03-07T17:41:00.000Z');
INSERT INTO order_items (id, order_id, product_id, quantity, unit_price, subtotal, created_at) 
                      VALUES ('1d0563ff-e8b4-4015-8313-5aceb9ad097c', '02080c84-a1a7-4291-b548-af88b160284f', 'cd4cb45a-05bc-4729-bb2a-06d122f369fc', 1, 75, 75, '2026-03-07T17:41:00.000Z');
INSERT INTO orders (id, buyer_id, seller_id, total_amount, status, created_at) 
                      VALUES ('9541699d-39fe-47e8-80da-1ae44c6e76e8', '233694a0-da98-4b19-8640-7b99f406554e', '6adabb60-eed5-4dd0-b80c-41983dd81404', 75, 'completed', '2026-03-07T21:47:00.000Z');
INSERT INTO order_items (id, order_id, product_id, quantity, unit_price, subtotal, created_at) 
                      VALUES ('cb8b48c7-e84f-4443-ab71-5c4c2c4219e4', '9541699d-39fe-47e8-80da-1ae44c6e76e8', 'cd4cb45a-05bc-4729-bb2a-06d122f369fc', 1, 75, 75, '2026-03-07T21:47:00.000Z');
INSERT INTO orders (id, buyer_id, seller_id, total_amount, status, created_at) 
                      VALUES ('fc62df9a-8e75-4d04-b0c6-6b7b2d123bdc', '233694a0-da98-4b19-8640-7b99f406554e', '6adabb60-eed5-4dd0-b80c-41983dd81404', 75, 'completed', '2026-03-07T20:19:00.000Z');
INSERT INTO order_items (id, order_id, product_id, quantity, unit_price, subtotal, created_at) 
                      VALUES ('11b7d6c5-00b0-4637-8f86-e9c72e5fdf18', 'fc62df9a-8e75-4d04-b0c6-6b7b2d123bdc', 'cd4cb45a-05bc-4729-bb2a-06d122f369fc', 1, 75, 75, '2026-03-07T20:19:00.000Z');
INSERT INTO audit_logs (id, action, user_id, description, level, created_at) 
                  VALUES ('20944039-4190-4cab-b8fa-1163ff4d0f2e', 'USER_LOGIN', '5f552e5d-c288-453c-a685-b287e1c0c64a', 'Vendedor inició sesión para jornada', 'info', '2026-03-07T14:17:00.000Z');
INSERT INTO daily_sales (id, seller_id, sale_date, total_investment, total_revenue, units_sold, units_lost, total_waste_cost, is_closed) 
                  VALUES ('61ab4ca4-064f-4b44-b6a3-58407183610c', '5f552e5d-c288-453c-a685-b287e1c0c64a', '2026-03-07', 240, 450, 10, 2, 40, true);
INSERT INTO sale_details (id, daily_sale_id, product_id, quantity_prepared, quantity_sold, quantity_lost, unit_cost, unit_price, waste_cost, waste_reason) 
                  VALUES ('5210cc33-1af4-4142-b91f-a67c6e7fff2a', '61ab4ca4-064f-4b44-b6a3-58407183610c', '90ccc3f8-627a-4af7-aab2-9c7967c2f50d', 12, 10, 2, 20, 45, 40, 'expired');
INSERT INTO orders (id, buyer_id, seller_id, total_amount, status, created_at) 
                      VALUES ('028b863b-90b5-486c-91bf-5b94dfcc1ccd', 'aa9e3c8c-e997-4408-ac68-6265851f972d', '5f552e5d-c288-453c-a685-b287e1c0c64a', 45, 'completed', '2026-03-07T21:29:00.000Z');
INSERT INTO order_items (id, order_id, product_id, quantity, unit_price, subtotal, created_at) 
                      VALUES ('87883f2d-739f-4d4d-a67c-fcb80ef67867', '028b863b-90b5-486c-91bf-5b94dfcc1ccd', '90ccc3f8-627a-4af7-aab2-9c7967c2f50d', 1, 45, 45, '2026-03-07T21:29:00.000Z');
INSERT INTO orders (id, buyer_id, seller_id, total_amount, status, created_at) 
                      VALUES ('b40160ef-9d12-445e-ae1e-00a16393badd', '79768ab4-b021-418b-bf3c-0dd52f857b65', '5f552e5d-c288-453c-a685-b287e1c0c64a', 45, 'completed', '2026-03-07T20:28:00.000Z');
INSERT INTO order_items (id, order_id, product_id, quantity, unit_price, subtotal, created_at) 
                      VALUES ('64c21ca9-8532-43f8-995e-e122f024476b', 'b40160ef-9d12-445e-ae1e-00a16393badd', '90ccc3f8-627a-4af7-aab2-9c7967c2f50d', 1, 45, 45, '2026-03-07T20:28:00.000Z');
INSERT INTO orders (id, buyer_id, seller_id, total_amount, status, created_at) 
                      VALUES ('ceb43de8-b506-4a74-b07a-11994fe61bed', '233694a0-da98-4b19-8640-7b99f406554e', '5f552e5d-c288-453c-a685-b287e1c0c64a', 45, 'completed', '2026-03-07T19:24:00.000Z');
INSERT INTO order_items (id, order_id, product_id, quantity, unit_price, subtotal, created_at) 
                      VALUES ('98393915-6173-43ab-bbb3-26a2064d6873', 'ceb43de8-b506-4a74-b07a-11994fe61bed', '90ccc3f8-627a-4af7-aab2-9c7967c2f50d', 1, 45, 45, '2026-03-07T19:24:00.000Z');
INSERT INTO orders (id, buyer_id, seller_id, total_amount, status, created_at) 
                      VALUES ('60cf5d7f-162f-432b-a01f-07551b564fe6', '233694a0-da98-4b19-8640-7b99f406554e', '5f552e5d-c288-453c-a685-b287e1c0c64a', 45, 'completed', '2026-03-07T17:49:00.000Z');
INSERT INTO order_items (id, order_id, product_id, quantity, unit_price, subtotal, created_at) 
                      VALUES ('08f4a3d0-60db-4107-b412-fd6c79b79d3f', '60cf5d7f-162f-432b-a01f-07551b564fe6', '90ccc3f8-627a-4af7-aab2-9c7967c2f50d', 1, 45, 45, '2026-03-07T17:49:00.000Z');
INSERT INTO orders (id, buyer_id, seller_id, total_amount, status, created_at) 
                      VALUES ('dd2c3010-d034-4a75-bbf1-b8e2ec3f55fb', 'b03c172d-3388-458c-8054-b6ad7db24e27', '5f552e5d-c288-453c-a685-b287e1c0c64a', 45, 'completed', '2026-03-07T19:40:00.000Z');
INSERT INTO order_items (id, order_id, product_id, quantity, unit_price, subtotal, created_at) 
                      VALUES ('6e7ef86a-0eed-4838-906f-e2e9c1646a22', 'dd2c3010-d034-4a75-bbf1-b8e2ec3f55fb', '90ccc3f8-627a-4af7-aab2-9c7967c2f50d', 1, 45, 45, '2026-03-07T19:40:00.000Z');
INSERT INTO orders (id, buyer_id, seller_id, total_amount, status, created_at) 
                      VALUES ('4be0e0a3-4f6e-4eb8-bbcc-6c9c65137a90', '79768ab4-b021-418b-bf3c-0dd52f857b65', '5f552e5d-c288-453c-a685-b287e1c0c64a', 45, 'completed', '2026-03-07T19:32:00.000Z');
INSERT INTO order_items (id, order_id, product_id, quantity, unit_price, subtotal, created_at) 
                      VALUES ('be36327b-034b-4e8a-8f85-3774438bea99', '4be0e0a3-4f6e-4eb8-bbcc-6c9c65137a90', '90ccc3f8-627a-4af7-aab2-9c7967c2f50d', 1, 45, 45, '2026-03-07T19:32:00.000Z');
INSERT INTO orders (id, buyer_id, seller_id, total_amount, status, created_at) 
                      VALUES ('206857cf-3c4f-469e-9ed0-679b4c6bea49', 'aa9e3c8c-e997-4408-ac68-6265851f972d', '5f552e5d-c288-453c-a685-b287e1c0c64a', 45, 'completed', '2026-03-07T21:12:00.000Z');
INSERT INTO order_items (id, order_id, product_id, quantity, unit_price, subtotal, created_at) 
                      VALUES ('e1d1af46-2c2c-4c3d-aedf-4947910f134f', '206857cf-3c4f-469e-9ed0-679b4c6bea49', '90ccc3f8-627a-4af7-aab2-9c7967c2f50d', 1, 45, 45, '2026-03-07T21:12:00.000Z');
INSERT INTO orders (id, buyer_id, seller_id, total_amount, status, created_at) 
                      VALUES ('2bc802ac-cc85-48b0-901b-74b17e57bcab', 'ac51e939-ec0b-40c3-b3e7-39711b12845a', '5f552e5d-c288-453c-a685-b287e1c0c64a', 45, 'completed', '2026-03-07T17:57:00.000Z');
INSERT INTO order_items (id, order_id, product_id, quantity, unit_price, subtotal, created_at) 
                      VALUES ('0132bcae-139a-428f-9145-a3cd5dc831cf', '2bc802ac-cc85-48b0-901b-74b17e57bcab', '90ccc3f8-627a-4af7-aab2-9c7967c2f50d', 1, 45, 45, '2026-03-07T17:57:00.000Z');
INSERT INTO orders (id, buyer_id, seller_id, total_amount, status, created_at) 
                      VALUES ('d9fee7e1-3493-4368-afab-d4738718a475', '6c8c4ad9-70e8-48cb-9ce8-5d01c349ffcc', '5f552e5d-c288-453c-a685-b287e1c0c64a', 45, 'completed', '2026-03-07T16:24:00.000Z');
INSERT INTO order_items (id, order_id, product_id, quantity, unit_price, subtotal, created_at) 
                      VALUES ('4e1937d5-9336-452f-bca4-6b13dafa0bd8', 'd9fee7e1-3493-4368-afab-d4738718a475', '90ccc3f8-627a-4af7-aab2-9c7967c2f50d', 1, 45, 45, '2026-03-07T16:24:00.000Z');
INSERT INTO orders (id, buyer_id, seller_id, total_amount, status, created_at) 
                      VALUES ('7a2782f6-a649-4b88-8de0-fe72e89f75f6', '1161fb73-809d-4954-a73a-738a9a1868f7', '5f552e5d-c288-453c-a685-b287e1c0c64a', 45, 'completed', '2026-03-07T17:24:00.000Z');
INSERT INTO order_items (id, order_id, product_id, quantity, unit_price, subtotal, created_at) 
                      VALUES ('2f2121cd-1eb8-4f4b-a7dc-63d284c4347b', '7a2782f6-a649-4b88-8de0-fe72e89f75f6', '90ccc3f8-627a-4af7-aab2-9c7967c2f50d', 1, 45, 45, '2026-03-07T17:24:00.000Z');
INSERT INTO audit_logs (id, action, user_id, description, level, created_at) 
                  VALUES ('2dca6f9a-75cb-4be6-a11e-235d78b50c53', 'USER_LOGIN', '522afd0e-5b6f-4f57-be80-46fd79ba12db', 'Vendedor inició sesión para jornada', 'info', '2026-03-07T14:21:00.000Z');
INSERT INTO daily_sales (id, seller_id, sale_date, total_investment, total_revenue, units_sold, units_lost, total_waste_cost, is_closed) 
                  VALUES ('4ec4132c-c3bf-45e1-9f9e-4cd8ffed00e1', '522afd0e-5b6f-4f57-be80-46fd79ba12db', '2026-03-07', 132, 330, 11, 0, 0, true);
INSERT INTO sale_details (id, daily_sale_id, product_id, quantity_prepared, quantity_sold, quantity_lost, unit_cost, unit_price, waste_cost, waste_reason) 
                  VALUES ('8e73369e-1fa8-46dd-8e3c-37c5ea35a168', '4ec4132c-c3bf-45e1-9f9e-4cd8ffed00e1', 'c865d401-6592-418d-98d5-1aa633799680', 11, 11, 0, 12, 30, 0, 'expired');
INSERT INTO orders (id, buyer_id, seller_id, total_amount, status, created_at) 
                      VALUES ('134db9ee-eb2b-427a-8e59-6463c6baf137', '79768ab4-b021-418b-bf3c-0dd52f857b65', '522afd0e-5b6f-4f57-be80-46fd79ba12db', 30, 'completed', '2026-03-07T18:28:00.000Z');
INSERT INTO order_items (id, order_id, product_id, quantity, unit_price, subtotal, created_at) 
                      VALUES ('6df3cf22-4e3f-418e-9c7a-33f2893c3f96', '134db9ee-eb2b-427a-8e59-6463c6baf137', 'c865d401-6592-418d-98d5-1aa633799680', 1, 30, 30, '2026-03-07T18:28:00.000Z');
INSERT INTO orders (id, buyer_id, seller_id, total_amount, status, created_at) 
                      VALUES ('3ac8d485-d8af-481e-aa91-7f80a93f9357', '1161fb73-809d-4954-a73a-738a9a1868f7', '522afd0e-5b6f-4f57-be80-46fd79ba12db', 30, 'completed', '2026-03-07T21:40:00.000Z');
INSERT INTO order_items (id, order_id, product_id, quantity, unit_price, subtotal, created_at) 
                      VALUES ('c4f75a08-16aa-4a9c-a4ba-3c5e13cdc567', '3ac8d485-d8af-481e-aa91-7f80a93f9357', 'c865d401-6592-418d-98d5-1aa633799680', 1, 30, 30, '2026-03-07T21:40:00.000Z');
INSERT INTO orders (id, buyer_id, seller_id, total_amount, status, created_at) 
                      VALUES ('9f62fe96-b750-4e8c-b5ed-54296ebd1c37', '6c8c4ad9-70e8-48cb-9ce8-5d01c349ffcc', '522afd0e-5b6f-4f57-be80-46fd79ba12db', 30, 'completed', '2026-03-07T19:30:00.000Z');
INSERT INTO order_items (id, order_id, product_id, quantity, unit_price, subtotal, created_at) 
                      VALUES ('b16f6a96-a316-4bc0-b164-868855308d42', '9f62fe96-b750-4e8c-b5ed-54296ebd1c37', 'c865d401-6592-418d-98d5-1aa633799680', 1, 30, 30, '2026-03-07T19:30:00.000Z');
INSERT INTO orders (id, buyer_id, seller_id, total_amount, status, created_at) 
                      VALUES ('fa19ec0b-a4be-4bfe-aea2-d59798ecb4ba', '233694a0-da98-4b19-8640-7b99f406554e', '522afd0e-5b6f-4f57-be80-46fd79ba12db', 30, 'completed', '2026-03-07T18:18:00.000Z');
INSERT INTO order_items (id, order_id, product_id, quantity, unit_price, subtotal, created_at) 
                      VALUES ('1dbcb1cd-9acf-4f34-9fab-9447f6e84165', 'fa19ec0b-a4be-4bfe-aea2-d59798ecb4ba', 'c865d401-6592-418d-98d5-1aa633799680', 1, 30, 30, '2026-03-07T18:18:00.000Z');
INSERT INTO orders (id, buyer_id, seller_id, total_amount, status, created_at) 
                      VALUES ('dc94cc9f-5a94-4099-a835-6816fd6ef4f1', 'ac51e939-ec0b-40c3-b3e7-39711b12845a', '522afd0e-5b6f-4f57-be80-46fd79ba12db', 30, 'completed', '2026-03-07T19:33:00.000Z');
INSERT INTO order_items (id, order_id, product_id, quantity, unit_price, subtotal, created_at) 
                      VALUES ('5eb1883b-de53-49ec-ac74-c6a7339ba046', 'dc94cc9f-5a94-4099-a835-6816fd6ef4f1', 'c865d401-6592-418d-98d5-1aa633799680', 1, 30, 30, '2026-03-07T19:33:00.000Z');
INSERT INTO orders (id, buyer_id, seller_id, total_amount, status, created_at) 
                      VALUES ('fa49bbb3-6ec8-487d-8b15-150d2e6f59c2', 'b03c172d-3388-458c-8054-b6ad7db24e27', '522afd0e-5b6f-4f57-be80-46fd79ba12db', 30, 'completed', '2026-03-07T20:01:00.000Z');
INSERT INTO order_items (id, order_id, product_id, quantity, unit_price, subtotal, created_at) 
                      VALUES ('f221a124-1837-40ac-9d90-e5676d96173b', 'fa49bbb3-6ec8-487d-8b15-150d2e6f59c2', 'c865d401-6592-418d-98d5-1aa633799680', 1, 30, 30, '2026-03-07T20:01:00.000Z');
INSERT INTO orders (id, buyer_id, seller_id, total_amount, status, created_at) 
                      VALUES ('6e358bab-a1fc-48fb-a0f8-b9c9493a6024', 'aa9e3c8c-e997-4408-ac68-6265851f972d', '522afd0e-5b6f-4f57-be80-46fd79ba12db', 30, 'completed', '2026-03-07T18:37:00.000Z');
INSERT INTO order_items (id, order_id, product_id, quantity, unit_price, subtotal, created_at) 
                      VALUES ('b8ae8ad7-09ba-41ef-a221-6214bee68e1f', '6e358bab-a1fc-48fb-a0f8-b9c9493a6024', 'c865d401-6592-418d-98d5-1aa633799680', 1, 30, 30, '2026-03-07T18:37:00.000Z');
INSERT INTO orders (id, buyer_id, seller_id, total_amount, status, created_at) 
                      VALUES ('c32c0918-52ea-424a-857e-2e9755777fb5', '233694a0-da98-4b19-8640-7b99f406554e', '522afd0e-5b6f-4f57-be80-46fd79ba12db', 30, 'completed', '2026-03-07T21:25:00.000Z');
INSERT INTO order_items (id, order_id, product_id, quantity, unit_price, subtotal, created_at) 
                      VALUES ('276b8fd5-5133-471c-831d-4dc93d0f7964', 'c32c0918-52ea-424a-857e-2e9755777fb5', 'c865d401-6592-418d-98d5-1aa633799680', 1, 30, 30, '2026-03-07T21:25:00.000Z');
INSERT INTO orders (id, buyer_id, seller_id, total_amount, status, created_at) 
                      VALUES ('ed7cf41e-6d4d-4a3e-9890-de1173466016', 'ac51e939-ec0b-40c3-b3e7-39711b12845a', '522afd0e-5b6f-4f57-be80-46fd79ba12db', 30, 'completed', '2026-03-07T21:35:00.000Z');
INSERT INTO order_items (id, order_id, product_id, quantity, unit_price, subtotal, created_at) 
                      VALUES ('f4630eb9-4a70-486e-b4d0-a4ad96737c5c', 'ed7cf41e-6d4d-4a3e-9890-de1173466016', 'c865d401-6592-418d-98d5-1aa633799680', 1, 30, 30, '2026-03-07T21:35:00.000Z');
INSERT INTO orders (id, buyer_id, seller_id, total_amount, status, created_at) 
                      VALUES ('9341b294-94cd-416e-ba59-ba5665b1d369', '6c8c4ad9-70e8-48cb-9ce8-5d01c349ffcc', '522afd0e-5b6f-4f57-be80-46fd79ba12db', 30, 'completed', '2026-03-07T20:04:00.000Z');
INSERT INTO order_items (id, order_id, product_id, quantity, unit_price, subtotal, created_at) 
                      VALUES ('6dd80c76-1fb2-43cf-9338-1cbd2daa2d39', '9341b294-94cd-416e-ba59-ba5665b1d369', 'c865d401-6592-418d-98d5-1aa633799680', 1, 30, 30, '2026-03-07T20:04:00.000Z');
INSERT INTO orders (id, buyer_id, seller_id, total_amount, status, created_at) 
                      VALUES ('8f6d7b03-b9c1-4c4f-a52c-c581d0e6cf88', '233694a0-da98-4b19-8640-7b99f406554e', '522afd0e-5b6f-4f57-be80-46fd79ba12db', 30, 'completed', '2026-03-07T20:45:00.000Z');
INSERT INTO order_items (id, order_id, product_id, quantity, unit_price, subtotal, created_at) 
                      VALUES ('8312a7c3-01ae-4877-8ec3-2ee36866533b', '8f6d7b03-b9c1-4c4f-a52c-c581d0e6cf88', 'c865d401-6592-418d-98d5-1aa633799680', 1, 30, 30, '2026-03-07T20:45:00.000Z');
INSERT INTO audit_logs (id, action, user_id, description, level, created_at) 
                  VALUES ('968f2332-8e6d-4c2d-b076-4db13cc1b62e', 'USER_LOGIN', 'da273443-bae3-4781-ae4e-819d0c9d56a6', 'Vendedor inició sesión para jornada', 'info', '2026-03-07T14:26:00.000Z');
INSERT INTO daily_sales (id, seller_id, sale_date, total_investment, total_revenue, units_sold, units_lost, total_waste_cost, is_closed) 
                  VALUES ('fa37c409-ef81-474a-a730-699fc08780a4', 'da273443-bae3-4781-ae4e-819d0c9d56a6', '2026-03-07', 112, 325, 13, 1, 8, true);
INSERT INTO sale_details (id, daily_sale_id, product_id, quantity_prepared, quantity_sold, quantity_lost, unit_cost, unit_price, waste_cost, waste_reason) 
                  VALUES ('2eb49511-81b9-4b98-8ff5-a4aed012227f', 'fa37c409-ef81-474a-a730-699fc08780a4', 'ea84c406-f235-4e9c-b061-71ed9401e63b', 14, 13, 1, 8, 25, 8, 'expired');
INSERT INTO orders (id, buyer_id, seller_id, total_amount, status, created_at) 
                      VALUES ('a7993c06-30be-460f-8032-5db4fa8d1bb9', '79768ab4-b021-418b-bf3c-0dd52f857b65', 'da273443-bae3-4781-ae4e-819d0c9d56a6', 25, 'completed', '2026-03-07T21:16:00.000Z');
INSERT INTO order_items (id, order_id, product_id, quantity, unit_price, subtotal, created_at) 
                      VALUES ('63aa16cb-9396-4a90-84fa-debcac747d5f', 'a7993c06-30be-460f-8032-5db4fa8d1bb9', 'ea84c406-f235-4e9c-b061-71ed9401e63b', 1, 25, 25, '2026-03-07T21:16:00.000Z');
INSERT INTO orders (id, buyer_id, seller_id, total_amount, status, created_at) 
                      VALUES ('ad5d43f5-443e-48ca-be64-e9c719f863c6', 'aa9e3c8c-e997-4408-ac68-6265851f972d', 'da273443-bae3-4781-ae4e-819d0c9d56a6', 25, 'completed', '2026-03-07T19:03:00.000Z');
INSERT INTO order_items (id, order_id, product_id, quantity, unit_price, subtotal, created_at) 
                      VALUES ('97b528db-ddf7-4ccf-9881-5c21da85e08a', 'ad5d43f5-443e-48ca-be64-e9c719f863c6', 'ea84c406-f235-4e9c-b061-71ed9401e63b', 1, 25, 25, '2026-03-07T19:03:00.000Z');
INSERT INTO orders (id, buyer_id, seller_id, total_amount, status, created_at) 
                      VALUES ('e504f9b8-49e5-4a4f-971e-4e12f10677a9', 'ac51e939-ec0b-40c3-b3e7-39711b12845a', 'da273443-bae3-4781-ae4e-819d0c9d56a6', 25, 'completed', '2026-03-07T18:28:00.000Z');
INSERT INTO order_items (id, order_id, product_id, quantity, unit_price, subtotal, created_at) 
                      VALUES ('b8f841b0-fb40-4707-88a8-97cbc3b651fb', 'e504f9b8-49e5-4a4f-971e-4e12f10677a9', 'ea84c406-f235-4e9c-b061-71ed9401e63b', 1, 25, 25, '2026-03-07T18:28:00.000Z');
INSERT INTO orders (id, buyer_id, seller_id, total_amount, status, created_at) 
                      VALUES ('90d362cc-76a7-49be-b1a8-b56613f33140', 'ac51e939-ec0b-40c3-b3e7-39711b12845a', 'da273443-bae3-4781-ae4e-819d0c9d56a6', 25, 'completed', '2026-03-07T18:36:00.000Z');
INSERT INTO order_items (id, order_id, product_id, quantity, unit_price, subtotal, created_at) 
                      VALUES ('2c4155ae-0450-439a-960f-2cb8ba3a934f', '90d362cc-76a7-49be-b1a8-b56613f33140', 'ea84c406-f235-4e9c-b061-71ed9401e63b', 1, 25, 25, '2026-03-07T18:36:00.000Z');
INSERT INTO orders (id, buyer_id, seller_id, total_amount, status, created_at) 
                      VALUES ('efa9c3a9-5e70-4a23-87fd-afa298ef1c2b', '79768ab4-b021-418b-bf3c-0dd52f857b65', 'da273443-bae3-4781-ae4e-819d0c9d56a6', 25, 'completed', '2026-03-07T20:02:00.000Z');
INSERT INTO order_items (id, order_id, product_id, quantity, unit_price, subtotal, created_at) 
                      VALUES ('a33f5220-a3c2-4e41-a7ea-110357d67a42', 'efa9c3a9-5e70-4a23-87fd-afa298ef1c2b', 'ea84c406-f235-4e9c-b061-71ed9401e63b', 1, 25, 25, '2026-03-07T20:02:00.000Z');
INSERT INTO orders (id, buyer_id, seller_id, total_amount, status, created_at) 
                      VALUES ('a7d2dcd4-1143-4fd1-bc4c-ce697fa750bf', '6c8c4ad9-70e8-48cb-9ce8-5d01c349ffcc', 'da273443-bae3-4781-ae4e-819d0c9d56a6', 25, 'completed', '2026-03-07T21:15:00.000Z');
INSERT INTO order_items (id, order_id, product_id, quantity, unit_price, subtotal, created_at) 
                      VALUES ('df4d94db-d741-4263-b743-0c3d0e85c9f1', 'a7d2dcd4-1143-4fd1-bc4c-ce697fa750bf', 'ea84c406-f235-4e9c-b061-71ed9401e63b', 1, 25, 25, '2026-03-07T21:15:00.000Z');
INSERT INTO orders (id, buyer_id, seller_id, total_amount, status, created_at) 
                      VALUES ('808f6934-59f7-433c-bb97-1cdbebbb6623', 'ac51e939-ec0b-40c3-b3e7-39711b12845a', 'da273443-bae3-4781-ae4e-819d0c9d56a6', 25, 'completed', '2026-03-07T19:23:00.000Z');
INSERT INTO order_items (id, order_id, product_id, quantity, unit_price, subtotal, created_at) 
                      VALUES ('9693d538-0157-4276-98e4-5f04ff77cd0f', '808f6934-59f7-433c-bb97-1cdbebbb6623', 'ea84c406-f235-4e9c-b061-71ed9401e63b', 1, 25, 25, '2026-03-07T19:23:00.000Z');
INSERT INTO orders (id, buyer_id, seller_id, total_amount, status, created_at) 
                      VALUES ('6ab8fc6d-a33b-4916-bdec-c0cf64b5114b', 'ac51e939-ec0b-40c3-b3e7-39711b12845a', 'da273443-bae3-4781-ae4e-819d0c9d56a6', 25, 'completed', '2026-03-07T18:46:00.000Z');
INSERT INTO order_items (id, order_id, product_id, quantity, unit_price, subtotal, created_at) 
                      VALUES ('06e8fc9a-1e56-4973-b0eb-023b1e272066', '6ab8fc6d-a33b-4916-bdec-c0cf64b5114b', 'ea84c406-f235-4e9c-b061-71ed9401e63b', 1, 25, 25, '2026-03-07T18:46:00.000Z');
INSERT INTO orders (id, buyer_id, seller_id, total_amount, status, created_at) 
                      VALUES ('bfb92590-c9ba-43a6-957e-e3063e73ba87', 'ac51e939-ec0b-40c3-b3e7-39711b12845a', 'da273443-bae3-4781-ae4e-819d0c9d56a6', 25, 'completed', '2026-03-07T17:47:00.000Z');
INSERT INTO order_items (id, order_id, product_id, quantity, unit_price, subtotal, created_at) 
                      VALUES ('31e10686-8dbf-4cf0-88cd-d7e531a8fb6a', 'bfb92590-c9ba-43a6-957e-e3063e73ba87', 'ea84c406-f235-4e9c-b061-71ed9401e63b', 1, 25, 25, '2026-03-07T17:47:00.000Z');
INSERT INTO orders (id, buyer_id, seller_id, total_amount, status, created_at) 
                      VALUES ('368ecdaa-37f9-411b-bcb2-efc9c06c0630', '6c8c4ad9-70e8-48cb-9ce8-5d01c349ffcc', 'da273443-bae3-4781-ae4e-819d0c9d56a6', 25, 'completed', '2026-03-07T19:28:00.000Z');
INSERT INTO order_items (id, order_id, product_id, quantity, unit_price, subtotal, created_at) 
                      VALUES ('276a35eb-22eb-4aac-bf10-7d9268a07d75', '368ecdaa-37f9-411b-bcb2-efc9c06c0630', 'ea84c406-f235-4e9c-b061-71ed9401e63b', 1, 25, 25, '2026-03-07T19:28:00.000Z');
INSERT INTO orders (id, buyer_id, seller_id, total_amount, status, created_at) 
                      VALUES ('dcc90797-e833-4e92-a2e0-92460ae952c8', '1161fb73-809d-4954-a73a-738a9a1868f7', 'da273443-bae3-4781-ae4e-819d0c9d56a6', 25, 'completed', '2026-03-07T18:41:00.000Z');
INSERT INTO order_items (id, order_id, product_id, quantity, unit_price, subtotal, created_at) 
                      VALUES ('7c294ede-410e-40e8-a215-ac83935dc888', 'dcc90797-e833-4e92-a2e0-92460ae952c8', 'ea84c406-f235-4e9c-b061-71ed9401e63b', 1, 25, 25, '2026-03-07T18:41:00.000Z');
INSERT INTO orders (id, buyer_id, seller_id, total_amount, status, created_at) 
                      VALUES ('01f3b32a-468c-47db-861d-b6036ef12a3f', '79768ab4-b021-418b-bf3c-0dd52f857b65', 'da273443-bae3-4781-ae4e-819d0c9d56a6', 25, 'completed', '2026-03-07T17:38:00.000Z');
INSERT INTO order_items (id, order_id, product_id, quantity, unit_price, subtotal, created_at) 
                      VALUES ('c541b33e-5d5d-4e92-96b1-17527e0a9156', '01f3b32a-468c-47db-861d-b6036ef12a3f', 'ea84c406-f235-4e9c-b061-71ed9401e63b', 1, 25, 25, '2026-03-07T17:38:00.000Z');
INSERT INTO orders (id, buyer_id, seller_id, total_amount, status, created_at) 
                      VALUES ('d941596f-dffe-4990-817b-a88a1980f010', 'ac51e939-ec0b-40c3-b3e7-39711b12845a', 'da273443-bae3-4781-ae4e-819d0c9d56a6', 25, 'completed', '2026-03-07T16:42:00.000Z');
INSERT INTO order_items (id, order_id, product_id, quantity, unit_price, subtotal, created_at) 
                      VALUES ('6587ac6a-fb82-4538-82e1-b9f19df5f5bc', 'd941596f-dffe-4990-817b-a88a1980f010', 'ea84c406-f235-4e9c-b061-71ed9401e63b', 1, 25, 25, '2026-03-07T16:42:00.000Z');
INSERT INTO audit_logs (id, action, user_id, description, level, created_at) 
                  VALUES ('9037a41f-ba85-472b-8b26-45f0ec86bd8a', 'USER_LOGIN', 'cdc7b576-3957-4e3f-9e87-6630e4ef1950', 'Vendedor inició sesión para jornada', 'info', '2026-03-07T14:24:00.000Z');
INSERT INTO daily_sales (id, seller_id, sale_date, total_investment, total_revenue, units_sold, units_lost, total_waste_cost, is_closed) 
                  VALUES ('032825c8-5cf1-4327-bc14-3ad1142f4591', 'cdc7b576-3957-4e3f-9e87-6630e4ef1950', '2026-03-07', 300, 660, 12, 0, 0, true);
INSERT INTO sale_details (id, daily_sale_id, product_id, quantity_prepared, quantity_sold, quantity_lost, unit_cost, unit_price, waste_cost, waste_reason) 
                  VALUES ('c96de4ab-3db9-4707-905e-ec11be935625', '032825c8-5cf1-4327-bc14-3ad1142f4591', '49e54b55-6e07-407b-9dac-36e93e1f8aa2', 12, 12, 0, 25, 55, 0, 'expired');
INSERT INTO orders (id, buyer_id, seller_id, total_amount, status, created_at) 
                      VALUES ('ea0f7076-5be9-4051-a0a4-48806dc3a5ca', 'b03c172d-3388-458c-8054-b6ad7db24e27', 'cdc7b576-3957-4e3f-9e87-6630e4ef1950', 55, 'completed', '2026-03-07T17:56:00.000Z');
INSERT INTO order_items (id, order_id, product_id, quantity, unit_price, subtotal, created_at) 
                      VALUES ('bfdbdfec-c71e-4b30-90ad-f2050be36327', 'ea0f7076-5be9-4051-a0a4-48806dc3a5ca', '49e54b55-6e07-407b-9dac-36e93e1f8aa2', 1, 55, 55, '2026-03-07T17:56:00.000Z');
INSERT INTO orders (id, buyer_id, seller_id, total_amount, status, created_at) 
                      VALUES ('41ac140b-c8a1-4ff6-a492-1ce127ae0f48', '233694a0-da98-4b19-8640-7b99f406554e', 'cdc7b576-3957-4e3f-9e87-6630e4ef1950', 55, 'completed', '2026-03-07T19:29:00.000Z');
INSERT INTO order_items (id, order_id, product_id, quantity, unit_price, subtotal, created_at) 
                      VALUES ('a195f455-34de-43e0-aacd-ea5997dd34ce', '41ac140b-c8a1-4ff6-a492-1ce127ae0f48', '49e54b55-6e07-407b-9dac-36e93e1f8aa2', 1, 55, 55, '2026-03-07T19:29:00.000Z');
INSERT INTO orders (id, buyer_id, seller_id, total_amount, status, created_at) 
                      VALUES ('11d5e7f1-a241-4da2-9ed5-9216f7af119e', 'b03c172d-3388-458c-8054-b6ad7db24e27', 'cdc7b576-3957-4e3f-9e87-6630e4ef1950', 55, 'completed', '2026-03-07T18:26:00.000Z');
INSERT INTO order_items (id, order_id, product_id, quantity, unit_price, subtotal, created_at) 
                      VALUES ('c6ca75b3-b2c9-438b-a2f0-d6d5ee43da3c', '11d5e7f1-a241-4da2-9ed5-9216f7af119e', '49e54b55-6e07-407b-9dac-36e93e1f8aa2', 1, 55, 55, '2026-03-07T18:26:00.000Z');
INSERT INTO orders (id, buyer_id, seller_id, total_amount, status, created_at) 
                      VALUES ('f123e89f-0d0a-469b-8026-a7d49bac4977', '233694a0-da98-4b19-8640-7b99f406554e', 'cdc7b576-3957-4e3f-9e87-6630e4ef1950', 55, 'completed', '2026-03-07T19:59:00.000Z');
INSERT INTO order_items (id, order_id, product_id, quantity, unit_price, subtotal, created_at) 
                      VALUES ('5b7f3880-f467-4d6c-8709-1e4fe83e8e7f', 'f123e89f-0d0a-469b-8026-a7d49bac4977', '49e54b55-6e07-407b-9dac-36e93e1f8aa2', 1, 55, 55, '2026-03-07T19:59:00.000Z');
INSERT INTO orders (id, buyer_id, seller_id, total_amount, status, created_at) 
                      VALUES ('577050a0-c884-403e-b32f-5b5a4afd13f3', '6c8c4ad9-70e8-48cb-9ce8-5d01c349ffcc', 'cdc7b576-3957-4e3f-9e87-6630e4ef1950', 55, 'completed', '2026-03-07T17:56:00.000Z');
INSERT INTO order_items (id, order_id, product_id, quantity, unit_price, subtotal, created_at) 
                      VALUES ('81f07639-f228-431c-8388-fa1c8941e148', '577050a0-c884-403e-b32f-5b5a4afd13f3', '49e54b55-6e07-407b-9dac-36e93e1f8aa2', 1, 55, 55, '2026-03-07T17:56:00.000Z');
INSERT INTO orders (id, buyer_id, seller_id, total_amount, status, created_at) 
                      VALUES ('13c44392-cd74-4647-9ef2-a9d1e446b59c', '6c8c4ad9-70e8-48cb-9ce8-5d01c349ffcc', 'cdc7b576-3957-4e3f-9e87-6630e4ef1950', 55, 'completed', '2026-03-07T16:37:00.000Z');
INSERT INTO order_items (id, order_id, product_id, quantity, unit_price, subtotal, created_at) 
                      VALUES ('49eec134-c677-4617-b46d-ce6ccdec9ff8', '13c44392-cd74-4647-9ef2-a9d1e446b59c', '49e54b55-6e07-407b-9dac-36e93e1f8aa2', 1, 55, 55, '2026-03-07T16:37:00.000Z');
INSERT INTO orders (id, buyer_id, seller_id, total_amount, status, created_at) 
                      VALUES ('9c06098b-8e88-45b0-8e71-a4b77dba51f4', 'ac51e939-ec0b-40c3-b3e7-39711b12845a', 'cdc7b576-3957-4e3f-9e87-6630e4ef1950', 55, 'completed', '2026-03-07T21:59:00.000Z');
INSERT INTO order_items (id, order_id, product_id, quantity, unit_price, subtotal, created_at) 
                      VALUES ('880762e2-71a7-4f03-95f2-d04a9131713f', '9c06098b-8e88-45b0-8e71-a4b77dba51f4', '49e54b55-6e07-407b-9dac-36e93e1f8aa2', 1, 55, 55, '2026-03-07T21:59:00.000Z');
INSERT INTO orders (id, buyer_id, seller_id, total_amount, status, created_at) 
                      VALUES ('360fd48a-6f99-41ae-bb0b-88d0536bf842', 'aa9e3c8c-e997-4408-ac68-6265851f972d', 'cdc7b576-3957-4e3f-9e87-6630e4ef1950', 55, 'completed', '2026-03-07T16:23:00.000Z');
INSERT INTO order_items (id, order_id, product_id, quantity, unit_price, subtotal, created_at) 
                      VALUES ('50f19f2f-bce8-4d87-b40e-c779d40c7c8a', '360fd48a-6f99-41ae-bb0b-88d0536bf842', '49e54b55-6e07-407b-9dac-36e93e1f8aa2', 1, 55, 55, '2026-03-07T16:23:00.000Z');
INSERT INTO orders (id, buyer_id, seller_id, total_amount, status, created_at) 
                      VALUES ('9415dcd9-db97-416f-97df-26dd92543ff5', 'ac51e939-ec0b-40c3-b3e7-39711b12845a', 'cdc7b576-3957-4e3f-9e87-6630e4ef1950', 55, 'completed', '2026-03-07T18:09:00.000Z');
INSERT INTO order_items (id, order_id, product_id, quantity, unit_price, subtotal, created_at) 
                      VALUES ('b599e9c9-659c-4c74-8731-64d06dc0917c', '9415dcd9-db97-416f-97df-26dd92543ff5', '49e54b55-6e07-407b-9dac-36e93e1f8aa2', 1, 55, 55, '2026-03-07T18:09:00.000Z');
INSERT INTO orders (id, buyer_id, seller_id, total_amount, status, created_at) 
                      VALUES ('586b658f-06d2-4228-b8ec-4f629b38bf87', '79768ab4-b021-418b-bf3c-0dd52f857b65', 'cdc7b576-3957-4e3f-9e87-6630e4ef1950', 55, 'completed', '2026-03-07T20:40:00.000Z');
INSERT INTO order_items (id, order_id, product_id, quantity, unit_price, subtotal, created_at) 
                      VALUES ('7bf93b45-540a-4b3b-8f20-8c929b90561f', '586b658f-06d2-4228-b8ec-4f629b38bf87', '49e54b55-6e07-407b-9dac-36e93e1f8aa2', 1, 55, 55, '2026-03-07T20:40:00.000Z');
INSERT INTO orders (id, buyer_id, seller_id, total_amount, status, created_at) 
                      VALUES ('1aed21ff-6691-4e5b-934a-e8ec335defc4', 'b03c172d-3388-458c-8054-b6ad7db24e27', 'cdc7b576-3957-4e3f-9e87-6630e4ef1950', 55, 'completed', '2026-03-07T20:37:00.000Z');
INSERT INTO order_items (id, order_id, product_id, quantity, unit_price, subtotal, created_at) 
                      VALUES ('db6bc8d8-aa05-4a38-8180-16925ba94646', '1aed21ff-6691-4e5b-934a-e8ec335defc4', '49e54b55-6e07-407b-9dac-36e93e1f8aa2', 1, 55, 55, '2026-03-07T20:37:00.000Z');
INSERT INTO orders (id, buyer_id, seller_id, total_amount, status, created_at) 
                      VALUES ('23e260b1-8693-4980-8acc-3bb3414c3d84', '6c8c4ad9-70e8-48cb-9ce8-5d01c349ffcc', 'cdc7b576-3957-4e3f-9e87-6630e4ef1950', 55, 'completed', '2026-03-07T18:15:00.000Z');
INSERT INTO order_items (id, order_id, product_id, quantity, unit_price, subtotal, created_at) 
                      VALUES ('9bb400b6-e57c-4a14-96ba-29f4d3ef9059', '23e260b1-8693-4980-8acc-3bb3414c3d84', '49e54b55-6e07-407b-9dac-36e93e1f8aa2', 1, 55, 55, '2026-03-07T18:15:00.000Z');
INSERT INTO audit_logs (id, action, user_id, description, level, created_at) 
                  VALUES ('b3b402a6-7072-474e-8a01-c75c1bf8c36d', 'USER_LOGIN', '6adabb60-eed5-4dd0-b80c-41983dd81404', 'Vendedor inició sesión para jornada', 'info', '2026-03-09T14:19:00.000Z');
INSERT INTO daily_sales (id, seller_id, sale_date, total_investment, total_revenue, units_sold, units_lost, total_waste_cost, is_closed) 
                  VALUES ('e8d13742-4d61-4b96-baed-334bf71f344d', '6adabb60-eed5-4dd0-b80c-41983dd81404', '2026-03-09', 400, 675, 9, 1, 40, true);
INSERT INTO sale_details (id, daily_sale_id, product_id, quantity_prepared, quantity_sold, quantity_lost, unit_cost, unit_price, waste_cost, waste_reason) 
                  VALUES ('a44ffde4-d00c-458f-bfb2-4065c4936dd8', 'e8d13742-4d61-4b96-baed-334bf71f344d', 'cd4cb45a-05bc-4729-bb2a-06d122f369fc', 10, 9, 1, 40, 75, 40, 'expired');
INSERT INTO orders (id, buyer_id, seller_id, total_amount, status, created_at) 
                      VALUES ('5b4ea7a5-969e-478b-a164-2ce013b8b5ec', '6c8c4ad9-70e8-48cb-9ce8-5d01c349ffcc', '6adabb60-eed5-4dd0-b80c-41983dd81404', 75, 'completed', '2026-03-09T18:48:00.000Z');
INSERT INTO order_items (id, order_id, product_id, quantity, unit_price, subtotal, created_at) 
                      VALUES ('3bc1a530-cf11-49a4-934c-17b2522fcdb2', '5b4ea7a5-969e-478b-a164-2ce013b8b5ec', 'cd4cb45a-05bc-4729-bb2a-06d122f369fc', 1, 75, 75, '2026-03-09T18:48:00.000Z');
INSERT INTO orders (id, buyer_id, seller_id, total_amount, status, created_at) 
                      VALUES ('f59c19da-7d45-48f2-979d-c3b77b74a242', 'aa9e3c8c-e997-4408-ac68-6265851f972d', '6adabb60-eed5-4dd0-b80c-41983dd81404', 75, 'completed', '2026-03-09T16:21:00.000Z');
INSERT INTO order_items (id, order_id, product_id, quantity, unit_price, subtotal, created_at) 
                      VALUES ('7883e8b8-0913-4df9-a715-357846ac540c', 'f59c19da-7d45-48f2-979d-c3b77b74a242', 'cd4cb45a-05bc-4729-bb2a-06d122f369fc', 1, 75, 75, '2026-03-09T16:21:00.000Z');
INSERT INTO orders (id, buyer_id, seller_id, total_amount, status, created_at) 
                      VALUES ('1fd0c64e-e0e2-412c-aa3f-444af0b9b689', 'b03c172d-3388-458c-8054-b6ad7db24e27', '6adabb60-eed5-4dd0-b80c-41983dd81404', 75, 'completed', '2026-03-09T21:55:00.000Z');
INSERT INTO order_items (id, order_id, product_id, quantity, unit_price, subtotal, created_at) 
                      VALUES ('dc4fdde0-5e13-40e7-b520-d28356a5ac35', '1fd0c64e-e0e2-412c-aa3f-444af0b9b689', 'cd4cb45a-05bc-4729-bb2a-06d122f369fc', 1, 75, 75, '2026-03-09T21:55:00.000Z');
INSERT INTO orders (id, buyer_id, seller_id, total_amount, status, created_at) 
                      VALUES ('c98667b9-09bf-4d41-bead-26366b19323b', '6c8c4ad9-70e8-48cb-9ce8-5d01c349ffcc', '6adabb60-eed5-4dd0-b80c-41983dd81404', 75, 'completed', '2026-03-09T16:40:00.000Z');
INSERT INTO order_items (id, order_id, product_id, quantity, unit_price, subtotal, created_at) 
                      VALUES ('dc7e792b-edf8-44fb-8f3e-d5461f9ef79a', 'c98667b9-09bf-4d41-bead-26366b19323b', 'cd4cb45a-05bc-4729-bb2a-06d122f369fc', 1, 75, 75, '2026-03-09T16:40:00.000Z');
INSERT INTO orders (id, buyer_id, seller_id, total_amount, status, created_at) 
                      VALUES ('c0904d4f-856a-4390-a42c-cd6cf0c8d3c2', '233694a0-da98-4b19-8640-7b99f406554e', '6adabb60-eed5-4dd0-b80c-41983dd81404', 75, 'completed', '2026-03-09T18:06:00.000Z');
INSERT INTO order_items (id, order_id, product_id, quantity, unit_price, subtotal, created_at) 
                      VALUES ('631a0a6a-810c-4ccb-81d1-d6ac49099ce1', 'c0904d4f-856a-4390-a42c-cd6cf0c8d3c2', 'cd4cb45a-05bc-4729-bb2a-06d122f369fc', 1, 75, 75, '2026-03-09T18:06:00.000Z');
INSERT INTO orders (id, buyer_id, seller_id, total_amount, status, created_at) 
                      VALUES ('4f6e9549-1800-4dba-a720-30fb8a0bd792', 'b03c172d-3388-458c-8054-b6ad7db24e27', '6adabb60-eed5-4dd0-b80c-41983dd81404', 75, 'completed', '2026-03-09T21:40:00.000Z');
INSERT INTO order_items (id, order_id, product_id, quantity, unit_price, subtotal, created_at) 
                      VALUES ('45412865-6896-4ee9-acf6-e92e12997c57', '4f6e9549-1800-4dba-a720-30fb8a0bd792', 'cd4cb45a-05bc-4729-bb2a-06d122f369fc', 1, 75, 75, '2026-03-09T21:40:00.000Z');
INSERT INTO orders (id, buyer_id, seller_id, total_amount, status, created_at) 
                      VALUES ('7dcc6809-ac3d-4222-a4a6-e99707993a77', 'b03c172d-3388-458c-8054-b6ad7db24e27', '6adabb60-eed5-4dd0-b80c-41983dd81404', 75, 'completed', '2026-03-09T21:01:00.000Z');
INSERT INTO order_items (id, order_id, product_id, quantity, unit_price, subtotal, created_at) 
                      VALUES ('62bedc84-e2ee-4ef4-bc03-c4ed4516eb10', '7dcc6809-ac3d-4222-a4a6-e99707993a77', 'cd4cb45a-05bc-4729-bb2a-06d122f369fc', 1, 75, 75, '2026-03-09T21:01:00.000Z');
INSERT INTO orders (id, buyer_id, seller_id, total_amount, status, created_at) 
                      VALUES ('c75936fc-2338-4630-8974-334fec36aee1', '233694a0-da98-4b19-8640-7b99f406554e', '6adabb60-eed5-4dd0-b80c-41983dd81404', 75, 'completed', '2026-03-09T16:20:00.000Z');
INSERT INTO order_items (id, order_id, product_id, quantity, unit_price, subtotal, created_at) 
                      VALUES ('be8d1bcb-48f3-4a82-be66-1dc09704e105', 'c75936fc-2338-4630-8974-334fec36aee1', 'cd4cb45a-05bc-4729-bb2a-06d122f369fc', 1, 75, 75, '2026-03-09T16:20:00.000Z');
INSERT INTO orders (id, buyer_id, seller_id, total_amount, status, created_at) 
                      VALUES ('f5aaf1ac-074e-4faa-b240-0cfea6f26374', '1161fb73-809d-4954-a73a-738a9a1868f7', '6adabb60-eed5-4dd0-b80c-41983dd81404', 75, 'completed', '2026-03-09T20:35:00.000Z');
INSERT INTO order_items (id, order_id, product_id, quantity, unit_price, subtotal, created_at) 
                      VALUES ('335a4f92-bb1c-4452-ad9c-c71cb080ba0e', 'f5aaf1ac-074e-4faa-b240-0cfea6f26374', 'cd4cb45a-05bc-4729-bb2a-06d122f369fc', 1, 75, 75, '2026-03-09T20:35:00.000Z');
INSERT INTO audit_logs (id, action, user_id, description, level, created_at) 
                  VALUES ('2f1ca802-9ddb-4ffd-b376-2ec553b273c5', 'USER_LOGIN', '5f552e5d-c288-453c-a685-b287e1c0c64a', 'Vendedor inició sesión para jornada', 'info', '2026-03-09T14:00:00.000Z');
INSERT INTO daily_sales (id, seller_id, sale_date, total_investment, total_revenue, units_sold, units_lost, total_waste_cost, is_closed) 
                  VALUES ('0cb0d2f1-a930-42b2-926f-6af9aa04cc01', '5f552e5d-c288-453c-a685-b287e1c0c64a', '2026-03-09', 220, 450, 10, 1, 20, true);
INSERT INTO sale_details (id, daily_sale_id, product_id, quantity_prepared, quantity_sold, quantity_lost, unit_cost, unit_price, waste_cost, waste_reason) 
                  VALUES ('fe2aaf91-5277-4660-88a1-9c9434c31b15', '0cb0d2f1-a930-42b2-926f-6af9aa04cc01', '90ccc3f8-627a-4af7-aab2-9c7967c2f50d', 11, 10, 1, 20, 45, 20, 'expired');
INSERT INTO orders (id, buyer_id, seller_id, total_amount, status, created_at) 
                      VALUES ('f57c7a9a-c9d7-459b-b8e1-a55ab851f7c1', '233694a0-da98-4b19-8640-7b99f406554e', '5f552e5d-c288-453c-a685-b287e1c0c64a', 45, 'completed', '2026-03-09T19:18:00.000Z');
INSERT INTO order_items (id, order_id, product_id, quantity, unit_price, subtotal, created_at) 
                      VALUES ('cfb12799-fb2c-423e-94c2-59b79789c76f', 'f57c7a9a-c9d7-459b-b8e1-a55ab851f7c1', '90ccc3f8-627a-4af7-aab2-9c7967c2f50d', 1, 45, 45, '2026-03-09T19:18:00.000Z');
INSERT INTO orders (id, buyer_id, seller_id, total_amount, status, created_at) 
                      VALUES ('e864cb96-a3ee-4508-997b-03bef2c8f19b', 'b03c172d-3388-458c-8054-b6ad7db24e27', '5f552e5d-c288-453c-a685-b287e1c0c64a', 45, 'completed', '2026-03-09T16:52:00.000Z');
INSERT INTO order_items (id, order_id, product_id, quantity, unit_price, subtotal, created_at) 
                      VALUES ('68806bdd-c352-476b-9e1d-087a1225d6f0', 'e864cb96-a3ee-4508-997b-03bef2c8f19b', '90ccc3f8-627a-4af7-aab2-9c7967c2f50d', 1, 45, 45, '2026-03-09T16:52:00.000Z');
INSERT INTO orders (id, buyer_id, seller_id, total_amount, status, created_at) 
                      VALUES ('fafb43d4-0c1b-4b29-ab47-9b93f5ee66e7', 'aa9e3c8c-e997-4408-ac68-6265851f972d', '5f552e5d-c288-453c-a685-b287e1c0c64a', 45, 'completed', '2026-03-09T21:08:00.000Z');
INSERT INTO order_items (id, order_id, product_id, quantity, unit_price, subtotal, created_at) 
                      VALUES ('93d8c876-19dc-4e53-a6cf-9fd6aca213ba', 'fafb43d4-0c1b-4b29-ab47-9b93f5ee66e7', '90ccc3f8-627a-4af7-aab2-9c7967c2f50d', 1, 45, 45, '2026-03-09T21:08:00.000Z');
INSERT INTO orders (id, buyer_id, seller_id, total_amount, status, created_at) 
                      VALUES ('557fd951-d0a7-4fce-ae34-1622507b5291', 'ac51e939-ec0b-40c3-b3e7-39711b12845a', '5f552e5d-c288-453c-a685-b287e1c0c64a', 45, 'completed', '2026-03-09T16:11:00.000Z');
INSERT INTO order_items (id, order_id, product_id, quantity, unit_price, subtotal, created_at) 
                      VALUES ('d4a143f6-74c0-4201-9a1c-131d5e304702', '557fd951-d0a7-4fce-ae34-1622507b5291', '90ccc3f8-627a-4af7-aab2-9c7967c2f50d', 1, 45, 45, '2026-03-09T16:11:00.000Z');
INSERT INTO orders (id, buyer_id, seller_id, total_amount, status, created_at) 
                      VALUES ('c6f77d3f-5a8a-429f-a1db-c0167b6c753b', '6c8c4ad9-70e8-48cb-9ce8-5d01c349ffcc', '5f552e5d-c288-453c-a685-b287e1c0c64a', 45, 'completed', '2026-03-09T19:45:00.000Z');
INSERT INTO order_items (id, order_id, product_id, quantity, unit_price, subtotal, created_at) 
                      VALUES ('92dac027-c9ab-47d5-87bd-21c3a79b6983', 'c6f77d3f-5a8a-429f-a1db-c0167b6c753b', '90ccc3f8-627a-4af7-aab2-9c7967c2f50d', 1, 45, 45, '2026-03-09T19:45:00.000Z');
INSERT INTO orders (id, buyer_id, seller_id, total_amount, status, created_at) 
                      VALUES ('a6cc55ce-dc23-4ed7-80c7-53a080515e22', '79768ab4-b021-418b-bf3c-0dd52f857b65', '5f552e5d-c288-453c-a685-b287e1c0c64a', 45, 'completed', '2026-03-09T19:25:00.000Z');
INSERT INTO order_items (id, order_id, product_id, quantity, unit_price, subtotal, created_at) 
                      VALUES ('adca4169-8be3-4bd1-b75e-397415f898a0', 'a6cc55ce-dc23-4ed7-80c7-53a080515e22', '90ccc3f8-627a-4af7-aab2-9c7967c2f50d', 1, 45, 45, '2026-03-09T19:25:00.000Z');
INSERT INTO orders (id, buyer_id, seller_id, total_amount, status, created_at) 
                      VALUES ('b8fd99a3-3987-4c5f-815e-a0207be5d7b8', '233694a0-da98-4b19-8640-7b99f406554e', '5f552e5d-c288-453c-a685-b287e1c0c64a', 45, 'completed', '2026-03-09T19:50:00.000Z');
INSERT INTO order_items (id, order_id, product_id, quantity, unit_price, subtotal, created_at) 
                      VALUES ('fcea36ab-fd37-4603-a180-0f410b277fdc', 'b8fd99a3-3987-4c5f-815e-a0207be5d7b8', '90ccc3f8-627a-4af7-aab2-9c7967c2f50d', 1, 45, 45, '2026-03-09T19:50:00.000Z');
INSERT INTO orders (id, buyer_id, seller_id, total_amount, status, created_at) 
                      VALUES ('39551a11-edbb-4a7b-8ec1-ee477f31c61e', 'b03c172d-3388-458c-8054-b6ad7db24e27', '5f552e5d-c288-453c-a685-b287e1c0c64a', 45, 'completed', '2026-03-09T18:15:00.000Z');
INSERT INTO order_items (id, order_id, product_id, quantity, unit_price, subtotal, created_at) 
                      VALUES ('7fb4e2fa-e9d0-4400-a816-bf0f3fc838c8', '39551a11-edbb-4a7b-8ec1-ee477f31c61e', '90ccc3f8-627a-4af7-aab2-9c7967c2f50d', 1, 45, 45, '2026-03-09T18:15:00.000Z');
INSERT INTO orders (id, buyer_id, seller_id, total_amount, status, created_at) 
                      VALUES ('dd971bc5-38cf-4ec9-b82b-f732a785bd9a', 'aa9e3c8c-e997-4408-ac68-6265851f972d', '5f552e5d-c288-453c-a685-b287e1c0c64a', 45, 'completed', '2026-03-09T19:45:00.000Z');
INSERT INTO order_items (id, order_id, product_id, quantity, unit_price, subtotal, created_at) 
                      VALUES ('733448d3-ee4b-447e-bafc-2e303f5c3535', 'dd971bc5-38cf-4ec9-b82b-f732a785bd9a', '90ccc3f8-627a-4af7-aab2-9c7967c2f50d', 1, 45, 45, '2026-03-09T19:45:00.000Z');
INSERT INTO orders (id, buyer_id, seller_id, total_amount, status, created_at) 
                      VALUES ('a82be678-3d44-42c2-a7d1-595b5e4034f1', 'b03c172d-3388-458c-8054-b6ad7db24e27', '5f552e5d-c288-453c-a685-b287e1c0c64a', 45, 'completed', '2026-03-09T20:12:00.000Z');
INSERT INTO order_items (id, order_id, product_id, quantity, unit_price, subtotal, created_at) 
                      VALUES ('7ef9dbd2-debd-483c-aef5-ec0bc108e806', 'a82be678-3d44-42c2-a7d1-595b5e4034f1', '90ccc3f8-627a-4af7-aab2-9c7967c2f50d', 1, 45, 45, '2026-03-09T20:12:00.000Z');
INSERT INTO audit_logs (id, action, user_id, description, level, created_at) 
                  VALUES ('27f96f46-95ca-412a-a6e4-b1c253a27c01', 'USER_LOGIN', '522afd0e-5b6f-4f57-be80-46fd79ba12db', 'Vendedor inició sesión para jornada', 'info', '2026-03-09T14:05:00.000Z');
INSERT INTO daily_sales (id, seller_id, sale_date, total_investment, total_revenue, units_sold, units_lost, total_waste_cost, is_closed) 
                  VALUES ('fb98b463-7f9d-4eae-bc4d-30ebc0c19a64', '522afd0e-5b6f-4f57-be80-46fd79ba12db', '2026-03-09', 120, 240, 8, 2, 24, true);
INSERT INTO sale_details (id, daily_sale_id, product_id, quantity_prepared, quantity_sold, quantity_lost, unit_cost, unit_price, waste_cost, waste_reason) 
                  VALUES ('f7e9d33b-e02f-46e9-b57c-f6713b8d9a76', 'fb98b463-7f9d-4eae-bc4d-30ebc0c19a64', 'c865d401-6592-418d-98d5-1aa633799680', 10, 8, 2, 12, 30, 24, 'expired');
INSERT INTO orders (id, buyer_id, seller_id, total_amount, status, created_at) 
                      VALUES ('c79d05ed-2790-456d-b041-e42cdd303eed', '79768ab4-b021-418b-bf3c-0dd52f857b65', '522afd0e-5b6f-4f57-be80-46fd79ba12db', 30, 'completed', '2026-03-09T21:34:00.000Z');
INSERT INTO order_items (id, order_id, product_id, quantity, unit_price, subtotal, created_at) 
                      VALUES ('aa2d80d4-72a1-4a60-9992-11a82662e77e', 'c79d05ed-2790-456d-b041-e42cdd303eed', 'c865d401-6592-418d-98d5-1aa633799680', 1, 30, 30, '2026-03-09T21:34:00.000Z');
INSERT INTO orders (id, buyer_id, seller_id, total_amount, status, created_at) 
                      VALUES ('c8db90d0-f31f-4750-893f-07ee0cdda984', '6c8c4ad9-70e8-48cb-9ce8-5d01c349ffcc', '522afd0e-5b6f-4f57-be80-46fd79ba12db', 30, 'completed', '2026-03-09T20:26:00.000Z');
INSERT INTO order_items (id, order_id, product_id, quantity, unit_price, subtotal, created_at) 
                      VALUES ('7a07ca50-4810-4e6b-b26a-bf20e0625ab0', 'c8db90d0-f31f-4750-893f-07ee0cdda984', 'c865d401-6592-418d-98d5-1aa633799680', 1, 30, 30, '2026-03-09T20:26:00.000Z');
INSERT INTO orders (id, buyer_id, seller_id, total_amount, status, created_at) 
                      VALUES ('320938cb-ad78-461c-90be-6e1001ad4344', 'aa9e3c8c-e997-4408-ac68-6265851f972d', '522afd0e-5b6f-4f57-be80-46fd79ba12db', 30, 'completed', '2026-03-09T17:02:00.000Z');
INSERT INTO order_items (id, order_id, product_id, quantity, unit_price, subtotal, created_at) 
                      VALUES ('6f65693e-c5c7-47a9-b8b0-c92ddba3a2c3', '320938cb-ad78-461c-90be-6e1001ad4344', 'c865d401-6592-418d-98d5-1aa633799680', 1, 30, 30, '2026-03-09T17:02:00.000Z');
INSERT INTO orders (id, buyer_id, seller_id, total_amount, status, created_at) 
                      VALUES ('98162c70-b6c8-4301-8827-5c20bf426cdb', '233694a0-da98-4b19-8640-7b99f406554e', '522afd0e-5b6f-4f57-be80-46fd79ba12db', 30, 'completed', '2026-03-09T17:34:00.000Z');
INSERT INTO order_items (id, order_id, product_id, quantity, unit_price, subtotal, created_at) 
                      VALUES ('92476968-45ee-41aa-aed4-2c1303899125', '98162c70-b6c8-4301-8827-5c20bf426cdb', 'c865d401-6592-418d-98d5-1aa633799680', 1, 30, 30, '2026-03-09T17:34:00.000Z');
INSERT INTO orders (id, buyer_id, seller_id, total_amount, status, created_at) 
                      VALUES ('48104677-8335-4366-8426-71d4bdc637b3', 'b03c172d-3388-458c-8054-b6ad7db24e27', '522afd0e-5b6f-4f57-be80-46fd79ba12db', 30, 'completed', '2026-03-09T18:16:00.000Z');
INSERT INTO order_items (id, order_id, product_id, quantity, unit_price, subtotal, created_at) 
                      VALUES ('dc722411-b98c-4153-861f-bdd1bb8759f0', '48104677-8335-4366-8426-71d4bdc637b3', 'c865d401-6592-418d-98d5-1aa633799680', 1, 30, 30, '2026-03-09T18:16:00.000Z');
INSERT INTO orders (id, buyer_id, seller_id, total_amount, status, created_at) 
                      VALUES ('e28292ab-f361-4f66-836c-bfb4e5b9e540', 'b03c172d-3388-458c-8054-b6ad7db24e27', '522afd0e-5b6f-4f57-be80-46fd79ba12db', 30, 'completed', '2026-03-09T17:07:00.000Z');
INSERT INTO order_items (id, order_id, product_id, quantity, unit_price, subtotal, created_at) 
                      VALUES ('cebcfbad-5275-401b-b1d5-0aa42d3350c9', 'e28292ab-f361-4f66-836c-bfb4e5b9e540', 'c865d401-6592-418d-98d5-1aa633799680', 1, 30, 30, '2026-03-09T17:07:00.000Z');
INSERT INTO orders (id, buyer_id, seller_id, total_amount, status, created_at) 
                      VALUES ('3106f1a5-9d6a-4da5-a0e1-6f99599a5d54', '233694a0-da98-4b19-8640-7b99f406554e', '522afd0e-5b6f-4f57-be80-46fd79ba12db', 30, 'completed', '2026-03-09T16:41:00.000Z');
INSERT INTO order_items (id, order_id, product_id, quantity, unit_price, subtotal, created_at) 
                      VALUES ('4bfedb66-a2cc-4165-b9ce-f9862cf6e96d', '3106f1a5-9d6a-4da5-a0e1-6f99599a5d54', 'c865d401-6592-418d-98d5-1aa633799680', 1, 30, 30, '2026-03-09T16:41:00.000Z');
INSERT INTO orders (id, buyer_id, seller_id, total_amount, status, created_at) 
                      VALUES ('cc2538f9-6b19-4b11-a6e0-8695a1e71722', 'ac51e939-ec0b-40c3-b3e7-39711b12845a', '522afd0e-5b6f-4f57-be80-46fd79ba12db', 30, 'completed', '2026-03-09T19:14:00.000Z');
INSERT INTO order_items (id, order_id, product_id, quantity, unit_price, subtotal, created_at) 
                      VALUES ('a72e2c17-86dc-4f8e-a4a0-7d6328942258', 'cc2538f9-6b19-4b11-a6e0-8695a1e71722', 'c865d401-6592-418d-98d5-1aa633799680', 1, 30, 30, '2026-03-09T19:14:00.000Z');
INSERT INTO audit_logs (id, action, user_id, description, level, created_at) 
                  VALUES ('0f795d90-c74c-4bac-8c8e-4a5c01cba154', 'USER_LOGIN', 'da273443-bae3-4781-ae4e-819d0c9d56a6', 'Vendedor inició sesión para jornada', 'info', '2026-03-09T14:14:00.000Z');
INSERT INTO daily_sales (id, seller_id, sale_date, total_investment, total_revenue, units_sold, units_lost, total_waste_cost, is_closed) 
                  VALUES ('58aa9146-2c54-46cf-9ce0-283c233f5a67', 'da273443-bae3-4781-ae4e-819d0c9d56a6', '2026-03-09', 96, 275, 11, 1, 8, true);
INSERT INTO sale_details (id, daily_sale_id, product_id, quantity_prepared, quantity_sold, quantity_lost, unit_cost, unit_price, waste_cost, waste_reason) 
                  VALUES ('142af85d-f2e4-4963-a72a-b30f467bb501', '58aa9146-2c54-46cf-9ce0-283c233f5a67', 'ea84c406-f235-4e9c-b061-71ed9401e63b', 12, 11, 1, 8, 25, 8, 'expired');
INSERT INTO orders (id, buyer_id, seller_id, total_amount, status, created_at) 
                      VALUES ('05cc2c44-88ad-49b7-ac12-6791f3295f13', '233694a0-da98-4b19-8640-7b99f406554e', 'da273443-bae3-4781-ae4e-819d0c9d56a6', 25, 'completed', '2026-03-09T20:45:00.000Z');
INSERT INTO order_items (id, order_id, product_id, quantity, unit_price, subtotal, created_at) 
                      VALUES ('a51b9dba-33a5-498d-a760-5afdd452c5f3', '05cc2c44-88ad-49b7-ac12-6791f3295f13', 'ea84c406-f235-4e9c-b061-71ed9401e63b', 1, 25, 25, '2026-03-09T20:45:00.000Z');
INSERT INTO orders (id, buyer_id, seller_id, total_amount, status, created_at) 
                      VALUES ('69664d2e-eb9c-4389-b629-15a78dc086ba', 'b03c172d-3388-458c-8054-b6ad7db24e27', 'da273443-bae3-4781-ae4e-819d0c9d56a6', 25, 'completed', '2026-03-09T21:51:00.000Z');
INSERT INTO order_items (id, order_id, product_id, quantity, unit_price, subtotal, created_at) 
                      VALUES ('271a5f72-6623-45b8-bb8f-96bb1b44e504', '69664d2e-eb9c-4389-b629-15a78dc086ba', 'ea84c406-f235-4e9c-b061-71ed9401e63b', 1, 25, 25, '2026-03-09T21:51:00.000Z');
INSERT INTO orders (id, buyer_id, seller_id, total_amount, status, created_at) 
                      VALUES ('58893986-61af-4405-a4b9-3ed8119f62fe', 'ac51e939-ec0b-40c3-b3e7-39711b12845a', 'da273443-bae3-4781-ae4e-819d0c9d56a6', 25, 'completed', '2026-03-09T19:25:00.000Z');
INSERT INTO order_items (id, order_id, product_id, quantity, unit_price, subtotal, created_at) 
                      VALUES ('29fa4a3c-8e34-4d93-8fb4-42958d7189bd', '58893986-61af-4405-a4b9-3ed8119f62fe', 'ea84c406-f235-4e9c-b061-71ed9401e63b', 1, 25, 25, '2026-03-09T19:25:00.000Z');
INSERT INTO orders (id, buyer_id, seller_id, total_amount, status, created_at) 
                      VALUES ('084b2f61-b2dd-499f-80d8-341ea3ec2af9', '6c8c4ad9-70e8-48cb-9ce8-5d01c349ffcc', 'da273443-bae3-4781-ae4e-819d0c9d56a6', 25, 'completed', '2026-03-09T21:56:00.000Z');
INSERT INTO order_items (id, order_id, product_id, quantity, unit_price, subtotal, created_at) 
                      VALUES ('e3c568e6-65f0-410b-b5e3-d265c2044a80', '084b2f61-b2dd-499f-80d8-341ea3ec2af9', 'ea84c406-f235-4e9c-b061-71ed9401e63b', 1, 25, 25, '2026-03-09T21:56:00.000Z');
INSERT INTO orders (id, buyer_id, seller_id, total_amount, status, created_at) 
                      VALUES ('356b83da-77cd-49d1-905a-b86c94c6c37a', 'aa9e3c8c-e997-4408-ac68-6265851f972d', 'da273443-bae3-4781-ae4e-819d0c9d56a6', 25, 'completed', '2026-03-09T16:30:00.000Z');
INSERT INTO order_items (id, order_id, product_id, quantity, unit_price, subtotal, created_at) 
                      VALUES ('484ceb90-267a-45fb-b574-9536c5db977f', '356b83da-77cd-49d1-905a-b86c94c6c37a', 'ea84c406-f235-4e9c-b061-71ed9401e63b', 1, 25, 25, '2026-03-09T16:30:00.000Z');
INSERT INTO orders (id, buyer_id, seller_id, total_amount, status, created_at) 
                      VALUES ('2aebb74a-ebc1-443e-8dc5-a1cd9cce9212', '6c8c4ad9-70e8-48cb-9ce8-5d01c349ffcc', 'da273443-bae3-4781-ae4e-819d0c9d56a6', 25, 'completed', '2026-03-09T19:33:00.000Z');
INSERT INTO order_items (id, order_id, product_id, quantity, unit_price, subtotal, created_at) 
                      VALUES ('9ec56ba1-5647-40f1-b7be-7f53daf2cdd3', '2aebb74a-ebc1-443e-8dc5-a1cd9cce9212', 'ea84c406-f235-4e9c-b061-71ed9401e63b', 1, 25, 25, '2026-03-09T19:33:00.000Z');
INSERT INTO orders (id, buyer_id, seller_id, total_amount, status, created_at) 
                      VALUES ('79be7bcd-e75c-4315-9412-f9f6130c51ec', '6c8c4ad9-70e8-48cb-9ce8-5d01c349ffcc', 'da273443-bae3-4781-ae4e-819d0c9d56a6', 25, 'completed', '2026-03-09T16:24:00.000Z');
INSERT INTO order_items (id, order_id, product_id, quantity, unit_price, subtotal, created_at) 
                      VALUES ('502c8eb2-e260-424b-9b7c-476b664e998e', '79be7bcd-e75c-4315-9412-f9f6130c51ec', 'ea84c406-f235-4e9c-b061-71ed9401e63b', 1, 25, 25, '2026-03-09T16:24:00.000Z');
INSERT INTO orders (id, buyer_id, seller_id, total_amount, status, created_at) 
                      VALUES ('4fb3acaa-2888-407e-9f30-4a837a8acd5d', '6c8c4ad9-70e8-48cb-9ce8-5d01c349ffcc', 'da273443-bae3-4781-ae4e-819d0c9d56a6', 25, 'completed', '2026-03-09T20:09:00.000Z');
INSERT INTO order_items (id, order_id, product_id, quantity, unit_price, subtotal, created_at) 
                      VALUES ('c4618c88-a2d5-4c60-a011-943fcc31ada3', '4fb3acaa-2888-407e-9f30-4a837a8acd5d', 'ea84c406-f235-4e9c-b061-71ed9401e63b', 1, 25, 25, '2026-03-09T20:09:00.000Z');
INSERT INTO orders (id, buyer_id, seller_id, total_amount, status, created_at) 
                      VALUES ('f7041c9e-ce4d-48c7-9e70-2e075ecafff0', '233694a0-da98-4b19-8640-7b99f406554e', 'da273443-bae3-4781-ae4e-819d0c9d56a6', 25, 'completed', '2026-03-09T18:40:00.000Z');
INSERT INTO order_items (id, order_id, product_id, quantity, unit_price, subtotal, created_at) 
                      VALUES ('e01b849a-ca71-4047-a7a2-696be6e1e6a6', 'f7041c9e-ce4d-48c7-9e70-2e075ecafff0', 'ea84c406-f235-4e9c-b061-71ed9401e63b', 1, 25, 25, '2026-03-09T18:40:00.000Z');
INSERT INTO orders (id, buyer_id, seller_id, total_amount, status, created_at) 
                      VALUES ('faa8b2ac-2a7a-4815-bf48-f138fbfb5233', '6c8c4ad9-70e8-48cb-9ce8-5d01c349ffcc', 'da273443-bae3-4781-ae4e-819d0c9d56a6', 25, 'completed', '2026-03-09T17:17:00.000Z');
INSERT INTO order_items (id, order_id, product_id, quantity, unit_price, subtotal, created_at) 
                      VALUES ('a27f396a-df68-46cd-8b83-5621212979d7', 'faa8b2ac-2a7a-4815-bf48-f138fbfb5233', 'ea84c406-f235-4e9c-b061-71ed9401e63b', 1, 25, 25, '2026-03-09T17:17:00.000Z');
INSERT INTO orders (id, buyer_id, seller_id, total_amount, status, created_at) 
                      VALUES ('60b385b9-26de-41f7-bfc4-4ef78c0bb3a0', '1161fb73-809d-4954-a73a-738a9a1868f7', 'da273443-bae3-4781-ae4e-819d0c9d56a6', 25, 'completed', '2026-03-09T17:24:00.000Z');
INSERT INTO order_items (id, order_id, product_id, quantity, unit_price, subtotal, created_at) 
                      VALUES ('f3440b75-3450-441e-a743-2b58163528a2', '60b385b9-26de-41f7-bfc4-4ef78c0bb3a0', 'ea84c406-f235-4e9c-b061-71ed9401e63b', 1, 25, 25, '2026-03-09T17:24:00.000Z');
INSERT INTO audit_logs (id, action, user_id, description, level, created_at) 
                  VALUES ('ee4e745e-56d0-4c32-9e43-34661c161108', 'USER_LOGIN', 'cdc7b576-3957-4e3f-9e87-6630e4ef1950', 'Vendedor inició sesión para jornada', 'info', '2026-03-09T14:26:00.000Z');
INSERT INTO daily_sales (id, seller_id, sale_date, total_investment, total_revenue, units_sold, units_lost, total_waste_cost, is_closed) 
                  VALUES ('566c69ff-1b15-4abb-bede-94a1b5c4c87c', 'cdc7b576-3957-4e3f-9e87-6630e4ef1950', '2026-03-09', 275, 550, 10, 1, 25, true);
INSERT INTO sale_details (id, daily_sale_id, product_id, quantity_prepared, quantity_sold, quantity_lost, unit_cost, unit_price, waste_cost, waste_reason) 
                  VALUES ('02336fcb-2211-46b4-842e-f758f8e4f06b', '566c69ff-1b15-4abb-bede-94a1b5c4c87c', '49e54b55-6e07-407b-9dac-36e93e1f8aa2', 11, 10, 1, 25, 55, 25, 'expired');
INSERT INTO orders (id, buyer_id, seller_id, total_amount, status, created_at) 
                      VALUES ('daccec66-3ac2-44f4-a1a9-d39e2790fc79', '79768ab4-b021-418b-bf3c-0dd52f857b65', 'cdc7b576-3957-4e3f-9e87-6630e4ef1950', 55, 'completed', '2026-03-09T19:30:00.000Z');
INSERT INTO order_items (id, order_id, product_id, quantity, unit_price, subtotal, created_at) 
                      VALUES ('68bf6882-727f-44a8-8567-b200d3bd2978', 'daccec66-3ac2-44f4-a1a9-d39e2790fc79', '49e54b55-6e07-407b-9dac-36e93e1f8aa2', 1, 55, 55, '2026-03-09T19:30:00.000Z');
INSERT INTO orders (id, buyer_id, seller_id, total_amount, status, created_at) 
                      VALUES ('e45e8d4c-451e-4d45-a6ab-9b9d52fee24d', 'b03c172d-3388-458c-8054-b6ad7db24e27', 'cdc7b576-3957-4e3f-9e87-6630e4ef1950', 55, 'completed', '2026-03-09T21:33:00.000Z');
INSERT INTO order_items (id, order_id, product_id, quantity, unit_price, subtotal, created_at) 
                      VALUES ('419dc5e4-062b-45f3-811d-2c83eac425aa', 'e45e8d4c-451e-4d45-a6ab-9b9d52fee24d', '49e54b55-6e07-407b-9dac-36e93e1f8aa2', 1, 55, 55, '2026-03-09T21:33:00.000Z');
INSERT INTO orders (id, buyer_id, seller_id, total_amount, status, created_at) 
                      VALUES ('aab8a774-2819-4e50-9709-fb6460673a5e', '1161fb73-809d-4954-a73a-738a9a1868f7', 'cdc7b576-3957-4e3f-9e87-6630e4ef1950', 55, 'completed', '2026-03-09T17:58:00.000Z');
INSERT INTO order_items (id, order_id, product_id, quantity, unit_price, subtotal, created_at) 
                      VALUES ('6e94fefd-0c3a-43e5-895a-c3bdea5e957e', 'aab8a774-2819-4e50-9709-fb6460673a5e', '49e54b55-6e07-407b-9dac-36e93e1f8aa2', 1, 55, 55, '2026-03-09T17:58:00.000Z');
INSERT INTO orders (id, buyer_id, seller_id, total_amount, status, created_at) 
                      VALUES ('d03f72e2-72bd-488e-ab9c-3307877f30a8', 'ac51e939-ec0b-40c3-b3e7-39711b12845a', 'cdc7b576-3957-4e3f-9e87-6630e4ef1950', 55, 'completed', '2026-03-09T17:03:00.000Z');
INSERT INTO order_items (id, order_id, product_id, quantity, unit_price, subtotal, created_at) 
                      VALUES ('da2ed53d-10d6-4500-b272-5311accc4b48', 'd03f72e2-72bd-488e-ab9c-3307877f30a8', '49e54b55-6e07-407b-9dac-36e93e1f8aa2', 1, 55, 55, '2026-03-09T17:03:00.000Z');
INSERT INTO orders (id, buyer_id, seller_id, total_amount, status, created_at) 
                      VALUES ('8a14ee91-3092-4d72-95c0-a03aebbe552a', '1161fb73-809d-4954-a73a-738a9a1868f7', 'cdc7b576-3957-4e3f-9e87-6630e4ef1950', 55, 'completed', '2026-03-09T19:56:00.000Z');
INSERT INTO order_items (id, order_id, product_id, quantity, unit_price, subtotal, created_at) 
                      VALUES ('a44d7891-f4de-4c45-b09f-b38eaa067420', '8a14ee91-3092-4d72-95c0-a03aebbe552a', '49e54b55-6e07-407b-9dac-36e93e1f8aa2', 1, 55, 55, '2026-03-09T19:56:00.000Z');
INSERT INTO orders (id, buyer_id, seller_id, total_amount, status, created_at) 
                      VALUES ('5a3771ea-9242-47cb-a5e3-fa4af3dc7451', 'b03c172d-3388-458c-8054-b6ad7db24e27', 'cdc7b576-3957-4e3f-9e87-6630e4ef1950', 55, 'completed', '2026-03-09T20:11:00.000Z');
INSERT INTO order_items (id, order_id, product_id, quantity, unit_price, subtotal, created_at) 
                      VALUES ('5b28c32e-f628-44c1-af61-c91d8348eca0', '5a3771ea-9242-47cb-a5e3-fa4af3dc7451', '49e54b55-6e07-407b-9dac-36e93e1f8aa2', 1, 55, 55, '2026-03-09T20:11:00.000Z');
INSERT INTO orders (id, buyer_id, seller_id, total_amount, status, created_at) 
                      VALUES ('13aa0584-a671-4383-abcc-78830a3054c7', 'ac51e939-ec0b-40c3-b3e7-39711b12845a', 'cdc7b576-3957-4e3f-9e87-6630e4ef1950', 55, 'completed', '2026-03-09T18:28:00.000Z');
INSERT INTO order_items (id, order_id, product_id, quantity, unit_price, subtotal, created_at) 
                      VALUES ('1081a1c2-53a7-4016-963c-d0c879a86831', '13aa0584-a671-4383-abcc-78830a3054c7', '49e54b55-6e07-407b-9dac-36e93e1f8aa2', 1, 55, 55, '2026-03-09T18:28:00.000Z');
INSERT INTO orders (id, buyer_id, seller_id, total_amount, status, created_at) 
                      VALUES ('3b183aa5-148b-4ac9-a304-506bdf257475', '1161fb73-809d-4954-a73a-738a9a1868f7', 'cdc7b576-3957-4e3f-9e87-6630e4ef1950', 55, 'completed', '2026-03-09T21:55:00.000Z');
INSERT INTO order_items (id, order_id, product_id, quantity, unit_price, subtotal, created_at) 
                      VALUES ('8d104706-0d84-4b51-bb1d-edd5dec12375', '3b183aa5-148b-4ac9-a304-506bdf257475', '49e54b55-6e07-407b-9dac-36e93e1f8aa2', 1, 55, 55, '2026-03-09T21:55:00.000Z');
INSERT INTO orders (id, buyer_id, seller_id, total_amount, status, created_at) 
                      VALUES ('0abc4cc5-05ff-4178-a458-57370a64ec05', 'aa9e3c8c-e997-4408-ac68-6265851f972d', 'cdc7b576-3957-4e3f-9e87-6630e4ef1950', 55, 'completed', '2026-03-09T20:02:00.000Z');
INSERT INTO order_items (id, order_id, product_id, quantity, unit_price, subtotal, created_at) 
                      VALUES ('49ddd87b-c4d3-48ac-b9aa-1330ef9d4709', '0abc4cc5-05ff-4178-a458-57370a64ec05', '49e54b55-6e07-407b-9dac-36e93e1f8aa2', 1, 55, 55, '2026-03-09T20:02:00.000Z');
INSERT INTO orders (id, buyer_id, seller_id, total_amount, status, created_at) 
                      VALUES ('dce2eb52-02a4-44b0-aba5-d5e6123ecc5a', 'aa9e3c8c-e997-4408-ac68-6265851f972d', 'cdc7b576-3957-4e3f-9e87-6630e4ef1950', 55, 'completed', '2026-03-09T21:10:00.000Z');
INSERT INTO order_items (id, order_id, product_id, quantity, unit_price, subtotal, created_at) 
                      VALUES ('550bc6c3-8887-47d6-bbf4-01648a3af7f7', 'dce2eb52-02a4-44b0-aba5-d5e6123ecc5a', '49e54b55-6e07-407b-9dac-36e93e1f8aa2', 1, 55, 55, '2026-03-09T21:10:00.000Z');
INSERT INTO audit_logs (id, action, user_id, description, level, created_at) 
                  VALUES ('ad7a7210-e7ed-4b28-a33a-526f72267331', 'USER_LOGIN', '6adabb60-eed5-4dd0-b80c-41983dd81404', 'Vendedor inició sesión para jornada', 'info', '2026-03-10T14:28:00.000Z');
INSERT INTO daily_sales (id, seller_id, sale_date, total_investment, total_revenue, units_sold, units_lost, total_waste_cost, is_closed) 
                  VALUES ('1454c015-370e-4b41-996f-673c26cb8752', '6adabb60-eed5-4dd0-b80c-41983dd81404', '2026-03-10', 440, 750, 10, 1, 40, true);
INSERT INTO sale_details (id, daily_sale_id, product_id, quantity_prepared, quantity_sold, quantity_lost, unit_cost, unit_price, waste_cost, waste_reason) 
                  VALUES ('4915403f-dd54-4878-8f7e-f8ddbd769656', '1454c015-370e-4b41-996f-673c26cb8752', 'cd4cb45a-05bc-4729-bb2a-06d122f369fc', 11, 10, 1, 40, 75, 40, 'expired');
INSERT INTO orders (id, buyer_id, seller_id, total_amount, status, created_at) 
                      VALUES ('f7980ef6-2201-4721-97b5-64686701eaae', 'b03c172d-3388-458c-8054-b6ad7db24e27', '6adabb60-eed5-4dd0-b80c-41983dd81404', 75, 'completed', '2026-03-10T18:34:00.000Z');
INSERT INTO order_items (id, order_id, product_id, quantity, unit_price, subtotal, created_at) 
                      VALUES ('8b32351b-2aa9-4b3d-8817-b95c4f05d747', 'f7980ef6-2201-4721-97b5-64686701eaae', 'cd4cb45a-05bc-4729-bb2a-06d122f369fc', 1, 75, 75, '2026-03-10T18:34:00.000Z');
INSERT INTO orders (id, buyer_id, seller_id, total_amount, status, created_at) 
                      VALUES ('1c8ccd96-ae53-48a8-bf4c-c7aeec244be9', 'b03c172d-3388-458c-8054-b6ad7db24e27', '6adabb60-eed5-4dd0-b80c-41983dd81404', 75, 'completed', '2026-03-10T16:24:00.000Z');
INSERT INTO order_items (id, order_id, product_id, quantity, unit_price, subtotal, created_at) 
                      VALUES ('c90861b1-a19a-4789-8a8f-597236efa54f', '1c8ccd96-ae53-48a8-bf4c-c7aeec244be9', 'cd4cb45a-05bc-4729-bb2a-06d122f369fc', 1, 75, 75, '2026-03-10T16:24:00.000Z');
INSERT INTO orders (id, buyer_id, seller_id, total_amount, status, created_at) 
                      VALUES ('a41dbeb2-2ba5-4d6f-8963-f6abe605c84c', '233694a0-da98-4b19-8640-7b99f406554e', '6adabb60-eed5-4dd0-b80c-41983dd81404', 75, 'completed', '2026-03-10T18:51:00.000Z');
INSERT INTO order_items (id, order_id, product_id, quantity, unit_price, subtotal, created_at) 
                      VALUES ('402db719-9334-41bd-8c1d-95b6c8701d8f', 'a41dbeb2-2ba5-4d6f-8963-f6abe605c84c', 'cd4cb45a-05bc-4729-bb2a-06d122f369fc', 1, 75, 75, '2026-03-10T18:51:00.000Z');
INSERT INTO orders (id, buyer_id, seller_id, total_amount, status, created_at) 
                      VALUES ('aca045eb-f400-4e94-8da2-4a3d165c3b9c', 'aa9e3c8c-e997-4408-ac68-6265851f972d', '6adabb60-eed5-4dd0-b80c-41983dd81404', 75, 'completed', '2026-03-10T20:21:00.000Z');
INSERT INTO order_items (id, order_id, product_id, quantity, unit_price, subtotal, created_at) 
                      VALUES ('a94957e6-93e2-44bf-a389-bf5b55abefec', 'aca045eb-f400-4e94-8da2-4a3d165c3b9c', 'cd4cb45a-05bc-4729-bb2a-06d122f369fc', 1, 75, 75, '2026-03-10T20:21:00.000Z');
INSERT INTO orders (id, buyer_id, seller_id, total_amount, status, created_at) 
                      VALUES ('59c6c89d-7a53-4dfa-94c5-baba5dc6b100', '1161fb73-809d-4954-a73a-738a9a1868f7', '6adabb60-eed5-4dd0-b80c-41983dd81404', 75, 'completed', '2026-03-10T18:07:00.000Z');
INSERT INTO order_items (id, order_id, product_id, quantity, unit_price, subtotal, created_at) 
                      VALUES ('ab83126c-1aa5-4c0f-b0f6-68f35f77148b', '59c6c89d-7a53-4dfa-94c5-baba5dc6b100', 'cd4cb45a-05bc-4729-bb2a-06d122f369fc', 1, 75, 75, '2026-03-10T18:07:00.000Z');
INSERT INTO orders (id, buyer_id, seller_id, total_amount, status, created_at) 
                      VALUES ('6b0a7fae-3c19-4ec0-8ecb-c98803c1c7a2', '1161fb73-809d-4954-a73a-738a9a1868f7', '6adabb60-eed5-4dd0-b80c-41983dd81404', 75, 'completed', '2026-03-10T17:48:00.000Z');
INSERT INTO order_items (id, order_id, product_id, quantity, unit_price, subtotal, created_at) 
                      VALUES ('7c17cb89-d844-4191-a1b8-5a00eb6ac8a0', '6b0a7fae-3c19-4ec0-8ecb-c98803c1c7a2', 'cd4cb45a-05bc-4729-bb2a-06d122f369fc', 1, 75, 75, '2026-03-10T17:48:00.000Z');
INSERT INTO orders (id, buyer_id, seller_id, total_amount, status, created_at) 
                      VALUES ('5e2df29d-a162-4895-94ff-882d11317a29', '233694a0-da98-4b19-8640-7b99f406554e', '6adabb60-eed5-4dd0-b80c-41983dd81404', 75, 'completed', '2026-03-10T17:48:00.000Z');
INSERT INTO order_items (id, order_id, product_id, quantity, unit_price, subtotal, created_at) 
                      VALUES ('60c8c9d2-3e9a-48e7-af32-e797d41e1cd5', '5e2df29d-a162-4895-94ff-882d11317a29', 'cd4cb45a-05bc-4729-bb2a-06d122f369fc', 1, 75, 75, '2026-03-10T17:48:00.000Z');
INSERT INTO orders (id, buyer_id, seller_id, total_amount, status, created_at) 
                      VALUES ('3ff96ad8-610c-4843-a800-825a9f9169cb', 'ac51e939-ec0b-40c3-b3e7-39711b12845a', '6adabb60-eed5-4dd0-b80c-41983dd81404', 75, 'completed', '2026-03-10T21:28:00.000Z');
INSERT INTO order_items (id, order_id, product_id, quantity, unit_price, subtotal, created_at) 
                      VALUES ('406af500-5e8f-4feb-b34c-93e1da237d05', '3ff96ad8-610c-4843-a800-825a9f9169cb', 'cd4cb45a-05bc-4729-bb2a-06d122f369fc', 1, 75, 75, '2026-03-10T21:28:00.000Z');
INSERT INTO orders (id, buyer_id, seller_id, total_amount, status, created_at) 
                      VALUES ('648d9a1b-6018-4bf4-b41b-d58151dcb807', 'b03c172d-3388-458c-8054-b6ad7db24e27', '6adabb60-eed5-4dd0-b80c-41983dd81404', 75, 'completed', '2026-03-10T16:57:00.000Z');
INSERT INTO order_items (id, order_id, product_id, quantity, unit_price, subtotal, created_at) 
                      VALUES ('21a0f565-0d8b-48c1-bde9-fdb46a09f4bf', '648d9a1b-6018-4bf4-b41b-d58151dcb807', 'cd4cb45a-05bc-4729-bb2a-06d122f369fc', 1, 75, 75, '2026-03-10T16:57:00.000Z');
INSERT INTO orders (id, buyer_id, seller_id, total_amount, status, created_at) 
                      VALUES ('3a8e596a-0f27-4a92-8729-53a0a58b8c58', '1161fb73-809d-4954-a73a-738a9a1868f7', '6adabb60-eed5-4dd0-b80c-41983dd81404', 75, 'completed', '2026-03-10T21:58:00.000Z');
INSERT INTO order_items (id, order_id, product_id, quantity, unit_price, subtotal, created_at) 
                      VALUES ('3ee0b4d8-2025-417a-8005-bdecabe839f6', '3a8e596a-0f27-4a92-8729-53a0a58b8c58', 'cd4cb45a-05bc-4729-bb2a-06d122f369fc', 1, 75, 75, '2026-03-10T21:58:00.000Z');
INSERT INTO audit_logs (id, action, user_id, description, level, created_at) 
                  VALUES ('0f157769-f2e3-4ae2-b5db-aa2578b13c7c', 'USER_LOGIN', '5f552e5d-c288-453c-a685-b287e1c0c64a', 'Vendedor inició sesión para jornada', 'info', '2026-03-10T14:22:00.000Z');
INSERT INTO daily_sales (id, seller_id, sale_date, total_investment, total_revenue, units_sold, units_lost, total_waste_cost, is_closed) 
                  VALUES ('710af8cb-54b1-4a70-9d4c-ef098de1b861', '5f552e5d-c288-453c-a685-b287e1c0c64a', '2026-03-10', 280, 585, 13, 1, 20, true);
INSERT INTO sale_details (id, daily_sale_id, product_id, quantity_prepared, quantity_sold, quantity_lost, unit_cost, unit_price, waste_cost, waste_reason) 
                  VALUES ('cd286db7-5120-435c-a260-551f8525d00f', '710af8cb-54b1-4a70-9d4c-ef098de1b861', '90ccc3f8-627a-4af7-aab2-9c7967c2f50d', 14, 13, 1, 20, 45, 20, 'expired');
INSERT INTO orders (id, buyer_id, seller_id, total_amount, status, created_at) 
                      VALUES ('de6863f2-43be-4579-92ac-66725d9c3076', 'ac51e939-ec0b-40c3-b3e7-39711b12845a', '5f552e5d-c288-453c-a685-b287e1c0c64a', 45, 'completed', '2026-03-10T16:17:00.000Z');
INSERT INTO order_items (id, order_id, product_id, quantity, unit_price, subtotal, created_at) 
                      VALUES ('8292fd8a-d5ff-40f3-96c5-49f536054a8b', 'de6863f2-43be-4579-92ac-66725d9c3076', '90ccc3f8-627a-4af7-aab2-9c7967c2f50d', 1, 45, 45, '2026-03-10T16:17:00.000Z');
INSERT INTO orders (id, buyer_id, seller_id, total_amount, status, created_at) 
                      VALUES ('2800f40b-23da-4066-ae08-f51732691fb8', '79768ab4-b021-418b-bf3c-0dd52f857b65', '5f552e5d-c288-453c-a685-b287e1c0c64a', 45, 'completed', '2026-03-10T20:36:00.000Z');
INSERT INTO order_items (id, order_id, product_id, quantity, unit_price, subtotal, created_at) 
                      VALUES ('d62c6b5c-5d8e-48b9-bcc7-67eca1635673', '2800f40b-23da-4066-ae08-f51732691fb8', '90ccc3f8-627a-4af7-aab2-9c7967c2f50d', 1, 45, 45, '2026-03-10T20:36:00.000Z');
INSERT INTO orders (id, buyer_id, seller_id, total_amount, status, created_at) 
                      VALUES ('545a6005-2f22-4a9b-91ca-33e9fda6b924', '6c8c4ad9-70e8-48cb-9ce8-5d01c349ffcc', '5f552e5d-c288-453c-a685-b287e1c0c64a', 45, 'completed', '2026-03-10T17:18:00.000Z');
INSERT INTO order_items (id, order_id, product_id, quantity, unit_price, subtotal, created_at) 
                      VALUES ('524892b6-0beb-459b-870a-dc1779c2df19', '545a6005-2f22-4a9b-91ca-33e9fda6b924', '90ccc3f8-627a-4af7-aab2-9c7967c2f50d', 1, 45, 45, '2026-03-10T17:18:00.000Z');
INSERT INTO orders (id, buyer_id, seller_id, total_amount, status, created_at) 
                      VALUES ('f6605031-8efd-4f9d-9b63-e949177aa7c3', 'aa9e3c8c-e997-4408-ac68-6265851f972d', '5f552e5d-c288-453c-a685-b287e1c0c64a', 45, 'completed', '2026-03-10T21:21:00.000Z');
INSERT INTO order_items (id, order_id, product_id, quantity, unit_price, subtotal, created_at) 
                      VALUES ('a2756a60-fad0-4ba0-ab92-0934b08c9117', 'f6605031-8efd-4f9d-9b63-e949177aa7c3', '90ccc3f8-627a-4af7-aab2-9c7967c2f50d', 1, 45, 45, '2026-03-10T21:21:00.000Z');
INSERT INTO orders (id, buyer_id, seller_id, total_amount, status, created_at) 
                      VALUES ('d856c8f1-906c-445f-9523-49e33dc84dc4', '6c8c4ad9-70e8-48cb-9ce8-5d01c349ffcc', '5f552e5d-c288-453c-a685-b287e1c0c64a', 45, 'completed', '2026-03-10T18:42:00.000Z');
INSERT INTO order_items (id, order_id, product_id, quantity, unit_price, subtotal, created_at) 
                      VALUES ('09aa4819-169a-432b-b513-a6c3be5ba932', 'd856c8f1-906c-445f-9523-49e33dc84dc4', '90ccc3f8-627a-4af7-aab2-9c7967c2f50d', 1, 45, 45, '2026-03-10T18:42:00.000Z');
INSERT INTO orders (id, buyer_id, seller_id, total_amount, status, created_at) 
                      VALUES ('804bd248-e9ca-4426-98a6-06c931aa8282', 'ac51e939-ec0b-40c3-b3e7-39711b12845a', '5f552e5d-c288-453c-a685-b287e1c0c64a', 45, 'completed', '2026-03-10T19:27:00.000Z');
INSERT INTO order_items (id, order_id, product_id, quantity, unit_price, subtotal, created_at) 
                      VALUES ('7e3d3210-414a-4058-995e-0e939d1575bc', '804bd248-e9ca-4426-98a6-06c931aa8282', '90ccc3f8-627a-4af7-aab2-9c7967c2f50d', 1, 45, 45, '2026-03-10T19:27:00.000Z');
INSERT INTO orders (id, buyer_id, seller_id, total_amount, status, created_at) 
                      VALUES ('2574108d-16a7-4a32-92d7-a08590173365', 'b03c172d-3388-458c-8054-b6ad7db24e27', '5f552e5d-c288-453c-a685-b287e1c0c64a', 45, 'completed', '2026-03-10T16:11:00.000Z');
INSERT INTO order_items (id, order_id, product_id, quantity, unit_price, subtotal, created_at) 
                      VALUES ('9dfd5109-b7a5-4c4c-be3d-b01179c893a0', '2574108d-16a7-4a32-92d7-a08590173365', '90ccc3f8-627a-4af7-aab2-9c7967c2f50d', 1, 45, 45, '2026-03-10T16:11:00.000Z');
INSERT INTO orders (id, buyer_id, seller_id, total_amount, status, created_at) 
                      VALUES ('a644c99d-87f8-48f2-99d1-8d8c6ead4196', '1161fb73-809d-4954-a73a-738a9a1868f7', '5f552e5d-c288-453c-a685-b287e1c0c64a', 45, 'completed', '2026-03-10T16:43:00.000Z');
INSERT INTO order_items (id, order_id, product_id, quantity, unit_price, subtotal, created_at) 
                      VALUES ('7a4234af-64d0-4f40-a29b-e7b8351453a8', 'a644c99d-87f8-48f2-99d1-8d8c6ead4196', '90ccc3f8-627a-4af7-aab2-9c7967c2f50d', 1, 45, 45, '2026-03-10T16:43:00.000Z');
INSERT INTO orders (id, buyer_id, seller_id, total_amount, status, created_at) 
                      VALUES ('17bbcce2-aab2-4f90-9534-5158e2f27f79', 'ac51e939-ec0b-40c3-b3e7-39711b12845a', '5f552e5d-c288-453c-a685-b287e1c0c64a', 45, 'completed', '2026-03-10T19:16:00.000Z');
INSERT INTO order_items (id, order_id, product_id, quantity, unit_price, subtotal, created_at) 
                      VALUES ('752024a7-40ff-4fc5-83b2-d6cd7e5b6d67', '17bbcce2-aab2-4f90-9534-5158e2f27f79', '90ccc3f8-627a-4af7-aab2-9c7967c2f50d', 1, 45, 45, '2026-03-10T19:16:00.000Z');
INSERT INTO orders (id, buyer_id, seller_id, total_amount, status, created_at) 
                      VALUES ('89854571-1e0d-4177-aa48-b339ab88f133', 'ac51e939-ec0b-40c3-b3e7-39711b12845a', '5f552e5d-c288-453c-a685-b287e1c0c64a', 45, 'completed', '2026-03-10T21:01:00.000Z');
INSERT INTO order_items (id, order_id, product_id, quantity, unit_price, subtotal, created_at) 
                      VALUES ('0d774c18-c01f-4f97-8d57-1aa865361890', '89854571-1e0d-4177-aa48-b339ab88f133', '90ccc3f8-627a-4af7-aab2-9c7967c2f50d', 1, 45, 45, '2026-03-10T21:01:00.000Z');
INSERT INTO orders (id, buyer_id, seller_id, total_amount, status, created_at) 
                      VALUES ('0b237ed0-5390-4917-a2f6-a2989f1ce7fc', '1161fb73-809d-4954-a73a-738a9a1868f7', '5f552e5d-c288-453c-a685-b287e1c0c64a', 45, 'completed', '2026-03-10T20:24:00.000Z');
INSERT INTO order_items (id, order_id, product_id, quantity, unit_price, subtotal, created_at) 
                      VALUES ('5e34c369-3a36-4151-94a2-dbc0e141a307', '0b237ed0-5390-4917-a2f6-a2989f1ce7fc', '90ccc3f8-627a-4af7-aab2-9c7967c2f50d', 1, 45, 45, '2026-03-10T20:24:00.000Z');
INSERT INTO orders (id, buyer_id, seller_id, total_amount, status, created_at) 
                      VALUES ('0a9c43d4-49be-4a6f-b781-4436bf131da8', '233694a0-da98-4b19-8640-7b99f406554e', '5f552e5d-c288-453c-a685-b287e1c0c64a', 45, 'completed', '2026-03-10T18:59:00.000Z');
INSERT INTO order_items (id, order_id, product_id, quantity, unit_price, subtotal, created_at) 
                      VALUES ('496ad60f-0acd-4108-8bb4-d7b578fe5a33', '0a9c43d4-49be-4a6f-b781-4436bf131da8', '90ccc3f8-627a-4af7-aab2-9c7967c2f50d', 1, 45, 45, '2026-03-10T18:59:00.000Z');
INSERT INTO orders (id, buyer_id, seller_id, total_amount, status, created_at) 
                      VALUES ('07ca9d5e-933b-4a13-b1a2-177aff220dd3', 'aa9e3c8c-e997-4408-ac68-6265851f972d', '5f552e5d-c288-453c-a685-b287e1c0c64a', 45, 'completed', '2026-03-10T18:13:00.000Z');
INSERT INTO order_items (id, order_id, product_id, quantity, unit_price, subtotal, created_at) 
                      VALUES ('c91b03a7-3b16-4ebe-a104-65439bdf62f9', '07ca9d5e-933b-4a13-b1a2-177aff220dd3', '90ccc3f8-627a-4af7-aab2-9c7967c2f50d', 1, 45, 45, '2026-03-10T18:13:00.000Z');
INSERT INTO audit_logs (id, action, user_id, description, level, created_at) 
                  VALUES ('cf8f2857-a2e3-4847-b4fc-bd105ac67c0c', 'USER_LOGIN', '522afd0e-5b6f-4f57-be80-46fd79ba12db', 'Vendedor inició sesión para jornada', 'info', '2026-03-10T14:09:00.000Z');
INSERT INTO daily_sales (id, seller_id, sale_date, total_investment, total_revenue, units_sold, units_lost, total_waste_cost, is_closed) 
                  VALUES ('3d034d05-ae04-408b-b240-67e29ac22375', '522afd0e-5b6f-4f57-be80-46fd79ba12db', '2026-03-10', 120, 240, 8, 2, 24, true);
INSERT INTO sale_details (id, daily_sale_id, product_id, quantity_prepared, quantity_sold, quantity_lost, unit_cost, unit_price, waste_cost, waste_reason) 
                  VALUES ('b887e602-4524-4b38-a5ca-50a996341efb', '3d034d05-ae04-408b-b240-67e29ac22375', 'c865d401-6592-418d-98d5-1aa633799680', 10, 8, 2, 12, 30, 24, 'expired');
INSERT INTO orders (id, buyer_id, seller_id, total_amount, status, created_at) 
                      VALUES ('7817d165-4591-43fd-a2db-5f06fa2e58cd', '79768ab4-b021-418b-bf3c-0dd52f857b65', '522afd0e-5b6f-4f57-be80-46fd79ba12db', 30, 'completed', '2026-03-10T21:22:00.000Z');
INSERT INTO order_items (id, order_id, product_id, quantity, unit_price, subtotal, created_at) 
                      VALUES ('5cd685b7-a779-4549-b3f1-1cf2f759084f', '7817d165-4591-43fd-a2db-5f06fa2e58cd', 'c865d401-6592-418d-98d5-1aa633799680', 1, 30, 30, '2026-03-10T21:22:00.000Z');
INSERT INTO orders (id, buyer_id, seller_id, total_amount, status, created_at) 
                      VALUES ('cfb2068f-25d0-49d0-b09d-ec8f0f49e762', 'aa9e3c8c-e997-4408-ac68-6265851f972d', '522afd0e-5b6f-4f57-be80-46fd79ba12db', 30, 'completed', '2026-03-10T17:41:00.000Z');
INSERT INTO order_items (id, order_id, product_id, quantity, unit_price, subtotal, created_at) 
                      VALUES ('1d0277ff-068d-4fe2-9753-23b062176039', 'cfb2068f-25d0-49d0-b09d-ec8f0f49e762', 'c865d401-6592-418d-98d5-1aa633799680', 1, 30, 30, '2026-03-10T17:41:00.000Z');
INSERT INTO orders (id, buyer_id, seller_id, total_amount, status, created_at) 
                      VALUES ('18719c10-03b8-4b7b-b484-71c8e0446341', '233694a0-da98-4b19-8640-7b99f406554e', '522afd0e-5b6f-4f57-be80-46fd79ba12db', 30, 'completed', '2026-03-10T21:14:00.000Z');
INSERT INTO order_items (id, order_id, product_id, quantity, unit_price, subtotal, created_at) 
                      VALUES ('6d45d2bc-57e7-41f6-bc7f-286f61021174', '18719c10-03b8-4b7b-b484-71c8e0446341', 'c865d401-6592-418d-98d5-1aa633799680', 1, 30, 30, '2026-03-10T21:14:00.000Z');
INSERT INTO orders (id, buyer_id, seller_id, total_amount, status, created_at) 
                      VALUES ('50645ae7-ecb0-4574-a589-f1be1915d124', '6c8c4ad9-70e8-48cb-9ce8-5d01c349ffcc', '522afd0e-5b6f-4f57-be80-46fd79ba12db', 30, 'completed', '2026-03-10T21:22:00.000Z');
INSERT INTO order_items (id, order_id, product_id, quantity, unit_price, subtotal, created_at) 
                      VALUES ('8828e005-c4b8-4949-8ddc-ed23834f3d08', '50645ae7-ecb0-4574-a589-f1be1915d124', 'c865d401-6592-418d-98d5-1aa633799680', 1, 30, 30, '2026-03-10T21:22:00.000Z');
INSERT INTO orders (id, buyer_id, seller_id, total_amount, status, created_at) 
                      VALUES ('efea6ac7-fa6e-4b3e-a644-9dd1c8252bb7', '233694a0-da98-4b19-8640-7b99f406554e', '522afd0e-5b6f-4f57-be80-46fd79ba12db', 30, 'completed', '2026-03-10T21:22:00.000Z');
INSERT INTO order_items (id, order_id, product_id, quantity, unit_price, subtotal, created_at) 
                      VALUES ('b2671210-322a-4327-93f1-b8e069d8197b', 'efea6ac7-fa6e-4b3e-a644-9dd1c8252bb7', 'c865d401-6592-418d-98d5-1aa633799680', 1, 30, 30, '2026-03-10T21:22:00.000Z');
INSERT INTO orders (id, buyer_id, seller_id, total_amount, status, created_at) 
                      VALUES ('9cfaede5-efea-4234-b8d3-00293a32e005', 'aa9e3c8c-e997-4408-ac68-6265851f972d', '522afd0e-5b6f-4f57-be80-46fd79ba12db', 30, 'completed', '2026-03-10T19:29:00.000Z');
INSERT INTO order_items (id, order_id, product_id, quantity, unit_price, subtotal, created_at) 
                      VALUES ('4cd89420-d1c8-4e7f-add7-2edc1eeab17b', '9cfaede5-efea-4234-b8d3-00293a32e005', 'c865d401-6592-418d-98d5-1aa633799680', 1, 30, 30, '2026-03-10T19:29:00.000Z');
INSERT INTO orders (id, buyer_id, seller_id, total_amount, status, created_at) 
                      VALUES ('383fb86b-fc69-4a38-8884-df1f17189971', 'b03c172d-3388-458c-8054-b6ad7db24e27', '522afd0e-5b6f-4f57-be80-46fd79ba12db', 30, 'completed', '2026-03-10T17:45:00.000Z');
INSERT INTO order_items (id, order_id, product_id, quantity, unit_price, subtotal, created_at) 
                      VALUES ('558796a4-a839-4e52-a27c-28629fbae153', '383fb86b-fc69-4a38-8884-df1f17189971', 'c865d401-6592-418d-98d5-1aa633799680', 1, 30, 30, '2026-03-10T17:45:00.000Z');
INSERT INTO orders (id, buyer_id, seller_id, total_amount, status, created_at) 
                      VALUES ('83ba0bfa-7c5e-4450-a9cf-e3b380044bcc', '1161fb73-809d-4954-a73a-738a9a1868f7', '522afd0e-5b6f-4f57-be80-46fd79ba12db', 30, 'completed', '2026-03-10T21:26:00.000Z');
INSERT INTO order_items (id, order_id, product_id, quantity, unit_price, subtotal, created_at) 
                      VALUES ('436d63ff-8313-498f-8788-46acb6d4e509', '83ba0bfa-7c5e-4450-a9cf-e3b380044bcc', 'c865d401-6592-418d-98d5-1aa633799680', 1, 30, 30, '2026-03-10T21:26:00.000Z');
INSERT INTO audit_logs (id, action, user_id, description, level, created_at) 
                  VALUES ('7963aa67-c114-4991-a8ac-671a8b8e2dcc', 'USER_LOGIN', 'da273443-bae3-4781-ae4e-819d0c9d56a6', 'Vendedor inició sesión para jornada', 'info', '2026-03-10T14:03:00.000Z');
INSERT INTO daily_sales (id, seller_id, sale_date, total_investment, total_revenue, units_sold, units_lost, total_waste_cost, is_closed) 
                  VALUES ('0b4dc434-68e6-4c1a-a030-322513377bac', 'da273443-bae3-4781-ae4e-819d0c9d56a6', '2026-03-10', 104, 275, 11, 2, 16, true);
INSERT INTO sale_details (id, daily_sale_id, product_id, quantity_prepared, quantity_sold, quantity_lost, unit_cost, unit_price, waste_cost, waste_reason) 
                  VALUES ('1d997a7f-9348-41e6-bf5c-7a6d3af47905', '0b4dc434-68e6-4c1a-a030-322513377bac', 'ea84c406-f235-4e9c-b061-71ed9401e63b', 13, 11, 2, 8, 25, 16, 'expired');
INSERT INTO orders (id, buyer_id, seller_id, total_amount, status, created_at) 
                      VALUES ('038fbb35-daa4-47c5-aa71-ce027217ab2b', 'aa9e3c8c-e997-4408-ac68-6265851f972d', 'da273443-bae3-4781-ae4e-819d0c9d56a6', 25, 'completed', '2026-03-10T16:34:00.000Z');
INSERT INTO order_items (id, order_id, product_id, quantity, unit_price, subtotal, created_at) 
                      VALUES ('db6ebc0c-06e5-4cb8-b803-5c17f96328ea', '038fbb35-daa4-47c5-aa71-ce027217ab2b', 'ea84c406-f235-4e9c-b061-71ed9401e63b', 1, 25, 25, '2026-03-10T16:34:00.000Z');
INSERT INTO orders (id, buyer_id, seller_id, total_amount, status, created_at) 
                      VALUES ('b4b8cabe-2bd0-4e8f-88b6-aad28bdec339', '1161fb73-809d-4954-a73a-738a9a1868f7', 'da273443-bae3-4781-ae4e-819d0c9d56a6', 25, 'completed', '2026-03-10T18:15:00.000Z');
INSERT INTO order_items (id, order_id, product_id, quantity, unit_price, subtotal, created_at) 
                      VALUES ('074f552a-b200-4fb6-8fa5-cbae01a764bf', 'b4b8cabe-2bd0-4e8f-88b6-aad28bdec339', 'ea84c406-f235-4e9c-b061-71ed9401e63b', 1, 25, 25, '2026-03-10T18:15:00.000Z');
INSERT INTO orders (id, buyer_id, seller_id, total_amount, status, created_at) 
                      VALUES ('c66d8cb9-3b37-4393-a077-792f7d3cdfc9', '1161fb73-809d-4954-a73a-738a9a1868f7', 'da273443-bae3-4781-ae4e-819d0c9d56a6', 25, 'completed', '2026-03-10T21:31:00.000Z');
INSERT INTO order_items (id, order_id, product_id, quantity, unit_price, subtotal, created_at) 
                      VALUES ('6def8240-1749-40e0-aa07-5dfeca32e238', 'c66d8cb9-3b37-4393-a077-792f7d3cdfc9', 'ea84c406-f235-4e9c-b061-71ed9401e63b', 1, 25, 25, '2026-03-10T21:31:00.000Z');
INSERT INTO orders (id, buyer_id, seller_id, total_amount, status, created_at) 
                      VALUES ('257ababa-9a1a-462f-ac85-217e2c0fd99e', 'ac51e939-ec0b-40c3-b3e7-39711b12845a', 'da273443-bae3-4781-ae4e-819d0c9d56a6', 25, 'completed', '2026-03-10T16:57:00.000Z');
INSERT INTO order_items (id, order_id, product_id, quantity, unit_price, subtotal, created_at) 
                      VALUES ('5c877a06-c058-41ef-8a74-677b2cf65fa6', '257ababa-9a1a-462f-ac85-217e2c0fd99e', 'ea84c406-f235-4e9c-b061-71ed9401e63b', 1, 25, 25, '2026-03-10T16:57:00.000Z');
INSERT INTO orders (id, buyer_id, seller_id, total_amount, status, created_at) 
                      VALUES ('7a1bdc31-37f1-47f5-aea3-8a07d6b42ef0', 'aa9e3c8c-e997-4408-ac68-6265851f972d', 'da273443-bae3-4781-ae4e-819d0c9d56a6', 25, 'completed', '2026-03-10T20:17:00.000Z');
INSERT INTO order_items (id, order_id, product_id, quantity, unit_price, subtotal, created_at) 
                      VALUES ('cbbadb3d-537e-4c47-88f5-3927f7ed380e', '7a1bdc31-37f1-47f5-aea3-8a07d6b42ef0', 'ea84c406-f235-4e9c-b061-71ed9401e63b', 1, 25, 25, '2026-03-10T20:17:00.000Z');
INSERT INTO orders (id, buyer_id, seller_id, total_amount, status, created_at) 
                      VALUES ('97395c70-871f-46cc-8c5a-812abe57e097', '1161fb73-809d-4954-a73a-738a9a1868f7', 'da273443-bae3-4781-ae4e-819d0c9d56a6', 25, 'completed', '2026-03-10T19:44:00.000Z');
INSERT INTO order_items (id, order_id, product_id, quantity, unit_price, subtotal, created_at) 
                      VALUES ('cfbc6a6a-8b83-481c-9f97-1808f5ee2e8b', '97395c70-871f-46cc-8c5a-812abe57e097', 'ea84c406-f235-4e9c-b061-71ed9401e63b', 1, 25, 25, '2026-03-10T19:44:00.000Z');
INSERT INTO orders (id, buyer_id, seller_id, total_amount, status, created_at) 
                      VALUES ('0b5acc88-f63d-422c-b377-6b044d6bb500', 'b03c172d-3388-458c-8054-b6ad7db24e27', 'da273443-bae3-4781-ae4e-819d0c9d56a6', 25, 'completed', '2026-03-10T19:21:00.000Z');
INSERT INTO order_items (id, order_id, product_id, quantity, unit_price, subtotal, created_at) 
                      VALUES ('d7532293-6ef4-4852-abe2-b3007fffb5d2', '0b5acc88-f63d-422c-b377-6b044d6bb500', 'ea84c406-f235-4e9c-b061-71ed9401e63b', 1, 25, 25, '2026-03-10T19:21:00.000Z');
INSERT INTO orders (id, buyer_id, seller_id, total_amount, status, created_at) 
                      VALUES ('b06e3e92-0e92-42d3-ac60-fd78ff78ea13', 'ac51e939-ec0b-40c3-b3e7-39711b12845a', 'da273443-bae3-4781-ae4e-819d0c9d56a6', 25, 'completed', '2026-03-10T20:51:00.000Z');
INSERT INTO order_items (id, order_id, product_id, quantity, unit_price, subtotal, created_at) 
                      VALUES ('e1e88eb5-f7ed-4663-8563-0e7ca1198024', 'b06e3e92-0e92-42d3-ac60-fd78ff78ea13', 'ea84c406-f235-4e9c-b061-71ed9401e63b', 1, 25, 25, '2026-03-10T20:51:00.000Z');
INSERT INTO orders (id, buyer_id, seller_id, total_amount, status, created_at) 
                      VALUES ('e8ca51c4-6fdb-46ec-82e9-0c22322d745c', '1161fb73-809d-4954-a73a-738a9a1868f7', 'da273443-bae3-4781-ae4e-819d0c9d56a6', 25, 'completed', '2026-03-10T19:50:00.000Z');
INSERT INTO order_items (id, order_id, product_id, quantity, unit_price, subtotal, created_at) 
                      VALUES ('edb8fba0-90b4-4fc2-917e-7e02b482da30', 'e8ca51c4-6fdb-46ec-82e9-0c22322d745c', 'ea84c406-f235-4e9c-b061-71ed9401e63b', 1, 25, 25, '2026-03-10T19:50:00.000Z');
INSERT INTO orders (id, buyer_id, seller_id, total_amount, status, created_at) 
                      VALUES ('67ca307d-cb89-4e9a-9fa6-71ff059b5f45', 'aa9e3c8c-e997-4408-ac68-6265851f972d', 'da273443-bae3-4781-ae4e-819d0c9d56a6', 25, 'completed', '2026-03-10T17:39:00.000Z');
INSERT INTO order_items (id, order_id, product_id, quantity, unit_price, subtotal, created_at) 
                      VALUES ('72f12d08-ba99-44d6-9947-ad44079a856f', '67ca307d-cb89-4e9a-9fa6-71ff059b5f45', 'ea84c406-f235-4e9c-b061-71ed9401e63b', 1, 25, 25, '2026-03-10T17:39:00.000Z');
INSERT INTO orders (id, buyer_id, seller_id, total_amount, status, created_at) 
                      VALUES ('c9279fb7-0097-41f1-8721-b22bd23bfcd8', '1161fb73-809d-4954-a73a-738a9a1868f7', 'da273443-bae3-4781-ae4e-819d0c9d56a6', 25, 'completed', '2026-03-10T21:04:00.000Z');
INSERT INTO order_items (id, order_id, product_id, quantity, unit_price, subtotal, created_at) 
                      VALUES ('691b237a-bd2b-43ee-a0c4-120613490aad', 'c9279fb7-0097-41f1-8721-b22bd23bfcd8', 'ea84c406-f235-4e9c-b061-71ed9401e63b', 1, 25, 25, '2026-03-10T21:04:00.000Z');
INSERT INTO audit_logs (id, action, user_id, description, level, created_at) 
                  VALUES ('fc8820bc-e642-46bc-a10a-193c897673d9', 'USER_LOGIN', 'cdc7b576-3957-4e3f-9e87-6630e4ef1950', 'Vendedor inició sesión para jornada', 'info', '2026-03-10T14:27:00.000Z');
INSERT INTO daily_sales (id, seller_id, sale_date, total_investment, total_revenue, units_sold, units_lost, total_waste_cost, is_closed) 
                  VALUES ('2c46c064-199e-47db-ae62-fc6a950da857', 'cdc7b576-3957-4e3f-9e87-6630e4ef1950', '2026-03-10', 275, 550, 10, 1, 25, true);
INSERT INTO sale_details (id, daily_sale_id, product_id, quantity_prepared, quantity_sold, quantity_lost, unit_cost, unit_price, waste_cost, waste_reason) 
                  VALUES ('2ffc0283-8394-4294-a728-e95952612efe', '2c46c064-199e-47db-ae62-fc6a950da857', '49e54b55-6e07-407b-9dac-36e93e1f8aa2', 11, 10, 1, 25, 55, 25, 'expired');
INSERT INTO orders (id, buyer_id, seller_id, total_amount, status, created_at) 
                      VALUES ('b925f72a-cbaf-41b8-9e8b-26fd1a98820b', '233694a0-da98-4b19-8640-7b99f406554e', 'cdc7b576-3957-4e3f-9e87-6630e4ef1950', 55, 'completed', '2026-03-10T18:53:00.000Z');
INSERT INTO order_items (id, order_id, product_id, quantity, unit_price, subtotal, created_at) 
                      VALUES ('6f1fa5c7-ab0c-4028-83d2-1f1e6955244b', 'b925f72a-cbaf-41b8-9e8b-26fd1a98820b', '49e54b55-6e07-407b-9dac-36e93e1f8aa2', 1, 55, 55, '2026-03-10T18:53:00.000Z');
INSERT INTO orders (id, buyer_id, seller_id, total_amount, status, created_at) 
                      VALUES ('5518c5cb-d3c6-475f-84ba-9e465093710d', 'aa9e3c8c-e997-4408-ac68-6265851f972d', 'cdc7b576-3957-4e3f-9e87-6630e4ef1950', 55, 'completed', '2026-03-10T21:37:00.000Z');
INSERT INTO order_items (id, order_id, product_id, quantity, unit_price, subtotal, created_at) 
                      VALUES ('213f912d-b491-4bd6-a56d-a4d715816d72', '5518c5cb-d3c6-475f-84ba-9e465093710d', '49e54b55-6e07-407b-9dac-36e93e1f8aa2', 1, 55, 55, '2026-03-10T21:37:00.000Z');
INSERT INTO orders (id, buyer_id, seller_id, total_amount, status, created_at) 
                      VALUES ('3b6494bc-09b4-4d5a-b9b1-96ff73e05f75', '233694a0-da98-4b19-8640-7b99f406554e', 'cdc7b576-3957-4e3f-9e87-6630e4ef1950', 55, 'completed', '2026-03-10T21:07:00.000Z');
INSERT INTO order_items (id, order_id, product_id, quantity, unit_price, subtotal, created_at) 
                      VALUES ('9fd66dc3-d1e2-4894-9121-19c5ec4cc6de', '3b6494bc-09b4-4d5a-b9b1-96ff73e05f75', '49e54b55-6e07-407b-9dac-36e93e1f8aa2', 1, 55, 55, '2026-03-10T21:07:00.000Z');
INSERT INTO orders (id, buyer_id, seller_id, total_amount, status, created_at) 
                      VALUES ('3df721f4-800e-4c97-a370-f3f53ce99c71', 'b03c172d-3388-458c-8054-b6ad7db24e27', 'cdc7b576-3957-4e3f-9e87-6630e4ef1950', 55, 'completed', '2026-03-10T16:29:00.000Z');
INSERT INTO order_items (id, order_id, product_id, quantity, unit_price, subtotal, created_at) 
                      VALUES ('6d54def2-6375-4b9c-856d-30749b6b12a2', '3df721f4-800e-4c97-a370-f3f53ce99c71', '49e54b55-6e07-407b-9dac-36e93e1f8aa2', 1, 55, 55, '2026-03-10T16:29:00.000Z');
INSERT INTO orders (id, buyer_id, seller_id, total_amount, status, created_at) 
                      VALUES ('4feafcfd-126c-4154-b1fa-ff9809dab6e1', 'b03c172d-3388-458c-8054-b6ad7db24e27', 'cdc7b576-3957-4e3f-9e87-6630e4ef1950', 55, 'completed', '2026-03-10T20:55:00.000Z');
INSERT INTO order_items (id, order_id, product_id, quantity, unit_price, subtotal, created_at) 
                      VALUES ('bc418d92-3e51-4ecb-837a-7ed757557d08', '4feafcfd-126c-4154-b1fa-ff9809dab6e1', '49e54b55-6e07-407b-9dac-36e93e1f8aa2', 1, 55, 55, '2026-03-10T20:55:00.000Z');
INSERT INTO orders (id, buyer_id, seller_id, total_amount, status, created_at) 
                      VALUES ('c18bb900-ea79-4636-be85-5d4c803ebea0', '6c8c4ad9-70e8-48cb-9ce8-5d01c349ffcc', 'cdc7b576-3957-4e3f-9e87-6630e4ef1950', 55, 'completed', '2026-03-10T16:48:00.000Z');
INSERT INTO order_items (id, order_id, product_id, quantity, unit_price, subtotal, created_at) 
                      VALUES ('8e1c1a40-03bd-4a9b-ae02-5f97e71dae9b', 'c18bb900-ea79-4636-be85-5d4c803ebea0', '49e54b55-6e07-407b-9dac-36e93e1f8aa2', 1, 55, 55, '2026-03-10T16:48:00.000Z');
INSERT INTO orders (id, buyer_id, seller_id, total_amount, status, created_at) 
                      VALUES ('cfe3e3f0-63d8-4980-bebd-57e69feb64c5', 'aa9e3c8c-e997-4408-ac68-6265851f972d', 'cdc7b576-3957-4e3f-9e87-6630e4ef1950', 55, 'completed', '2026-03-10T16:32:00.000Z');
INSERT INTO order_items (id, order_id, product_id, quantity, unit_price, subtotal, created_at) 
                      VALUES ('0c0234eb-f5c9-4537-8333-f55ae965d3a5', 'cfe3e3f0-63d8-4980-bebd-57e69feb64c5', '49e54b55-6e07-407b-9dac-36e93e1f8aa2', 1, 55, 55, '2026-03-10T16:32:00.000Z');
INSERT INTO orders (id, buyer_id, seller_id, total_amount, status, created_at) 
                      VALUES ('09d53428-b412-4deb-87fa-37d1ff60823a', 'ac51e939-ec0b-40c3-b3e7-39711b12845a', 'cdc7b576-3957-4e3f-9e87-6630e4ef1950', 55, 'completed', '2026-03-10T21:15:00.000Z');
INSERT INTO order_items (id, order_id, product_id, quantity, unit_price, subtotal, created_at) 
                      VALUES ('f0c27da2-6693-40be-a5f9-395154b0b8f5', '09d53428-b412-4deb-87fa-37d1ff60823a', '49e54b55-6e07-407b-9dac-36e93e1f8aa2', 1, 55, 55, '2026-03-10T21:15:00.000Z');
INSERT INTO orders (id, buyer_id, seller_id, total_amount, status, created_at) 
                      VALUES ('381df4f6-72b3-4c42-b118-9e15c9f0ce97', 'ac51e939-ec0b-40c3-b3e7-39711b12845a', 'cdc7b576-3957-4e3f-9e87-6630e4ef1950', 55, 'completed', '2026-03-10T19:23:00.000Z');
INSERT INTO order_items (id, order_id, product_id, quantity, unit_price, subtotal, created_at) 
                      VALUES ('a4562126-b332-4f08-a7db-0da072c48c03', '381df4f6-72b3-4c42-b118-9e15c9f0ce97', '49e54b55-6e07-407b-9dac-36e93e1f8aa2', 1, 55, 55, '2026-03-10T19:23:00.000Z');
INSERT INTO orders (id, buyer_id, seller_id, total_amount, status, created_at) 
                      VALUES ('b48b6b11-6c5b-4709-8279-6ed8374d3cf8', '1161fb73-809d-4954-a73a-738a9a1868f7', 'cdc7b576-3957-4e3f-9e87-6630e4ef1950', 55, 'completed', '2026-03-10T20:35:00.000Z');
INSERT INTO order_items (id, order_id, product_id, quantity, unit_price, subtotal, created_at) 
                      VALUES ('d819c390-0d04-43d2-9145-041eebaf7b2e', 'b48b6b11-6c5b-4709-8279-6ed8374d3cf8', '49e54b55-6e07-407b-9dac-36e93e1f8aa2', 1, 55, 55, '2026-03-10T20:35:00.000Z');
INSERT INTO audit_logs (id, action, user_id, description, level, created_at) 
                  VALUES ('0c2c5ec0-77ee-4613-b811-7ebce9d6c408', 'USER_LOGIN', '6adabb60-eed5-4dd0-b80c-41983dd81404', 'Vendedor inició sesión para jornada', 'info', '2026-03-11T14:06:00.000Z');
INSERT INTO daily_sales (id, seller_id, sale_date, total_investment, total_revenue, units_sold, units_lost, total_waste_cost, is_closed) 
                  VALUES ('94e23c0d-9809-46e7-97d0-540d6603ef11', '6adabb60-eed5-4dd0-b80c-41983dd81404', '2026-03-11', 440, 675, 9, 2, 80, true);
INSERT INTO sale_details (id, daily_sale_id, product_id, quantity_prepared, quantity_sold, quantity_lost, unit_cost, unit_price, waste_cost, waste_reason) 
                  VALUES ('e010965f-eb57-4085-9e3d-0b5bb4d42bab', '94e23c0d-9809-46e7-97d0-540d6603ef11', 'cd4cb45a-05bc-4729-bb2a-06d122f369fc', 11, 9, 2, 40, 75, 80, 'expired');
INSERT INTO orders (id, buyer_id, seller_id, total_amount, status, created_at) 
                      VALUES ('942cb4d2-4c83-48ee-9a43-f7823442a8b8', 'b03c172d-3388-458c-8054-b6ad7db24e27', '6adabb60-eed5-4dd0-b80c-41983dd81404', 75, 'completed', '2026-03-11T16:40:00.000Z');
INSERT INTO order_items (id, order_id, product_id, quantity, unit_price, subtotal, created_at) 
                      VALUES ('13cb09e8-a9e1-4d0f-9ff3-824b0c2b6f6d', '942cb4d2-4c83-48ee-9a43-f7823442a8b8', 'cd4cb45a-05bc-4729-bb2a-06d122f369fc', 1, 75, 75, '2026-03-11T16:40:00.000Z');
INSERT INTO orders (id, buyer_id, seller_id, total_amount, status, created_at) 
                      VALUES ('83bc04cf-0261-4f69-9b9d-b3e8e6c27b21', 'b03c172d-3388-458c-8054-b6ad7db24e27', '6adabb60-eed5-4dd0-b80c-41983dd81404', 75, 'completed', '2026-03-11T18:42:00.000Z');
INSERT INTO order_items (id, order_id, product_id, quantity, unit_price, subtotal, created_at) 
                      VALUES ('64fec286-abcc-4236-b9cb-03cb155c30bd', '83bc04cf-0261-4f69-9b9d-b3e8e6c27b21', 'cd4cb45a-05bc-4729-bb2a-06d122f369fc', 1, 75, 75, '2026-03-11T18:42:00.000Z');
INSERT INTO orders (id, buyer_id, seller_id, total_amount, status, created_at) 
                      VALUES ('2c04f2f9-c341-4dc8-a09d-d948c3153da2', 'ac51e939-ec0b-40c3-b3e7-39711b12845a', '6adabb60-eed5-4dd0-b80c-41983dd81404', 75, 'completed', '2026-03-11T18:19:00.000Z');
INSERT INTO order_items (id, order_id, product_id, quantity, unit_price, subtotal, created_at) 
                      VALUES ('ffdd5711-b539-442b-9256-f910fc5cc146', '2c04f2f9-c341-4dc8-a09d-d948c3153da2', 'cd4cb45a-05bc-4729-bb2a-06d122f369fc', 1, 75, 75, '2026-03-11T18:19:00.000Z');
INSERT INTO orders (id, buyer_id, seller_id, total_amount, status, created_at) 
                      VALUES ('ca1c755e-78cb-4674-964c-9fc4e07a6abb', 'aa9e3c8c-e997-4408-ac68-6265851f972d', '6adabb60-eed5-4dd0-b80c-41983dd81404', 75, 'completed', '2026-03-11T20:38:00.000Z');
INSERT INTO order_items (id, order_id, product_id, quantity, unit_price, subtotal, created_at) 
                      VALUES ('0d6cce3e-860c-420e-b18d-d3ae01de883f', 'ca1c755e-78cb-4674-964c-9fc4e07a6abb', 'cd4cb45a-05bc-4729-bb2a-06d122f369fc', 1, 75, 75, '2026-03-11T20:38:00.000Z');
INSERT INTO orders (id, buyer_id, seller_id, total_amount, status, created_at) 
                      VALUES ('967fabcf-5d54-42a3-a65d-62201094c485', 'aa9e3c8c-e997-4408-ac68-6265851f972d', '6adabb60-eed5-4dd0-b80c-41983dd81404', 75, 'completed', '2026-03-11T20:43:00.000Z');
INSERT INTO order_items (id, order_id, product_id, quantity, unit_price, subtotal, created_at) 
                      VALUES ('3d6dd376-e0fc-42eb-9105-8c3aaacdd65c', '967fabcf-5d54-42a3-a65d-62201094c485', 'cd4cb45a-05bc-4729-bb2a-06d122f369fc', 1, 75, 75, '2026-03-11T20:43:00.000Z');
INSERT INTO orders (id, buyer_id, seller_id, total_amount, status, created_at) 
                      VALUES ('2254b8e4-4ade-4b42-a598-b6f611f625d2', '79768ab4-b021-418b-bf3c-0dd52f857b65', '6adabb60-eed5-4dd0-b80c-41983dd81404', 75, 'completed', '2026-03-11T16:20:00.000Z');
INSERT INTO order_items (id, order_id, product_id, quantity, unit_price, subtotal, created_at) 
                      VALUES ('d09f0233-3b08-4907-9482-c6a76367be07', '2254b8e4-4ade-4b42-a598-b6f611f625d2', 'cd4cb45a-05bc-4729-bb2a-06d122f369fc', 1, 75, 75, '2026-03-11T16:20:00.000Z');
INSERT INTO orders (id, buyer_id, seller_id, total_amount, status, created_at) 
                      VALUES ('91d93907-e339-45b7-84df-236784faebc8', 'ac51e939-ec0b-40c3-b3e7-39711b12845a', '6adabb60-eed5-4dd0-b80c-41983dd81404', 75, 'completed', '2026-03-11T17:09:00.000Z');
INSERT INTO order_items (id, order_id, product_id, quantity, unit_price, subtotal, created_at) 
                      VALUES ('4d1a7fe2-a509-48ec-85cb-3218d5040eaa', '91d93907-e339-45b7-84df-236784faebc8', 'cd4cb45a-05bc-4729-bb2a-06d122f369fc', 1, 75, 75, '2026-03-11T17:09:00.000Z');
INSERT INTO orders (id, buyer_id, seller_id, total_amount, status, created_at) 
                      VALUES ('fac0ebc8-841c-4064-95b0-9ddaf9a3ecde', '233694a0-da98-4b19-8640-7b99f406554e', '6adabb60-eed5-4dd0-b80c-41983dd81404', 75, 'completed', '2026-03-11T19:34:00.000Z');
INSERT INTO order_items (id, order_id, product_id, quantity, unit_price, subtotal, created_at) 
                      VALUES ('94c49110-2046-4626-89d1-e78288a841a7', 'fac0ebc8-841c-4064-95b0-9ddaf9a3ecde', 'cd4cb45a-05bc-4729-bb2a-06d122f369fc', 1, 75, 75, '2026-03-11T19:34:00.000Z');
INSERT INTO orders (id, buyer_id, seller_id, total_amount, status, created_at) 
                      VALUES ('bec39d98-7454-4b19-9621-103fa946463c', 'aa9e3c8c-e997-4408-ac68-6265851f972d', '6adabb60-eed5-4dd0-b80c-41983dd81404', 75, 'completed', '2026-03-11T17:06:00.000Z');
INSERT INTO order_items (id, order_id, product_id, quantity, unit_price, subtotal, created_at) 
                      VALUES ('cfa44ebc-5ea1-4d3a-8cf9-ddde0fbdd5f2', 'bec39d98-7454-4b19-9621-103fa946463c', 'cd4cb45a-05bc-4729-bb2a-06d122f369fc', 1, 75, 75, '2026-03-11T17:06:00.000Z');
INSERT INTO audit_logs (id, action, user_id, description, level, created_at) 
                  VALUES ('c3a940d5-8e00-40f4-9c10-2a8d996fdba4', 'USER_LOGIN', '5f552e5d-c288-453c-a685-b287e1c0c64a', 'Vendedor inició sesión para jornada', 'info', '2026-03-11T14:15:00.000Z');
INSERT INTO daily_sales (id, seller_id, sale_date, total_investment, total_revenue, units_sold, units_lost, total_waste_cost, is_closed) 
                  VALUES ('ebbcf260-d752-40ff-b2ea-2eec5cf95439', '5f552e5d-c288-453c-a685-b287e1c0c64a', '2026-03-11', 280, 585, 13, 1, 20, true);
INSERT INTO sale_details (id, daily_sale_id, product_id, quantity_prepared, quantity_sold, quantity_lost, unit_cost, unit_price, waste_cost, waste_reason) 
                  VALUES ('41f4579f-762e-4a9c-8b8f-132813333ccf', 'ebbcf260-d752-40ff-b2ea-2eec5cf95439', '90ccc3f8-627a-4af7-aab2-9c7967c2f50d', 14, 13, 1, 20, 45, 20, 'expired');
INSERT INTO orders (id, buyer_id, seller_id, total_amount, status, created_at) 
                      VALUES ('34d3ed1c-0058-4b5d-b86e-4e75e2e9828e', '233694a0-da98-4b19-8640-7b99f406554e', '5f552e5d-c288-453c-a685-b287e1c0c64a', 45, 'completed', '2026-03-11T21:09:00.000Z');
INSERT INTO order_items (id, order_id, product_id, quantity, unit_price, subtotal, created_at) 
                      VALUES ('a1a81b82-86b0-4523-b970-1aaf4534abe5', '34d3ed1c-0058-4b5d-b86e-4e75e2e9828e', '90ccc3f8-627a-4af7-aab2-9c7967c2f50d', 1, 45, 45, '2026-03-11T21:09:00.000Z');
INSERT INTO orders (id, buyer_id, seller_id, total_amount, status, created_at) 
                      VALUES ('67eb9772-c8e1-45ff-b75f-28869ba55893', '1161fb73-809d-4954-a73a-738a9a1868f7', '5f552e5d-c288-453c-a685-b287e1c0c64a', 45, 'completed', '2026-03-11T20:40:00.000Z');
INSERT INTO order_items (id, order_id, product_id, quantity, unit_price, subtotal, created_at) 
                      VALUES ('95e8be3c-b573-4c38-97b3-56ad9adb26c9', '67eb9772-c8e1-45ff-b75f-28869ba55893', '90ccc3f8-627a-4af7-aab2-9c7967c2f50d', 1, 45, 45, '2026-03-11T20:40:00.000Z');
INSERT INTO orders (id, buyer_id, seller_id, total_amount, status, created_at) 
                      VALUES ('f5badfa1-7faf-4b73-a1e1-f4bc6188d71b', '6c8c4ad9-70e8-48cb-9ce8-5d01c349ffcc', '5f552e5d-c288-453c-a685-b287e1c0c64a', 45, 'completed', '2026-03-11T21:20:00.000Z');
INSERT INTO order_items (id, order_id, product_id, quantity, unit_price, subtotal, created_at) 
                      VALUES ('4b0c5fb2-832b-4f16-9227-4160934b57be', 'f5badfa1-7faf-4b73-a1e1-f4bc6188d71b', '90ccc3f8-627a-4af7-aab2-9c7967c2f50d', 1, 45, 45, '2026-03-11T21:20:00.000Z');
INSERT INTO orders (id, buyer_id, seller_id, total_amount, status, created_at) 
                      VALUES ('c4ecff80-1cfa-405b-9aed-b55d6b522611', '6c8c4ad9-70e8-48cb-9ce8-5d01c349ffcc', '5f552e5d-c288-453c-a685-b287e1c0c64a', 45, 'completed', '2026-03-11T20:36:00.000Z');
INSERT INTO order_items (id, order_id, product_id, quantity, unit_price, subtotal, created_at) 
                      VALUES ('fb4c6e76-118e-49db-9bfe-30e52b518eb3', 'c4ecff80-1cfa-405b-9aed-b55d6b522611', '90ccc3f8-627a-4af7-aab2-9c7967c2f50d', 1, 45, 45, '2026-03-11T20:36:00.000Z');
INSERT INTO orders (id, buyer_id, seller_id, total_amount, status, created_at) 
                      VALUES ('0aba6fd7-4fff-4512-8a37-a8982259447b', 'aa9e3c8c-e997-4408-ac68-6265851f972d', '5f552e5d-c288-453c-a685-b287e1c0c64a', 45, 'completed', '2026-03-11T17:45:00.000Z');
INSERT INTO order_items (id, order_id, product_id, quantity, unit_price, subtotal, created_at) 
                      VALUES ('7bdfa6de-8bfd-4d1f-b397-005a45e95fdb', '0aba6fd7-4fff-4512-8a37-a8982259447b', '90ccc3f8-627a-4af7-aab2-9c7967c2f50d', 1, 45, 45, '2026-03-11T17:45:00.000Z');
INSERT INTO orders (id, buyer_id, seller_id, total_amount, status, created_at) 
                      VALUES ('881d31a3-1874-4080-9037-93e354f56c10', '6c8c4ad9-70e8-48cb-9ce8-5d01c349ffcc', '5f552e5d-c288-453c-a685-b287e1c0c64a', 45, 'completed', '2026-03-11T19:31:00.000Z');
INSERT INTO order_items (id, order_id, product_id, quantity, unit_price, subtotal, created_at) 
                      VALUES ('7437298c-02d3-4fdb-8c41-125ef28459c1', '881d31a3-1874-4080-9037-93e354f56c10', '90ccc3f8-627a-4af7-aab2-9c7967c2f50d', 1, 45, 45, '2026-03-11T19:31:00.000Z');
INSERT INTO orders (id, buyer_id, seller_id, total_amount, status, created_at) 
                      VALUES ('f57e7e67-a8c0-4e03-a33a-3c9b9e9d7e9d', '79768ab4-b021-418b-bf3c-0dd52f857b65', '5f552e5d-c288-453c-a685-b287e1c0c64a', 45, 'completed', '2026-03-11T20:39:00.000Z');
INSERT INTO order_items (id, order_id, product_id, quantity, unit_price, subtotal, created_at) 
                      VALUES ('58b50769-2277-4c4f-b894-5653994950a6', 'f57e7e67-a8c0-4e03-a33a-3c9b9e9d7e9d', '90ccc3f8-627a-4af7-aab2-9c7967c2f50d', 1, 45, 45, '2026-03-11T20:39:00.000Z');
INSERT INTO orders (id, buyer_id, seller_id, total_amount, status, created_at) 
                      VALUES ('e604762c-7967-47e5-955d-e066b7229b97', '79768ab4-b021-418b-bf3c-0dd52f857b65', '5f552e5d-c288-453c-a685-b287e1c0c64a', 45, 'completed', '2026-03-11T19:49:00.000Z');
INSERT INTO order_items (id, order_id, product_id, quantity, unit_price, subtotal, created_at) 
                      VALUES ('43cd7db8-46fa-4c92-8058-ac894d527eae', 'e604762c-7967-47e5-955d-e066b7229b97', '90ccc3f8-627a-4af7-aab2-9c7967c2f50d', 1, 45, 45, '2026-03-11T19:49:00.000Z');
INSERT INTO orders (id, buyer_id, seller_id, total_amount, status, created_at) 
                      VALUES ('fe1b1544-8a7e-4491-ac38-08b7b3277041', 'b03c172d-3388-458c-8054-b6ad7db24e27', '5f552e5d-c288-453c-a685-b287e1c0c64a', 45, 'completed', '2026-03-11T17:33:00.000Z');
INSERT INTO order_items (id, order_id, product_id, quantity, unit_price, subtotal, created_at) 
                      VALUES ('f63522f0-2668-4130-8145-9add2ee429e2', 'fe1b1544-8a7e-4491-ac38-08b7b3277041', '90ccc3f8-627a-4af7-aab2-9c7967c2f50d', 1, 45, 45, '2026-03-11T17:33:00.000Z');
INSERT INTO orders (id, buyer_id, seller_id, total_amount, status, created_at) 
                      VALUES ('59fa0c77-3a4f-4820-970c-208a97535f78', 'ac51e939-ec0b-40c3-b3e7-39711b12845a', '5f552e5d-c288-453c-a685-b287e1c0c64a', 45, 'completed', '2026-03-11T16:22:00.000Z');
INSERT INTO order_items (id, order_id, product_id, quantity, unit_price, subtotal, created_at) 
                      VALUES ('cd046c41-9846-4610-a396-b4f248012b01', '59fa0c77-3a4f-4820-970c-208a97535f78', '90ccc3f8-627a-4af7-aab2-9c7967c2f50d', 1, 45, 45, '2026-03-11T16:22:00.000Z');
INSERT INTO orders (id, buyer_id, seller_id, total_amount, status, created_at) 
                      VALUES ('0e4c2099-55d6-480d-924b-b8d4aa316b69', '6c8c4ad9-70e8-48cb-9ce8-5d01c349ffcc', '5f552e5d-c288-453c-a685-b287e1c0c64a', 45, 'completed', '2026-03-11T21:12:00.000Z');
INSERT INTO order_items (id, order_id, product_id, quantity, unit_price, subtotal, created_at) 
                      VALUES ('d4cd9dec-1a45-44cb-b3f0-89ff49fb886b', '0e4c2099-55d6-480d-924b-b8d4aa316b69', '90ccc3f8-627a-4af7-aab2-9c7967c2f50d', 1, 45, 45, '2026-03-11T21:12:00.000Z');
INSERT INTO orders (id, buyer_id, seller_id, total_amount, status, created_at) 
                      VALUES ('b7c15552-30a0-470c-8b20-9881336bb96d', '233694a0-da98-4b19-8640-7b99f406554e', '5f552e5d-c288-453c-a685-b287e1c0c64a', 45, 'completed', '2026-03-11T19:31:00.000Z');
INSERT INTO order_items (id, order_id, product_id, quantity, unit_price, subtotal, created_at) 
                      VALUES ('6d45fac8-0f07-495c-9f7c-1cc4e2c4d671', 'b7c15552-30a0-470c-8b20-9881336bb96d', '90ccc3f8-627a-4af7-aab2-9c7967c2f50d', 1, 45, 45, '2026-03-11T19:31:00.000Z');
INSERT INTO orders (id, buyer_id, seller_id, total_amount, status, created_at) 
                      VALUES ('0cc9ae4a-8567-4517-a9f9-30b08746aebb', '1161fb73-809d-4954-a73a-738a9a1868f7', '5f552e5d-c288-453c-a685-b287e1c0c64a', 45, 'completed', '2026-03-11T19:52:00.000Z');
INSERT INTO order_items (id, order_id, product_id, quantity, unit_price, subtotal, created_at) 
                      VALUES ('09874395-6601-4b2c-83d4-9385d427aa68', '0cc9ae4a-8567-4517-a9f9-30b08746aebb', '90ccc3f8-627a-4af7-aab2-9c7967c2f50d', 1, 45, 45, '2026-03-11T19:52:00.000Z');
INSERT INTO audit_logs (id, action, user_id, description, level, created_at) 
                  VALUES ('49338bc3-ea88-4a5b-a2ef-4592a56b7b22', 'USER_LOGIN', '522afd0e-5b6f-4f57-be80-46fd79ba12db', 'Vendedor inició sesión para jornada', 'info', '2026-03-11T14:15:00.000Z');
INSERT INTO daily_sales (id, seller_id, sale_date, total_investment, total_revenue, units_sold, units_lost, total_waste_cost, is_closed) 
                  VALUES ('d7689b6f-0da9-4372-b5f9-4d1ed6827902', '522afd0e-5b6f-4f57-be80-46fd79ba12db', '2026-03-11', 168, 360, 12, 2, 24, true);
INSERT INTO sale_details (id, daily_sale_id, product_id, quantity_prepared, quantity_sold, quantity_lost, unit_cost, unit_price, waste_cost, waste_reason) 
                  VALUES ('01659e5f-6d7a-4707-ac72-da94566bc42c', 'd7689b6f-0da9-4372-b5f9-4d1ed6827902', 'c865d401-6592-418d-98d5-1aa633799680', 14, 12, 2, 12, 30, 24, 'expired');
INSERT INTO orders (id, buyer_id, seller_id, total_amount, status, created_at) 
                      VALUES ('039db964-6f67-43c2-80bf-3d54da0e29f6', 'b03c172d-3388-458c-8054-b6ad7db24e27', '522afd0e-5b6f-4f57-be80-46fd79ba12db', 30, 'completed', '2026-03-11T16:36:00.000Z');
INSERT INTO order_items (id, order_id, product_id, quantity, unit_price, subtotal, created_at) 
                      VALUES ('575353f2-5337-4aed-997e-a4f5c22d6978', '039db964-6f67-43c2-80bf-3d54da0e29f6', 'c865d401-6592-418d-98d5-1aa633799680', 1, 30, 30, '2026-03-11T16:36:00.000Z');
INSERT INTO orders (id, buyer_id, seller_id, total_amount, status, created_at) 
                      VALUES ('b179677a-7952-4edd-91f0-e84b09e0094f', '6c8c4ad9-70e8-48cb-9ce8-5d01c349ffcc', '522afd0e-5b6f-4f57-be80-46fd79ba12db', 30, 'completed', '2026-03-11T17:14:00.000Z');
INSERT INTO order_items (id, order_id, product_id, quantity, unit_price, subtotal, created_at) 
                      VALUES ('4f410f6f-d6bf-4a09-944f-a6a16cfebabf', 'b179677a-7952-4edd-91f0-e84b09e0094f', 'c865d401-6592-418d-98d5-1aa633799680', 1, 30, 30, '2026-03-11T17:14:00.000Z');
INSERT INTO orders (id, buyer_id, seller_id, total_amount, status, created_at) 
                      VALUES ('eaad84cd-7047-4a23-9cfd-85cc24170085', '233694a0-da98-4b19-8640-7b99f406554e', '522afd0e-5b6f-4f57-be80-46fd79ba12db', 30, 'completed', '2026-03-11T20:52:00.000Z');
INSERT INTO order_items (id, order_id, product_id, quantity, unit_price, subtotal, created_at) 
                      VALUES ('f7f22f86-6da9-4159-ba0c-c64952ba0e9a', 'eaad84cd-7047-4a23-9cfd-85cc24170085', 'c865d401-6592-418d-98d5-1aa633799680', 1, 30, 30, '2026-03-11T20:52:00.000Z');
INSERT INTO orders (id, buyer_id, seller_id, total_amount, status, created_at) 
                      VALUES ('634671c4-7c56-495e-8822-67a302151c6f', 'ac51e939-ec0b-40c3-b3e7-39711b12845a', '522afd0e-5b6f-4f57-be80-46fd79ba12db', 30, 'completed', '2026-03-11T17:49:00.000Z');
INSERT INTO order_items (id, order_id, product_id, quantity, unit_price, subtotal, created_at) 
                      VALUES ('e421f29e-e444-45ca-9a9e-3d70829e3df5', '634671c4-7c56-495e-8822-67a302151c6f', 'c865d401-6592-418d-98d5-1aa633799680', 1, 30, 30, '2026-03-11T17:49:00.000Z');
INSERT INTO orders (id, buyer_id, seller_id, total_amount, status, created_at) 
                      VALUES ('6be8cd1b-daed-42cc-9c9f-fd9766b0ab5c', '1161fb73-809d-4954-a73a-738a9a1868f7', '522afd0e-5b6f-4f57-be80-46fd79ba12db', 30, 'completed', '2026-03-11T18:02:00.000Z');
INSERT INTO order_items (id, order_id, product_id, quantity, unit_price, subtotal, created_at) 
                      VALUES ('6a2836f8-56df-4a13-9bc4-4b2bad514b2c', '6be8cd1b-daed-42cc-9c9f-fd9766b0ab5c', 'c865d401-6592-418d-98d5-1aa633799680', 1, 30, 30, '2026-03-11T18:02:00.000Z');
INSERT INTO orders (id, buyer_id, seller_id, total_amount, status, created_at) 
                      VALUES ('ecfd9a12-7b32-40c1-96aa-5e73d2b18e00', 'b03c172d-3388-458c-8054-b6ad7db24e27', '522afd0e-5b6f-4f57-be80-46fd79ba12db', 30, 'completed', '2026-03-11T19:09:00.000Z');
INSERT INTO order_items (id, order_id, product_id, quantity, unit_price, subtotal, created_at) 
                      VALUES ('ad8b1d0c-99f1-4cb1-85b3-60e89069fb98', 'ecfd9a12-7b32-40c1-96aa-5e73d2b18e00', 'c865d401-6592-418d-98d5-1aa633799680', 1, 30, 30, '2026-03-11T19:09:00.000Z');
INSERT INTO orders (id, buyer_id, seller_id, total_amount, status, created_at) 
                      VALUES ('2f23bd8a-e8aa-4a33-b6f4-59060fc2a20b', '233694a0-da98-4b19-8640-7b99f406554e', '522afd0e-5b6f-4f57-be80-46fd79ba12db', 30, 'completed', '2026-03-11T20:06:00.000Z');
INSERT INTO order_items (id, order_id, product_id, quantity, unit_price, subtotal, created_at) 
                      VALUES ('44b0b451-92f2-4695-b708-cd688cbcea4a', '2f23bd8a-e8aa-4a33-b6f4-59060fc2a20b', 'c865d401-6592-418d-98d5-1aa633799680', 1, 30, 30, '2026-03-11T20:06:00.000Z');
INSERT INTO orders (id, buyer_id, seller_id, total_amount, status, created_at) 
                      VALUES ('ae545dd7-d035-43c9-a2b2-67ce570a3a99', '233694a0-da98-4b19-8640-7b99f406554e', '522afd0e-5b6f-4f57-be80-46fd79ba12db', 30, 'completed', '2026-03-11T21:14:00.000Z');
INSERT INTO order_items (id, order_id, product_id, quantity, unit_price, subtotal, created_at) 
                      VALUES ('a539f458-79b3-46ce-aa8f-f5904b0ab1cb', 'ae545dd7-d035-43c9-a2b2-67ce570a3a99', 'c865d401-6592-418d-98d5-1aa633799680', 1, 30, 30, '2026-03-11T21:14:00.000Z');
INSERT INTO orders (id, buyer_id, seller_id, total_amount, status, created_at) 
                      VALUES ('00204a91-6f99-45d7-a525-30adc89b03ad', '79768ab4-b021-418b-bf3c-0dd52f857b65', '522afd0e-5b6f-4f57-be80-46fd79ba12db', 30, 'completed', '2026-03-11T17:54:00.000Z');
INSERT INTO order_items (id, order_id, product_id, quantity, unit_price, subtotal, created_at) 
                      VALUES ('6a8d13c7-af6a-4b7c-8599-dcc67ceea438', '00204a91-6f99-45d7-a525-30adc89b03ad', 'c865d401-6592-418d-98d5-1aa633799680', 1, 30, 30, '2026-03-11T17:54:00.000Z');
INSERT INTO orders (id, buyer_id, seller_id, total_amount, status, created_at) 
                      VALUES ('ac792842-01a4-46af-b1a0-5d02981867fe', '1161fb73-809d-4954-a73a-738a9a1868f7', '522afd0e-5b6f-4f57-be80-46fd79ba12db', 30, 'completed', '2026-03-11T20:00:00.000Z');
INSERT INTO order_items (id, order_id, product_id, quantity, unit_price, subtotal, created_at) 
                      VALUES ('52505271-e381-4fa1-b167-2c8a7ea2511e', 'ac792842-01a4-46af-b1a0-5d02981867fe', 'c865d401-6592-418d-98d5-1aa633799680', 1, 30, 30, '2026-03-11T20:00:00.000Z');
INSERT INTO orders (id, buyer_id, seller_id, total_amount, status, created_at) 
                      VALUES ('c4a95f68-1623-4654-96f0-2d8b448eec09', '6c8c4ad9-70e8-48cb-9ce8-5d01c349ffcc', '522afd0e-5b6f-4f57-be80-46fd79ba12db', 30, 'completed', '2026-03-11T19:51:00.000Z');
INSERT INTO order_items (id, order_id, product_id, quantity, unit_price, subtotal, created_at) 
                      VALUES ('a3a97ea9-91f3-47fe-9f4e-c40439892f0d', 'c4a95f68-1623-4654-96f0-2d8b448eec09', 'c865d401-6592-418d-98d5-1aa633799680', 1, 30, 30, '2026-03-11T19:51:00.000Z');
INSERT INTO orders (id, buyer_id, seller_id, total_amount, status, created_at) 
                      VALUES ('755c5fa1-57e0-4ae7-8373-08a1be3694bb', 'ac51e939-ec0b-40c3-b3e7-39711b12845a', '522afd0e-5b6f-4f57-be80-46fd79ba12db', 30, 'completed', '2026-03-11T19:00:00.000Z');
INSERT INTO order_items (id, order_id, product_id, quantity, unit_price, subtotal, created_at) 
                      VALUES ('affff3c4-c39c-4f30-80f0-2bb392a59bac', '755c5fa1-57e0-4ae7-8373-08a1be3694bb', 'c865d401-6592-418d-98d5-1aa633799680', 1, 30, 30, '2026-03-11T19:00:00.000Z');
INSERT INTO audit_logs (id, action, user_id, description, level, created_at) 
                  VALUES ('c00460ca-b24d-474b-8d30-26d903a74a82', 'USER_LOGIN', 'da273443-bae3-4781-ae4e-819d0c9d56a6', 'Vendedor inició sesión para jornada', 'info', '2026-03-11T14:18:00.000Z');
INSERT INTO daily_sales (id, seller_id, sale_date, total_investment, total_revenue, units_sold, units_lost, total_waste_cost, is_closed) 
                  VALUES ('d7ea0a01-c017-4d24-91a7-84951c870b93', 'da273443-bae3-4781-ae4e-819d0c9d56a6', '2026-03-11', 104, 275, 11, 2, 16, true);
INSERT INTO sale_details (id, daily_sale_id, product_id, quantity_prepared, quantity_sold, quantity_lost, unit_cost, unit_price, waste_cost, waste_reason) 
                  VALUES ('161e98c0-3d48-4caa-8947-2173ddb81615', 'd7ea0a01-c017-4d24-91a7-84951c870b93', 'ea84c406-f235-4e9c-b061-71ed9401e63b', 13, 11, 2, 8, 25, 16, 'expired');
INSERT INTO orders (id, buyer_id, seller_id, total_amount, status, created_at) 
                      VALUES ('b82b4f85-cc73-4e47-8f71-254894b0ee0d', '6c8c4ad9-70e8-48cb-9ce8-5d01c349ffcc', 'da273443-bae3-4781-ae4e-819d0c9d56a6', 25, 'completed', '2026-03-11T21:24:00.000Z');
INSERT INTO order_items (id, order_id, product_id, quantity, unit_price, subtotal, created_at) 
                      VALUES ('9fca76f7-661e-4d98-be11-a8c42a9e661a', 'b82b4f85-cc73-4e47-8f71-254894b0ee0d', 'ea84c406-f235-4e9c-b061-71ed9401e63b', 1, 25, 25, '2026-03-11T21:24:00.000Z');
INSERT INTO orders (id, buyer_id, seller_id, total_amount, status, created_at) 
                      VALUES ('cfcb7117-976d-4774-a02d-b0e10fc56e7c', '79768ab4-b021-418b-bf3c-0dd52f857b65', 'da273443-bae3-4781-ae4e-819d0c9d56a6', 25, 'completed', '2026-03-11T20:41:00.000Z');
INSERT INTO order_items (id, order_id, product_id, quantity, unit_price, subtotal, created_at) 
                      VALUES ('91d0351e-6950-42d1-ac9a-9c3d1bdf989d', 'cfcb7117-976d-4774-a02d-b0e10fc56e7c', 'ea84c406-f235-4e9c-b061-71ed9401e63b', 1, 25, 25, '2026-03-11T20:41:00.000Z');
INSERT INTO orders (id, buyer_id, seller_id, total_amount, status, created_at) 
                      VALUES ('16c6c00a-3fae-4ddd-a830-56b915858931', 'b03c172d-3388-458c-8054-b6ad7db24e27', 'da273443-bae3-4781-ae4e-819d0c9d56a6', 25, 'completed', '2026-03-11T19:19:00.000Z');
INSERT INTO order_items (id, order_id, product_id, quantity, unit_price, subtotal, created_at) 
                      VALUES ('b158f494-c941-43c5-be1c-f369f232f711', '16c6c00a-3fae-4ddd-a830-56b915858931', 'ea84c406-f235-4e9c-b061-71ed9401e63b', 1, 25, 25, '2026-03-11T19:19:00.000Z');
INSERT INTO orders (id, buyer_id, seller_id, total_amount, status, created_at) 
                      VALUES ('8471aa27-1721-4819-a9ec-64301071111e', 'ac51e939-ec0b-40c3-b3e7-39711b12845a', 'da273443-bae3-4781-ae4e-819d0c9d56a6', 25, 'completed', '2026-03-11T16:39:00.000Z');
INSERT INTO order_items (id, order_id, product_id, quantity, unit_price, subtotal, created_at) 
                      VALUES ('4670c62d-f3ed-4869-8509-cd5ddc0d7b77', '8471aa27-1721-4819-a9ec-64301071111e', 'ea84c406-f235-4e9c-b061-71ed9401e63b', 1, 25, 25, '2026-03-11T16:39:00.000Z');
INSERT INTO orders (id, buyer_id, seller_id, total_amount, status, created_at) 
                      VALUES ('d6a6009c-ae1d-46cd-b815-6df0a9dfddbd', '79768ab4-b021-418b-bf3c-0dd52f857b65', 'da273443-bae3-4781-ae4e-819d0c9d56a6', 25, 'completed', '2026-03-11T18:08:00.000Z');
INSERT INTO order_items (id, order_id, product_id, quantity, unit_price, subtotal, created_at) 
                      VALUES ('cd24fd95-3b85-4e2c-bca3-b44d89d87222', 'd6a6009c-ae1d-46cd-b815-6df0a9dfddbd', 'ea84c406-f235-4e9c-b061-71ed9401e63b', 1, 25, 25, '2026-03-11T18:08:00.000Z');
INSERT INTO orders (id, buyer_id, seller_id, total_amount, status, created_at) 
                      VALUES ('b5da5013-7394-4c62-a419-686eea64b4ec', '79768ab4-b021-418b-bf3c-0dd52f857b65', 'da273443-bae3-4781-ae4e-819d0c9d56a6', 25, 'completed', '2026-03-11T17:41:00.000Z');
INSERT INTO order_items (id, order_id, product_id, quantity, unit_price, subtotal, created_at) 
                      VALUES ('de9e9323-a3ab-4a34-a33f-5511c89edb3a', 'b5da5013-7394-4c62-a419-686eea64b4ec', 'ea84c406-f235-4e9c-b061-71ed9401e63b', 1, 25, 25, '2026-03-11T17:41:00.000Z');
INSERT INTO orders (id, buyer_id, seller_id, total_amount, status, created_at) 
                      VALUES ('2dbf524a-882b-43f8-964d-1b1b4486e17d', 'b03c172d-3388-458c-8054-b6ad7db24e27', 'da273443-bae3-4781-ae4e-819d0c9d56a6', 25, 'completed', '2026-03-11T18:03:00.000Z');
INSERT INTO order_items (id, order_id, product_id, quantity, unit_price, subtotal, created_at) 
                      VALUES ('333a625a-951c-4fa5-8dc8-647e3ecdacc8', '2dbf524a-882b-43f8-964d-1b1b4486e17d', 'ea84c406-f235-4e9c-b061-71ed9401e63b', 1, 25, 25, '2026-03-11T18:03:00.000Z');
INSERT INTO orders (id, buyer_id, seller_id, total_amount, status, created_at) 
                      VALUES ('f681b00d-3f50-4fb8-9e21-fd209e24690b', '79768ab4-b021-418b-bf3c-0dd52f857b65', 'da273443-bae3-4781-ae4e-819d0c9d56a6', 25, 'completed', '2026-03-11T18:22:00.000Z');
INSERT INTO order_items (id, order_id, product_id, quantity, unit_price, subtotal, created_at) 
                      VALUES ('1e3b3305-39c7-43ad-942e-03012d6705dc', 'f681b00d-3f50-4fb8-9e21-fd209e24690b', 'ea84c406-f235-4e9c-b061-71ed9401e63b', 1, 25, 25, '2026-03-11T18:22:00.000Z');
INSERT INTO orders (id, buyer_id, seller_id, total_amount, status, created_at) 
                      VALUES ('613428e4-4cac-4b0f-b6d3-ef626bf8fd80', '6c8c4ad9-70e8-48cb-9ce8-5d01c349ffcc', 'da273443-bae3-4781-ae4e-819d0c9d56a6', 25, 'completed', '2026-03-11T18:38:00.000Z');
INSERT INTO order_items (id, order_id, product_id, quantity, unit_price, subtotal, created_at) 
                      VALUES ('baacc5ea-f0b2-4ad4-a2df-f48f7a113d17', '613428e4-4cac-4b0f-b6d3-ef626bf8fd80', 'ea84c406-f235-4e9c-b061-71ed9401e63b', 1, 25, 25, '2026-03-11T18:38:00.000Z');
INSERT INTO orders (id, buyer_id, seller_id, total_amount, status, created_at) 
                      VALUES ('5cc90aff-b1bf-4d49-8398-54fd698ea917', '6c8c4ad9-70e8-48cb-9ce8-5d01c349ffcc', 'da273443-bae3-4781-ae4e-819d0c9d56a6', 25, 'completed', '2026-03-11T19:09:00.000Z');
INSERT INTO order_items (id, order_id, product_id, quantity, unit_price, subtotal, created_at) 
                      VALUES ('2989c3ec-4d5e-4434-9570-aa5321d2d3f6', '5cc90aff-b1bf-4d49-8398-54fd698ea917', 'ea84c406-f235-4e9c-b061-71ed9401e63b', 1, 25, 25, '2026-03-11T19:09:00.000Z');
INSERT INTO orders (id, buyer_id, seller_id, total_amount, status, created_at) 
                      VALUES ('13162718-1024-4fe3-a646-fa670fe4d2b5', 'aa9e3c8c-e997-4408-ac68-6265851f972d', 'da273443-bae3-4781-ae4e-819d0c9d56a6', 25, 'completed', '2026-03-11T19:47:00.000Z');
INSERT INTO order_items (id, order_id, product_id, quantity, unit_price, subtotal, created_at) 
                      VALUES ('d4ca6d7d-4177-4f02-8b27-f16d8fa4e2a7', '13162718-1024-4fe3-a646-fa670fe4d2b5', 'ea84c406-f235-4e9c-b061-71ed9401e63b', 1, 25, 25, '2026-03-11T19:47:00.000Z');
INSERT INTO audit_logs (id, action, user_id, description, level, created_at) 
                  VALUES ('b300b544-7a0d-49c0-9c13-fcc21c65d6da', 'USER_LOGIN', 'cdc7b576-3957-4e3f-9e87-6630e4ef1950', 'Vendedor inició sesión para jornada', 'info', '2026-03-11T14:01:00.000Z');
INSERT INTO daily_sales (id, seller_id, sale_date, total_investment, total_revenue, units_sold, units_lost, total_waste_cost, is_closed) 
                  VALUES ('82ef2344-0046-4527-af56-7f9f208485b5', 'cdc7b576-3957-4e3f-9e87-6630e4ef1950', '2026-03-11', 275, 605, 11, 0, 0, true);
INSERT INTO sale_details (id, daily_sale_id, product_id, quantity_prepared, quantity_sold, quantity_lost, unit_cost, unit_price, waste_cost, waste_reason) 
                  VALUES ('a6c37460-c244-416e-83ac-156f5293c515', '82ef2344-0046-4527-af56-7f9f208485b5', '49e54b55-6e07-407b-9dac-36e93e1f8aa2', 11, 11, 0, 25, 55, 0, 'expired');
INSERT INTO orders (id, buyer_id, seller_id, total_amount, status, created_at) 
                      VALUES ('9fa468df-17e1-4e3e-ab36-462b2ba1ea24', '6c8c4ad9-70e8-48cb-9ce8-5d01c349ffcc', 'cdc7b576-3957-4e3f-9e87-6630e4ef1950', 55, 'completed', '2026-03-11T21:33:00.000Z');
INSERT INTO order_items (id, order_id, product_id, quantity, unit_price, subtotal, created_at) 
                      VALUES ('ebafacfe-7722-416e-a175-52d7af394552', '9fa468df-17e1-4e3e-ab36-462b2ba1ea24', '49e54b55-6e07-407b-9dac-36e93e1f8aa2', 1, 55, 55, '2026-03-11T21:33:00.000Z');
INSERT INTO orders (id, buyer_id, seller_id, total_amount, status, created_at) 
                      VALUES ('69cd1683-4442-420f-a111-9351060e2131', 'b03c172d-3388-458c-8054-b6ad7db24e27', 'cdc7b576-3957-4e3f-9e87-6630e4ef1950', 55, 'completed', '2026-03-11T19:21:00.000Z');
INSERT INTO order_items (id, order_id, product_id, quantity, unit_price, subtotal, created_at) 
                      VALUES ('64371374-681e-4d87-ada4-7e6a21f8900d', '69cd1683-4442-420f-a111-9351060e2131', '49e54b55-6e07-407b-9dac-36e93e1f8aa2', 1, 55, 55, '2026-03-11T19:21:00.000Z');
INSERT INTO orders (id, buyer_id, seller_id, total_amount, status, created_at) 
                      VALUES ('f5f64c49-2f51-475a-a7ae-fe5e543fab11', '79768ab4-b021-418b-bf3c-0dd52f857b65', 'cdc7b576-3957-4e3f-9e87-6630e4ef1950', 55, 'completed', '2026-03-11T16:10:00.000Z');
INSERT INTO order_items (id, order_id, product_id, quantity, unit_price, subtotal, created_at) 
                      VALUES ('451fe27f-e65f-4824-849f-890b601bd6e5', 'f5f64c49-2f51-475a-a7ae-fe5e543fab11', '49e54b55-6e07-407b-9dac-36e93e1f8aa2', 1, 55, 55, '2026-03-11T16:10:00.000Z');
INSERT INTO orders (id, buyer_id, seller_id, total_amount, status, created_at) 
                      VALUES ('cc183e0e-8c89-45ba-9660-38f08b09e293', '1161fb73-809d-4954-a73a-738a9a1868f7', 'cdc7b576-3957-4e3f-9e87-6630e4ef1950', 55, 'completed', '2026-03-11T20:35:00.000Z');
INSERT INTO order_items (id, order_id, product_id, quantity, unit_price, subtotal, created_at) 
                      VALUES ('e48ac9a8-67da-4ea0-8c80-35bf7ba20f38', 'cc183e0e-8c89-45ba-9660-38f08b09e293', '49e54b55-6e07-407b-9dac-36e93e1f8aa2', 1, 55, 55, '2026-03-11T20:35:00.000Z');
INSERT INTO orders (id, buyer_id, seller_id, total_amount, status, created_at) 
                      VALUES ('0dedf81d-a899-4d68-808e-8f459aec8cde', 'b03c172d-3388-458c-8054-b6ad7db24e27', 'cdc7b576-3957-4e3f-9e87-6630e4ef1950', 55, 'completed', '2026-03-11T16:00:00.000Z');
INSERT INTO order_items (id, order_id, product_id, quantity, unit_price, subtotal, created_at) 
                      VALUES ('b5772bed-601b-46ef-b612-b9c3c6d6d44a', '0dedf81d-a899-4d68-808e-8f459aec8cde', '49e54b55-6e07-407b-9dac-36e93e1f8aa2', 1, 55, 55, '2026-03-11T16:00:00.000Z');
INSERT INTO orders (id, buyer_id, seller_id, total_amount, status, created_at) 
                      VALUES ('0ca8b082-0acb-49a6-a350-688f0884eaf1', 'ac51e939-ec0b-40c3-b3e7-39711b12845a', 'cdc7b576-3957-4e3f-9e87-6630e4ef1950', 55, 'completed', '2026-03-11T20:54:00.000Z');
INSERT INTO order_items (id, order_id, product_id, quantity, unit_price, subtotal, created_at) 
                      VALUES ('3d19d21a-9095-4413-a130-c548339af08f', '0ca8b082-0acb-49a6-a350-688f0884eaf1', '49e54b55-6e07-407b-9dac-36e93e1f8aa2', 1, 55, 55, '2026-03-11T20:54:00.000Z');
INSERT INTO orders (id, buyer_id, seller_id, total_amount, status, created_at) 
                      VALUES ('64cb532a-6913-42d5-bc1f-4ddd6d58d4a4', 'ac51e939-ec0b-40c3-b3e7-39711b12845a', 'cdc7b576-3957-4e3f-9e87-6630e4ef1950', 55, 'completed', '2026-03-11T20:27:00.000Z');
INSERT INTO order_items (id, order_id, product_id, quantity, unit_price, subtotal, created_at) 
                      VALUES ('768f6221-c608-4cdd-9b26-cdbacbb493f6', '64cb532a-6913-42d5-bc1f-4ddd6d58d4a4', '49e54b55-6e07-407b-9dac-36e93e1f8aa2', 1, 55, 55, '2026-03-11T20:27:00.000Z');
INSERT INTO orders (id, buyer_id, seller_id, total_amount, status, created_at) 
                      VALUES ('d7b2abb4-311c-4da1-bbde-86fce4157a88', '6c8c4ad9-70e8-48cb-9ce8-5d01c349ffcc', 'cdc7b576-3957-4e3f-9e87-6630e4ef1950', 55, 'completed', '2026-03-11T16:52:00.000Z');
INSERT INTO order_items (id, order_id, product_id, quantity, unit_price, subtotal, created_at) 
                      VALUES ('d4890dad-aafc-40ac-be97-da09e82f223e', 'd7b2abb4-311c-4da1-bbde-86fce4157a88', '49e54b55-6e07-407b-9dac-36e93e1f8aa2', 1, 55, 55, '2026-03-11T16:52:00.000Z');
INSERT INTO orders (id, buyer_id, seller_id, total_amount, status, created_at) 
                      VALUES ('b39c669c-8f4b-4101-9af5-b7f359264316', '1161fb73-809d-4954-a73a-738a9a1868f7', 'cdc7b576-3957-4e3f-9e87-6630e4ef1950', 55, 'completed', '2026-03-11T19:01:00.000Z');
INSERT INTO order_items (id, order_id, product_id, quantity, unit_price, subtotal, created_at) 
                      VALUES ('85f54666-b526-4bb8-9db0-27ca4cef9148', 'b39c669c-8f4b-4101-9af5-b7f359264316', '49e54b55-6e07-407b-9dac-36e93e1f8aa2', 1, 55, 55, '2026-03-11T19:01:00.000Z');
INSERT INTO orders (id, buyer_id, seller_id, total_amount, status, created_at) 
                      VALUES ('05234db5-6407-4cb0-9d07-15be2dad72bf', '79768ab4-b021-418b-bf3c-0dd52f857b65', 'cdc7b576-3957-4e3f-9e87-6630e4ef1950', 55, 'completed', '2026-03-11T18:26:00.000Z');
INSERT INTO order_items (id, order_id, product_id, quantity, unit_price, subtotal, created_at) 
                      VALUES ('8a3dff30-2ed1-48e7-967e-dd48fbec7bce', '05234db5-6407-4cb0-9d07-15be2dad72bf', '49e54b55-6e07-407b-9dac-36e93e1f8aa2', 1, 55, 55, '2026-03-11T18:26:00.000Z');
INSERT INTO orders (id, buyer_id, seller_id, total_amount, status, created_at) 
                      VALUES ('5f1f736c-6fef-4cd3-a634-3b7cf29adcd0', 'b03c172d-3388-458c-8054-b6ad7db24e27', 'cdc7b576-3957-4e3f-9e87-6630e4ef1950', 55, 'completed', '2026-03-11T18:31:00.000Z');
INSERT INTO order_items (id, order_id, product_id, quantity, unit_price, subtotal, created_at) 
                      VALUES ('6c890b88-0aaa-45f6-b65a-dbdcb77ea490', '5f1f736c-6fef-4cd3-a634-3b7cf29adcd0', '49e54b55-6e07-407b-9dac-36e93e1f8aa2', 1, 55, 55, '2026-03-11T18:31:00.000Z');
INSERT INTO audit_logs (id, action, user_id, description, level, created_at) 
                  VALUES ('fb2a8db6-e2e2-4ef6-870c-5ccfbaf36f86', 'USER_LOGIN', '6adabb60-eed5-4dd0-b80c-41983dd81404', 'Vendedor inició sesión para jornada', 'info', '2026-03-12T14:10:00.000Z');
INSERT INTO daily_sales (id, seller_id, sale_date, total_investment, total_revenue, units_sold, units_lost, total_waste_cost, is_closed) 
                  VALUES ('e87234bc-4171-4808-8652-0af928ceb4cf', '6adabb60-eed5-4dd0-b80c-41983dd81404', '2026-03-12', 480, 900, 12, 0, 0, true);
INSERT INTO sale_details (id, daily_sale_id, product_id, quantity_prepared, quantity_sold, quantity_lost, unit_cost, unit_price, waste_cost, waste_reason) 
                  VALUES ('160fb25c-6356-4327-90d2-069b38a95109', 'e87234bc-4171-4808-8652-0af928ceb4cf', 'cd4cb45a-05bc-4729-bb2a-06d122f369fc', 12, 12, 0, 40, 75, 0, 'expired');
INSERT INTO orders (id, buyer_id, seller_id, total_amount, status, created_at) 
                      VALUES ('bb248412-4a11-4292-9f3e-9edd07b70c3e', 'b03c172d-3388-458c-8054-b6ad7db24e27', '6adabb60-eed5-4dd0-b80c-41983dd81404', 75, 'completed', '2026-03-12T16:18:00.000Z');
INSERT INTO order_items (id, order_id, product_id, quantity, unit_price, subtotal, created_at) 
                      VALUES ('c47dfc39-2849-4dd5-b37f-aa4721d10728', 'bb248412-4a11-4292-9f3e-9edd07b70c3e', 'cd4cb45a-05bc-4729-bb2a-06d122f369fc', 1, 75, 75, '2026-03-12T16:18:00.000Z');
INSERT INTO orders (id, buyer_id, seller_id, total_amount, status, created_at) 
                      VALUES ('fdddcb52-2ab5-4160-9a5b-445c4ce1873b', '233694a0-da98-4b19-8640-7b99f406554e', '6adabb60-eed5-4dd0-b80c-41983dd81404', 75, 'completed', '2026-03-12T21:46:00.000Z');
INSERT INTO order_items (id, order_id, product_id, quantity, unit_price, subtotal, created_at) 
                      VALUES ('3d6e1ce8-06f8-44ff-84a8-94dffda407ae', 'fdddcb52-2ab5-4160-9a5b-445c4ce1873b', 'cd4cb45a-05bc-4729-bb2a-06d122f369fc', 1, 75, 75, '2026-03-12T21:46:00.000Z');
INSERT INTO orders (id, buyer_id, seller_id, total_amount, status, created_at) 
                      VALUES ('3bd69b97-a56a-4bf0-a9fa-ce565a59362c', 'b03c172d-3388-458c-8054-b6ad7db24e27', '6adabb60-eed5-4dd0-b80c-41983dd81404', 75, 'completed', '2026-03-12T18:06:00.000Z');
INSERT INTO order_items (id, order_id, product_id, quantity, unit_price, subtotal, created_at) 
                      VALUES ('c1fab763-860e-4118-b789-d27bd45f0d89', '3bd69b97-a56a-4bf0-a9fa-ce565a59362c', 'cd4cb45a-05bc-4729-bb2a-06d122f369fc', 1, 75, 75, '2026-03-12T18:06:00.000Z');
INSERT INTO orders (id, buyer_id, seller_id, total_amount, status, created_at) 
                      VALUES ('9d311ff7-b3e1-44b2-b9c0-f688094d9155', '1161fb73-809d-4954-a73a-738a9a1868f7', '6adabb60-eed5-4dd0-b80c-41983dd81404', 75, 'completed', '2026-03-12T19:28:00.000Z');
INSERT INTO order_items (id, order_id, product_id, quantity, unit_price, subtotal, created_at) 
                      VALUES ('199412ce-6704-4797-b307-d6d94e336de2', '9d311ff7-b3e1-44b2-b9c0-f688094d9155', 'cd4cb45a-05bc-4729-bb2a-06d122f369fc', 1, 75, 75, '2026-03-12T19:28:00.000Z');
INSERT INTO orders (id, buyer_id, seller_id, total_amount, status, created_at) 
                      VALUES ('fb4202d0-88a9-420f-899a-7f2cc46d088d', '79768ab4-b021-418b-bf3c-0dd52f857b65', '6adabb60-eed5-4dd0-b80c-41983dd81404', 75, 'completed', '2026-03-12T21:17:00.000Z');
INSERT INTO order_items (id, order_id, product_id, quantity, unit_price, subtotal, created_at) 
                      VALUES ('3f759d17-fea6-4d06-8d5e-36fc46341af5', 'fb4202d0-88a9-420f-899a-7f2cc46d088d', 'cd4cb45a-05bc-4729-bb2a-06d122f369fc', 1, 75, 75, '2026-03-12T21:17:00.000Z');
INSERT INTO orders (id, buyer_id, seller_id, total_amount, status, created_at) 
                      VALUES ('d8b36dc8-5d4f-4beb-81e9-84f85c8330d7', '6c8c4ad9-70e8-48cb-9ce8-5d01c349ffcc', '6adabb60-eed5-4dd0-b80c-41983dd81404', 75, 'completed', '2026-03-12T18:14:00.000Z');
INSERT INTO order_items (id, order_id, product_id, quantity, unit_price, subtotal, created_at) 
                      VALUES ('55456276-77a8-4cf9-b95c-037baf0f95f4', 'd8b36dc8-5d4f-4beb-81e9-84f85c8330d7', 'cd4cb45a-05bc-4729-bb2a-06d122f369fc', 1, 75, 75, '2026-03-12T18:14:00.000Z');
INSERT INTO orders (id, buyer_id, seller_id, total_amount, status, created_at) 
                      VALUES ('b784230e-9e28-480f-a437-7e599d92da11', 'aa9e3c8c-e997-4408-ac68-6265851f972d', '6adabb60-eed5-4dd0-b80c-41983dd81404', 75, 'completed', '2026-03-12T20:24:00.000Z');
INSERT INTO order_items (id, order_id, product_id, quantity, unit_price, subtotal, created_at) 
                      VALUES ('17e622e1-2995-495a-ac8d-67f331548f1e', 'b784230e-9e28-480f-a437-7e599d92da11', 'cd4cb45a-05bc-4729-bb2a-06d122f369fc', 1, 75, 75, '2026-03-12T20:24:00.000Z');
INSERT INTO orders (id, buyer_id, seller_id, total_amount, status, created_at) 
                      VALUES ('355bc24c-b62f-40c5-b041-9853789b45cc', '6c8c4ad9-70e8-48cb-9ce8-5d01c349ffcc', '6adabb60-eed5-4dd0-b80c-41983dd81404', 75, 'completed', '2026-03-12T18:45:00.000Z');
INSERT INTO order_items (id, order_id, product_id, quantity, unit_price, subtotal, created_at) 
                      VALUES ('88189cd8-6594-4438-9b48-cf2365717f5b', '355bc24c-b62f-40c5-b041-9853789b45cc', 'cd4cb45a-05bc-4729-bb2a-06d122f369fc', 1, 75, 75, '2026-03-12T18:45:00.000Z');
INSERT INTO orders (id, buyer_id, seller_id, total_amount, status, created_at) 
                      VALUES ('8aa2a7cf-a5a5-4f8f-977e-1c0dd530766c', '79768ab4-b021-418b-bf3c-0dd52f857b65', '6adabb60-eed5-4dd0-b80c-41983dd81404', 75, 'completed', '2026-03-12T16:42:00.000Z');
INSERT INTO order_items (id, order_id, product_id, quantity, unit_price, subtotal, created_at) 
                      VALUES ('8554cdf4-d246-40f9-99bd-4b30f1f4b20b', '8aa2a7cf-a5a5-4f8f-977e-1c0dd530766c', 'cd4cb45a-05bc-4729-bb2a-06d122f369fc', 1, 75, 75, '2026-03-12T16:42:00.000Z');
INSERT INTO orders (id, buyer_id, seller_id, total_amount, status, created_at) 
                      VALUES ('599f90ea-3e88-4a6b-a4ad-0d3d3cf73a65', 'b03c172d-3388-458c-8054-b6ad7db24e27', '6adabb60-eed5-4dd0-b80c-41983dd81404', 75, 'completed', '2026-03-12T18:00:00.000Z');
INSERT INTO order_items (id, order_id, product_id, quantity, unit_price, subtotal, created_at) 
                      VALUES ('fdce5cd9-dd4b-449f-9780-c76605e7d855', '599f90ea-3e88-4a6b-a4ad-0d3d3cf73a65', 'cd4cb45a-05bc-4729-bb2a-06d122f369fc', 1, 75, 75, '2026-03-12T18:00:00.000Z');
INSERT INTO orders (id, buyer_id, seller_id, total_amount, status, created_at) 
                      VALUES ('eabfb0a7-e931-46eb-a703-69fe25370aea', '1161fb73-809d-4954-a73a-738a9a1868f7', '6adabb60-eed5-4dd0-b80c-41983dd81404', 75, 'completed', '2026-03-12T18:32:00.000Z');
INSERT INTO order_items (id, order_id, product_id, quantity, unit_price, subtotal, created_at) 
                      VALUES ('547cccd7-ef01-43db-ae87-184afaca8fcd', 'eabfb0a7-e931-46eb-a703-69fe25370aea', 'cd4cb45a-05bc-4729-bb2a-06d122f369fc', 1, 75, 75, '2026-03-12T18:32:00.000Z');
INSERT INTO orders (id, buyer_id, seller_id, total_amount, status, created_at) 
                      VALUES ('79ee7b5e-ff6f-4e74-a7e4-9ce945f33a49', 'ac51e939-ec0b-40c3-b3e7-39711b12845a', '6adabb60-eed5-4dd0-b80c-41983dd81404', 75, 'completed', '2026-03-12T19:50:00.000Z');
INSERT INTO order_items (id, order_id, product_id, quantity, unit_price, subtotal, created_at) 
                      VALUES ('99b698cc-5146-4e46-8ade-4d7678221b05', '79ee7b5e-ff6f-4e74-a7e4-9ce945f33a49', 'cd4cb45a-05bc-4729-bb2a-06d122f369fc', 1, 75, 75, '2026-03-12T19:50:00.000Z');
INSERT INTO audit_logs (id, action, user_id, description, level, created_at) 
                  VALUES ('4405ac71-ce9d-4529-a857-3c6de5964da4', 'USER_LOGIN', '5f552e5d-c288-453c-a685-b287e1c0c64a', 'Vendedor inició sesión para jornada', 'info', '2026-03-12T14:07:00.000Z');
INSERT INTO daily_sales (id, seller_id, sale_date, total_investment, total_revenue, units_sold, units_lost, total_waste_cost, is_closed) 
                  VALUES ('08a62d80-c465-4483-bba2-fb3832cef3df', '5f552e5d-c288-453c-a685-b287e1c0c64a', '2026-03-12', 200, 405, 9, 1, 20, true);
INSERT INTO sale_details (id, daily_sale_id, product_id, quantity_prepared, quantity_sold, quantity_lost, unit_cost, unit_price, waste_cost, waste_reason) 
                  VALUES ('f17510fc-6ad7-419d-8ced-2615032a794b', '08a62d80-c465-4483-bba2-fb3832cef3df', '90ccc3f8-627a-4af7-aab2-9c7967c2f50d', 10, 9, 1, 20, 45, 20, 'expired');
INSERT INTO orders (id, buyer_id, seller_id, total_amount, status, created_at) 
                      VALUES ('496eb772-21d2-4a42-87ac-a772307e226b', 'b03c172d-3388-458c-8054-b6ad7db24e27', '5f552e5d-c288-453c-a685-b287e1c0c64a', 45, 'completed', '2026-03-12T16:53:00.000Z');
INSERT INTO order_items (id, order_id, product_id, quantity, unit_price, subtotal, created_at) 
                      VALUES ('db95795a-b3df-431f-8a8b-4565b0d2f36a', '496eb772-21d2-4a42-87ac-a772307e226b', '90ccc3f8-627a-4af7-aab2-9c7967c2f50d', 1, 45, 45, '2026-03-12T16:53:00.000Z');
INSERT INTO orders (id, buyer_id, seller_id, total_amount, status, created_at) 
                      VALUES ('ace0001f-a1a5-4fb4-8273-fc1fa84ae9b3', '233694a0-da98-4b19-8640-7b99f406554e', '5f552e5d-c288-453c-a685-b287e1c0c64a', 45, 'completed', '2026-03-12T19:07:00.000Z');
INSERT INTO order_items (id, order_id, product_id, quantity, unit_price, subtotal, created_at) 
                      VALUES ('658262c1-a10c-4acc-9dcd-8be08523ddcf', 'ace0001f-a1a5-4fb4-8273-fc1fa84ae9b3', '90ccc3f8-627a-4af7-aab2-9c7967c2f50d', 1, 45, 45, '2026-03-12T19:07:00.000Z');
INSERT INTO orders (id, buyer_id, seller_id, total_amount, status, created_at) 
                      VALUES ('80e8bb39-5cfa-4832-a3db-b9aad8d6bf5b', 'ac51e939-ec0b-40c3-b3e7-39711b12845a', '5f552e5d-c288-453c-a685-b287e1c0c64a', 45, 'completed', '2026-03-12T16:45:00.000Z');
INSERT INTO order_items (id, order_id, product_id, quantity, unit_price, subtotal, created_at) 
                      VALUES ('2d7ad7fc-cd60-449a-ab7d-01f6863843fd', '80e8bb39-5cfa-4832-a3db-b9aad8d6bf5b', '90ccc3f8-627a-4af7-aab2-9c7967c2f50d', 1, 45, 45, '2026-03-12T16:45:00.000Z');
INSERT INTO orders (id, buyer_id, seller_id, total_amount, status, created_at) 
                      VALUES ('d5e3b09e-e779-418b-a6c1-a35849cb7d9e', 'aa9e3c8c-e997-4408-ac68-6265851f972d', '5f552e5d-c288-453c-a685-b287e1c0c64a', 45, 'completed', '2026-03-12T20:13:00.000Z');
INSERT INTO order_items (id, order_id, product_id, quantity, unit_price, subtotal, created_at) 
                      VALUES ('84c39129-b329-4a75-abf3-4fac2c9f8ab6', 'd5e3b09e-e779-418b-a6c1-a35849cb7d9e', '90ccc3f8-627a-4af7-aab2-9c7967c2f50d', 1, 45, 45, '2026-03-12T20:13:00.000Z');
INSERT INTO orders (id, buyer_id, seller_id, total_amount, status, created_at) 
                      VALUES ('7095e6ef-8659-4993-8181-b85ce0c0a3eb', '1161fb73-809d-4954-a73a-738a9a1868f7', '5f552e5d-c288-453c-a685-b287e1c0c64a', 45, 'completed', '2026-03-12T19:00:00.000Z');
INSERT INTO order_items (id, order_id, product_id, quantity, unit_price, subtotal, created_at) 
                      VALUES ('276df965-1154-41b6-a8fd-5ac1e6970baf', '7095e6ef-8659-4993-8181-b85ce0c0a3eb', '90ccc3f8-627a-4af7-aab2-9c7967c2f50d', 1, 45, 45, '2026-03-12T19:00:00.000Z');
INSERT INTO orders (id, buyer_id, seller_id, total_amount, status, created_at) 
                      VALUES ('44384505-6cf2-4832-b132-82e8bbb61199', '233694a0-da98-4b19-8640-7b99f406554e', '5f552e5d-c288-453c-a685-b287e1c0c64a', 45, 'completed', '2026-03-12T20:12:00.000Z');
INSERT INTO order_items (id, order_id, product_id, quantity, unit_price, subtotal, created_at) 
                      VALUES ('31b900d3-d257-4744-ba64-947fedff0554', '44384505-6cf2-4832-b132-82e8bbb61199', '90ccc3f8-627a-4af7-aab2-9c7967c2f50d', 1, 45, 45, '2026-03-12T20:12:00.000Z');
INSERT INTO orders (id, buyer_id, seller_id, total_amount, status, created_at) 
                      VALUES ('3ed5ffd5-77e3-40b0-83d4-f487a0708474', 'ac51e939-ec0b-40c3-b3e7-39711b12845a', '5f552e5d-c288-453c-a685-b287e1c0c64a', 45, 'completed', '2026-03-12T20:42:00.000Z');
INSERT INTO order_items (id, order_id, product_id, quantity, unit_price, subtotal, created_at) 
                      VALUES ('a4417502-b24f-4117-b0eb-d9d926389a4c', '3ed5ffd5-77e3-40b0-83d4-f487a0708474', '90ccc3f8-627a-4af7-aab2-9c7967c2f50d', 1, 45, 45, '2026-03-12T20:42:00.000Z');
INSERT INTO orders (id, buyer_id, seller_id, total_amount, status, created_at) 
                      VALUES ('30141037-fc41-48c1-be3a-ebe327d0100f', '1161fb73-809d-4954-a73a-738a9a1868f7', '5f552e5d-c288-453c-a685-b287e1c0c64a', 45, 'completed', '2026-03-12T21:33:00.000Z');
INSERT INTO order_items (id, order_id, product_id, quantity, unit_price, subtotal, created_at) 
                      VALUES ('dcbf0e50-06f1-461b-83a8-376e8370ecab', '30141037-fc41-48c1-be3a-ebe327d0100f', '90ccc3f8-627a-4af7-aab2-9c7967c2f50d', 1, 45, 45, '2026-03-12T21:33:00.000Z');
INSERT INTO orders (id, buyer_id, seller_id, total_amount, status, created_at) 
                      VALUES ('6e38195b-45ec-4956-8d9d-ee4cb3924f37', 'ac51e939-ec0b-40c3-b3e7-39711b12845a', '5f552e5d-c288-453c-a685-b287e1c0c64a', 45, 'completed', '2026-03-12T17:29:00.000Z');
INSERT INTO order_items (id, order_id, product_id, quantity, unit_price, subtotal, created_at) 
                      VALUES ('241bcc1e-e270-4c93-a71c-306929898e9a', '6e38195b-45ec-4956-8d9d-ee4cb3924f37', '90ccc3f8-627a-4af7-aab2-9c7967c2f50d', 1, 45, 45, '2026-03-12T17:29:00.000Z');
INSERT INTO audit_logs (id, action, user_id, description, level, created_at) 
                  VALUES ('715d3f58-7348-4b4b-8d7e-a9ac039c4930', 'USER_LOGIN', '522afd0e-5b6f-4f57-be80-46fd79ba12db', 'Vendedor inició sesión para jornada', 'info', '2026-03-12T14:24:00.000Z');
INSERT INTO daily_sales (id, seller_id, sale_date, total_investment, total_revenue, units_sold, units_lost, total_waste_cost, is_closed) 
                  VALUES ('30460484-c44c-46a4-99f5-b3d9dcb31dcb', '522afd0e-5b6f-4f57-be80-46fd79ba12db', '2026-03-12', 120, 240, 8, 2, 24, true);
INSERT INTO sale_details (id, daily_sale_id, product_id, quantity_prepared, quantity_sold, quantity_lost, unit_cost, unit_price, waste_cost, waste_reason) 
                  VALUES ('b71b2671-84b8-4bd6-a22f-b383a9eb9caf', '30460484-c44c-46a4-99f5-b3d9dcb31dcb', 'c865d401-6592-418d-98d5-1aa633799680', 10, 8, 2, 12, 30, 24, 'expired');
INSERT INTO orders (id, buyer_id, seller_id, total_amount, status, created_at) 
                      VALUES ('587452d7-bf80-46ee-a574-1794e623997c', '79768ab4-b021-418b-bf3c-0dd52f857b65', '522afd0e-5b6f-4f57-be80-46fd79ba12db', 30, 'completed', '2026-03-12T20:53:00.000Z');
INSERT INTO order_items (id, order_id, product_id, quantity, unit_price, subtotal, created_at) 
                      VALUES ('06b25846-9952-4afc-8e7a-6d4f704c6ede', '587452d7-bf80-46ee-a574-1794e623997c', 'c865d401-6592-418d-98d5-1aa633799680', 1, 30, 30, '2026-03-12T20:53:00.000Z');
INSERT INTO orders (id, buyer_id, seller_id, total_amount, status, created_at) 
                      VALUES ('afa8417f-39ee-4730-9726-bcfb7262df8c', 'aa9e3c8c-e997-4408-ac68-6265851f972d', '522afd0e-5b6f-4f57-be80-46fd79ba12db', 30, 'completed', '2026-03-12T19:41:00.000Z');
INSERT INTO order_items (id, order_id, product_id, quantity, unit_price, subtotal, created_at) 
                      VALUES ('29a479e9-c818-46b7-80d2-c9b0da5388d9', 'afa8417f-39ee-4730-9726-bcfb7262df8c', 'c865d401-6592-418d-98d5-1aa633799680', 1, 30, 30, '2026-03-12T19:41:00.000Z');
INSERT INTO orders (id, buyer_id, seller_id, total_amount, status, created_at) 
                      VALUES ('3b783cde-a01a-4b87-b8c6-6467af9508f9', '6c8c4ad9-70e8-48cb-9ce8-5d01c349ffcc', '522afd0e-5b6f-4f57-be80-46fd79ba12db', 30, 'completed', '2026-03-12T21:45:00.000Z');
INSERT INTO order_items (id, order_id, product_id, quantity, unit_price, subtotal, created_at) 
                      VALUES ('ea74e2c8-d142-47b4-ae4f-48968210ae9e', '3b783cde-a01a-4b87-b8c6-6467af9508f9', 'c865d401-6592-418d-98d5-1aa633799680', 1, 30, 30, '2026-03-12T21:45:00.000Z');
INSERT INTO orders (id, buyer_id, seller_id, total_amount, status, created_at) 
                      VALUES ('21d95963-14ac-45b7-b810-3512d402e4dc', '6c8c4ad9-70e8-48cb-9ce8-5d01c349ffcc', '522afd0e-5b6f-4f57-be80-46fd79ba12db', 30, 'completed', '2026-03-12T16:47:00.000Z');
INSERT INTO order_items (id, order_id, product_id, quantity, unit_price, subtotal, created_at) 
                      VALUES ('1dece833-bea3-473c-809f-bffc080a23ef', '21d95963-14ac-45b7-b810-3512d402e4dc', 'c865d401-6592-418d-98d5-1aa633799680', 1, 30, 30, '2026-03-12T16:47:00.000Z');
INSERT INTO orders (id, buyer_id, seller_id, total_amount, status, created_at) 
                      VALUES ('c6b0692b-791f-420e-bbef-4f4ec9db4d71', '6c8c4ad9-70e8-48cb-9ce8-5d01c349ffcc', '522afd0e-5b6f-4f57-be80-46fd79ba12db', 30, 'completed', '2026-03-12T19:48:00.000Z');
INSERT INTO order_items (id, order_id, product_id, quantity, unit_price, subtotal, created_at) 
                      VALUES ('2058bce4-724d-4a02-98d8-972a6fc74394', 'c6b0692b-791f-420e-bbef-4f4ec9db4d71', 'c865d401-6592-418d-98d5-1aa633799680', 1, 30, 30, '2026-03-12T19:48:00.000Z');
INSERT INTO orders (id, buyer_id, seller_id, total_amount, status, created_at) 
                      VALUES ('6ce04099-344b-4b9f-adc3-42b3b7a864fa', 'aa9e3c8c-e997-4408-ac68-6265851f972d', '522afd0e-5b6f-4f57-be80-46fd79ba12db', 30, 'completed', '2026-03-12T19:56:00.000Z');
INSERT INTO order_items (id, order_id, product_id, quantity, unit_price, subtotal, created_at) 
                      VALUES ('1168b175-f47e-46df-b375-e004e1db73b1', '6ce04099-344b-4b9f-adc3-42b3b7a864fa', 'c865d401-6592-418d-98d5-1aa633799680', 1, 30, 30, '2026-03-12T19:56:00.000Z');
INSERT INTO orders (id, buyer_id, seller_id, total_amount, status, created_at) 
                      VALUES ('035f0978-fe44-42ee-ac1e-7330f6104b9e', 'ac51e939-ec0b-40c3-b3e7-39711b12845a', '522afd0e-5b6f-4f57-be80-46fd79ba12db', 30, 'completed', '2026-03-12T21:01:00.000Z');
INSERT INTO order_items (id, order_id, product_id, quantity, unit_price, subtotal, created_at) 
                      VALUES ('b9f4e15f-5aa4-4d50-9a59-631c2462e4af', '035f0978-fe44-42ee-ac1e-7330f6104b9e', 'c865d401-6592-418d-98d5-1aa633799680', 1, 30, 30, '2026-03-12T21:01:00.000Z');
INSERT INTO orders (id, buyer_id, seller_id, total_amount, status, created_at) 
                      VALUES ('16271e05-c351-4873-b12f-0b9de095dd4c', '233694a0-da98-4b19-8640-7b99f406554e', '522afd0e-5b6f-4f57-be80-46fd79ba12db', 30, 'completed', '2026-03-12T17:35:00.000Z');
INSERT INTO order_items (id, order_id, product_id, quantity, unit_price, subtotal, created_at) 
                      VALUES ('b0322ae3-b5c1-4ade-96cb-c5c82f6155ca', '16271e05-c351-4873-b12f-0b9de095dd4c', 'c865d401-6592-418d-98d5-1aa633799680', 1, 30, 30, '2026-03-12T17:35:00.000Z');
INSERT INTO audit_logs (id, action, user_id, description, level, created_at) 
                  VALUES ('d6cedb6a-91eb-4cbd-9daa-e428700767cb', 'USER_LOGIN', 'da273443-bae3-4781-ae4e-819d0c9d56a6', 'Vendedor inició sesión para jornada', 'info', '2026-03-12T14:00:00.000Z');
INSERT INTO daily_sales (id, seller_id, sale_date, total_investment, total_revenue, units_sold, units_lost, total_waste_cost, is_closed) 
                  VALUES ('437e203a-5bc2-4e7b-ab32-d292ad40348c', 'da273443-bae3-4781-ae4e-819d0c9d56a6', '2026-03-12', 80, 225, 9, 1, 8, true);
INSERT INTO sale_details (id, daily_sale_id, product_id, quantity_prepared, quantity_sold, quantity_lost, unit_cost, unit_price, waste_cost, waste_reason) 
                  VALUES ('1addf0a6-d43d-4526-a9fb-098d4c60049b', '437e203a-5bc2-4e7b-ab32-d292ad40348c', 'ea84c406-f235-4e9c-b061-71ed9401e63b', 10, 9, 1, 8, 25, 8, 'expired');
INSERT INTO orders (id, buyer_id, seller_id, total_amount, status, created_at) 
                      VALUES ('12a8ccee-0cda-43ed-ad63-efb2e85eb0e3', '6c8c4ad9-70e8-48cb-9ce8-5d01c349ffcc', 'da273443-bae3-4781-ae4e-819d0c9d56a6', 25, 'completed', '2026-03-12T16:34:00.000Z');
INSERT INTO order_items (id, order_id, product_id, quantity, unit_price, subtotal, created_at) 
                      VALUES ('b73121b9-b762-42e3-abdb-84b5bef83d2f', '12a8ccee-0cda-43ed-ad63-efb2e85eb0e3', 'ea84c406-f235-4e9c-b061-71ed9401e63b', 1, 25, 25, '2026-03-12T16:34:00.000Z');
INSERT INTO orders (id, buyer_id, seller_id, total_amount, status, created_at) 
                      VALUES ('cdb617c3-bc6e-4234-bacd-6899157df3ef', 'ac51e939-ec0b-40c3-b3e7-39711b12845a', 'da273443-bae3-4781-ae4e-819d0c9d56a6', 25, 'completed', '2026-03-12T19:23:00.000Z');
INSERT INTO order_items (id, order_id, product_id, quantity, unit_price, subtotal, created_at) 
                      VALUES ('9f2c6894-28f2-4ea3-8432-d32e275a59c1', 'cdb617c3-bc6e-4234-bacd-6899157df3ef', 'ea84c406-f235-4e9c-b061-71ed9401e63b', 1, 25, 25, '2026-03-12T19:23:00.000Z');
INSERT INTO orders (id, buyer_id, seller_id, total_amount, status, created_at) 
                      VALUES ('0f888de4-2e91-4a6b-b385-d9e57dba7b1e', 'aa9e3c8c-e997-4408-ac68-6265851f972d', 'da273443-bae3-4781-ae4e-819d0c9d56a6', 25, 'completed', '2026-03-12T19:11:00.000Z');
INSERT INTO order_items (id, order_id, product_id, quantity, unit_price, subtotal, created_at) 
                      VALUES ('af7605e7-9203-4dae-ae0d-1933cc1d45ab', '0f888de4-2e91-4a6b-b385-d9e57dba7b1e', 'ea84c406-f235-4e9c-b061-71ed9401e63b', 1, 25, 25, '2026-03-12T19:11:00.000Z');
INSERT INTO orders (id, buyer_id, seller_id, total_amount, status, created_at) 
                      VALUES ('89befe72-2e4f-4b08-b8d8-2252c4a69be0', '6c8c4ad9-70e8-48cb-9ce8-5d01c349ffcc', 'da273443-bae3-4781-ae4e-819d0c9d56a6', 25, 'completed', '2026-03-12T17:28:00.000Z');
INSERT INTO order_items (id, order_id, product_id, quantity, unit_price, subtotal, created_at) 
                      VALUES ('5dcb358f-1a50-4298-90f8-ebcb7fb41a79', '89befe72-2e4f-4b08-b8d8-2252c4a69be0', 'ea84c406-f235-4e9c-b061-71ed9401e63b', 1, 25, 25, '2026-03-12T17:28:00.000Z');
INSERT INTO orders (id, buyer_id, seller_id, total_amount, status, created_at) 
                      VALUES ('71c3977c-bcb4-42ba-a2e6-45572adb3510', 'b03c172d-3388-458c-8054-b6ad7db24e27', 'da273443-bae3-4781-ae4e-819d0c9d56a6', 25, 'completed', '2026-03-12T19:49:00.000Z');
INSERT INTO order_items (id, order_id, product_id, quantity, unit_price, subtotal, created_at) 
                      VALUES ('43060d98-6198-4196-850c-fc44dd5b1ea1', '71c3977c-bcb4-42ba-a2e6-45572adb3510', 'ea84c406-f235-4e9c-b061-71ed9401e63b', 1, 25, 25, '2026-03-12T19:49:00.000Z');
INSERT INTO orders (id, buyer_id, seller_id, total_amount, status, created_at) 
                      VALUES ('07c315a6-77a1-4968-ace5-7277af805bcf', 'ac51e939-ec0b-40c3-b3e7-39711b12845a', 'da273443-bae3-4781-ae4e-819d0c9d56a6', 25, 'completed', '2026-03-12T21:30:00.000Z');
INSERT INTO order_items (id, order_id, product_id, quantity, unit_price, subtotal, created_at) 
                      VALUES ('250f62c2-a176-4d63-899b-64d01197ecef', '07c315a6-77a1-4968-ace5-7277af805bcf', 'ea84c406-f235-4e9c-b061-71ed9401e63b', 1, 25, 25, '2026-03-12T21:30:00.000Z');
INSERT INTO orders (id, buyer_id, seller_id, total_amount, status, created_at) 
                      VALUES ('1f66c42e-af90-4e6e-b890-bcf0e2ec77ac', 'b03c172d-3388-458c-8054-b6ad7db24e27', 'da273443-bae3-4781-ae4e-819d0c9d56a6', 25, 'completed', '2026-03-12T18:29:00.000Z');
INSERT INTO order_items (id, order_id, product_id, quantity, unit_price, subtotal, created_at) 
                      VALUES ('2b8b6d0c-5491-4aae-8efd-a859b9f18e8e', '1f66c42e-af90-4e6e-b890-bcf0e2ec77ac', 'ea84c406-f235-4e9c-b061-71ed9401e63b', 1, 25, 25, '2026-03-12T18:29:00.000Z');
INSERT INTO orders (id, buyer_id, seller_id, total_amount, status, created_at) 
                      VALUES ('244d1315-14c7-4a2e-af6d-84f1bf6d3d1d', '6c8c4ad9-70e8-48cb-9ce8-5d01c349ffcc', 'da273443-bae3-4781-ae4e-819d0c9d56a6', 25, 'completed', '2026-03-12T20:15:00.000Z');
INSERT INTO order_items (id, order_id, product_id, quantity, unit_price, subtotal, created_at) 
                      VALUES ('840e16a8-cb09-4841-b1db-8f6311e09a7d', '244d1315-14c7-4a2e-af6d-84f1bf6d3d1d', 'ea84c406-f235-4e9c-b061-71ed9401e63b', 1, 25, 25, '2026-03-12T20:15:00.000Z');
INSERT INTO orders (id, buyer_id, seller_id, total_amount, status, created_at) 
                      VALUES ('a099b72c-03bd-4ddb-b343-1c3d114a5e0d', '1161fb73-809d-4954-a73a-738a9a1868f7', 'da273443-bae3-4781-ae4e-819d0c9d56a6', 25, 'completed', '2026-03-12T18:39:00.000Z');
INSERT INTO order_items (id, order_id, product_id, quantity, unit_price, subtotal, created_at) 
                      VALUES ('b53b7388-a25b-4c6f-bce3-86263b66e05d', 'a099b72c-03bd-4ddb-b343-1c3d114a5e0d', 'ea84c406-f235-4e9c-b061-71ed9401e63b', 1, 25, 25, '2026-03-12T18:39:00.000Z');
INSERT INTO audit_logs (id, action, user_id, description, level, created_at) 
                  VALUES ('804e1f09-2dff-4a54-bc97-6d3916ebc2b8', 'USER_LOGIN', 'cdc7b576-3957-4e3f-9e87-6630e4ef1950', 'Vendedor inició sesión para jornada', 'info', '2026-03-12T14:07:00.000Z');
INSERT INTO daily_sales (id, seller_id, sale_date, total_investment, total_revenue, units_sold, units_lost, total_waste_cost, is_closed) 
                  VALUES ('83f3fe5b-9184-4101-84b4-d32bc39acabf', 'cdc7b576-3957-4e3f-9e87-6630e4ef1950', '2026-03-12', 250, 495, 9, 1, 25, true);
INSERT INTO sale_details (id, daily_sale_id, product_id, quantity_prepared, quantity_sold, quantity_lost, unit_cost, unit_price, waste_cost, waste_reason) 
                  VALUES ('b7a831b9-cba8-4ab6-93c6-8470fad088ad', '83f3fe5b-9184-4101-84b4-d32bc39acabf', '49e54b55-6e07-407b-9dac-36e93e1f8aa2', 10, 9, 1, 25, 55, 25, 'expired');
INSERT INTO orders (id, buyer_id, seller_id, total_amount, status, created_at) 
                      VALUES ('24d7500e-629a-4013-8bce-38e5d8048280', '233694a0-da98-4b19-8640-7b99f406554e', 'cdc7b576-3957-4e3f-9e87-6630e4ef1950', 55, 'completed', '2026-03-12T21:15:00.000Z');
INSERT INTO order_items (id, order_id, product_id, quantity, unit_price, subtotal, created_at) 
                      VALUES ('4f4c6a6a-f135-41b9-ba9b-7b5a30d4e665', '24d7500e-629a-4013-8bce-38e5d8048280', '49e54b55-6e07-407b-9dac-36e93e1f8aa2', 1, 55, 55, '2026-03-12T21:15:00.000Z');
INSERT INTO orders (id, buyer_id, seller_id, total_amount, status, created_at) 
                      VALUES ('fde64924-55a8-43df-a7f2-5368b2a095ab', '6c8c4ad9-70e8-48cb-9ce8-5d01c349ffcc', 'cdc7b576-3957-4e3f-9e87-6630e4ef1950', 55, 'completed', '2026-03-12T17:35:00.000Z');
INSERT INTO order_items (id, order_id, product_id, quantity, unit_price, subtotal, created_at) 
                      VALUES ('1f6eb1ea-2f0f-4941-9111-a624f0e19db1', 'fde64924-55a8-43df-a7f2-5368b2a095ab', '49e54b55-6e07-407b-9dac-36e93e1f8aa2', 1, 55, 55, '2026-03-12T17:35:00.000Z');
INSERT INTO orders (id, buyer_id, seller_id, total_amount, status, created_at) 
                      VALUES ('9a2a0281-9ef9-4292-9540-e038bd3aea9a', '1161fb73-809d-4954-a73a-738a9a1868f7', 'cdc7b576-3957-4e3f-9e87-6630e4ef1950', 55, 'completed', '2026-03-12T19:55:00.000Z');
INSERT INTO order_items (id, order_id, product_id, quantity, unit_price, subtotal, created_at) 
                      VALUES ('1a6cf56e-5afb-4b84-98da-679d62304e54', '9a2a0281-9ef9-4292-9540-e038bd3aea9a', '49e54b55-6e07-407b-9dac-36e93e1f8aa2', 1, 55, 55, '2026-03-12T19:55:00.000Z');
INSERT INTO orders (id, buyer_id, seller_id, total_amount, status, created_at) 
                      VALUES ('215c77d4-c8e3-426b-83b3-a9ef1d50b6bf', '79768ab4-b021-418b-bf3c-0dd52f857b65', 'cdc7b576-3957-4e3f-9e87-6630e4ef1950', 55, 'completed', '2026-03-12T21:24:00.000Z');
INSERT INTO order_items (id, order_id, product_id, quantity, unit_price, subtotal, created_at) 
                      VALUES ('12be45bb-0eea-4b2d-b34f-c2e6d647f159', '215c77d4-c8e3-426b-83b3-a9ef1d50b6bf', '49e54b55-6e07-407b-9dac-36e93e1f8aa2', 1, 55, 55, '2026-03-12T21:24:00.000Z');
INSERT INTO orders (id, buyer_id, seller_id, total_amount, status, created_at) 
                      VALUES ('50dc1cfc-00a0-41a0-8265-558b178e78aa', '1161fb73-809d-4954-a73a-738a9a1868f7', 'cdc7b576-3957-4e3f-9e87-6630e4ef1950', 55, 'completed', '2026-03-12T19:02:00.000Z');
INSERT INTO order_items (id, order_id, product_id, quantity, unit_price, subtotal, created_at) 
                      VALUES ('9b0601e3-7679-4d43-a58d-1baadf606923', '50dc1cfc-00a0-41a0-8265-558b178e78aa', '49e54b55-6e07-407b-9dac-36e93e1f8aa2', 1, 55, 55, '2026-03-12T19:02:00.000Z');
INSERT INTO orders (id, buyer_id, seller_id, total_amount, status, created_at) 
                      VALUES ('c7177162-d486-4bd7-bbb1-45e87cfc10ee', '79768ab4-b021-418b-bf3c-0dd52f857b65', 'cdc7b576-3957-4e3f-9e87-6630e4ef1950', 55, 'completed', '2026-03-12T17:45:00.000Z');
INSERT INTO order_items (id, order_id, product_id, quantity, unit_price, subtotal, created_at) 
                      VALUES ('8d6a1f39-7db7-46ad-b471-dbf4aae55829', 'c7177162-d486-4bd7-bbb1-45e87cfc10ee', '49e54b55-6e07-407b-9dac-36e93e1f8aa2', 1, 55, 55, '2026-03-12T17:45:00.000Z');
INSERT INTO orders (id, buyer_id, seller_id, total_amount, status, created_at) 
                      VALUES ('b430c9b9-447f-4d66-bf9d-39b4df53a386', '1161fb73-809d-4954-a73a-738a9a1868f7', 'cdc7b576-3957-4e3f-9e87-6630e4ef1950', 55, 'completed', '2026-03-12T17:43:00.000Z');
INSERT INTO order_items (id, order_id, product_id, quantity, unit_price, subtotal, created_at) 
                      VALUES ('4560e69b-5b84-405b-b36e-1126d7bb82cd', 'b430c9b9-447f-4d66-bf9d-39b4df53a386', '49e54b55-6e07-407b-9dac-36e93e1f8aa2', 1, 55, 55, '2026-03-12T17:43:00.000Z');
INSERT INTO orders (id, buyer_id, seller_id, total_amount, status, created_at) 
                      VALUES ('f08f258e-11c6-4d15-abb7-7386e1eef65c', '79768ab4-b021-418b-bf3c-0dd52f857b65', 'cdc7b576-3957-4e3f-9e87-6630e4ef1950', 55, 'completed', '2026-03-12T20:33:00.000Z');
INSERT INTO order_items (id, order_id, product_id, quantity, unit_price, subtotal, created_at) 
                      VALUES ('33ad8908-b325-40ae-b43d-fd076b8d6fe0', 'f08f258e-11c6-4d15-abb7-7386e1eef65c', '49e54b55-6e07-407b-9dac-36e93e1f8aa2', 1, 55, 55, '2026-03-12T20:33:00.000Z');
INSERT INTO orders (id, buyer_id, seller_id, total_amount, status, created_at) 
                      VALUES ('d54bae25-4099-4898-a554-a4554785a98b', '6c8c4ad9-70e8-48cb-9ce8-5d01c349ffcc', 'cdc7b576-3957-4e3f-9e87-6630e4ef1950', 55, 'completed', '2026-03-12T16:42:00.000Z');
INSERT INTO order_items (id, order_id, product_id, quantity, unit_price, subtotal, created_at) 
                      VALUES ('bdb9a18b-b07b-44c1-958d-a557e075f10a', 'd54bae25-4099-4898-a554-a4554785a98b', '49e54b55-6e07-407b-9dac-36e93e1f8aa2', 1, 55, 55, '2026-03-12T16:42:00.000Z');
INSERT INTO audit_logs (id, action, user_id, description, level, created_at) 
                  VALUES ('20b69caa-8c1a-4626-a1a6-64a4a77851d1', 'USER_LOGIN', '6adabb60-eed5-4dd0-b80c-41983dd81404', 'Vendedor inició sesión para jornada', 'info', '2026-03-13T14:25:00.000Z');
INSERT INTO daily_sales (id, seller_id, sale_date, total_investment, total_revenue, units_sold, units_lost, total_waste_cost, is_closed) 
                  VALUES ('ac73f541-2904-4530-8b3c-a2ebf0349dad', '6adabb60-eed5-4dd0-b80c-41983dd81404', '2026-03-13', 560, 975, 13, 1, 40, true);
INSERT INTO sale_details (id, daily_sale_id, product_id, quantity_prepared, quantity_sold, quantity_lost, unit_cost, unit_price, waste_cost, waste_reason) 
                  VALUES ('4382f944-7d9b-455a-b094-46599484babc', 'ac73f541-2904-4530-8b3c-a2ebf0349dad', 'cd4cb45a-05bc-4729-bb2a-06d122f369fc', 14, 13, 1, 40, 75, 40, 'expired');
INSERT INTO orders (id, buyer_id, seller_id, total_amount, status, created_at) 
                      VALUES ('0e774d05-b93b-4cbb-b91f-1bea09010482', 'ac51e939-ec0b-40c3-b3e7-39711b12845a', '6adabb60-eed5-4dd0-b80c-41983dd81404', 75, 'completed', '2026-03-13T18:17:00.000Z');
INSERT INTO order_items (id, order_id, product_id, quantity, unit_price, subtotal, created_at) 
                      VALUES ('5de51f98-c70d-497b-8251-8d095362a7e1', '0e774d05-b93b-4cbb-b91f-1bea09010482', 'cd4cb45a-05bc-4729-bb2a-06d122f369fc', 1, 75, 75, '2026-03-13T18:17:00.000Z');
INSERT INTO orders (id, buyer_id, seller_id, total_amount, status, created_at) 
                      VALUES ('aea881d8-e7c6-455a-80af-33626aa7ac46', '6c8c4ad9-70e8-48cb-9ce8-5d01c349ffcc', '6adabb60-eed5-4dd0-b80c-41983dd81404', 75, 'completed', '2026-03-13T18:18:00.000Z');
INSERT INTO order_items (id, order_id, product_id, quantity, unit_price, subtotal, created_at) 
                      VALUES ('92561a83-854c-4dd3-9306-c7eb8a21771a', 'aea881d8-e7c6-455a-80af-33626aa7ac46', 'cd4cb45a-05bc-4729-bb2a-06d122f369fc', 1, 75, 75, '2026-03-13T18:18:00.000Z');
INSERT INTO orders (id, buyer_id, seller_id, total_amount, status, created_at) 
                      VALUES ('64afffb8-6a2c-48e3-b657-39dbf6501c09', 'ac51e939-ec0b-40c3-b3e7-39711b12845a', '6adabb60-eed5-4dd0-b80c-41983dd81404', 75, 'completed', '2026-03-13T16:41:00.000Z');
INSERT INTO order_items (id, order_id, product_id, quantity, unit_price, subtotal, created_at) 
                      VALUES ('0c33b058-98f2-439b-8629-f4527305634d', '64afffb8-6a2c-48e3-b657-39dbf6501c09', 'cd4cb45a-05bc-4729-bb2a-06d122f369fc', 1, 75, 75, '2026-03-13T16:41:00.000Z');
INSERT INTO orders (id, buyer_id, seller_id, total_amount, status, created_at) 
                      VALUES ('4b2caf8d-34c9-46e6-87f9-ed8252636137', '6c8c4ad9-70e8-48cb-9ce8-5d01c349ffcc', '6adabb60-eed5-4dd0-b80c-41983dd81404', 75, 'completed', '2026-03-13T21:10:00.000Z');
INSERT INTO order_items (id, order_id, product_id, quantity, unit_price, subtotal, created_at) 
                      VALUES ('c4ab0ca0-b414-42d8-8076-3ca781acef77', '4b2caf8d-34c9-46e6-87f9-ed8252636137', 'cd4cb45a-05bc-4729-bb2a-06d122f369fc', 1, 75, 75, '2026-03-13T21:10:00.000Z');
INSERT INTO orders (id, buyer_id, seller_id, total_amount, status, created_at) 
                      VALUES ('354b1ea5-778e-45fa-a4f5-44bc5088418e', '1161fb73-809d-4954-a73a-738a9a1868f7', '6adabb60-eed5-4dd0-b80c-41983dd81404', 75, 'completed', '2026-03-13T20:00:00.000Z');
INSERT INTO order_items (id, order_id, product_id, quantity, unit_price, subtotal, created_at) 
                      VALUES ('69b76a09-0e9d-4a53-8419-a7cbbf64de29', '354b1ea5-778e-45fa-a4f5-44bc5088418e', 'cd4cb45a-05bc-4729-bb2a-06d122f369fc', 1, 75, 75, '2026-03-13T20:00:00.000Z');
INSERT INTO orders (id, buyer_id, seller_id, total_amount, status, created_at) 
                      VALUES ('ff72f448-82b4-4b36-8d56-93e7ee5d55c4', '233694a0-da98-4b19-8640-7b99f406554e', '6adabb60-eed5-4dd0-b80c-41983dd81404', 75, 'completed', '2026-03-13T21:55:00.000Z');
INSERT INTO order_items (id, order_id, product_id, quantity, unit_price, subtotal, created_at) 
                      VALUES ('244fd9c2-48fa-46c3-a3f5-191192b9a310', 'ff72f448-82b4-4b36-8d56-93e7ee5d55c4', 'cd4cb45a-05bc-4729-bb2a-06d122f369fc', 1, 75, 75, '2026-03-13T21:55:00.000Z');
INSERT INTO orders (id, buyer_id, seller_id, total_amount, status, created_at) 
                      VALUES ('778a2e62-78c9-48c1-b1e7-4626324a83f6', '233694a0-da98-4b19-8640-7b99f406554e', '6adabb60-eed5-4dd0-b80c-41983dd81404', 75, 'completed', '2026-03-13T16:50:00.000Z');
INSERT INTO order_items (id, order_id, product_id, quantity, unit_price, subtotal, created_at) 
                      VALUES ('c9f7e493-1086-4dad-ba61-7be88d214ad2', '778a2e62-78c9-48c1-b1e7-4626324a83f6', 'cd4cb45a-05bc-4729-bb2a-06d122f369fc', 1, 75, 75, '2026-03-13T16:50:00.000Z');
INSERT INTO orders (id, buyer_id, seller_id, total_amount, status, created_at) 
                      VALUES ('d0a6561b-7aa9-45f8-a331-23dad1ead648', '6c8c4ad9-70e8-48cb-9ce8-5d01c349ffcc', '6adabb60-eed5-4dd0-b80c-41983dd81404', 75, 'completed', '2026-03-13T20:38:00.000Z');
INSERT INTO order_items (id, order_id, product_id, quantity, unit_price, subtotal, created_at) 
                      VALUES ('313a2eeb-25fa-40fb-8b21-a4680e96dc0a', 'd0a6561b-7aa9-45f8-a331-23dad1ead648', 'cd4cb45a-05bc-4729-bb2a-06d122f369fc', 1, 75, 75, '2026-03-13T20:38:00.000Z');
INSERT INTO orders (id, buyer_id, seller_id, total_amount, status, created_at) 
                      VALUES ('b97494b7-700a-40e9-bad8-21803a3dab16', '6c8c4ad9-70e8-48cb-9ce8-5d01c349ffcc', '6adabb60-eed5-4dd0-b80c-41983dd81404', 75, 'completed', '2026-03-13T17:28:00.000Z');
INSERT INTO order_items (id, order_id, product_id, quantity, unit_price, subtotal, created_at) 
                      VALUES ('ce0dafaf-2567-406c-973c-f3668d5eafc3', 'b97494b7-700a-40e9-bad8-21803a3dab16', 'cd4cb45a-05bc-4729-bb2a-06d122f369fc', 1, 75, 75, '2026-03-13T17:28:00.000Z');
INSERT INTO orders (id, buyer_id, seller_id, total_amount, status, created_at) 
                      VALUES ('f4a899d6-ba53-40a5-aaaa-f861e263aa66', '1161fb73-809d-4954-a73a-738a9a1868f7', '6adabb60-eed5-4dd0-b80c-41983dd81404', 75, 'completed', '2026-03-13T21:41:00.000Z');
INSERT INTO order_items (id, order_id, product_id, quantity, unit_price, subtotal, created_at) 
                      VALUES ('2a63b31d-66ec-405d-b784-23d47eb424c8', 'f4a899d6-ba53-40a5-aaaa-f861e263aa66', 'cd4cb45a-05bc-4729-bb2a-06d122f369fc', 1, 75, 75, '2026-03-13T21:41:00.000Z');
INSERT INTO orders (id, buyer_id, seller_id, total_amount, status, created_at) 
                      VALUES ('1ac08949-45f7-45d2-b407-768e47679dfc', 'ac51e939-ec0b-40c3-b3e7-39711b12845a', '6adabb60-eed5-4dd0-b80c-41983dd81404', 75, 'completed', '2026-03-13T19:48:00.000Z');
INSERT INTO order_items (id, order_id, product_id, quantity, unit_price, subtotal, created_at) 
                      VALUES ('98f04ff7-9401-43cc-a153-d91d3dde5e9e', '1ac08949-45f7-45d2-b407-768e47679dfc', 'cd4cb45a-05bc-4729-bb2a-06d122f369fc', 1, 75, 75, '2026-03-13T19:48:00.000Z');
INSERT INTO orders (id, buyer_id, seller_id, total_amount, status, created_at) 
                      VALUES ('c3882c7c-cf81-4ecf-98f0-03d9243d2731', '79768ab4-b021-418b-bf3c-0dd52f857b65', '6adabb60-eed5-4dd0-b80c-41983dd81404', 75, 'completed', '2026-03-13T16:41:00.000Z');
INSERT INTO order_items (id, order_id, product_id, quantity, unit_price, subtotal, created_at) 
                      VALUES ('d68e9779-6527-46da-b87f-afe65efa8832', 'c3882c7c-cf81-4ecf-98f0-03d9243d2731', 'cd4cb45a-05bc-4729-bb2a-06d122f369fc', 1, 75, 75, '2026-03-13T16:41:00.000Z');
INSERT INTO orders (id, buyer_id, seller_id, total_amount, status, created_at) 
                      VALUES ('8bb874a0-865e-45b4-a526-02033d8d4e85', 'b03c172d-3388-458c-8054-b6ad7db24e27', '6adabb60-eed5-4dd0-b80c-41983dd81404', 75, 'completed', '2026-03-13T17:17:00.000Z');
INSERT INTO order_items (id, order_id, product_id, quantity, unit_price, subtotal, created_at) 
                      VALUES ('ccb26122-c309-4070-8dbb-3a2da4a86a42', '8bb874a0-865e-45b4-a526-02033d8d4e85', 'cd4cb45a-05bc-4729-bb2a-06d122f369fc', 1, 75, 75, '2026-03-13T17:17:00.000Z');
INSERT INTO audit_logs (id, action, user_id, description, level, created_at) 
                  VALUES ('dba5aeb8-aa14-4d1d-a2bc-23c4ee73d197', 'USER_LOGIN', '5f552e5d-c288-453c-a685-b287e1c0c64a', 'Vendedor inició sesión para jornada', 'info', '2026-03-13T14:12:00.000Z');
INSERT INTO daily_sales (id, seller_id, sale_date, total_investment, total_revenue, units_sold, units_lost, total_waste_cost, is_closed) 
                  VALUES ('1a45d865-781c-436f-be74-ed33aab1c346', '5f552e5d-c288-453c-a685-b287e1c0c64a', '2026-03-13', 280, 540, 12, 2, 40, true);
INSERT INTO sale_details (id, daily_sale_id, product_id, quantity_prepared, quantity_sold, quantity_lost, unit_cost, unit_price, waste_cost, waste_reason) 
                  VALUES ('e20f9dc8-5c11-48cd-9eaf-067c7faca9eb', '1a45d865-781c-436f-be74-ed33aab1c346', '90ccc3f8-627a-4af7-aab2-9c7967c2f50d', 14, 12, 2, 20, 45, 40, 'expired');
INSERT INTO orders (id, buyer_id, seller_id, total_amount, status, created_at) 
                      VALUES ('72dd6646-a96d-4913-9ee8-15af8dc081c7', 'aa9e3c8c-e997-4408-ac68-6265851f972d', '5f552e5d-c288-453c-a685-b287e1c0c64a', 45, 'completed', '2026-03-13T17:58:00.000Z');
INSERT INTO order_items (id, order_id, product_id, quantity, unit_price, subtotal, created_at) 
                      VALUES ('15a695f8-da2b-444b-8c30-3d87b13baf3a', '72dd6646-a96d-4913-9ee8-15af8dc081c7', '90ccc3f8-627a-4af7-aab2-9c7967c2f50d', 1, 45, 45, '2026-03-13T17:58:00.000Z');
INSERT INTO orders (id, buyer_id, seller_id, total_amount, status, created_at) 
                      VALUES ('235ea2cb-f307-4688-a724-1bc87f4db89a', 'aa9e3c8c-e997-4408-ac68-6265851f972d', '5f552e5d-c288-453c-a685-b287e1c0c64a', 45, 'completed', '2026-03-13T17:52:00.000Z');
INSERT INTO order_items (id, order_id, product_id, quantity, unit_price, subtotal, created_at) 
                      VALUES ('23b9d52d-8b64-48c7-a675-88c99a6b4a0f', '235ea2cb-f307-4688-a724-1bc87f4db89a', '90ccc3f8-627a-4af7-aab2-9c7967c2f50d', 1, 45, 45, '2026-03-13T17:52:00.000Z');
INSERT INTO orders (id, buyer_id, seller_id, total_amount, status, created_at) 
                      VALUES ('033a009e-f2ea-45c9-a03c-5251cc556f20', '6c8c4ad9-70e8-48cb-9ce8-5d01c349ffcc', '5f552e5d-c288-453c-a685-b287e1c0c64a', 45, 'completed', '2026-03-13T20:49:00.000Z');
INSERT INTO order_items (id, order_id, product_id, quantity, unit_price, subtotal, created_at) 
                      VALUES ('abef66c0-5797-4077-bb26-6b4d284350aa', '033a009e-f2ea-45c9-a03c-5251cc556f20', '90ccc3f8-627a-4af7-aab2-9c7967c2f50d', 1, 45, 45, '2026-03-13T20:49:00.000Z');
INSERT INTO orders (id, buyer_id, seller_id, total_amount, status, created_at) 
                      VALUES ('e6118639-fb15-40f3-a09a-8a10bd289dd9', '233694a0-da98-4b19-8640-7b99f406554e', '5f552e5d-c288-453c-a685-b287e1c0c64a', 45, 'completed', '2026-03-13T19:50:00.000Z');
INSERT INTO order_items (id, order_id, product_id, quantity, unit_price, subtotal, created_at) 
                      VALUES ('0f245889-7ffb-43f7-b3c0-462fc1c4db6e', 'e6118639-fb15-40f3-a09a-8a10bd289dd9', '90ccc3f8-627a-4af7-aab2-9c7967c2f50d', 1, 45, 45, '2026-03-13T19:50:00.000Z');
INSERT INTO orders (id, buyer_id, seller_id, total_amount, status, created_at) 
                      VALUES ('340f549a-e017-48b2-8157-5abf5fd92f1c', 'aa9e3c8c-e997-4408-ac68-6265851f972d', '5f552e5d-c288-453c-a685-b287e1c0c64a', 45, 'completed', '2026-03-13T17:25:00.000Z');
INSERT INTO order_items (id, order_id, product_id, quantity, unit_price, subtotal, created_at) 
                      VALUES ('882d94fe-c83a-4492-ad1c-63b2944ea9ba', '340f549a-e017-48b2-8157-5abf5fd92f1c', '90ccc3f8-627a-4af7-aab2-9c7967c2f50d', 1, 45, 45, '2026-03-13T17:25:00.000Z');
INSERT INTO orders (id, buyer_id, seller_id, total_amount, status, created_at) 
                      VALUES ('236e33e9-a9a0-4a1a-8a9b-9ac48d7d7218', '6c8c4ad9-70e8-48cb-9ce8-5d01c349ffcc', '5f552e5d-c288-453c-a685-b287e1c0c64a', 45, 'completed', '2026-03-13T20:02:00.000Z');
INSERT INTO order_items (id, order_id, product_id, quantity, unit_price, subtotal, created_at) 
                      VALUES ('2efbb331-e642-43e9-afdc-de21d8610a3d', '236e33e9-a9a0-4a1a-8a9b-9ac48d7d7218', '90ccc3f8-627a-4af7-aab2-9c7967c2f50d', 1, 45, 45, '2026-03-13T20:02:00.000Z');
INSERT INTO orders (id, buyer_id, seller_id, total_amount, status, created_at) 
                      VALUES ('b323b552-8dfa-45c2-a5f2-3e70909b2bfd', 'ac51e939-ec0b-40c3-b3e7-39711b12845a', '5f552e5d-c288-453c-a685-b287e1c0c64a', 45, 'completed', '2026-03-13T16:19:00.000Z');
INSERT INTO order_items (id, order_id, product_id, quantity, unit_price, subtotal, created_at) 
                      VALUES ('3d484937-0ab0-4fdf-8d97-cdb5f7034b57', 'b323b552-8dfa-45c2-a5f2-3e70909b2bfd', '90ccc3f8-627a-4af7-aab2-9c7967c2f50d', 1, 45, 45, '2026-03-13T16:19:00.000Z');
INSERT INTO orders (id, buyer_id, seller_id, total_amount, status, created_at) 
                      VALUES ('599f188c-5ecc-40a4-aa79-40e5215b11c4', '79768ab4-b021-418b-bf3c-0dd52f857b65', '5f552e5d-c288-453c-a685-b287e1c0c64a', 45, 'completed', '2026-03-13T21:12:00.000Z');
INSERT INTO order_items (id, order_id, product_id, quantity, unit_price, subtotal, created_at) 
                      VALUES ('e61fc3de-e469-44b4-8c6c-f1001f85c918', '599f188c-5ecc-40a4-aa79-40e5215b11c4', '90ccc3f8-627a-4af7-aab2-9c7967c2f50d', 1, 45, 45, '2026-03-13T21:12:00.000Z');
INSERT INTO orders (id, buyer_id, seller_id, total_amount, status, created_at) 
                      VALUES ('23bd028e-36c8-4d78-91ed-6dd1a37d00da', '233694a0-da98-4b19-8640-7b99f406554e', '5f552e5d-c288-453c-a685-b287e1c0c64a', 45, 'completed', '2026-03-13T21:56:00.000Z');
INSERT INTO order_items (id, order_id, product_id, quantity, unit_price, subtotal, created_at) 
                      VALUES ('5d75387b-e79b-4337-abf8-119f251d9847', '23bd028e-36c8-4d78-91ed-6dd1a37d00da', '90ccc3f8-627a-4af7-aab2-9c7967c2f50d', 1, 45, 45, '2026-03-13T21:56:00.000Z');
INSERT INTO orders (id, buyer_id, seller_id, total_amount, status, created_at) 
                      VALUES ('d1cbd604-7ab9-48d1-9cec-53708efed866', '233694a0-da98-4b19-8640-7b99f406554e', '5f552e5d-c288-453c-a685-b287e1c0c64a', 45, 'completed', '2026-03-13T21:55:00.000Z');
INSERT INTO order_items (id, order_id, product_id, quantity, unit_price, subtotal, created_at) 
                      VALUES ('f47c9b54-eabd-4cba-9433-25f7cb909462', 'd1cbd604-7ab9-48d1-9cec-53708efed866', '90ccc3f8-627a-4af7-aab2-9c7967c2f50d', 1, 45, 45, '2026-03-13T21:55:00.000Z');
INSERT INTO orders (id, buyer_id, seller_id, total_amount, status, created_at) 
                      VALUES ('70785279-3d7b-4227-9050-859fbd891e75', '79768ab4-b021-418b-bf3c-0dd52f857b65', '5f552e5d-c288-453c-a685-b287e1c0c64a', 45, 'completed', '2026-03-13T18:38:00.000Z');
INSERT INTO order_items (id, order_id, product_id, quantity, unit_price, subtotal, created_at) 
                      VALUES ('b08edc1d-809d-4024-878d-b31165038878', '70785279-3d7b-4227-9050-859fbd891e75', '90ccc3f8-627a-4af7-aab2-9c7967c2f50d', 1, 45, 45, '2026-03-13T18:38:00.000Z');
INSERT INTO orders (id, buyer_id, seller_id, total_amount, status, created_at) 
                      VALUES ('720e2c34-609d-4177-8c97-492b40bddc86', '6c8c4ad9-70e8-48cb-9ce8-5d01c349ffcc', '5f552e5d-c288-453c-a685-b287e1c0c64a', 45, 'completed', '2026-03-13T20:03:00.000Z');
INSERT INTO order_items (id, order_id, product_id, quantity, unit_price, subtotal, created_at) 
                      VALUES ('f99fd9e2-d79e-4cd2-b8b8-4f76a01b6e2d', '720e2c34-609d-4177-8c97-492b40bddc86', '90ccc3f8-627a-4af7-aab2-9c7967c2f50d', 1, 45, 45, '2026-03-13T20:03:00.000Z');
INSERT INTO audit_logs (id, action, user_id, description, level, created_at) 
                  VALUES ('8a7d36a8-3d73-44e1-b771-695d7b80ea33', 'USER_LOGIN', '522afd0e-5b6f-4f57-be80-46fd79ba12db', 'Vendedor inició sesión para jornada', 'info', '2026-03-13T14:26:00.000Z');
INSERT INTO daily_sales (id, seller_id, sale_date, total_investment, total_revenue, units_sold, units_lost, total_waste_cost, is_closed) 
                  VALUES ('1f7697d0-4c92-45f0-a4e4-6c08508e0cef', '522afd0e-5b6f-4f57-be80-46fd79ba12db', '2026-03-13', 120, 240, 8, 2, 24, true);
INSERT INTO sale_details (id, daily_sale_id, product_id, quantity_prepared, quantity_sold, quantity_lost, unit_cost, unit_price, waste_cost, waste_reason) 
                  VALUES ('761e8514-f341-4657-ad8f-81dbff70e87d', '1f7697d0-4c92-45f0-a4e4-6c08508e0cef', 'c865d401-6592-418d-98d5-1aa633799680', 10, 8, 2, 12, 30, 24, 'expired');
INSERT INTO orders (id, buyer_id, seller_id, total_amount, status, created_at) 
                      VALUES ('93722470-3e78-4041-b9f8-b801b403e5e8', '1161fb73-809d-4954-a73a-738a9a1868f7', '522afd0e-5b6f-4f57-be80-46fd79ba12db', 30, 'completed', '2026-03-13T21:09:00.000Z');
INSERT INTO order_items (id, order_id, product_id, quantity, unit_price, subtotal, created_at) 
                      VALUES ('da94af81-d28c-483b-bc06-9b8e79a20091', '93722470-3e78-4041-b9f8-b801b403e5e8', 'c865d401-6592-418d-98d5-1aa633799680', 1, 30, 30, '2026-03-13T21:09:00.000Z');
INSERT INTO orders (id, buyer_id, seller_id, total_amount, status, created_at) 
                      VALUES ('6b7cb16e-df60-4ada-a02d-2a55b80ed657', 'b03c172d-3388-458c-8054-b6ad7db24e27', '522afd0e-5b6f-4f57-be80-46fd79ba12db', 30, 'completed', '2026-03-13T19:03:00.000Z');
INSERT INTO order_items (id, order_id, product_id, quantity, unit_price, subtotal, created_at) 
                      VALUES ('544904ce-32a5-4b7a-8d11-8bbb8b06e5fc', '6b7cb16e-df60-4ada-a02d-2a55b80ed657', 'c865d401-6592-418d-98d5-1aa633799680', 1, 30, 30, '2026-03-13T19:03:00.000Z');
INSERT INTO orders (id, buyer_id, seller_id, total_amount, status, created_at) 
                      VALUES ('11708f3e-b8ef-4a1e-b356-43dca1ee5303', '1161fb73-809d-4954-a73a-738a9a1868f7', '522afd0e-5b6f-4f57-be80-46fd79ba12db', 30, 'completed', '2026-03-13T19:09:00.000Z');
INSERT INTO order_items (id, order_id, product_id, quantity, unit_price, subtotal, created_at) 
                      VALUES ('77cc3b44-654a-457b-bb45-c09a72a17faf', '11708f3e-b8ef-4a1e-b356-43dca1ee5303', 'c865d401-6592-418d-98d5-1aa633799680', 1, 30, 30, '2026-03-13T19:09:00.000Z');
INSERT INTO orders (id, buyer_id, seller_id, total_amount, status, created_at) 
                      VALUES ('9a353a74-852d-415d-a6eb-70f30ac98016', 'aa9e3c8c-e997-4408-ac68-6265851f972d', '522afd0e-5b6f-4f57-be80-46fd79ba12db', 30, 'completed', '2026-03-13T16:17:00.000Z');
INSERT INTO order_items (id, order_id, product_id, quantity, unit_price, subtotal, created_at) 
                      VALUES ('56047297-95e0-47fc-be47-cac617be60c2', '9a353a74-852d-415d-a6eb-70f30ac98016', 'c865d401-6592-418d-98d5-1aa633799680', 1, 30, 30, '2026-03-13T16:17:00.000Z');
INSERT INTO orders (id, buyer_id, seller_id, total_amount, status, created_at) 
                      VALUES ('eef4a788-d513-4aa9-a26a-4c9dddac4b58', '1161fb73-809d-4954-a73a-738a9a1868f7', '522afd0e-5b6f-4f57-be80-46fd79ba12db', 30, 'completed', '2026-03-13T16:28:00.000Z');
INSERT INTO order_items (id, order_id, product_id, quantity, unit_price, subtotal, created_at) 
                      VALUES ('275e871f-49e7-444a-885d-08f078ef0fdb', 'eef4a788-d513-4aa9-a26a-4c9dddac4b58', 'c865d401-6592-418d-98d5-1aa633799680', 1, 30, 30, '2026-03-13T16:28:00.000Z');
INSERT INTO orders (id, buyer_id, seller_id, total_amount, status, created_at) 
                      VALUES ('5a7ea17c-2e96-4e88-94cd-e76e5fe82434', 'aa9e3c8c-e997-4408-ac68-6265851f972d', '522afd0e-5b6f-4f57-be80-46fd79ba12db', 30, 'completed', '2026-03-13T18:02:00.000Z');
INSERT INTO order_items (id, order_id, product_id, quantity, unit_price, subtotal, created_at) 
                      VALUES ('ca599a3b-b2f4-44db-903d-28cfa57ce098', '5a7ea17c-2e96-4e88-94cd-e76e5fe82434', 'c865d401-6592-418d-98d5-1aa633799680', 1, 30, 30, '2026-03-13T18:02:00.000Z');
INSERT INTO orders (id, buyer_id, seller_id, total_amount, status, created_at) 
                      VALUES ('ad54c43a-e745-49ed-8b9e-1344903c3b46', '6c8c4ad9-70e8-48cb-9ce8-5d01c349ffcc', '522afd0e-5b6f-4f57-be80-46fd79ba12db', 30, 'completed', '2026-03-13T17:37:00.000Z');
INSERT INTO order_items (id, order_id, product_id, quantity, unit_price, subtotal, created_at) 
                      VALUES ('783c07fa-0da4-4d5e-ac7f-f9b10d1ee3cb', 'ad54c43a-e745-49ed-8b9e-1344903c3b46', 'c865d401-6592-418d-98d5-1aa633799680', 1, 30, 30, '2026-03-13T17:37:00.000Z');
INSERT INTO orders (id, buyer_id, seller_id, total_amount, status, created_at) 
                      VALUES ('6dd8aa98-230d-4942-b9ea-f48d1c6df790', '79768ab4-b021-418b-bf3c-0dd52f857b65', '522afd0e-5b6f-4f57-be80-46fd79ba12db', 30, 'completed', '2026-03-13T17:59:00.000Z');
INSERT INTO order_items (id, order_id, product_id, quantity, unit_price, subtotal, created_at) 
                      VALUES ('af7fe4b2-11c1-472d-9a37-28161144a1bb', '6dd8aa98-230d-4942-b9ea-f48d1c6df790', 'c865d401-6592-418d-98d5-1aa633799680', 1, 30, 30, '2026-03-13T17:59:00.000Z');
INSERT INTO audit_logs (id, action, user_id, description, level, created_at) 
                  VALUES ('efe71cb5-731a-45a5-945b-bbb9076c79c3', 'USER_LOGIN', 'da273443-bae3-4781-ae4e-819d0c9d56a6', 'Vendedor inició sesión para jornada', 'info', '2026-03-13T14:06:00.000Z');
INSERT INTO daily_sales (id, seller_id, sale_date, total_investment, total_revenue, units_sold, units_lost, total_waste_cost, is_closed) 
                  VALUES ('a59426c5-b07d-41bd-acc0-dece4c1b6b8e', 'da273443-bae3-4781-ae4e-819d0c9d56a6', '2026-03-13', 96, 275, 11, 1, 8, true);
INSERT INTO sale_details (id, daily_sale_id, product_id, quantity_prepared, quantity_sold, quantity_lost, unit_cost, unit_price, waste_cost, waste_reason) 
                  VALUES ('52398187-d16d-4fad-9770-8b6e44273dd1', 'a59426c5-b07d-41bd-acc0-dece4c1b6b8e', 'ea84c406-f235-4e9c-b061-71ed9401e63b', 12, 11, 1, 8, 25, 8, 'expired');
INSERT INTO orders (id, buyer_id, seller_id, total_amount, status, created_at) 
                      VALUES ('ad369512-5be7-431c-ac35-865cc289a258', '233694a0-da98-4b19-8640-7b99f406554e', 'da273443-bae3-4781-ae4e-819d0c9d56a6', 25, 'completed', '2026-03-13T17:55:00.000Z');
INSERT INTO order_items (id, order_id, product_id, quantity, unit_price, subtotal, created_at) 
                      VALUES ('6b14abf6-51e8-4777-93d0-78676640bfaa', 'ad369512-5be7-431c-ac35-865cc289a258', 'ea84c406-f235-4e9c-b061-71ed9401e63b', 1, 25, 25, '2026-03-13T17:55:00.000Z');
INSERT INTO orders (id, buyer_id, seller_id, total_amount, status, created_at) 
                      VALUES ('bf7d31af-6861-40ca-9eab-fd3aed62997f', 'aa9e3c8c-e997-4408-ac68-6265851f972d', 'da273443-bae3-4781-ae4e-819d0c9d56a6', 25, 'completed', '2026-03-13T19:59:00.000Z');
INSERT INTO order_items (id, order_id, product_id, quantity, unit_price, subtotal, created_at) 
                      VALUES ('7799d95a-458c-4f86-abb7-bc90f5b794dd', 'bf7d31af-6861-40ca-9eab-fd3aed62997f', 'ea84c406-f235-4e9c-b061-71ed9401e63b', 1, 25, 25, '2026-03-13T19:59:00.000Z');
INSERT INTO orders (id, buyer_id, seller_id, total_amount, status, created_at) 
                      VALUES ('822cf27c-e771-46fb-893a-46ec9b95f624', 'ac51e939-ec0b-40c3-b3e7-39711b12845a', 'da273443-bae3-4781-ae4e-819d0c9d56a6', 25, 'completed', '2026-03-13T16:55:00.000Z');
INSERT INTO order_items (id, order_id, product_id, quantity, unit_price, subtotal, created_at) 
                      VALUES ('852cbd21-8f40-460a-844a-c684382ad834', '822cf27c-e771-46fb-893a-46ec9b95f624', 'ea84c406-f235-4e9c-b061-71ed9401e63b', 1, 25, 25, '2026-03-13T16:55:00.000Z');
INSERT INTO orders (id, buyer_id, seller_id, total_amount, status, created_at) 
                      VALUES ('8f0e4856-ecf4-4017-9a44-7d9324b6c28a', 'aa9e3c8c-e997-4408-ac68-6265851f972d', 'da273443-bae3-4781-ae4e-819d0c9d56a6', 25, 'completed', '2026-03-13T17:05:00.000Z');
INSERT INTO order_items (id, order_id, product_id, quantity, unit_price, subtotal, created_at) 
                      VALUES ('5405a725-cb48-42b2-8679-82af4c56b841', '8f0e4856-ecf4-4017-9a44-7d9324b6c28a', 'ea84c406-f235-4e9c-b061-71ed9401e63b', 1, 25, 25, '2026-03-13T17:05:00.000Z');
INSERT INTO orders (id, buyer_id, seller_id, total_amount, status, created_at) 
                      VALUES ('315bcbbf-735e-4683-8c5d-12e37f27c654', '1161fb73-809d-4954-a73a-738a9a1868f7', 'da273443-bae3-4781-ae4e-819d0c9d56a6', 25, 'completed', '2026-03-13T20:01:00.000Z');
INSERT INTO order_items (id, order_id, product_id, quantity, unit_price, subtotal, created_at) 
                      VALUES ('f3e9c758-fd0a-499c-9de5-e798313eb462', '315bcbbf-735e-4683-8c5d-12e37f27c654', 'ea84c406-f235-4e9c-b061-71ed9401e63b', 1, 25, 25, '2026-03-13T20:01:00.000Z');
INSERT INTO orders (id, buyer_id, seller_id, total_amount, status, created_at) 
                      VALUES ('65d8de23-3988-41af-8f23-028a0f5035e7', 'aa9e3c8c-e997-4408-ac68-6265851f972d', 'da273443-bae3-4781-ae4e-819d0c9d56a6', 25, 'completed', '2026-03-13T17:40:00.000Z');
INSERT INTO order_items (id, order_id, product_id, quantity, unit_price, subtotal, created_at) 
                      VALUES ('303e9ca5-2a4d-472e-83c4-679fe2d7552b', '65d8de23-3988-41af-8f23-028a0f5035e7', 'ea84c406-f235-4e9c-b061-71ed9401e63b', 1, 25, 25, '2026-03-13T17:40:00.000Z');
INSERT INTO orders (id, buyer_id, seller_id, total_amount, status, created_at) 
                      VALUES ('4c13936c-095f-4fc0-8290-ad18b81865c0', '79768ab4-b021-418b-bf3c-0dd52f857b65', 'da273443-bae3-4781-ae4e-819d0c9d56a6', 25, 'completed', '2026-03-13T17:58:00.000Z');
INSERT INTO order_items (id, order_id, product_id, quantity, unit_price, subtotal, created_at) 
                      VALUES ('a1b245c9-eabd-4d89-a05f-bc278b5efb67', '4c13936c-095f-4fc0-8290-ad18b81865c0', 'ea84c406-f235-4e9c-b061-71ed9401e63b', 1, 25, 25, '2026-03-13T17:58:00.000Z');
INSERT INTO orders (id, buyer_id, seller_id, total_amount, status, created_at) 
                      VALUES ('fadbc835-358a-4894-b6a8-43cce93d3e31', '79768ab4-b021-418b-bf3c-0dd52f857b65', 'da273443-bae3-4781-ae4e-819d0c9d56a6', 25, 'completed', '2026-03-13T18:55:00.000Z');
INSERT INTO order_items (id, order_id, product_id, quantity, unit_price, subtotal, created_at) 
                      VALUES ('40e0f08f-09ff-485b-97c8-b0f03d6d3a40', 'fadbc835-358a-4894-b6a8-43cce93d3e31', 'ea84c406-f235-4e9c-b061-71ed9401e63b', 1, 25, 25, '2026-03-13T18:55:00.000Z');
INSERT INTO orders (id, buyer_id, seller_id, total_amount, status, created_at) 
                      VALUES ('a8af9799-8b8d-462a-8da8-103e32bbcf9e', 'ac51e939-ec0b-40c3-b3e7-39711b12845a', 'da273443-bae3-4781-ae4e-819d0c9d56a6', 25, 'completed', '2026-03-13T21:33:00.000Z');
INSERT INTO order_items (id, order_id, product_id, quantity, unit_price, subtotal, created_at) 
                      VALUES ('21cecfb4-09a7-4760-a18b-1ce4da8311b7', 'a8af9799-8b8d-462a-8da8-103e32bbcf9e', 'ea84c406-f235-4e9c-b061-71ed9401e63b', 1, 25, 25, '2026-03-13T21:33:00.000Z');
INSERT INTO orders (id, buyer_id, seller_id, total_amount, status, created_at) 
                      VALUES ('6e81cd9d-e8c7-41b5-8d3b-5536dd4aac19', '233694a0-da98-4b19-8640-7b99f406554e', 'da273443-bae3-4781-ae4e-819d0c9d56a6', 25, 'completed', '2026-03-13T17:39:00.000Z');
INSERT INTO order_items (id, order_id, product_id, quantity, unit_price, subtotal, created_at) 
                      VALUES ('c10263f1-f827-4cef-8fbb-9503c15dcdea', '6e81cd9d-e8c7-41b5-8d3b-5536dd4aac19', 'ea84c406-f235-4e9c-b061-71ed9401e63b', 1, 25, 25, '2026-03-13T17:39:00.000Z');
INSERT INTO orders (id, buyer_id, seller_id, total_amount, status, created_at) 
                      VALUES ('66ec0e6e-b8eb-44c4-a3f3-c5e3c4a63b2c', '6c8c4ad9-70e8-48cb-9ce8-5d01c349ffcc', 'da273443-bae3-4781-ae4e-819d0c9d56a6', 25, 'completed', '2026-03-13T16:38:00.000Z');
INSERT INTO order_items (id, order_id, product_id, quantity, unit_price, subtotal, created_at) 
                      VALUES ('89a49669-baf4-495e-abab-d5db3c67fdb6', '66ec0e6e-b8eb-44c4-a3f3-c5e3c4a63b2c', 'ea84c406-f235-4e9c-b061-71ed9401e63b', 1, 25, 25, '2026-03-13T16:38:00.000Z');
INSERT INTO audit_logs (id, action, user_id, description, level, created_at) 
                  VALUES ('4cc51bff-2d1a-4bdb-84e6-576849224b57', 'USER_LOGIN', 'cdc7b576-3957-4e3f-9e87-6630e4ef1950', 'Vendedor inició sesión para jornada', 'info', '2026-03-13T14:21:00.000Z');
INSERT INTO daily_sales (id, seller_id, sale_date, total_investment, total_revenue, units_sold, units_lost, total_waste_cost, is_closed) 
                  VALUES ('46ac3863-2917-41a6-bccf-9c084bc7e802', 'cdc7b576-3957-4e3f-9e87-6630e4ef1950', '2026-03-13', 300, 550, 10, 2, 50, true);
INSERT INTO sale_details (id, daily_sale_id, product_id, quantity_prepared, quantity_sold, quantity_lost, unit_cost, unit_price, waste_cost, waste_reason) 
                  VALUES ('0cf243fb-e9a5-48cd-9680-dcf1ee14d78a', '46ac3863-2917-41a6-bccf-9c084bc7e802', '49e54b55-6e07-407b-9dac-36e93e1f8aa2', 12, 10, 2, 25, 55, 50, 'expired');
INSERT INTO orders (id, buyer_id, seller_id, total_amount, status, created_at) 
                      VALUES ('074ac37d-6620-4a1d-bed2-694e339109ca', '233694a0-da98-4b19-8640-7b99f406554e', 'cdc7b576-3957-4e3f-9e87-6630e4ef1950', 55, 'completed', '2026-03-13T16:56:00.000Z');
INSERT INTO order_items (id, order_id, product_id, quantity, unit_price, subtotal, created_at) 
                      VALUES ('6de0af26-b8ba-4961-9912-53355fc6e1a1', '074ac37d-6620-4a1d-bed2-694e339109ca', '49e54b55-6e07-407b-9dac-36e93e1f8aa2', 1, 55, 55, '2026-03-13T16:56:00.000Z');
INSERT INTO orders (id, buyer_id, seller_id, total_amount, status, created_at) 
                      VALUES ('d37c3f68-10e6-40ec-bba4-0cb9c177a9a7', '6c8c4ad9-70e8-48cb-9ce8-5d01c349ffcc', 'cdc7b576-3957-4e3f-9e87-6630e4ef1950', 55, 'completed', '2026-03-13T16:26:00.000Z');
INSERT INTO order_items (id, order_id, product_id, quantity, unit_price, subtotal, created_at) 
                      VALUES ('b814d3e2-22cd-4529-bd64-7af033870e70', 'd37c3f68-10e6-40ec-bba4-0cb9c177a9a7', '49e54b55-6e07-407b-9dac-36e93e1f8aa2', 1, 55, 55, '2026-03-13T16:26:00.000Z');
INSERT INTO orders (id, buyer_id, seller_id, total_amount, status, created_at) 
                      VALUES ('79f0f041-2748-422c-8fef-cf07a17edc62', 'b03c172d-3388-458c-8054-b6ad7db24e27', 'cdc7b576-3957-4e3f-9e87-6630e4ef1950', 55, 'completed', '2026-03-13T18:58:00.000Z');
INSERT INTO order_items (id, order_id, product_id, quantity, unit_price, subtotal, created_at) 
                      VALUES ('87ad3c49-3132-420b-a864-4fe16cb85aac', '79f0f041-2748-422c-8fef-cf07a17edc62', '49e54b55-6e07-407b-9dac-36e93e1f8aa2', 1, 55, 55, '2026-03-13T18:58:00.000Z');
INSERT INTO orders (id, buyer_id, seller_id, total_amount, status, created_at) 
                      VALUES ('4e9f4c9b-fb32-4ddf-8f38-1f7f35e2fda1', 'b03c172d-3388-458c-8054-b6ad7db24e27', 'cdc7b576-3957-4e3f-9e87-6630e4ef1950', 55, 'completed', '2026-03-13T16:17:00.000Z');
INSERT INTO order_items (id, order_id, product_id, quantity, unit_price, subtotal, created_at) 
                      VALUES ('21fb81e5-c511-4c94-a4b2-2c8792bacb3b', '4e9f4c9b-fb32-4ddf-8f38-1f7f35e2fda1', '49e54b55-6e07-407b-9dac-36e93e1f8aa2', 1, 55, 55, '2026-03-13T16:17:00.000Z');
INSERT INTO orders (id, buyer_id, seller_id, total_amount, status, created_at) 
                      VALUES ('df13f067-66c7-4d0e-a947-1dffa2046f50', '79768ab4-b021-418b-bf3c-0dd52f857b65', 'cdc7b576-3957-4e3f-9e87-6630e4ef1950', 55, 'completed', '2026-03-13T16:13:00.000Z');
INSERT INTO order_items (id, order_id, product_id, quantity, unit_price, subtotal, created_at) 
                      VALUES ('856adfb3-c33f-40cc-b279-1293cd7a3bc6', 'df13f067-66c7-4d0e-a947-1dffa2046f50', '49e54b55-6e07-407b-9dac-36e93e1f8aa2', 1, 55, 55, '2026-03-13T16:13:00.000Z');
INSERT INTO orders (id, buyer_id, seller_id, total_amount, status, created_at) 
                      VALUES ('0a2546a6-aa27-47d0-b3cd-329e4a5f7445', 'b03c172d-3388-458c-8054-b6ad7db24e27', 'cdc7b576-3957-4e3f-9e87-6630e4ef1950', 55, 'completed', '2026-03-13T20:13:00.000Z');
INSERT INTO order_items (id, order_id, product_id, quantity, unit_price, subtotal, created_at) 
                      VALUES ('b0a041e5-5833-4033-a54c-8fc788e5f5cb', '0a2546a6-aa27-47d0-b3cd-329e4a5f7445', '49e54b55-6e07-407b-9dac-36e93e1f8aa2', 1, 55, 55, '2026-03-13T20:13:00.000Z');
INSERT INTO orders (id, buyer_id, seller_id, total_amount, status, created_at) 
                      VALUES ('2b178bdd-9c92-4f6b-bbc9-b77f1f1ab7d3', '1161fb73-809d-4954-a73a-738a9a1868f7', 'cdc7b576-3957-4e3f-9e87-6630e4ef1950', 55, 'completed', '2026-03-13T19:46:00.000Z');
INSERT INTO order_items (id, order_id, product_id, quantity, unit_price, subtotal, created_at) 
                      VALUES ('90ad8dae-ebca-4d2b-bf1c-f21f97f92635', '2b178bdd-9c92-4f6b-bbc9-b77f1f1ab7d3', '49e54b55-6e07-407b-9dac-36e93e1f8aa2', 1, 55, 55, '2026-03-13T19:46:00.000Z');
INSERT INTO orders (id, buyer_id, seller_id, total_amount, status, created_at) 
                      VALUES ('0d728660-3569-4f7d-8f74-694b89ead47a', 'ac51e939-ec0b-40c3-b3e7-39711b12845a', 'cdc7b576-3957-4e3f-9e87-6630e4ef1950', 55, 'completed', '2026-03-13T18:17:00.000Z');
INSERT INTO order_items (id, order_id, product_id, quantity, unit_price, subtotal, created_at) 
                      VALUES ('4b6d2cf6-5c99-4820-ae0b-e5704c05d6ae', '0d728660-3569-4f7d-8f74-694b89ead47a', '49e54b55-6e07-407b-9dac-36e93e1f8aa2', 1, 55, 55, '2026-03-13T18:17:00.000Z');
INSERT INTO orders (id, buyer_id, seller_id, total_amount, status, created_at) 
                      VALUES ('1ea2f1fe-18d2-400b-b3a2-9c02295d8c43', '79768ab4-b021-418b-bf3c-0dd52f857b65', 'cdc7b576-3957-4e3f-9e87-6630e4ef1950', 55, 'completed', '2026-03-13T17:12:00.000Z');
INSERT INTO order_items (id, order_id, product_id, quantity, unit_price, subtotal, created_at) 
                      VALUES ('9d6d24db-4a1c-432d-94f0-0c32c466e3af', '1ea2f1fe-18d2-400b-b3a2-9c02295d8c43', '49e54b55-6e07-407b-9dac-36e93e1f8aa2', 1, 55, 55, '2026-03-13T17:12:00.000Z');
INSERT INTO orders (id, buyer_id, seller_id, total_amount, status, created_at) 
                      VALUES ('344f6692-85c3-49e3-b03f-1ce18307865d', 'ac51e939-ec0b-40c3-b3e7-39711b12845a', 'cdc7b576-3957-4e3f-9e87-6630e4ef1950', 55, 'completed', '2026-03-13T19:22:00.000Z');
INSERT INTO order_items (id, order_id, product_id, quantity, unit_price, subtotal, created_at) 
                      VALUES ('ae2e2c4e-f244-49c8-a7e4-1bd8ea27b0f4', '344f6692-85c3-49e3-b03f-1ce18307865d', '49e54b55-6e07-407b-9dac-36e93e1f8aa2', 1, 55, 55, '2026-03-13T19:22:00.000Z');
INSERT INTO audit_logs (id, action, user_id, description, level, created_at) 
                  VALUES ('fd544228-2839-4f88-9549-37fe0344457a', 'USER_LOGIN', '6adabb60-eed5-4dd0-b80c-41983dd81404', 'Vendedor inició sesión para jornada', 'info', '2026-03-14T14:02:00.000Z');
INSERT INTO daily_sales (id, seller_id, sale_date, total_investment, total_revenue, units_sold, units_lost, total_waste_cost, is_closed) 
                  VALUES ('95373a38-da3b-4b5c-9ab3-e6e45a19a44a', '6adabb60-eed5-4dd0-b80c-41983dd81404', '2026-03-14', 480, 900, 12, 0, 0, true);
INSERT INTO sale_details (id, daily_sale_id, product_id, quantity_prepared, quantity_sold, quantity_lost, unit_cost, unit_price, waste_cost, waste_reason) 
                  VALUES ('ce70c01a-a5fc-4bcb-aebe-fb190bc21eec', '95373a38-da3b-4b5c-9ab3-e6e45a19a44a', 'cd4cb45a-05bc-4729-bb2a-06d122f369fc', 12, 12, 0, 40, 75, 0, 'expired');
INSERT INTO orders (id, buyer_id, seller_id, total_amount, status, created_at) 
                      VALUES ('e183ebbe-38f0-4145-a9a5-447b584c84a6', 'b03c172d-3388-458c-8054-b6ad7db24e27', '6adabb60-eed5-4dd0-b80c-41983dd81404', 75, 'completed', '2026-03-14T21:14:00.000Z');
INSERT INTO order_items (id, order_id, product_id, quantity, unit_price, subtotal, created_at) 
                      VALUES ('5b97cf3d-f112-469e-98da-41510aa938c2', 'e183ebbe-38f0-4145-a9a5-447b584c84a6', 'cd4cb45a-05bc-4729-bb2a-06d122f369fc', 1, 75, 75, '2026-03-14T21:14:00.000Z');
INSERT INTO orders (id, buyer_id, seller_id, total_amount, status, created_at) 
                      VALUES ('14beaba4-e42c-4bdc-9a77-dc1ce9af241f', '79768ab4-b021-418b-bf3c-0dd52f857b65', '6adabb60-eed5-4dd0-b80c-41983dd81404', 75, 'completed', '2026-03-14T20:44:00.000Z');
INSERT INTO order_items (id, order_id, product_id, quantity, unit_price, subtotal, created_at) 
                      VALUES ('cedffee4-ac1d-4f13-a0a3-ddd2486652e4', '14beaba4-e42c-4bdc-9a77-dc1ce9af241f', 'cd4cb45a-05bc-4729-bb2a-06d122f369fc', 1, 75, 75, '2026-03-14T20:44:00.000Z');
INSERT INTO orders (id, buyer_id, seller_id, total_amount, status, created_at) 
                      VALUES ('2423a5cd-d2b0-4ef7-b5e6-7f40fb328c46', 'b03c172d-3388-458c-8054-b6ad7db24e27', '6adabb60-eed5-4dd0-b80c-41983dd81404', 75, 'completed', '2026-03-14T17:10:00.000Z');
INSERT INTO order_items (id, order_id, product_id, quantity, unit_price, subtotal, created_at) 
                      VALUES ('2826f95c-1e3d-4626-8160-aa2065c7885c', '2423a5cd-d2b0-4ef7-b5e6-7f40fb328c46', 'cd4cb45a-05bc-4729-bb2a-06d122f369fc', 1, 75, 75, '2026-03-14T17:10:00.000Z');
INSERT INTO orders (id, buyer_id, seller_id, total_amount, status, created_at) 
                      VALUES ('fc19a3b0-7303-487f-bb21-8834d2424b62', '1161fb73-809d-4954-a73a-738a9a1868f7', '6adabb60-eed5-4dd0-b80c-41983dd81404', 75, 'completed', '2026-03-14T20:18:00.000Z');
INSERT INTO order_items (id, order_id, product_id, quantity, unit_price, subtotal, created_at) 
                      VALUES ('de95d7fb-933f-4196-b6e8-f9ecb0bdcd85', 'fc19a3b0-7303-487f-bb21-8834d2424b62', 'cd4cb45a-05bc-4729-bb2a-06d122f369fc', 1, 75, 75, '2026-03-14T20:18:00.000Z');
INSERT INTO orders (id, buyer_id, seller_id, total_amount, status, created_at) 
                      VALUES ('e852051c-11e1-444e-bf23-15a1aadbde94', 'b03c172d-3388-458c-8054-b6ad7db24e27', '6adabb60-eed5-4dd0-b80c-41983dd81404', 75, 'completed', '2026-03-14T17:19:00.000Z');
INSERT INTO order_items (id, order_id, product_id, quantity, unit_price, subtotal, created_at) 
                      VALUES ('115c80e4-be60-4f8d-a103-dd4a0dc63bd3', 'e852051c-11e1-444e-bf23-15a1aadbde94', 'cd4cb45a-05bc-4729-bb2a-06d122f369fc', 1, 75, 75, '2026-03-14T17:19:00.000Z');
INSERT INTO orders (id, buyer_id, seller_id, total_amount, status, created_at) 
                      VALUES ('5c660607-2e25-4d8a-acfa-b12c41b096c1', '1161fb73-809d-4954-a73a-738a9a1868f7', '6adabb60-eed5-4dd0-b80c-41983dd81404', 75, 'completed', '2026-03-14T20:02:00.000Z');
INSERT INTO order_items (id, order_id, product_id, quantity, unit_price, subtotal, created_at) 
                      VALUES ('135f614f-591c-4f69-95ba-7a5af5cf3e23', '5c660607-2e25-4d8a-acfa-b12c41b096c1', 'cd4cb45a-05bc-4729-bb2a-06d122f369fc', 1, 75, 75, '2026-03-14T20:02:00.000Z');
INSERT INTO orders (id, buyer_id, seller_id, total_amount, status, created_at) 
                      VALUES ('57044af9-aaf4-4d6a-9ee8-d223149c6afd', '233694a0-da98-4b19-8640-7b99f406554e', '6adabb60-eed5-4dd0-b80c-41983dd81404', 75, 'completed', '2026-03-14T16:19:00.000Z');
INSERT INTO order_items (id, order_id, product_id, quantity, unit_price, subtotal, created_at) 
                      VALUES ('5af0ea48-d9ff-4347-abeb-b2a249525dd2', '57044af9-aaf4-4d6a-9ee8-d223149c6afd', 'cd4cb45a-05bc-4729-bb2a-06d122f369fc', 1, 75, 75, '2026-03-14T16:19:00.000Z');
INSERT INTO orders (id, buyer_id, seller_id, total_amount, status, created_at) 
                      VALUES ('db2f62c7-8de6-43d2-a480-678b871faecf', '79768ab4-b021-418b-bf3c-0dd52f857b65', '6adabb60-eed5-4dd0-b80c-41983dd81404', 75, 'completed', '2026-03-14T19:45:00.000Z');
INSERT INTO order_items (id, order_id, product_id, quantity, unit_price, subtotal, created_at) 
                      VALUES ('202d1d51-97d5-4d01-81bc-a75b719b9f3c', 'db2f62c7-8de6-43d2-a480-678b871faecf', 'cd4cb45a-05bc-4729-bb2a-06d122f369fc', 1, 75, 75, '2026-03-14T19:45:00.000Z');
INSERT INTO orders (id, buyer_id, seller_id, total_amount, status, created_at) 
                      VALUES ('86bcf831-9100-478d-8454-81ce81d5954d', '1161fb73-809d-4954-a73a-738a9a1868f7', '6adabb60-eed5-4dd0-b80c-41983dd81404', 75, 'completed', '2026-03-14T18:02:00.000Z');
INSERT INTO order_items (id, order_id, product_id, quantity, unit_price, subtotal, created_at) 
                      VALUES ('945cb385-6204-41ad-947b-dcdbabf5ac58', '86bcf831-9100-478d-8454-81ce81d5954d', 'cd4cb45a-05bc-4729-bb2a-06d122f369fc', 1, 75, 75, '2026-03-14T18:02:00.000Z');
INSERT INTO orders (id, buyer_id, seller_id, total_amount, status, created_at) 
                      VALUES ('fc8dfcb9-43f2-48a1-b2e0-68e74feca108', 'b03c172d-3388-458c-8054-b6ad7db24e27', '6adabb60-eed5-4dd0-b80c-41983dd81404', 75, 'completed', '2026-03-14T16:01:00.000Z');
INSERT INTO order_items (id, order_id, product_id, quantity, unit_price, subtotal, created_at) 
                      VALUES ('bc95b21c-7bba-4a81-a579-449b921be1e8', 'fc8dfcb9-43f2-48a1-b2e0-68e74feca108', 'cd4cb45a-05bc-4729-bb2a-06d122f369fc', 1, 75, 75, '2026-03-14T16:01:00.000Z');
INSERT INTO orders (id, buyer_id, seller_id, total_amount, status, created_at) 
                      VALUES ('f5044180-6042-4f8c-b9be-205ff7b52f58', 'aa9e3c8c-e997-4408-ac68-6265851f972d', '6adabb60-eed5-4dd0-b80c-41983dd81404', 75, 'completed', '2026-03-14T21:28:00.000Z');
INSERT INTO order_items (id, order_id, product_id, quantity, unit_price, subtotal, created_at) 
                      VALUES ('25e285b6-f4d0-4064-ab3e-fd5df7833500', 'f5044180-6042-4f8c-b9be-205ff7b52f58', 'cd4cb45a-05bc-4729-bb2a-06d122f369fc', 1, 75, 75, '2026-03-14T21:28:00.000Z');
INSERT INTO orders (id, buyer_id, seller_id, total_amount, status, created_at) 
                      VALUES ('81efdced-5928-4701-a22f-1282f6e67809', 'b03c172d-3388-458c-8054-b6ad7db24e27', '6adabb60-eed5-4dd0-b80c-41983dd81404', 75, 'completed', '2026-03-14T18:54:00.000Z');
INSERT INTO order_items (id, order_id, product_id, quantity, unit_price, subtotal, created_at) 
                      VALUES ('38b5802d-1403-4ffa-a4ad-43ff9f5cecca', '81efdced-5928-4701-a22f-1282f6e67809', 'cd4cb45a-05bc-4729-bb2a-06d122f369fc', 1, 75, 75, '2026-03-14T18:54:00.000Z');
INSERT INTO audit_logs (id, action, user_id, description, level, created_at) 
                  VALUES ('3092462f-83dd-49ed-b8a4-403fc763bf92', 'USER_LOGIN', '5f552e5d-c288-453c-a685-b287e1c0c64a', 'Vendedor inició sesión para jornada', 'info', '2026-03-14T14:18:00.000Z');
INSERT INTO daily_sales (id, seller_id, sale_date, total_investment, total_revenue, units_sold, units_lost, total_waste_cost, is_closed) 
                  VALUES ('a04f26a6-fffd-4b64-aba0-f89dafda0388', '5f552e5d-c288-453c-a685-b287e1c0c64a', '2026-03-14', 220, 405, 9, 2, 40, true);
INSERT INTO sale_details (id, daily_sale_id, product_id, quantity_prepared, quantity_sold, quantity_lost, unit_cost, unit_price, waste_cost, waste_reason) 
                  VALUES ('cdb33f80-aee4-4bde-b614-3fd3f47a62db', 'a04f26a6-fffd-4b64-aba0-f89dafda0388', '90ccc3f8-627a-4af7-aab2-9c7967c2f50d', 11, 9, 2, 20, 45, 40, 'expired');
INSERT INTO orders (id, buyer_id, seller_id, total_amount, status, created_at) 
                      VALUES ('2589a721-1070-4c60-9f41-01e440b8a91b', 'aa9e3c8c-e997-4408-ac68-6265851f972d', '5f552e5d-c288-453c-a685-b287e1c0c64a', 45, 'completed', '2026-03-14T19:40:00.000Z');
INSERT INTO order_items (id, order_id, product_id, quantity, unit_price, subtotal, created_at) 
                      VALUES ('a21240ef-ec6f-46a0-a7bb-8628bd31b132', '2589a721-1070-4c60-9f41-01e440b8a91b', '90ccc3f8-627a-4af7-aab2-9c7967c2f50d', 1, 45, 45, '2026-03-14T19:40:00.000Z');
INSERT INTO orders (id, buyer_id, seller_id, total_amount, status, created_at) 
                      VALUES ('66838ad5-002a-4e35-9702-bcabbdaae30b', '6c8c4ad9-70e8-48cb-9ce8-5d01c349ffcc', '5f552e5d-c288-453c-a685-b287e1c0c64a', 45, 'completed', '2026-03-14T17:46:00.000Z');
INSERT INTO order_items (id, order_id, product_id, quantity, unit_price, subtotal, created_at) 
                      VALUES ('93cb8ca0-f835-4000-9d8c-03ad7fbb5f7e', '66838ad5-002a-4e35-9702-bcabbdaae30b', '90ccc3f8-627a-4af7-aab2-9c7967c2f50d', 1, 45, 45, '2026-03-14T17:46:00.000Z');
INSERT INTO orders (id, buyer_id, seller_id, total_amount, status, created_at) 
                      VALUES ('9e556926-6457-4018-8f20-5f33e274d904', 'ac51e939-ec0b-40c3-b3e7-39711b12845a', '5f552e5d-c288-453c-a685-b287e1c0c64a', 45, 'completed', '2026-03-14T20:19:00.000Z');
INSERT INTO order_items (id, order_id, product_id, quantity, unit_price, subtotal, created_at) 
                      VALUES ('532e2aeb-68c3-49be-abe5-4a7d7d74abbf', '9e556926-6457-4018-8f20-5f33e274d904', '90ccc3f8-627a-4af7-aab2-9c7967c2f50d', 1, 45, 45, '2026-03-14T20:19:00.000Z');
INSERT INTO orders (id, buyer_id, seller_id, total_amount, status, created_at) 
                      VALUES ('406c852e-4076-48f3-a53f-ce97f98ad6fc', '1161fb73-809d-4954-a73a-738a9a1868f7', '5f552e5d-c288-453c-a685-b287e1c0c64a', 45, 'completed', '2026-03-14T19:24:00.000Z');
INSERT INTO order_items (id, order_id, product_id, quantity, unit_price, subtotal, created_at) 
                      VALUES ('6a17fd93-aad1-4d70-95bc-7a866eb988f8', '406c852e-4076-48f3-a53f-ce97f98ad6fc', '90ccc3f8-627a-4af7-aab2-9c7967c2f50d', 1, 45, 45, '2026-03-14T19:24:00.000Z');
INSERT INTO orders (id, buyer_id, seller_id, total_amount, status, created_at) 
                      VALUES ('56ee6c6a-9af5-4633-8f64-6bf36d6695ba', 'aa9e3c8c-e997-4408-ac68-6265851f972d', '5f552e5d-c288-453c-a685-b287e1c0c64a', 45, 'completed', '2026-03-14T18:57:00.000Z');
INSERT INTO order_items (id, order_id, product_id, quantity, unit_price, subtotal, created_at) 
                      VALUES ('31d1e371-4948-44ad-940f-22d0edcf5821', '56ee6c6a-9af5-4633-8f64-6bf36d6695ba', '90ccc3f8-627a-4af7-aab2-9c7967c2f50d', 1, 45, 45, '2026-03-14T18:57:00.000Z');
INSERT INTO orders (id, buyer_id, seller_id, total_amount, status, created_at) 
                      VALUES ('d48153fb-eff6-4277-b3f7-c5bc92686f02', 'ac51e939-ec0b-40c3-b3e7-39711b12845a', '5f552e5d-c288-453c-a685-b287e1c0c64a', 45, 'completed', '2026-03-14T17:24:00.000Z');
INSERT INTO order_items (id, order_id, product_id, quantity, unit_price, subtotal, created_at) 
                      VALUES ('3ce0728d-1fa3-40ac-a778-e04639c8ccfa', 'd48153fb-eff6-4277-b3f7-c5bc92686f02', '90ccc3f8-627a-4af7-aab2-9c7967c2f50d', 1, 45, 45, '2026-03-14T17:24:00.000Z');
INSERT INTO orders (id, buyer_id, seller_id, total_amount, status, created_at) 
                      VALUES ('830b1d24-319f-432a-bdcf-875831f65d11', '233694a0-da98-4b19-8640-7b99f406554e', '5f552e5d-c288-453c-a685-b287e1c0c64a', 45, 'completed', '2026-03-14T20:06:00.000Z');
INSERT INTO order_items (id, order_id, product_id, quantity, unit_price, subtotal, created_at) 
                      VALUES ('71a724bb-8620-4d16-bb4b-38e927a2117d', '830b1d24-319f-432a-bdcf-875831f65d11', '90ccc3f8-627a-4af7-aab2-9c7967c2f50d', 1, 45, 45, '2026-03-14T20:06:00.000Z');
INSERT INTO orders (id, buyer_id, seller_id, total_amount, status, created_at) 
                      VALUES ('2550c32f-2859-47ea-8f3e-944fd3f92ba7', '6c8c4ad9-70e8-48cb-9ce8-5d01c349ffcc', '5f552e5d-c288-453c-a685-b287e1c0c64a', 45, 'completed', '2026-03-14T16:44:00.000Z');
INSERT INTO order_items (id, order_id, product_id, quantity, unit_price, subtotal, created_at) 
                      VALUES ('3bf98ab5-956a-4ac6-ab51-729fdcbfda05', '2550c32f-2859-47ea-8f3e-944fd3f92ba7', '90ccc3f8-627a-4af7-aab2-9c7967c2f50d', 1, 45, 45, '2026-03-14T16:44:00.000Z');
INSERT INTO orders (id, buyer_id, seller_id, total_amount, status, created_at) 
                      VALUES ('2ad8d03c-e0c7-4248-886e-1608402bbc3e', '79768ab4-b021-418b-bf3c-0dd52f857b65', '5f552e5d-c288-453c-a685-b287e1c0c64a', 45, 'completed', '2026-03-14T17:05:00.000Z');
INSERT INTO order_items (id, order_id, product_id, quantity, unit_price, subtotal, created_at) 
                      VALUES ('6b77b6a1-c772-45b8-8727-b593a4a67c14', '2ad8d03c-e0c7-4248-886e-1608402bbc3e', '90ccc3f8-627a-4af7-aab2-9c7967c2f50d', 1, 45, 45, '2026-03-14T17:05:00.000Z');
INSERT INTO audit_logs (id, action, user_id, description, level, created_at) 
                  VALUES ('a42f69b3-87e1-49bb-b895-870d31e1a68c', 'USER_LOGIN', '522afd0e-5b6f-4f57-be80-46fd79ba12db', 'Vendedor inició sesión para jornada', 'info', '2026-03-14T14:28:00.000Z');
INSERT INTO daily_sales (id, seller_id, sale_date, total_investment, total_revenue, units_sold, units_lost, total_waste_cost, is_closed) 
                  VALUES ('a3d8e000-b9c0-4a59-a000-e815b5a28c98', '522afd0e-5b6f-4f57-be80-46fd79ba12db', '2026-03-14', 132, 330, 11, 0, 0, true);
INSERT INTO sale_details (id, daily_sale_id, product_id, quantity_prepared, quantity_sold, quantity_lost, unit_cost, unit_price, waste_cost, waste_reason) 
                  VALUES ('6cb707d8-ad91-432e-ab80-9620029bb73a', 'a3d8e000-b9c0-4a59-a000-e815b5a28c98', 'c865d401-6592-418d-98d5-1aa633799680', 11, 11, 0, 12, 30, 0, 'expired');
INSERT INTO orders (id, buyer_id, seller_id, total_amount, status, created_at) 
                      VALUES ('1a726018-1bfc-494c-9f4b-69a1e70ab023', 'ac51e939-ec0b-40c3-b3e7-39711b12845a', '522afd0e-5b6f-4f57-be80-46fd79ba12db', 30, 'completed', '2026-03-14T16:03:00.000Z');
INSERT INTO order_items (id, order_id, product_id, quantity, unit_price, subtotal, created_at) 
                      VALUES ('d154bfb5-352f-488e-bb8a-300dd27c4a8e', '1a726018-1bfc-494c-9f4b-69a1e70ab023', 'c865d401-6592-418d-98d5-1aa633799680', 1, 30, 30, '2026-03-14T16:03:00.000Z');
INSERT INTO orders (id, buyer_id, seller_id, total_amount, status, created_at) 
                      VALUES ('a6454c23-8981-4066-a2ee-df4ea2364505', 'ac51e939-ec0b-40c3-b3e7-39711b12845a', '522afd0e-5b6f-4f57-be80-46fd79ba12db', 30, 'completed', '2026-03-14T18:57:00.000Z');
INSERT INTO order_items (id, order_id, product_id, quantity, unit_price, subtotal, created_at) 
                      VALUES ('4347311f-8444-47b3-8fdf-c1b437a35dd1', 'a6454c23-8981-4066-a2ee-df4ea2364505', 'c865d401-6592-418d-98d5-1aa633799680', 1, 30, 30, '2026-03-14T18:57:00.000Z');
INSERT INTO orders (id, buyer_id, seller_id, total_amount, status, created_at) 
                      VALUES ('fe8ab1ca-eb7d-4073-928c-e1d42b3808f2', 'ac51e939-ec0b-40c3-b3e7-39711b12845a', '522afd0e-5b6f-4f57-be80-46fd79ba12db', 30, 'completed', '2026-03-14T17:31:00.000Z');
INSERT INTO order_items (id, order_id, product_id, quantity, unit_price, subtotal, created_at) 
                      VALUES ('3102b248-97a4-4de2-a347-cbd2ba4e96f8', 'fe8ab1ca-eb7d-4073-928c-e1d42b3808f2', 'c865d401-6592-418d-98d5-1aa633799680', 1, 30, 30, '2026-03-14T17:31:00.000Z');
INSERT INTO orders (id, buyer_id, seller_id, total_amount, status, created_at) 
                      VALUES ('043d67ab-aaac-4354-af11-c35443d78b95', '6c8c4ad9-70e8-48cb-9ce8-5d01c349ffcc', '522afd0e-5b6f-4f57-be80-46fd79ba12db', 30, 'completed', '2026-03-14T20:36:00.000Z');
INSERT INTO order_items (id, order_id, product_id, quantity, unit_price, subtotal, created_at) 
                      VALUES ('88fb6cd5-831a-448c-a44c-1b41fa6473a4', '043d67ab-aaac-4354-af11-c35443d78b95', 'c865d401-6592-418d-98d5-1aa633799680', 1, 30, 30, '2026-03-14T20:36:00.000Z');
INSERT INTO orders (id, buyer_id, seller_id, total_amount, status, created_at) 
                      VALUES ('a58f0537-0fb1-46b0-94b1-1bf6d0d26a09', '1161fb73-809d-4954-a73a-738a9a1868f7', '522afd0e-5b6f-4f57-be80-46fd79ba12db', 30, 'completed', '2026-03-14T19:48:00.000Z');
INSERT INTO order_items (id, order_id, product_id, quantity, unit_price, subtotal, created_at) 
                      VALUES ('87d00b35-daad-4b50-9fee-37c4696aa8c1', 'a58f0537-0fb1-46b0-94b1-1bf6d0d26a09', 'c865d401-6592-418d-98d5-1aa633799680', 1, 30, 30, '2026-03-14T19:48:00.000Z');
INSERT INTO orders (id, buyer_id, seller_id, total_amount, status, created_at) 
                      VALUES ('8e8252fd-ed58-4906-93f8-ce4fd1234437', '6c8c4ad9-70e8-48cb-9ce8-5d01c349ffcc', '522afd0e-5b6f-4f57-be80-46fd79ba12db', 30, 'completed', '2026-03-14T18:58:00.000Z');
INSERT INTO order_items (id, order_id, product_id, quantity, unit_price, subtotal, created_at) 
                      VALUES ('ae3fb21b-b4af-40a2-96c5-0c22d7a96d85', '8e8252fd-ed58-4906-93f8-ce4fd1234437', 'c865d401-6592-418d-98d5-1aa633799680', 1, 30, 30, '2026-03-14T18:58:00.000Z');
INSERT INTO orders (id, buyer_id, seller_id, total_amount, status, created_at) 
                      VALUES ('31f25efe-8790-471b-ba8d-7e89db6edd58', 'b03c172d-3388-458c-8054-b6ad7db24e27', '522afd0e-5b6f-4f57-be80-46fd79ba12db', 30, 'completed', '2026-03-14T21:50:00.000Z');
INSERT INTO order_items (id, order_id, product_id, quantity, unit_price, subtotal, created_at) 
                      VALUES ('97f50bb5-14fb-4dc5-a2c2-9bbe731ef15d', '31f25efe-8790-471b-ba8d-7e89db6edd58', 'c865d401-6592-418d-98d5-1aa633799680', 1, 30, 30, '2026-03-14T21:50:00.000Z');
INSERT INTO orders (id, buyer_id, seller_id, total_amount, status, created_at) 
                      VALUES ('b02ed602-64d2-4a7b-a5d9-feff95187c36', '233694a0-da98-4b19-8640-7b99f406554e', '522afd0e-5b6f-4f57-be80-46fd79ba12db', 30, 'completed', '2026-03-14T16:36:00.000Z');
INSERT INTO order_items (id, order_id, product_id, quantity, unit_price, subtotal, created_at) 
                      VALUES ('1b61709f-7b74-40f1-914a-5fb185d2cd4b', 'b02ed602-64d2-4a7b-a5d9-feff95187c36', 'c865d401-6592-418d-98d5-1aa633799680', 1, 30, 30, '2026-03-14T16:36:00.000Z');
INSERT INTO orders (id, buyer_id, seller_id, total_amount, status, created_at) 
                      VALUES ('54139fc7-43e9-4bae-981e-11695b979ae2', '1161fb73-809d-4954-a73a-738a9a1868f7', '522afd0e-5b6f-4f57-be80-46fd79ba12db', 30, 'completed', '2026-03-14T20:25:00.000Z');
INSERT INTO order_items (id, order_id, product_id, quantity, unit_price, subtotal, created_at) 
                      VALUES ('8e1c8bb7-2553-4ff3-81d8-8051717aff78', '54139fc7-43e9-4bae-981e-11695b979ae2', 'c865d401-6592-418d-98d5-1aa633799680', 1, 30, 30, '2026-03-14T20:25:00.000Z');
INSERT INTO orders (id, buyer_id, seller_id, total_amount, status, created_at) 
                      VALUES ('c2815b5c-0260-4282-9eca-526c3632ff6b', '1161fb73-809d-4954-a73a-738a9a1868f7', '522afd0e-5b6f-4f57-be80-46fd79ba12db', 30, 'completed', '2026-03-14T18:57:00.000Z');
INSERT INTO order_items (id, order_id, product_id, quantity, unit_price, subtotal, created_at) 
                      VALUES ('65f1cef2-77ed-4b4c-8711-3e66d85db8c7', 'c2815b5c-0260-4282-9eca-526c3632ff6b', 'c865d401-6592-418d-98d5-1aa633799680', 1, 30, 30, '2026-03-14T18:57:00.000Z');
INSERT INTO orders (id, buyer_id, seller_id, total_amount, status, created_at) 
                      VALUES ('8303801a-24c6-4de1-b341-1c4a8df84477', 'aa9e3c8c-e997-4408-ac68-6265851f972d', '522afd0e-5b6f-4f57-be80-46fd79ba12db', 30, 'completed', '2026-03-14T19:21:00.000Z');
INSERT INTO order_items (id, order_id, product_id, quantity, unit_price, subtotal, created_at) 
                      VALUES ('d06860a9-00ef-4f30-86ee-88c63c93af12', '8303801a-24c6-4de1-b341-1c4a8df84477', 'c865d401-6592-418d-98d5-1aa633799680', 1, 30, 30, '2026-03-14T19:21:00.000Z');
INSERT INTO audit_logs (id, action, user_id, description, level, created_at) 
                  VALUES ('9c47dafb-22f7-4e32-ab59-46a1651ec689', 'USER_LOGIN', 'da273443-bae3-4781-ae4e-819d0c9d56a6', 'Vendedor inició sesión para jornada', 'info', '2026-03-14T14:10:00.000Z');
INSERT INTO daily_sales (id, seller_id, sale_date, total_investment, total_revenue, units_sold, units_lost, total_waste_cost, is_closed) 
                  VALUES ('c8f22dd4-a2f2-40e2-b330-136a24794908', 'da273443-bae3-4781-ae4e-819d0c9d56a6', '2026-03-14', 88, 225, 9, 2, 16, true);
INSERT INTO sale_details (id, daily_sale_id, product_id, quantity_prepared, quantity_sold, quantity_lost, unit_cost, unit_price, waste_cost, waste_reason) 
                  VALUES ('97b350ac-5b82-4a31-8fb1-b84b91880901', 'c8f22dd4-a2f2-40e2-b330-136a24794908', 'ea84c406-f235-4e9c-b061-71ed9401e63b', 11, 9, 2, 8, 25, 16, 'expired');
INSERT INTO orders (id, buyer_id, seller_id, total_amount, status, created_at) 
                      VALUES ('746cc2ba-3c5f-4c60-a8a5-8272db10c435', 'ac51e939-ec0b-40c3-b3e7-39711b12845a', 'da273443-bae3-4781-ae4e-819d0c9d56a6', 25, 'completed', '2026-03-14T17:16:00.000Z');
INSERT INTO order_items (id, order_id, product_id, quantity, unit_price, subtotal, created_at) 
                      VALUES ('6ccc9163-facf-481e-9aa6-51dd36ac3c71', '746cc2ba-3c5f-4c60-a8a5-8272db10c435', 'ea84c406-f235-4e9c-b061-71ed9401e63b', 1, 25, 25, '2026-03-14T17:16:00.000Z');
INSERT INTO orders (id, buyer_id, seller_id, total_amount, status, created_at) 
                      VALUES ('6a75e815-482a-48a3-8f80-023e71d9aeb2', 'ac51e939-ec0b-40c3-b3e7-39711b12845a', 'da273443-bae3-4781-ae4e-819d0c9d56a6', 25, 'completed', '2026-03-14T20:25:00.000Z');
INSERT INTO order_items (id, order_id, product_id, quantity, unit_price, subtotal, created_at) 
                      VALUES ('13a71c3b-d51e-4dea-a238-65b07a000048', '6a75e815-482a-48a3-8f80-023e71d9aeb2', 'ea84c406-f235-4e9c-b061-71ed9401e63b', 1, 25, 25, '2026-03-14T20:25:00.000Z');
INSERT INTO orders (id, buyer_id, seller_id, total_amount, status, created_at) 
                      VALUES ('1980b812-953c-48d4-b95a-60fae9ebd986', '233694a0-da98-4b19-8640-7b99f406554e', 'da273443-bae3-4781-ae4e-819d0c9d56a6', 25, 'completed', '2026-03-14T17:25:00.000Z');
INSERT INTO order_items (id, order_id, product_id, quantity, unit_price, subtotal, created_at) 
                      VALUES ('5e8dbf47-634c-4d02-9b68-067d1735f20e', '1980b812-953c-48d4-b95a-60fae9ebd986', 'ea84c406-f235-4e9c-b061-71ed9401e63b', 1, 25, 25, '2026-03-14T17:25:00.000Z');
INSERT INTO orders (id, buyer_id, seller_id, total_amount, status, created_at) 
                      VALUES ('cf961f46-2915-4be8-ba74-e62d889a5bc0', 'ac51e939-ec0b-40c3-b3e7-39711b12845a', 'da273443-bae3-4781-ae4e-819d0c9d56a6', 25, 'completed', '2026-03-14T18:53:00.000Z');
INSERT INTO order_items (id, order_id, product_id, quantity, unit_price, subtotal, created_at) 
                      VALUES ('6e0a4e3c-bd70-4ea8-8ba5-e1a9680aebbd', 'cf961f46-2915-4be8-ba74-e62d889a5bc0', 'ea84c406-f235-4e9c-b061-71ed9401e63b', 1, 25, 25, '2026-03-14T18:53:00.000Z');
INSERT INTO orders (id, buyer_id, seller_id, total_amount, status, created_at) 
                      VALUES ('1388c7e1-ba27-423e-bf0f-0873b1abce1f', '79768ab4-b021-418b-bf3c-0dd52f857b65', 'da273443-bae3-4781-ae4e-819d0c9d56a6', 25, 'completed', '2026-03-14T17:01:00.000Z');
INSERT INTO order_items (id, order_id, product_id, quantity, unit_price, subtotal, created_at) 
                      VALUES ('99594ad3-af8e-4c89-9809-6f0c34c0b34b', '1388c7e1-ba27-423e-bf0f-0873b1abce1f', 'ea84c406-f235-4e9c-b061-71ed9401e63b', 1, 25, 25, '2026-03-14T17:01:00.000Z');
INSERT INTO orders (id, buyer_id, seller_id, total_amount, status, created_at) 
                      VALUES ('304b2eef-a679-4421-b734-842a8c1436dc', 'b03c172d-3388-458c-8054-b6ad7db24e27', 'da273443-bae3-4781-ae4e-819d0c9d56a6', 25, 'completed', '2026-03-14T16:11:00.000Z');
INSERT INTO order_items (id, order_id, product_id, quantity, unit_price, subtotal, created_at) 
                      VALUES ('d6321f16-70df-4923-9096-44c233a7c433', '304b2eef-a679-4421-b734-842a8c1436dc', 'ea84c406-f235-4e9c-b061-71ed9401e63b', 1, 25, 25, '2026-03-14T16:11:00.000Z');
INSERT INTO orders (id, buyer_id, seller_id, total_amount, status, created_at) 
                      VALUES ('99e8f7e2-14bc-4534-ba74-af21db4d824c', '233694a0-da98-4b19-8640-7b99f406554e', 'da273443-bae3-4781-ae4e-819d0c9d56a6', 25, 'completed', '2026-03-14T21:12:00.000Z');
INSERT INTO order_items (id, order_id, product_id, quantity, unit_price, subtotal, created_at) 
                      VALUES ('94aefb67-f969-48a3-8a5a-ea088d7039ba', '99e8f7e2-14bc-4534-ba74-af21db4d824c', 'ea84c406-f235-4e9c-b061-71ed9401e63b', 1, 25, 25, '2026-03-14T21:12:00.000Z');
INSERT INTO orders (id, buyer_id, seller_id, total_amount, status, created_at) 
                      VALUES ('74b5edce-3f41-4257-9cd7-99160d0fdc15', '1161fb73-809d-4954-a73a-738a9a1868f7', 'da273443-bae3-4781-ae4e-819d0c9d56a6', 25, 'completed', '2026-03-14T18:33:00.000Z');
INSERT INTO order_items (id, order_id, product_id, quantity, unit_price, subtotal, created_at) 
                      VALUES ('3d0cf08f-828e-4ce2-b7e2-c67db1e78fbf', '74b5edce-3f41-4257-9cd7-99160d0fdc15', 'ea84c406-f235-4e9c-b061-71ed9401e63b', 1, 25, 25, '2026-03-14T18:33:00.000Z');
INSERT INTO orders (id, buyer_id, seller_id, total_amount, status, created_at) 
                      VALUES ('08306b11-d5c8-4ffe-a1ac-8e989eeef601', '79768ab4-b021-418b-bf3c-0dd52f857b65', 'da273443-bae3-4781-ae4e-819d0c9d56a6', 25, 'completed', '2026-03-14T16:38:00.000Z');
INSERT INTO order_items (id, order_id, product_id, quantity, unit_price, subtotal, created_at) 
                      VALUES ('1180e974-363d-4d8b-b737-c066774ac123', '08306b11-d5c8-4ffe-a1ac-8e989eeef601', 'ea84c406-f235-4e9c-b061-71ed9401e63b', 1, 25, 25, '2026-03-14T16:38:00.000Z');
INSERT INTO audit_logs (id, action, user_id, description, level, created_at) 
                  VALUES ('fb0ef7e9-1bce-4ea8-936c-3788682e802b', 'USER_LOGIN', 'cdc7b576-3957-4e3f-9e87-6630e4ef1950', 'Vendedor inició sesión para jornada', 'info', '2026-03-14T14:11:00.000Z');
INSERT INTO daily_sales (id, seller_id, sale_date, total_investment, total_revenue, units_sold, units_lost, total_waste_cost, is_closed) 
                  VALUES ('db8aad33-445f-41bf-bc63-a78fde12fb8c', 'cdc7b576-3957-4e3f-9e87-6630e4ef1950', '2026-03-14', 300, 660, 12, 0, 0, true);
INSERT INTO sale_details (id, daily_sale_id, product_id, quantity_prepared, quantity_sold, quantity_lost, unit_cost, unit_price, waste_cost, waste_reason) 
                  VALUES ('644796da-b262-4990-9aa9-a1e14c9f22aa', 'db8aad33-445f-41bf-bc63-a78fde12fb8c', '49e54b55-6e07-407b-9dac-36e93e1f8aa2', 12, 12, 0, 25, 55, 0, 'expired');
INSERT INTO orders (id, buyer_id, seller_id, total_amount, status, created_at) 
                      VALUES ('bab8fd8e-99bd-4993-bfb9-0c20ed85088d', 'ac51e939-ec0b-40c3-b3e7-39711b12845a', 'cdc7b576-3957-4e3f-9e87-6630e4ef1950', 55, 'completed', '2026-03-14T21:26:00.000Z');
INSERT INTO order_items (id, order_id, product_id, quantity, unit_price, subtotal, created_at) 
                      VALUES ('1a1bbabf-52a4-46dc-9e2f-a9bbda70673c', 'bab8fd8e-99bd-4993-bfb9-0c20ed85088d', '49e54b55-6e07-407b-9dac-36e93e1f8aa2', 1, 55, 55, '2026-03-14T21:26:00.000Z');
INSERT INTO orders (id, buyer_id, seller_id, total_amount, status, created_at) 
                      VALUES ('9cab9e75-1640-456d-a5c8-91a5ac62c43f', '79768ab4-b021-418b-bf3c-0dd52f857b65', 'cdc7b576-3957-4e3f-9e87-6630e4ef1950', 55, 'completed', '2026-03-14T20:25:00.000Z');
INSERT INTO order_items (id, order_id, product_id, quantity, unit_price, subtotal, created_at) 
                      VALUES ('653d50e6-37b8-4bd8-87ab-2da69536d21c', '9cab9e75-1640-456d-a5c8-91a5ac62c43f', '49e54b55-6e07-407b-9dac-36e93e1f8aa2', 1, 55, 55, '2026-03-14T20:25:00.000Z');
INSERT INTO orders (id, buyer_id, seller_id, total_amount, status, created_at) 
                      VALUES ('d0087bbe-7500-4fb8-83c2-6d0c70ee3c95', '6c8c4ad9-70e8-48cb-9ce8-5d01c349ffcc', 'cdc7b576-3957-4e3f-9e87-6630e4ef1950', 55, 'completed', '2026-03-14T16:30:00.000Z');
INSERT INTO order_items (id, order_id, product_id, quantity, unit_price, subtotal, created_at) 
                      VALUES ('61df8fca-0513-4a3c-b944-821dffa2db58', 'd0087bbe-7500-4fb8-83c2-6d0c70ee3c95', '49e54b55-6e07-407b-9dac-36e93e1f8aa2', 1, 55, 55, '2026-03-14T16:30:00.000Z');
INSERT INTO orders (id, buyer_id, seller_id, total_amount, status, created_at) 
                      VALUES ('0d07e6b7-47b1-4da3-bcd1-351a7a099c22', '79768ab4-b021-418b-bf3c-0dd52f857b65', 'cdc7b576-3957-4e3f-9e87-6630e4ef1950', 55, 'completed', '2026-03-14T20:26:00.000Z');
INSERT INTO order_items (id, order_id, product_id, quantity, unit_price, subtotal, created_at) 
                      VALUES ('4ce2c8be-9741-4a15-bbcf-9a5d61341f39', '0d07e6b7-47b1-4da3-bcd1-351a7a099c22', '49e54b55-6e07-407b-9dac-36e93e1f8aa2', 1, 55, 55, '2026-03-14T20:26:00.000Z');
INSERT INTO orders (id, buyer_id, seller_id, total_amount, status, created_at) 
                      VALUES ('e5cb62c2-4950-4fb5-a8c4-fe7cf51a53af', 'ac51e939-ec0b-40c3-b3e7-39711b12845a', 'cdc7b576-3957-4e3f-9e87-6630e4ef1950', 55, 'completed', '2026-03-14T19:39:00.000Z');
INSERT INTO order_items (id, order_id, product_id, quantity, unit_price, subtotal, created_at) 
                      VALUES ('4399b04e-17c4-43f6-bd87-c6f2eea4c2d0', 'e5cb62c2-4950-4fb5-a8c4-fe7cf51a53af', '49e54b55-6e07-407b-9dac-36e93e1f8aa2', 1, 55, 55, '2026-03-14T19:39:00.000Z');
INSERT INTO orders (id, buyer_id, seller_id, total_amount, status, created_at) 
                      VALUES ('966c9654-157d-45aa-a6b6-41a478776c57', '233694a0-da98-4b19-8640-7b99f406554e', 'cdc7b576-3957-4e3f-9e87-6630e4ef1950', 55, 'completed', '2026-03-14T16:05:00.000Z');
INSERT INTO order_items (id, order_id, product_id, quantity, unit_price, subtotal, created_at) 
                      VALUES ('4053e616-97a6-4353-87a0-44416db994c6', '966c9654-157d-45aa-a6b6-41a478776c57', '49e54b55-6e07-407b-9dac-36e93e1f8aa2', 1, 55, 55, '2026-03-14T16:05:00.000Z');
INSERT INTO orders (id, buyer_id, seller_id, total_amount, status, created_at) 
                      VALUES ('dbb0cedd-2595-480c-97bb-950e3893e7cb', '233694a0-da98-4b19-8640-7b99f406554e', 'cdc7b576-3957-4e3f-9e87-6630e4ef1950', 55, 'completed', '2026-03-14T17:14:00.000Z');
INSERT INTO order_items (id, order_id, product_id, quantity, unit_price, subtotal, created_at) 
                      VALUES ('d71a439e-8936-4a1b-9c8d-372d54827730', 'dbb0cedd-2595-480c-97bb-950e3893e7cb', '49e54b55-6e07-407b-9dac-36e93e1f8aa2', 1, 55, 55, '2026-03-14T17:14:00.000Z');
INSERT INTO orders (id, buyer_id, seller_id, total_amount, status, created_at) 
                      VALUES ('510866d6-8153-4346-8175-30a09761314e', '233694a0-da98-4b19-8640-7b99f406554e', 'cdc7b576-3957-4e3f-9e87-6630e4ef1950', 55, 'completed', '2026-03-14T21:21:00.000Z');
INSERT INTO order_items (id, order_id, product_id, quantity, unit_price, subtotal, created_at) 
                      VALUES ('93ec4c8d-67f7-476b-989c-1cdf296e4f8b', '510866d6-8153-4346-8175-30a09761314e', '49e54b55-6e07-407b-9dac-36e93e1f8aa2', 1, 55, 55, '2026-03-14T21:21:00.000Z');
INSERT INTO orders (id, buyer_id, seller_id, total_amount, status, created_at) 
                      VALUES ('fb60bdd3-95ec-4478-b5cd-722ee38a7f52', 'ac51e939-ec0b-40c3-b3e7-39711b12845a', 'cdc7b576-3957-4e3f-9e87-6630e4ef1950', 55, 'completed', '2026-03-14T21:28:00.000Z');
INSERT INTO order_items (id, order_id, product_id, quantity, unit_price, subtotal, created_at) 
                      VALUES ('84b10463-ec0d-4083-81d4-ad5b73366c09', 'fb60bdd3-95ec-4478-b5cd-722ee38a7f52', '49e54b55-6e07-407b-9dac-36e93e1f8aa2', 1, 55, 55, '2026-03-14T21:28:00.000Z');
INSERT INTO orders (id, buyer_id, seller_id, total_amount, status, created_at) 
                      VALUES ('7758ab09-6ba9-4acc-b458-a0d9c3f627d9', 'aa9e3c8c-e997-4408-ac68-6265851f972d', 'cdc7b576-3957-4e3f-9e87-6630e4ef1950', 55, 'completed', '2026-03-14T19:57:00.000Z');
INSERT INTO order_items (id, order_id, product_id, quantity, unit_price, subtotal, created_at) 
                      VALUES ('78cf7199-08a6-4b2c-a43f-a91d2b5ec379', '7758ab09-6ba9-4acc-b458-a0d9c3f627d9', '49e54b55-6e07-407b-9dac-36e93e1f8aa2', 1, 55, 55, '2026-03-14T19:57:00.000Z');
INSERT INTO orders (id, buyer_id, seller_id, total_amount, status, created_at) 
                      VALUES ('ee94f767-8664-4cb1-b95c-1e2f841b4594', 'aa9e3c8c-e997-4408-ac68-6265851f972d', 'cdc7b576-3957-4e3f-9e87-6630e4ef1950', 55, 'completed', '2026-03-14T16:03:00.000Z');
INSERT INTO order_items (id, order_id, product_id, quantity, unit_price, subtotal, created_at) 
                      VALUES ('18154cd8-bd21-4315-b7c6-6b0b2b6c322f', 'ee94f767-8664-4cb1-b95c-1e2f841b4594', '49e54b55-6e07-407b-9dac-36e93e1f8aa2', 1, 55, 55, '2026-03-14T16:03:00.000Z');
INSERT INTO orders (id, buyer_id, seller_id, total_amount, status, created_at) 
                      VALUES ('a7543e36-20a2-450e-9613-597ad4eb79ea', 'b03c172d-3388-458c-8054-b6ad7db24e27', 'cdc7b576-3957-4e3f-9e87-6630e4ef1950', 55, 'completed', '2026-03-14T16:46:00.000Z');
INSERT INTO order_items (id, order_id, product_id, quantity, unit_price, subtotal, created_at) 
                      VALUES ('34cd0e1c-d1a5-48f9-a761-c2851387c24a', 'a7543e36-20a2-450e-9613-597ad4eb79ea', '49e54b55-6e07-407b-9dac-36e93e1f8aa2', 1, 55, 55, '2026-03-14T16:46:00.000Z');
INSERT INTO audit_logs (id, action, user_id, description, level, created_at) 
                  VALUES ('b2cd9cfe-29cb-4686-9647-684703c88eba', 'USER_LOGIN', '6adabb60-eed5-4dd0-b80c-41983dd81404', 'Vendedor inició sesión para jornada', 'info', '2026-03-16T14:29:00.000Z');
INSERT INTO daily_sales (id, seller_id, sale_date, total_investment, total_revenue, units_sold, units_lost, total_waste_cost, is_closed) 
                  VALUES ('10eb230f-1764-483a-9667-0d5a8a47085b', '6adabb60-eed5-4dd0-b80c-41983dd81404', '2026-03-16', 560, 1050, 14, 0, 0, true);
INSERT INTO sale_details (id, daily_sale_id, product_id, quantity_prepared, quantity_sold, quantity_lost, unit_cost, unit_price, waste_cost, waste_reason) 
                  VALUES ('0214f153-b2cc-4e66-82a7-5e9abfe76cc0', '10eb230f-1764-483a-9667-0d5a8a47085b', 'cd4cb45a-05bc-4729-bb2a-06d122f369fc', 14, 14, 0, 40, 75, 0, 'expired');
INSERT INTO orders (id, buyer_id, seller_id, total_amount, status, created_at) 
                      VALUES ('638eac9a-8be4-41da-a9e5-8995dafb3f6a', '1161fb73-809d-4954-a73a-738a9a1868f7', '6adabb60-eed5-4dd0-b80c-41983dd81404', 75, 'completed', '2026-03-16T16:25:00.000Z');
INSERT INTO order_items (id, order_id, product_id, quantity, unit_price, subtotal, created_at) 
                      VALUES ('3ea40b98-692b-4b3d-834e-965c3abe1f0a', '638eac9a-8be4-41da-a9e5-8995dafb3f6a', 'cd4cb45a-05bc-4729-bb2a-06d122f369fc', 1, 75, 75, '2026-03-16T16:25:00.000Z');
INSERT INTO orders (id, buyer_id, seller_id, total_amount, status, created_at) 
                      VALUES ('f3ae7a43-961c-41a6-8fe4-edec0b089b33', 'ac51e939-ec0b-40c3-b3e7-39711b12845a', '6adabb60-eed5-4dd0-b80c-41983dd81404', 75, 'completed', '2026-03-16T16:15:00.000Z');
INSERT INTO order_items (id, order_id, product_id, quantity, unit_price, subtotal, created_at) 
                      VALUES ('de1741bb-8fa6-4e49-8cc0-7a8fab77fe79', 'f3ae7a43-961c-41a6-8fe4-edec0b089b33', 'cd4cb45a-05bc-4729-bb2a-06d122f369fc', 1, 75, 75, '2026-03-16T16:15:00.000Z');
INSERT INTO orders (id, buyer_id, seller_id, total_amount, status, created_at) 
                      VALUES ('8a4aa722-fb8a-4a37-9dea-f7cb68ef7378', 'aa9e3c8c-e997-4408-ac68-6265851f972d', '6adabb60-eed5-4dd0-b80c-41983dd81404', 75, 'completed', '2026-03-16T16:16:00.000Z');
INSERT INTO order_items (id, order_id, product_id, quantity, unit_price, subtotal, created_at) 
                      VALUES ('5a89dd2d-0494-4cb5-9d2c-fdd24018a4c1', '8a4aa722-fb8a-4a37-9dea-f7cb68ef7378', 'cd4cb45a-05bc-4729-bb2a-06d122f369fc', 1, 75, 75, '2026-03-16T16:16:00.000Z');
INSERT INTO orders (id, buyer_id, seller_id, total_amount, status, created_at) 
                      VALUES ('da5042db-d3f2-46cb-ad7f-dc58ad211969', 'b03c172d-3388-458c-8054-b6ad7db24e27', '6adabb60-eed5-4dd0-b80c-41983dd81404', 75, 'completed', '2026-03-16T20:02:00.000Z');
INSERT INTO order_items (id, order_id, product_id, quantity, unit_price, subtotal, created_at) 
                      VALUES ('8dbb167f-2e8c-482b-8660-6eb68a9e6f0f', 'da5042db-d3f2-46cb-ad7f-dc58ad211969', 'cd4cb45a-05bc-4729-bb2a-06d122f369fc', 1, 75, 75, '2026-03-16T20:02:00.000Z');
INSERT INTO orders (id, buyer_id, seller_id, total_amount, status, created_at) 
                      VALUES ('ae1b298f-35bd-48a0-af7b-3cb7c9fac572', 'aa9e3c8c-e997-4408-ac68-6265851f972d', '6adabb60-eed5-4dd0-b80c-41983dd81404', 75, 'completed', '2026-03-16T18:30:00.000Z');
INSERT INTO order_items (id, order_id, product_id, quantity, unit_price, subtotal, created_at) 
                      VALUES ('461d5bc8-a3ca-4fa7-819e-0f963e9e0424', 'ae1b298f-35bd-48a0-af7b-3cb7c9fac572', 'cd4cb45a-05bc-4729-bb2a-06d122f369fc', 1, 75, 75, '2026-03-16T18:30:00.000Z');
INSERT INTO orders (id, buyer_id, seller_id, total_amount, status, created_at) 
                      VALUES ('6a5c0737-94f7-4194-8eec-fbeaa2b52437', 'aa9e3c8c-e997-4408-ac68-6265851f972d', '6adabb60-eed5-4dd0-b80c-41983dd81404', 75, 'completed', '2026-03-16T19:10:00.000Z');
INSERT INTO order_items (id, order_id, product_id, quantity, unit_price, subtotal, created_at) 
                      VALUES ('a3667809-66e3-4b99-bf87-0b3c9593fd0c', '6a5c0737-94f7-4194-8eec-fbeaa2b52437', 'cd4cb45a-05bc-4729-bb2a-06d122f369fc', 1, 75, 75, '2026-03-16T19:10:00.000Z');
INSERT INTO orders (id, buyer_id, seller_id, total_amount, status, created_at) 
                      VALUES ('d5347ed0-0c1d-4b5a-acc0-2859df913a03', 'aa9e3c8c-e997-4408-ac68-6265851f972d', '6adabb60-eed5-4dd0-b80c-41983dd81404', 75, 'completed', '2026-03-16T18:20:00.000Z');
INSERT INTO order_items (id, order_id, product_id, quantity, unit_price, subtotal, created_at) 
                      VALUES ('248d930c-2262-44d8-94b7-93597274d0fc', 'd5347ed0-0c1d-4b5a-acc0-2859df913a03', 'cd4cb45a-05bc-4729-bb2a-06d122f369fc', 1, 75, 75, '2026-03-16T18:20:00.000Z');
INSERT INTO orders (id, buyer_id, seller_id, total_amount, status, created_at) 
                      VALUES ('74544840-f910-42af-9ee8-fc5f1079c430', 'aa9e3c8c-e997-4408-ac68-6265851f972d', '6adabb60-eed5-4dd0-b80c-41983dd81404', 75, 'completed', '2026-03-16T17:54:00.000Z');
INSERT INTO order_items (id, order_id, product_id, quantity, unit_price, subtotal, created_at) 
                      VALUES ('ff1c4673-6004-4f62-be57-c26cf0f6450e', '74544840-f910-42af-9ee8-fc5f1079c430', 'cd4cb45a-05bc-4729-bb2a-06d122f369fc', 1, 75, 75, '2026-03-16T17:54:00.000Z');
INSERT INTO orders (id, buyer_id, seller_id, total_amount, status, created_at) 
                      VALUES ('be5d7487-b9a2-4266-9111-36fb2f3d3c11', 'aa9e3c8c-e997-4408-ac68-6265851f972d', '6adabb60-eed5-4dd0-b80c-41983dd81404', 75, 'completed', '2026-03-16T21:33:00.000Z');
INSERT INTO order_items (id, order_id, product_id, quantity, unit_price, subtotal, created_at) 
                      VALUES ('9751049d-40a8-47de-81c6-d3c1389b0a2b', 'be5d7487-b9a2-4266-9111-36fb2f3d3c11', 'cd4cb45a-05bc-4729-bb2a-06d122f369fc', 1, 75, 75, '2026-03-16T21:33:00.000Z');
INSERT INTO orders (id, buyer_id, seller_id, total_amount, status, created_at) 
                      VALUES ('2ff77bbf-c32b-42f2-980a-d5dab83ac8d3', 'b03c172d-3388-458c-8054-b6ad7db24e27', '6adabb60-eed5-4dd0-b80c-41983dd81404', 75, 'completed', '2026-03-16T16:41:00.000Z');
INSERT INTO order_items (id, order_id, product_id, quantity, unit_price, subtotal, created_at) 
                      VALUES ('a4a4f892-829e-4b3a-8a98-64e6b648f4fd', '2ff77bbf-c32b-42f2-980a-d5dab83ac8d3', 'cd4cb45a-05bc-4729-bb2a-06d122f369fc', 1, 75, 75, '2026-03-16T16:41:00.000Z');
INSERT INTO orders (id, buyer_id, seller_id, total_amount, status, created_at) 
                      VALUES ('2c45c11f-e125-499d-99fc-947888ca38ea', 'aa9e3c8c-e997-4408-ac68-6265851f972d', '6adabb60-eed5-4dd0-b80c-41983dd81404', 75, 'completed', '2026-03-16T19:44:00.000Z');
INSERT INTO order_items (id, order_id, product_id, quantity, unit_price, subtotal, created_at) 
                      VALUES ('c692afe0-ba6c-485d-bd71-55abdd134ffc', '2c45c11f-e125-499d-99fc-947888ca38ea', 'cd4cb45a-05bc-4729-bb2a-06d122f369fc', 1, 75, 75, '2026-03-16T19:44:00.000Z');
INSERT INTO orders (id, buyer_id, seller_id, total_amount, status, created_at) 
                      VALUES ('fe764e7e-85c1-4889-830c-0515041800bb', '233694a0-da98-4b19-8640-7b99f406554e', '6adabb60-eed5-4dd0-b80c-41983dd81404', 75, 'completed', '2026-03-16T18:16:00.000Z');
INSERT INTO order_items (id, order_id, product_id, quantity, unit_price, subtotal, created_at) 
                      VALUES ('6ef7a3bb-e27d-479c-8ef4-3dec397f000a', 'fe764e7e-85c1-4889-830c-0515041800bb', 'cd4cb45a-05bc-4729-bb2a-06d122f369fc', 1, 75, 75, '2026-03-16T18:16:00.000Z');
INSERT INTO orders (id, buyer_id, seller_id, total_amount, status, created_at) 
                      VALUES ('f20aba55-ca80-4fb0-834b-ee4227c44c72', '233694a0-da98-4b19-8640-7b99f406554e', '6adabb60-eed5-4dd0-b80c-41983dd81404', 75, 'completed', '2026-03-16T19:13:00.000Z');
INSERT INTO order_items (id, order_id, product_id, quantity, unit_price, subtotal, created_at) 
                      VALUES ('b77c626d-53d9-46a4-827e-c88d46267385', 'f20aba55-ca80-4fb0-834b-ee4227c44c72', 'cd4cb45a-05bc-4729-bb2a-06d122f369fc', 1, 75, 75, '2026-03-16T19:13:00.000Z');
INSERT INTO orders (id, buyer_id, seller_id, total_amount, status, created_at) 
                      VALUES ('3acf5c7e-3454-472b-9750-06c0fac65b3c', '233694a0-da98-4b19-8640-7b99f406554e', '6adabb60-eed5-4dd0-b80c-41983dd81404', 75, 'completed', '2026-03-16T16:47:00.000Z');
INSERT INTO order_items (id, order_id, product_id, quantity, unit_price, subtotal, created_at) 
                      VALUES ('3aa7ebb0-29cd-4bed-981e-3b4a84b6ee6c', '3acf5c7e-3454-472b-9750-06c0fac65b3c', 'cd4cb45a-05bc-4729-bb2a-06d122f369fc', 1, 75, 75, '2026-03-16T16:47:00.000Z');
INSERT INTO audit_logs (id, action, user_id, description, level, created_at) 
                  VALUES ('47dfc22f-99cc-4cd5-9ace-9cf1adce8985', 'USER_LOGIN', '5f552e5d-c288-453c-a685-b287e1c0c64a', 'Vendedor inició sesión para jornada', 'info', '2026-03-16T14:00:00.000Z');
INSERT INTO daily_sales (id, seller_id, sale_date, total_investment, total_revenue, units_sold, units_lost, total_waste_cost, is_closed) 
                  VALUES ('b008d261-2d9e-4d90-a5d7-d211792d5e70', '5f552e5d-c288-453c-a685-b287e1c0c64a', '2026-03-16', 240, 450, 10, 2, 40, true);
INSERT INTO sale_details (id, daily_sale_id, product_id, quantity_prepared, quantity_sold, quantity_lost, unit_cost, unit_price, waste_cost, waste_reason) 
                  VALUES ('b322a50d-00b2-4d1a-9445-43014d943b62', 'b008d261-2d9e-4d90-a5d7-d211792d5e70', '90ccc3f8-627a-4af7-aab2-9c7967c2f50d', 12, 10, 2, 20, 45, 40, 'expired');
INSERT INTO orders (id, buyer_id, seller_id, total_amount, status, created_at) 
                      VALUES ('66a07df1-979c-482b-9391-143b17ed69ce', '233694a0-da98-4b19-8640-7b99f406554e', '5f552e5d-c288-453c-a685-b287e1c0c64a', 45, 'completed', '2026-03-16T19:29:00.000Z');
INSERT INTO order_items (id, order_id, product_id, quantity, unit_price, subtotal, created_at) 
                      VALUES ('511c3269-fa89-44be-afbd-94b5c5c6a6b5', '66a07df1-979c-482b-9391-143b17ed69ce', '90ccc3f8-627a-4af7-aab2-9c7967c2f50d', 1, 45, 45, '2026-03-16T19:29:00.000Z');
INSERT INTO orders (id, buyer_id, seller_id, total_amount, status, created_at) 
                      VALUES ('c3d54c12-7d72-4733-adc8-5b196e389f2a', 'aa9e3c8c-e997-4408-ac68-6265851f972d', '5f552e5d-c288-453c-a685-b287e1c0c64a', 45, 'completed', '2026-03-16T18:55:00.000Z');
INSERT INTO order_items (id, order_id, product_id, quantity, unit_price, subtotal, created_at) 
                      VALUES ('517d7dd9-b04f-4fda-bd3b-8df65464ce1c', 'c3d54c12-7d72-4733-adc8-5b196e389f2a', '90ccc3f8-627a-4af7-aab2-9c7967c2f50d', 1, 45, 45, '2026-03-16T18:55:00.000Z');
INSERT INTO orders (id, buyer_id, seller_id, total_amount, status, created_at) 
                      VALUES ('5aedc256-650b-4fa7-9fc1-c698f57da6a6', '1161fb73-809d-4954-a73a-738a9a1868f7', '5f552e5d-c288-453c-a685-b287e1c0c64a', 45, 'completed', '2026-03-16T16:37:00.000Z');
INSERT INTO order_items (id, order_id, product_id, quantity, unit_price, subtotal, created_at) 
                      VALUES ('bdf0b919-d7a5-44fe-8f2b-82db248eba6e', '5aedc256-650b-4fa7-9fc1-c698f57da6a6', '90ccc3f8-627a-4af7-aab2-9c7967c2f50d', 1, 45, 45, '2026-03-16T16:37:00.000Z');
INSERT INTO orders (id, buyer_id, seller_id, total_amount, status, created_at) 
                      VALUES ('41bffc16-0752-4bba-83f8-13c1fadfd07a', '1161fb73-809d-4954-a73a-738a9a1868f7', '5f552e5d-c288-453c-a685-b287e1c0c64a', 45, 'completed', '2026-03-16T16:26:00.000Z');
INSERT INTO order_items (id, order_id, product_id, quantity, unit_price, subtotal, created_at) 
                      VALUES ('427ed34a-d10a-404d-875a-d15aa02b0b77', '41bffc16-0752-4bba-83f8-13c1fadfd07a', '90ccc3f8-627a-4af7-aab2-9c7967c2f50d', 1, 45, 45, '2026-03-16T16:26:00.000Z');
INSERT INTO orders (id, buyer_id, seller_id, total_amount, status, created_at) 
                      VALUES ('9a9eb24d-330f-4afa-8199-f7c22771eba8', '6c8c4ad9-70e8-48cb-9ce8-5d01c349ffcc', '5f552e5d-c288-453c-a685-b287e1c0c64a', 45, 'completed', '2026-03-16T21:37:00.000Z');
INSERT INTO order_items (id, order_id, product_id, quantity, unit_price, subtotal, created_at) 
                      VALUES ('93c18c5f-a708-4f18-9554-483eb8621b21', '9a9eb24d-330f-4afa-8199-f7c22771eba8', '90ccc3f8-627a-4af7-aab2-9c7967c2f50d', 1, 45, 45, '2026-03-16T21:37:00.000Z');
INSERT INTO orders (id, buyer_id, seller_id, total_amount, status, created_at) 
                      VALUES ('3f22a1f3-bdb7-4739-8cda-be17337127e0', 'ac51e939-ec0b-40c3-b3e7-39711b12845a', '5f552e5d-c288-453c-a685-b287e1c0c64a', 45, 'completed', '2026-03-16T16:18:00.000Z');
INSERT INTO order_items (id, order_id, product_id, quantity, unit_price, subtotal, created_at) 
                      VALUES ('0c65aef1-3af7-48e7-9e57-7fcb5faded51', '3f22a1f3-bdb7-4739-8cda-be17337127e0', '90ccc3f8-627a-4af7-aab2-9c7967c2f50d', 1, 45, 45, '2026-03-16T16:18:00.000Z');
INSERT INTO orders (id, buyer_id, seller_id, total_amount, status, created_at) 
                      VALUES ('2a876ea7-4272-45ea-86ef-969b79e79ed0', '1161fb73-809d-4954-a73a-738a9a1868f7', '5f552e5d-c288-453c-a685-b287e1c0c64a', 45, 'completed', '2026-03-16T16:55:00.000Z');
INSERT INTO order_items (id, order_id, product_id, quantity, unit_price, subtotal, created_at) 
                      VALUES ('c6f9e433-7d69-4a7a-b97b-0c9cc3381869', '2a876ea7-4272-45ea-86ef-969b79e79ed0', '90ccc3f8-627a-4af7-aab2-9c7967c2f50d', 1, 45, 45, '2026-03-16T16:55:00.000Z');
INSERT INTO orders (id, buyer_id, seller_id, total_amount, status, created_at) 
                      VALUES ('3250e0b8-9775-4bc7-a843-fdb13e607aa4', '1161fb73-809d-4954-a73a-738a9a1868f7', '5f552e5d-c288-453c-a685-b287e1c0c64a', 45, 'completed', '2026-03-16T20:28:00.000Z');
INSERT INTO order_items (id, order_id, product_id, quantity, unit_price, subtotal, created_at) 
                      VALUES ('89c72f63-ad84-4ccd-b016-c9d3b9c62d10', '3250e0b8-9775-4bc7-a843-fdb13e607aa4', '90ccc3f8-627a-4af7-aab2-9c7967c2f50d', 1, 45, 45, '2026-03-16T20:28:00.000Z');
INSERT INTO orders (id, buyer_id, seller_id, total_amount, status, created_at) 
                      VALUES ('16196eb4-3f92-48fb-8b85-4bd0c687bb97', 'b03c172d-3388-458c-8054-b6ad7db24e27', '5f552e5d-c288-453c-a685-b287e1c0c64a', 45, 'completed', '2026-03-16T17:16:00.000Z');
INSERT INTO order_items (id, order_id, product_id, quantity, unit_price, subtotal, created_at) 
                      VALUES ('96b8fbcc-47f4-4adc-9c19-265e3bc25c07', '16196eb4-3f92-48fb-8b85-4bd0c687bb97', '90ccc3f8-627a-4af7-aab2-9c7967c2f50d', 1, 45, 45, '2026-03-16T17:16:00.000Z');
INSERT INTO orders (id, buyer_id, seller_id, total_amount, status, created_at) 
                      VALUES ('92c9e8d9-ac46-4815-b48e-5510a69bf153', 'aa9e3c8c-e997-4408-ac68-6265851f972d', '5f552e5d-c288-453c-a685-b287e1c0c64a', 45, 'completed', '2026-03-16T18:33:00.000Z');
INSERT INTO order_items (id, order_id, product_id, quantity, unit_price, subtotal, created_at) 
                      VALUES ('d3dc0d56-fa61-4d39-9031-9c69e5e99816', '92c9e8d9-ac46-4815-b48e-5510a69bf153', '90ccc3f8-627a-4af7-aab2-9c7967c2f50d', 1, 45, 45, '2026-03-16T18:33:00.000Z');
INSERT INTO audit_logs (id, action, user_id, description, level, created_at) 
                  VALUES ('47e75120-4001-4e84-aec0-c9f9c6645339', 'USER_LOGIN', '522afd0e-5b6f-4f57-be80-46fd79ba12db', 'Vendedor inició sesión para jornada', 'info', '2026-03-16T14:22:00.000Z');
INSERT INTO daily_sales (id, seller_id, sale_date, total_investment, total_revenue, units_sold, units_lost, total_waste_cost, is_closed) 
                  VALUES ('26e7154f-69e5-4cc1-8900-ea3b008eaed9', '522afd0e-5b6f-4f57-be80-46fd79ba12db', '2026-03-16', 144, 360, 12, 0, 0, true);
INSERT INTO sale_details (id, daily_sale_id, product_id, quantity_prepared, quantity_sold, quantity_lost, unit_cost, unit_price, waste_cost, waste_reason) 
                  VALUES ('ebbe0087-4ff7-46a2-8b05-6c560524d69a', '26e7154f-69e5-4cc1-8900-ea3b008eaed9', 'c865d401-6592-418d-98d5-1aa633799680', 12, 12, 0, 12, 30, 0, 'expired');
INSERT INTO orders (id, buyer_id, seller_id, total_amount, status, created_at) 
                      VALUES ('8653a4a4-6667-431c-8f0f-a4983ab9112f', '233694a0-da98-4b19-8640-7b99f406554e', '522afd0e-5b6f-4f57-be80-46fd79ba12db', 30, 'completed', '2026-03-16T16:20:00.000Z');
INSERT INTO order_items (id, order_id, product_id, quantity, unit_price, subtotal, created_at) 
                      VALUES ('db1b9f02-c4b6-4bb6-8f18-78f75983fd57', '8653a4a4-6667-431c-8f0f-a4983ab9112f', 'c865d401-6592-418d-98d5-1aa633799680', 1, 30, 30, '2026-03-16T16:20:00.000Z');
INSERT INTO orders (id, buyer_id, seller_id, total_amount, status, created_at) 
                      VALUES ('950803f9-51e0-4106-ac98-a70746f4cbe5', 'ac51e939-ec0b-40c3-b3e7-39711b12845a', '522afd0e-5b6f-4f57-be80-46fd79ba12db', 30, 'completed', '2026-03-16T18:17:00.000Z');
INSERT INTO order_items (id, order_id, product_id, quantity, unit_price, subtotal, created_at) 
                      VALUES ('dc4a4f30-d034-4933-8a62-9f52ec2be764', '950803f9-51e0-4106-ac98-a70746f4cbe5', 'c865d401-6592-418d-98d5-1aa633799680', 1, 30, 30, '2026-03-16T18:17:00.000Z');
INSERT INTO orders (id, buyer_id, seller_id, total_amount, status, created_at) 
                      VALUES ('a8aafd00-c9ed-4861-9e70-68baa67fd54c', 'b03c172d-3388-458c-8054-b6ad7db24e27', '522afd0e-5b6f-4f57-be80-46fd79ba12db', 30, 'completed', '2026-03-16T20:09:00.000Z');
INSERT INTO order_items (id, order_id, product_id, quantity, unit_price, subtotal, created_at) 
                      VALUES ('575a615d-502a-484e-96ee-978923b9ac91', 'a8aafd00-c9ed-4861-9e70-68baa67fd54c', 'c865d401-6592-418d-98d5-1aa633799680', 1, 30, 30, '2026-03-16T20:09:00.000Z');
INSERT INTO orders (id, buyer_id, seller_id, total_amount, status, created_at) 
                      VALUES ('4acaec26-3e4d-46d1-aab1-b23afda52077', 'aa9e3c8c-e997-4408-ac68-6265851f972d', '522afd0e-5b6f-4f57-be80-46fd79ba12db', 30, 'completed', '2026-03-16T17:55:00.000Z');
INSERT INTO order_items (id, order_id, product_id, quantity, unit_price, subtotal, created_at) 
                      VALUES ('4d2409bb-32fa-498f-8bb6-7df859f2beea', '4acaec26-3e4d-46d1-aab1-b23afda52077', 'c865d401-6592-418d-98d5-1aa633799680', 1, 30, 30, '2026-03-16T17:55:00.000Z');
INSERT INTO orders (id, buyer_id, seller_id, total_amount, status, created_at) 
                      VALUES ('89f9883a-ce2f-443c-b77e-394e73d1eea3', '1161fb73-809d-4954-a73a-738a9a1868f7', '522afd0e-5b6f-4f57-be80-46fd79ba12db', 30, 'completed', '2026-03-16T18:31:00.000Z');
INSERT INTO order_items (id, order_id, product_id, quantity, unit_price, subtotal, created_at) 
                      VALUES ('ad0e3320-1057-40e2-9918-7a3f6d504790', '89f9883a-ce2f-443c-b77e-394e73d1eea3', 'c865d401-6592-418d-98d5-1aa633799680', 1, 30, 30, '2026-03-16T18:31:00.000Z');
INSERT INTO orders (id, buyer_id, seller_id, total_amount, status, created_at) 
                      VALUES ('d1165f44-536c-4b37-ae14-074bbd03bf1d', '79768ab4-b021-418b-bf3c-0dd52f857b65', '522afd0e-5b6f-4f57-be80-46fd79ba12db', 30, 'completed', '2026-03-16T21:39:00.000Z');
INSERT INTO order_items (id, order_id, product_id, quantity, unit_price, subtotal, created_at) 
                      VALUES ('869946f5-9081-4f54-94a8-41bd290aefb2', 'd1165f44-536c-4b37-ae14-074bbd03bf1d', 'c865d401-6592-418d-98d5-1aa633799680', 1, 30, 30, '2026-03-16T21:39:00.000Z');
INSERT INTO orders (id, buyer_id, seller_id, total_amount, status, created_at) 
                      VALUES ('db1d4dc4-e276-4173-a773-d096a224b81c', '79768ab4-b021-418b-bf3c-0dd52f857b65', '522afd0e-5b6f-4f57-be80-46fd79ba12db', 30, 'completed', '2026-03-16T20:59:00.000Z');
INSERT INTO order_items (id, order_id, product_id, quantity, unit_price, subtotal, created_at) 
                      VALUES ('2510ff28-0aa2-4882-936b-69e8219e168e', 'db1d4dc4-e276-4173-a773-d096a224b81c', 'c865d401-6592-418d-98d5-1aa633799680', 1, 30, 30, '2026-03-16T20:59:00.000Z');
INSERT INTO orders (id, buyer_id, seller_id, total_amount, status, created_at) 
                      VALUES ('3f301a98-5624-46f8-968d-8b4a4fe460f6', '233694a0-da98-4b19-8640-7b99f406554e', '522afd0e-5b6f-4f57-be80-46fd79ba12db', 30, 'completed', '2026-03-16T18:28:00.000Z');
INSERT INTO order_items (id, order_id, product_id, quantity, unit_price, subtotal, created_at) 
                      VALUES ('a05c46a9-076a-4000-ba0b-fa9c1eb491bf', '3f301a98-5624-46f8-968d-8b4a4fe460f6', 'c865d401-6592-418d-98d5-1aa633799680', 1, 30, 30, '2026-03-16T18:28:00.000Z');
INSERT INTO orders (id, buyer_id, seller_id, total_amount, status, created_at) 
                      VALUES ('f9eb976c-742a-4d86-96d3-0d190af611db', '1161fb73-809d-4954-a73a-738a9a1868f7', '522afd0e-5b6f-4f57-be80-46fd79ba12db', 30, 'completed', '2026-03-16T18:33:00.000Z');
INSERT INTO order_items (id, order_id, product_id, quantity, unit_price, subtotal, created_at) 
                      VALUES ('1f4469dd-bd27-4abc-b905-acc31c388d08', 'f9eb976c-742a-4d86-96d3-0d190af611db', 'c865d401-6592-418d-98d5-1aa633799680', 1, 30, 30, '2026-03-16T18:33:00.000Z');
INSERT INTO orders (id, buyer_id, seller_id, total_amount, status, created_at) 
                      VALUES ('4bba6e05-9b51-41c5-9161-ee8885658f56', 'b03c172d-3388-458c-8054-b6ad7db24e27', '522afd0e-5b6f-4f57-be80-46fd79ba12db', 30, 'completed', '2026-03-16T20:00:00.000Z');
INSERT INTO order_items (id, order_id, product_id, quantity, unit_price, subtotal, created_at) 
                      VALUES ('4b1f6ad2-4fc1-4c93-ad0f-a4870bef2abd', '4bba6e05-9b51-41c5-9161-ee8885658f56', 'c865d401-6592-418d-98d5-1aa633799680', 1, 30, 30, '2026-03-16T20:00:00.000Z');
INSERT INTO orders (id, buyer_id, seller_id, total_amount, status, created_at) 
                      VALUES ('bc6cb776-fa61-4c66-a275-082b80e5f4fe', 'b03c172d-3388-458c-8054-b6ad7db24e27', '522afd0e-5b6f-4f57-be80-46fd79ba12db', 30, 'completed', '2026-03-16T20:55:00.000Z');
INSERT INTO order_items (id, order_id, product_id, quantity, unit_price, subtotal, created_at) 
                      VALUES ('84bf53bb-5117-479a-a316-9432094a83cc', 'bc6cb776-fa61-4c66-a275-082b80e5f4fe', 'c865d401-6592-418d-98d5-1aa633799680', 1, 30, 30, '2026-03-16T20:55:00.000Z');
INSERT INTO orders (id, buyer_id, seller_id, total_amount, status, created_at) 
                      VALUES ('8aa9c53b-1f09-46aa-a5dc-58dfb93909c9', 'ac51e939-ec0b-40c3-b3e7-39711b12845a', '522afd0e-5b6f-4f57-be80-46fd79ba12db', 30, 'completed', '2026-03-16T18:58:00.000Z');
INSERT INTO order_items (id, order_id, product_id, quantity, unit_price, subtotal, created_at) 
                      VALUES ('21c576be-3cce-40ee-8120-5fbf84e711e5', '8aa9c53b-1f09-46aa-a5dc-58dfb93909c9', 'c865d401-6592-418d-98d5-1aa633799680', 1, 30, 30, '2026-03-16T18:58:00.000Z');
INSERT INTO audit_logs (id, action, user_id, description, level, created_at) 
                  VALUES ('f07b6875-3cc2-46a9-8e29-6b9bfdf270f7', 'USER_LOGIN', 'da273443-bae3-4781-ae4e-819d0c9d56a6', 'Vendedor inició sesión para jornada', 'info', '2026-03-16T14:28:00.000Z');
INSERT INTO daily_sales (id, seller_id, sale_date, total_investment, total_revenue, units_sold, units_lost, total_waste_cost, is_closed) 
                  VALUES ('0e10f6fd-32e9-42d8-8611-d21ce7465365', 'da273443-bae3-4781-ae4e-819d0c9d56a6', '2026-03-16', 80, 225, 9, 1, 8, true);
INSERT INTO sale_details (id, daily_sale_id, product_id, quantity_prepared, quantity_sold, quantity_lost, unit_cost, unit_price, waste_cost, waste_reason) 
                  VALUES ('da2123fe-d8d4-4bfe-b8a7-2ee011a2e0d6', '0e10f6fd-32e9-42d8-8611-d21ce7465365', 'ea84c406-f235-4e9c-b061-71ed9401e63b', 10, 9, 1, 8, 25, 8, 'expired');
INSERT INTO orders (id, buyer_id, seller_id, total_amount, status, created_at) 
                      VALUES ('63e72cd2-d641-4741-be56-8776a1f642a3', 'b03c172d-3388-458c-8054-b6ad7db24e27', 'da273443-bae3-4781-ae4e-819d0c9d56a6', 25, 'completed', '2026-03-16T18:10:00.000Z');
INSERT INTO order_items (id, order_id, product_id, quantity, unit_price, subtotal, created_at) 
                      VALUES ('91d66688-d5bf-4541-b74f-e6cfacafbe4e', '63e72cd2-d641-4741-be56-8776a1f642a3', 'ea84c406-f235-4e9c-b061-71ed9401e63b', 1, 25, 25, '2026-03-16T18:10:00.000Z');
INSERT INTO orders (id, buyer_id, seller_id, total_amount, status, created_at) 
                      VALUES ('cf4f9f6a-f1d9-4258-808c-0240e7861aa2', 'ac51e939-ec0b-40c3-b3e7-39711b12845a', 'da273443-bae3-4781-ae4e-819d0c9d56a6', 25, 'completed', '2026-03-16T21:38:00.000Z');
INSERT INTO order_items (id, order_id, product_id, quantity, unit_price, subtotal, created_at) 
                      VALUES ('7fe6a726-2fb4-4e23-ba9b-deffdb819eca', 'cf4f9f6a-f1d9-4258-808c-0240e7861aa2', 'ea84c406-f235-4e9c-b061-71ed9401e63b', 1, 25, 25, '2026-03-16T21:38:00.000Z');
INSERT INTO orders (id, buyer_id, seller_id, total_amount, status, created_at) 
                      VALUES ('fd5e6555-af1c-48aa-b850-196e6274dc30', 'aa9e3c8c-e997-4408-ac68-6265851f972d', 'da273443-bae3-4781-ae4e-819d0c9d56a6', 25, 'completed', '2026-03-16T20:35:00.000Z');
INSERT INTO order_items (id, order_id, product_id, quantity, unit_price, subtotal, created_at) 
                      VALUES ('42d277f8-aa68-4e40-aaa9-eccbf4f9e92f', 'fd5e6555-af1c-48aa-b850-196e6274dc30', 'ea84c406-f235-4e9c-b061-71ed9401e63b', 1, 25, 25, '2026-03-16T20:35:00.000Z');
INSERT INTO orders (id, buyer_id, seller_id, total_amount, status, created_at) 
                      VALUES ('dd3bbbaf-c57b-4e39-9791-af09825f7780', 'ac51e939-ec0b-40c3-b3e7-39711b12845a', 'da273443-bae3-4781-ae4e-819d0c9d56a6', 25, 'completed', '2026-03-16T18:50:00.000Z');
INSERT INTO order_items (id, order_id, product_id, quantity, unit_price, subtotal, created_at) 
                      VALUES ('d8c21743-86b9-4143-a9a3-769c224ff2ae', 'dd3bbbaf-c57b-4e39-9791-af09825f7780', 'ea84c406-f235-4e9c-b061-71ed9401e63b', 1, 25, 25, '2026-03-16T18:50:00.000Z');
INSERT INTO orders (id, buyer_id, seller_id, total_amount, status, created_at) 
                      VALUES ('5988fa1a-108d-4ad9-b800-bb2f156527ab', '1161fb73-809d-4954-a73a-738a9a1868f7', 'da273443-bae3-4781-ae4e-819d0c9d56a6', 25, 'completed', '2026-03-16T21:43:00.000Z');
INSERT INTO order_items (id, order_id, product_id, quantity, unit_price, subtotal, created_at) 
                      VALUES ('051bf522-de7c-4f31-be4f-230ebb28a893', '5988fa1a-108d-4ad9-b800-bb2f156527ab', 'ea84c406-f235-4e9c-b061-71ed9401e63b', 1, 25, 25, '2026-03-16T21:43:00.000Z');
INSERT INTO orders (id, buyer_id, seller_id, total_amount, status, created_at) 
                      VALUES ('9ad831fa-6d06-406f-a3ea-eb2b6aeafe09', 'b03c172d-3388-458c-8054-b6ad7db24e27', 'da273443-bae3-4781-ae4e-819d0c9d56a6', 25, 'completed', '2026-03-16T16:24:00.000Z');
INSERT INTO order_items (id, order_id, product_id, quantity, unit_price, subtotal, created_at) 
                      VALUES ('2b7d0e94-a0b0-4ec2-b49f-eabec5903f00', '9ad831fa-6d06-406f-a3ea-eb2b6aeafe09', 'ea84c406-f235-4e9c-b061-71ed9401e63b', 1, 25, 25, '2026-03-16T16:24:00.000Z');
INSERT INTO orders (id, buyer_id, seller_id, total_amount, status, created_at) 
                      VALUES ('91ba7ed9-6139-4ea1-b2e4-7f1562b54706', '79768ab4-b021-418b-bf3c-0dd52f857b65', 'da273443-bae3-4781-ae4e-819d0c9d56a6', 25, 'completed', '2026-03-16T17:31:00.000Z');
INSERT INTO order_items (id, order_id, product_id, quantity, unit_price, subtotal, created_at) 
                      VALUES ('7474016d-8946-4d6c-a417-8b46aaab4c21', '91ba7ed9-6139-4ea1-b2e4-7f1562b54706', 'ea84c406-f235-4e9c-b061-71ed9401e63b', 1, 25, 25, '2026-03-16T17:31:00.000Z');
INSERT INTO orders (id, buyer_id, seller_id, total_amount, status, created_at) 
                      VALUES ('189548b3-e651-47ca-9a39-76735320c4ab', '79768ab4-b021-418b-bf3c-0dd52f857b65', 'da273443-bae3-4781-ae4e-819d0c9d56a6', 25, 'completed', '2026-03-16T19:46:00.000Z');
INSERT INTO order_items (id, order_id, product_id, quantity, unit_price, subtotal, created_at) 
                      VALUES ('2a9af7dd-1ff8-45d8-92c5-dfd09ef66c2c', '189548b3-e651-47ca-9a39-76735320c4ab', 'ea84c406-f235-4e9c-b061-71ed9401e63b', 1, 25, 25, '2026-03-16T19:46:00.000Z');
INSERT INTO orders (id, buyer_id, seller_id, total_amount, status, created_at) 
                      VALUES ('48cfd3ab-7c17-48fe-b032-13130263234c', '6c8c4ad9-70e8-48cb-9ce8-5d01c349ffcc', 'da273443-bae3-4781-ae4e-819d0c9d56a6', 25, 'completed', '2026-03-16T17:55:00.000Z');
INSERT INTO order_items (id, order_id, product_id, quantity, unit_price, subtotal, created_at) 
                      VALUES ('a1a4b66d-8386-4e12-99d1-13b1a73d6241', '48cfd3ab-7c17-48fe-b032-13130263234c', 'ea84c406-f235-4e9c-b061-71ed9401e63b', 1, 25, 25, '2026-03-16T17:55:00.000Z');
INSERT INTO audit_logs (id, action, user_id, description, level, created_at) 
                  VALUES ('b1b9711e-ebd4-49d6-ad70-e818ed497087', 'USER_LOGIN', 'cdc7b576-3957-4e3f-9e87-6630e4ef1950', 'Vendedor inició sesión para jornada', 'info', '2026-03-16T14:03:00.000Z');
INSERT INTO daily_sales (id, seller_id, sale_date, total_investment, total_revenue, units_sold, units_lost, total_waste_cost, is_closed) 
                  VALUES ('4ff13144-fe05-4c2a-8e6b-01648292f257', 'cdc7b576-3957-4e3f-9e87-6630e4ef1950', '2026-03-16', 250, 495, 9, 1, 25, true);
INSERT INTO sale_details (id, daily_sale_id, product_id, quantity_prepared, quantity_sold, quantity_lost, unit_cost, unit_price, waste_cost, waste_reason) 
                  VALUES ('ece9d643-959e-4b49-ad77-5bd9765b581d', '4ff13144-fe05-4c2a-8e6b-01648292f257', '49e54b55-6e07-407b-9dac-36e93e1f8aa2', 10, 9, 1, 25, 55, 25, 'expired');
INSERT INTO orders (id, buyer_id, seller_id, total_amount, status, created_at) 
                      VALUES ('e9f521c5-91a3-4ddd-a8ea-ff86f79ecd0d', '233694a0-da98-4b19-8640-7b99f406554e', 'cdc7b576-3957-4e3f-9e87-6630e4ef1950', 55, 'completed', '2026-03-16T21:29:00.000Z');
INSERT INTO order_items (id, order_id, product_id, quantity, unit_price, subtotal, created_at) 
                      VALUES ('28a013c2-e666-4c1d-b674-e8c6018cef48', 'e9f521c5-91a3-4ddd-a8ea-ff86f79ecd0d', '49e54b55-6e07-407b-9dac-36e93e1f8aa2', 1, 55, 55, '2026-03-16T21:29:00.000Z');
INSERT INTO orders (id, buyer_id, seller_id, total_amount, status, created_at) 
                      VALUES ('945ea43e-24ef-4686-8a08-62f94fc609fa', '233694a0-da98-4b19-8640-7b99f406554e', 'cdc7b576-3957-4e3f-9e87-6630e4ef1950', 55, 'completed', '2026-03-16T18:40:00.000Z');
INSERT INTO order_items (id, order_id, product_id, quantity, unit_price, subtotal, created_at) 
                      VALUES ('bebd8a66-1d51-492c-8c56-cd10365b6288', '945ea43e-24ef-4686-8a08-62f94fc609fa', '49e54b55-6e07-407b-9dac-36e93e1f8aa2', 1, 55, 55, '2026-03-16T18:40:00.000Z');
INSERT INTO orders (id, buyer_id, seller_id, total_amount, status, created_at) 
                      VALUES ('4fdcafc9-5754-4ddd-a7cb-4e1dbee26f77', 'ac51e939-ec0b-40c3-b3e7-39711b12845a', 'cdc7b576-3957-4e3f-9e87-6630e4ef1950', 55, 'completed', '2026-03-16T19:34:00.000Z');
INSERT INTO order_items (id, order_id, product_id, quantity, unit_price, subtotal, created_at) 
                      VALUES ('84100819-40bc-42c6-a306-2c7bdcd66c24', '4fdcafc9-5754-4ddd-a7cb-4e1dbee26f77', '49e54b55-6e07-407b-9dac-36e93e1f8aa2', 1, 55, 55, '2026-03-16T19:34:00.000Z');
INSERT INTO orders (id, buyer_id, seller_id, total_amount, status, created_at) 
                      VALUES ('8777c8c8-421b-443b-9658-db5fbed4c628', '6c8c4ad9-70e8-48cb-9ce8-5d01c349ffcc', 'cdc7b576-3957-4e3f-9e87-6630e4ef1950', 55, 'completed', '2026-03-16T16:57:00.000Z');
INSERT INTO order_items (id, order_id, product_id, quantity, unit_price, subtotal, created_at) 
                      VALUES ('1d8841e4-b55e-42db-9da1-e37c6e504207', '8777c8c8-421b-443b-9658-db5fbed4c628', '49e54b55-6e07-407b-9dac-36e93e1f8aa2', 1, 55, 55, '2026-03-16T16:57:00.000Z');
INSERT INTO orders (id, buyer_id, seller_id, total_amount, status, created_at) 
                      VALUES ('77282e40-96a9-4416-9d6b-caf90e7d75cd', 'ac51e939-ec0b-40c3-b3e7-39711b12845a', 'cdc7b576-3957-4e3f-9e87-6630e4ef1950', 55, 'completed', '2026-03-16T19:59:00.000Z');
INSERT INTO order_items (id, order_id, product_id, quantity, unit_price, subtotal, created_at) 
                      VALUES ('02803710-60ee-461b-b72c-1519077a0a9d', '77282e40-96a9-4416-9d6b-caf90e7d75cd', '49e54b55-6e07-407b-9dac-36e93e1f8aa2', 1, 55, 55, '2026-03-16T19:59:00.000Z');
INSERT INTO orders (id, buyer_id, seller_id, total_amount, status, created_at) 
                      VALUES ('41f79ac0-8a48-411b-a01c-358b64627ecb', '233694a0-da98-4b19-8640-7b99f406554e', 'cdc7b576-3957-4e3f-9e87-6630e4ef1950', 55, 'completed', '2026-03-16T21:27:00.000Z');
INSERT INTO order_items (id, order_id, product_id, quantity, unit_price, subtotal, created_at) 
                      VALUES ('96793e3a-32d8-4996-b48e-fbe561626d12', '41f79ac0-8a48-411b-a01c-358b64627ecb', '49e54b55-6e07-407b-9dac-36e93e1f8aa2', 1, 55, 55, '2026-03-16T21:27:00.000Z');
INSERT INTO orders (id, buyer_id, seller_id, total_amount, status, created_at) 
                      VALUES ('1604031a-de1d-4d91-8e68-3d836775ba3e', '79768ab4-b021-418b-bf3c-0dd52f857b65', 'cdc7b576-3957-4e3f-9e87-6630e4ef1950', 55, 'completed', '2026-03-16T17:18:00.000Z');
INSERT INTO order_items (id, order_id, product_id, quantity, unit_price, subtotal, created_at) 
                      VALUES ('d0fd24bf-487c-4587-9241-010a45f6e048', '1604031a-de1d-4d91-8e68-3d836775ba3e', '49e54b55-6e07-407b-9dac-36e93e1f8aa2', 1, 55, 55, '2026-03-16T17:18:00.000Z');
INSERT INTO orders (id, buyer_id, seller_id, total_amount, status, created_at) 
                      VALUES ('643e7e18-f81c-4f7d-b7b5-033250474846', 'ac51e939-ec0b-40c3-b3e7-39711b12845a', 'cdc7b576-3957-4e3f-9e87-6630e4ef1950', 55, 'completed', '2026-03-16T16:16:00.000Z');
INSERT INTO order_items (id, order_id, product_id, quantity, unit_price, subtotal, created_at) 
                      VALUES ('d43b1ecb-d013-47b2-bb76-4675ad2b0434', '643e7e18-f81c-4f7d-b7b5-033250474846', '49e54b55-6e07-407b-9dac-36e93e1f8aa2', 1, 55, 55, '2026-03-16T16:16:00.000Z');
INSERT INTO orders (id, buyer_id, seller_id, total_amount, status, created_at) 
                      VALUES ('76b54e57-da2e-4041-983a-935f5fe9f83e', 'b03c172d-3388-458c-8054-b6ad7db24e27', 'cdc7b576-3957-4e3f-9e87-6630e4ef1950', 55, 'completed', '2026-03-16T20:55:00.000Z');
INSERT INTO order_items (id, order_id, product_id, quantity, unit_price, subtotal, created_at) 
                      VALUES ('81941516-dc85-4f35-8363-75f0e01aa959', '76b54e57-da2e-4041-983a-935f5fe9f83e', '49e54b55-6e07-407b-9dac-36e93e1f8aa2', 1, 55, 55, '2026-03-16T20:55:00.000Z');
INSERT INTO audit_logs (id, action, user_id, description, level, created_at) 
                  VALUES ('8a2f7482-d427-4692-b893-85dfd44ca052', 'USER_LOGIN', '6adabb60-eed5-4dd0-b80c-41983dd81404', 'Vendedor inició sesión para jornada', 'info', '2026-03-17T14:03:00.000Z');
INSERT INTO daily_sales (id, seller_id, sale_date, total_investment, total_revenue, units_sold, units_lost, total_waste_cost, is_closed) 
                  VALUES ('e4360de9-1816-4826-839a-9104c02e06cd', '6adabb60-eed5-4dd0-b80c-41983dd81404', '2026-03-17', 520, 900, 12, 1, 40, true);
INSERT INTO sale_details (id, daily_sale_id, product_id, quantity_prepared, quantity_sold, quantity_lost, unit_cost, unit_price, waste_cost, waste_reason) 
                  VALUES ('0e8fa2f3-862c-4cff-adc0-7b5b0582ceaf', 'e4360de9-1816-4826-839a-9104c02e06cd', 'cd4cb45a-05bc-4729-bb2a-06d122f369fc', 13, 12, 1, 40, 75, 40, 'expired');
INSERT INTO orders (id, buyer_id, seller_id, total_amount, status, created_at) 
                      VALUES ('d19c0c58-5af0-4d04-8cd9-b3ef46588cf4', '6c8c4ad9-70e8-48cb-9ce8-5d01c349ffcc', '6adabb60-eed5-4dd0-b80c-41983dd81404', 75, 'completed', '2026-03-17T20:06:00.000Z');
INSERT INTO order_items (id, order_id, product_id, quantity, unit_price, subtotal, created_at) 
                      VALUES ('23cae9d8-8779-48dd-bd3c-897b6de4d8eb', 'd19c0c58-5af0-4d04-8cd9-b3ef46588cf4', 'cd4cb45a-05bc-4729-bb2a-06d122f369fc', 1, 75, 75, '2026-03-17T20:06:00.000Z');
INSERT INTO orders (id, buyer_id, seller_id, total_amount, status, created_at) 
                      VALUES ('2132e65b-f7e1-4f90-a9fa-66ce04941ef2', 'ac51e939-ec0b-40c3-b3e7-39711b12845a', '6adabb60-eed5-4dd0-b80c-41983dd81404', 75, 'completed', '2026-03-17T20:28:00.000Z');
INSERT INTO order_items (id, order_id, product_id, quantity, unit_price, subtotal, created_at) 
                      VALUES ('e8196621-6ddd-46fd-84e9-ac1e0cde2c3d', '2132e65b-f7e1-4f90-a9fa-66ce04941ef2', 'cd4cb45a-05bc-4729-bb2a-06d122f369fc', 1, 75, 75, '2026-03-17T20:28:00.000Z');
INSERT INTO orders (id, buyer_id, seller_id, total_amount, status, created_at) 
                      VALUES ('1db74172-59d9-4e32-afb2-8a5c2614eb5e', '1161fb73-809d-4954-a73a-738a9a1868f7', '6adabb60-eed5-4dd0-b80c-41983dd81404', 75, 'completed', '2026-03-17T16:26:00.000Z');
INSERT INTO order_items (id, order_id, product_id, quantity, unit_price, subtotal, created_at) 
                      VALUES ('7aaf4fc2-5514-4a20-8b36-5b04817d7b48', '1db74172-59d9-4e32-afb2-8a5c2614eb5e', 'cd4cb45a-05bc-4729-bb2a-06d122f369fc', 1, 75, 75, '2026-03-17T16:26:00.000Z');
INSERT INTO orders (id, buyer_id, seller_id, total_amount, status, created_at) 
                      VALUES ('6c15305c-58a3-4764-8f78-292108b3980b', '233694a0-da98-4b19-8640-7b99f406554e', '6adabb60-eed5-4dd0-b80c-41983dd81404', 75, 'completed', '2026-03-17T17:14:00.000Z');
INSERT INTO order_items (id, order_id, product_id, quantity, unit_price, subtotal, created_at) 
                      VALUES ('fe09440e-bd83-4077-9d57-f45936b7eeff', '6c15305c-58a3-4764-8f78-292108b3980b', 'cd4cb45a-05bc-4729-bb2a-06d122f369fc', 1, 75, 75, '2026-03-17T17:14:00.000Z');
INSERT INTO orders (id, buyer_id, seller_id, total_amount, status, created_at) 
                      VALUES ('a4be1d45-c44c-49bf-89f1-5f7c97b57023', '1161fb73-809d-4954-a73a-738a9a1868f7', '6adabb60-eed5-4dd0-b80c-41983dd81404', 75, 'completed', '2026-03-17T21:11:00.000Z');
INSERT INTO order_items (id, order_id, product_id, quantity, unit_price, subtotal, created_at) 
                      VALUES ('ce7df9cf-b5fe-4f02-aaec-57e0a9f67b29', 'a4be1d45-c44c-49bf-89f1-5f7c97b57023', 'cd4cb45a-05bc-4729-bb2a-06d122f369fc', 1, 75, 75, '2026-03-17T21:11:00.000Z');
INSERT INTO orders (id, buyer_id, seller_id, total_amount, status, created_at) 
                      VALUES ('e89b255e-defd-4f8d-9fc6-1f0a1acf8c96', '233694a0-da98-4b19-8640-7b99f406554e', '6adabb60-eed5-4dd0-b80c-41983dd81404', 75, 'completed', '2026-03-17T17:34:00.000Z');
INSERT INTO order_items (id, order_id, product_id, quantity, unit_price, subtotal, created_at) 
                      VALUES ('bd0006ca-7928-4378-bce0-aca19fdd2e6e', 'e89b255e-defd-4f8d-9fc6-1f0a1acf8c96', 'cd4cb45a-05bc-4729-bb2a-06d122f369fc', 1, 75, 75, '2026-03-17T17:34:00.000Z');
INSERT INTO orders (id, buyer_id, seller_id, total_amount, status, created_at) 
                      VALUES ('932b6130-8d30-41e3-afad-1898b6fda635', 'aa9e3c8c-e997-4408-ac68-6265851f972d', '6adabb60-eed5-4dd0-b80c-41983dd81404', 75, 'completed', '2026-03-17T20:57:00.000Z');
INSERT INTO order_items (id, order_id, product_id, quantity, unit_price, subtotal, created_at) 
                      VALUES ('b4a6312a-14df-4b03-9cd0-5f5a4026a475', '932b6130-8d30-41e3-afad-1898b6fda635', 'cd4cb45a-05bc-4729-bb2a-06d122f369fc', 1, 75, 75, '2026-03-17T20:57:00.000Z');
INSERT INTO orders (id, buyer_id, seller_id, total_amount, status, created_at) 
                      VALUES ('fdce05bb-ca89-4c89-99e7-733ca1551326', 'aa9e3c8c-e997-4408-ac68-6265851f972d', '6adabb60-eed5-4dd0-b80c-41983dd81404', 75, 'completed', '2026-03-17T20:02:00.000Z');
INSERT INTO order_items (id, order_id, product_id, quantity, unit_price, subtotal, created_at) 
                      VALUES ('2737e346-2a46-49aa-aedb-df38214f21cb', 'fdce05bb-ca89-4c89-99e7-733ca1551326', 'cd4cb45a-05bc-4729-bb2a-06d122f369fc', 1, 75, 75, '2026-03-17T20:02:00.000Z');
INSERT INTO orders (id, buyer_id, seller_id, total_amount, status, created_at) 
                      VALUES ('4bf5c7df-47fb-4988-b985-5e0b9f4dfcbe', 'b03c172d-3388-458c-8054-b6ad7db24e27', '6adabb60-eed5-4dd0-b80c-41983dd81404', 75, 'completed', '2026-03-17T17:03:00.000Z');
INSERT INTO order_items (id, order_id, product_id, quantity, unit_price, subtotal, created_at) 
                      VALUES ('0be173f2-cc98-4b12-a3d9-46f69190d0fe', '4bf5c7df-47fb-4988-b985-5e0b9f4dfcbe', 'cd4cb45a-05bc-4729-bb2a-06d122f369fc', 1, 75, 75, '2026-03-17T17:03:00.000Z');
INSERT INTO orders (id, buyer_id, seller_id, total_amount, status, created_at) 
                      VALUES ('e67cb562-dd9c-4eb3-9943-2ffc204fdb04', '6c8c4ad9-70e8-48cb-9ce8-5d01c349ffcc', '6adabb60-eed5-4dd0-b80c-41983dd81404', 75, 'completed', '2026-03-17T16:33:00.000Z');
INSERT INTO order_items (id, order_id, product_id, quantity, unit_price, subtotal, created_at) 
                      VALUES ('df5baa1c-7456-47eb-b534-bdb5f9680da1', 'e67cb562-dd9c-4eb3-9943-2ffc204fdb04', 'cd4cb45a-05bc-4729-bb2a-06d122f369fc', 1, 75, 75, '2026-03-17T16:33:00.000Z');
INSERT INTO orders (id, buyer_id, seller_id, total_amount, status, created_at) 
                      VALUES ('af261a8f-78e3-495a-b732-0965d6531551', '79768ab4-b021-418b-bf3c-0dd52f857b65', '6adabb60-eed5-4dd0-b80c-41983dd81404', 75, 'completed', '2026-03-17T17:08:00.000Z');
INSERT INTO order_items (id, order_id, product_id, quantity, unit_price, subtotal, created_at) 
                      VALUES ('c1ebd839-1490-45a4-833e-ae1ce17ff621', 'af261a8f-78e3-495a-b732-0965d6531551', 'cd4cb45a-05bc-4729-bb2a-06d122f369fc', 1, 75, 75, '2026-03-17T17:08:00.000Z');
INSERT INTO orders (id, buyer_id, seller_id, total_amount, status, created_at) 
                      VALUES ('1425b9df-af22-4f3c-91a7-91cb9f5158e6', '1161fb73-809d-4954-a73a-738a9a1868f7', '6adabb60-eed5-4dd0-b80c-41983dd81404', 75, 'completed', '2026-03-17T21:38:00.000Z');
INSERT INTO order_items (id, order_id, product_id, quantity, unit_price, subtotal, created_at) 
                      VALUES ('1e1f78fc-6271-4bd9-a98b-59ae2f98869b', '1425b9df-af22-4f3c-91a7-91cb9f5158e6', 'cd4cb45a-05bc-4729-bb2a-06d122f369fc', 1, 75, 75, '2026-03-17T21:38:00.000Z');
INSERT INTO audit_logs (id, action, user_id, description, level, created_at) 
                  VALUES ('9fcb8b74-6b9b-4f87-859b-9e99d2bdc2b9', 'USER_LOGIN', '5f552e5d-c288-453c-a685-b287e1c0c64a', 'Vendedor inició sesión para jornada', 'info', '2026-03-17T14:05:00.000Z');
INSERT INTO daily_sales (id, seller_id, sale_date, total_investment, total_revenue, units_sold, units_lost, total_waste_cost, is_closed) 
                  VALUES ('9948c7a0-6a22-44e8-a49c-87a0a51dfa33', '5f552e5d-c288-453c-a685-b287e1c0c64a', '2026-03-17', 220, 495, 11, 0, 0, true);
INSERT INTO sale_details (id, daily_sale_id, product_id, quantity_prepared, quantity_sold, quantity_lost, unit_cost, unit_price, waste_cost, waste_reason) 
                  VALUES ('893b19af-b260-4da2-8bb9-4ee818c5d896', '9948c7a0-6a22-44e8-a49c-87a0a51dfa33', '90ccc3f8-627a-4af7-aab2-9c7967c2f50d', 11, 11, 0, 20, 45, 0, 'expired');
INSERT INTO orders (id, buyer_id, seller_id, total_amount, status, created_at) 
                      VALUES ('e2e75a8d-b4f2-4da3-9f0c-b07db1fa2eb4', '6c8c4ad9-70e8-48cb-9ce8-5d01c349ffcc', '5f552e5d-c288-453c-a685-b287e1c0c64a', 45, 'completed', '2026-03-17T20:37:00.000Z');
INSERT INTO order_items (id, order_id, product_id, quantity, unit_price, subtotal, created_at) 
                      VALUES ('1e299590-269e-4a3b-b601-9e1e2d39b1ff', 'e2e75a8d-b4f2-4da3-9f0c-b07db1fa2eb4', '90ccc3f8-627a-4af7-aab2-9c7967c2f50d', 1, 45, 45, '2026-03-17T20:37:00.000Z');
INSERT INTO orders (id, buyer_id, seller_id, total_amount, status, created_at) 
                      VALUES ('66c57092-3076-4fa8-811f-5e1ec76989df', 'aa9e3c8c-e997-4408-ac68-6265851f972d', '5f552e5d-c288-453c-a685-b287e1c0c64a', 45, 'completed', '2026-03-17T17:32:00.000Z');
INSERT INTO order_items (id, order_id, product_id, quantity, unit_price, subtotal, created_at) 
                      VALUES ('7e10159c-a4ec-43f5-b455-ae23ecb1a2ea', '66c57092-3076-4fa8-811f-5e1ec76989df', '90ccc3f8-627a-4af7-aab2-9c7967c2f50d', 1, 45, 45, '2026-03-17T17:32:00.000Z');
INSERT INTO orders (id, buyer_id, seller_id, total_amount, status, created_at) 
                      VALUES ('95fb79cd-a9b2-4c6a-9125-aa929242d344', 'b03c172d-3388-458c-8054-b6ad7db24e27', '5f552e5d-c288-453c-a685-b287e1c0c64a', 45, 'completed', '2026-03-17T16:45:00.000Z');
INSERT INTO order_items (id, order_id, product_id, quantity, unit_price, subtotal, created_at) 
                      VALUES ('c1cd7327-f004-423a-97a7-7aaf70c9e541', '95fb79cd-a9b2-4c6a-9125-aa929242d344', '90ccc3f8-627a-4af7-aab2-9c7967c2f50d', 1, 45, 45, '2026-03-17T16:45:00.000Z');
INSERT INTO orders (id, buyer_id, seller_id, total_amount, status, created_at) 
                      VALUES ('7f9d4ad2-5b95-4a95-bc62-ce45003e1b37', '233694a0-da98-4b19-8640-7b99f406554e', '5f552e5d-c288-453c-a685-b287e1c0c64a', 45, 'completed', '2026-03-17T19:49:00.000Z');
INSERT INTO order_items (id, order_id, product_id, quantity, unit_price, subtotal, created_at) 
                      VALUES ('1a0a5cd4-0819-42c3-81e7-b46e743870bf', '7f9d4ad2-5b95-4a95-bc62-ce45003e1b37', '90ccc3f8-627a-4af7-aab2-9c7967c2f50d', 1, 45, 45, '2026-03-17T19:49:00.000Z');
INSERT INTO orders (id, buyer_id, seller_id, total_amount, status, created_at) 
                      VALUES ('f5b4aa05-afcc-4af0-bd56-e1c63c7ac925', '1161fb73-809d-4954-a73a-738a9a1868f7', '5f552e5d-c288-453c-a685-b287e1c0c64a', 45, 'completed', '2026-03-17T21:35:00.000Z');
INSERT INTO order_items (id, order_id, product_id, quantity, unit_price, subtotal, created_at) 
                      VALUES ('0731db02-4891-4519-a034-75380a929adf', 'f5b4aa05-afcc-4af0-bd56-e1c63c7ac925', '90ccc3f8-627a-4af7-aab2-9c7967c2f50d', 1, 45, 45, '2026-03-17T21:35:00.000Z');
INSERT INTO orders (id, buyer_id, seller_id, total_amount, status, created_at) 
                      VALUES ('8dfa5260-4402-4e07-9f8f-55b7b3a2b672', 'b03c172d-3388-458c-8054-b6ad7db24e27', '5f552e5d-c288-453c-a685-b287e1c0c64a', 45, 'completed', '2026-03-17T16:19:00.000Z');
INSERT INTO order_items (id, order_id, product_id, quantity, unit_price, subtotal, created_at) 
                      VALUES ('f8e28085-032a-4ef1-98fe-723205afa979', '8dfa5260-4402-4e07-9f8f-55b7b3a2b672', '90ccc3f8-627a-4af7-aab2-9c7967c2f50d', 1, 45, 45, '2026-03-17T16:19:00.000Z');
INSERT INTO orders (id, buyer_id, seller_id, total_amount, status, created_at) 
                      VALUES ('5f6f3060-36fa-4bd1-bf06-f8690d77b3e6', 'b03c172d-3388-458c-8054-b6ad7db24e27', '5f552e5d-c288-453c-a685-b287e1c0c64a', 45, 'completed', '2026-03-17T17:11:00.000Z');
INSERT INTO order_items (id, order_id, product_id, quantity, unit_price, subtotal, created_at) 
                      VALUES ('35d12f58-0b65-4145-b2f1-a42d5a0d3331', '5f6f3060-36fa-4bd1-bf06-f8690d77b3e6', '90ccc3f8-627a-4af7-aab2-9c7967c2f50d', 1, 45, 45, '2026-03-17T17:11:00.000Z');
INSERT INTO orders (id, buyer_id, seller_id, total_amount, status, created_at) 
                      VALUES ('8397683d-afa7-40a8-b4df-3bf27bf5f56d', '233694a0-da98-4b19-8640-7b99f406554e', '5f552e5d-c288-453c-a685-b287e1c0c64a', 45, 'completed', '2026-03-17T17:27:00.000Z');
INSERT INTO order_items (id, order_id, product_id, quantity, unit_price, subtotal, created_at) 
                      VALUES ('dec61f36-0370-4705-a1e7-535d51e86266', '8397683d-afa7-40a8-b4df-3bf27bf5f56d', '90ccc3f8-627a-4af7-aab2-9c7967c2f50d', 1, 45, 45, '2026-03-17T17:27:00.000Z');
INSERT INTO orders (id, buyer_id, seller_id, total_amount, status, created_at) 
                      VALUES ('3d85c4f6-3e2b-44e1-8a89-b6544bd264a2', 'ac51e939-ec0b-40c3-b3e7-39711b12845a', '5f552e5d-c288-453c-a685-b287e1c0c64a', 45, 'completed', '2026-03-17T16:18:00.000Z');
INSERT INTO order_items (id, order_id, product_id, quantity, unit_price, subtotal, created_at) 
                      VALUES ('72d37d61-e020-4b2d-a8ea-6c8b40f424d4', '3d85c4f6-3e2b-44e1-8a89-b6544bd264a2', '90ccc3f8-627a-4af7-aab2-9c7967c2f50d', 1, 45, 45, '2026-03-17T16:18:00.000Z');
INSERT INTO orders (id, buyer_id, seller_id, total_amount, status, created_at) 
                      VALUES ('b4a526f8-5575-4d30-8601-f2a9df256ced', 'b03c172d-3388-458c-8054-b6ad7db24e27', '5f552e5d-c288-453c-a685-b287e1c0c64a', 45, 'completed', '2026-03-17T21:51:00.000Z');
INSERT INTO order_items (id, order_id, product_id, quantity, unit_price, subtotal, created_at) 
                      VALUES ('6e72db5d-e99e-4ede-850b-0fc4e688270c', 'b4a526f8-5575-4d30-8601-f2a9df256ced', '90ccc3f8-627a-4af7-aab2-9c7967c2f50d', 1, 45, 45, '2026-03-17T21:51:00.000Z');
INSERT INTO orders (id, buyer_id, seller_id, total_amount, status, created_at) 
                      VALUES ('1d1c8d6d-f53a-4c2b-addb-c469385b5a9a', 'b03c172d-3388-458c-8054-b6ad7db24e27', '5f552e5d-c288-453c-a685-b287e1c0c64a', 45, 'completed', '2026-03-17T18:22:00.000Z');
INSERT INTO order_items (id, order_id, product_id, quantity, unit_price, subtotal, created_at) 
                      VALUES ('b4ac6008-a82f-4b22-b686-9990c5f6d31f', '1d1c8d6d-f53a-4c2b-addb-c469385b5a9a', '90ccc3f8-627a-4af7-aab2-9c7967c2f50d', 1, 45, 45, '2026-03-17T18:22:00.000Z');
INSERT INTO audit_logs (id, action, user_id, description, level, created_at) 
                  VALUES ('6db63329-8ae0-4dc0-9f36-7239b3c1a664', 'USER_LOGIN', '522afd0e-5b6f-4f57-be80-46fd79ba12db', 'Vendedor inició sesión para jornada', 'info', '2026-03-17T14:24:00.000Z');
INSERT INTO daily_sales (id, seller_id, sale_date, total_investment, total_revenue, units_sold, units_lost, total_waste_cost, is_closed) 
                  VALUES ('5813589e-dd73-4130-8691-24483af0bf8f', '522afd0e-5b6f-4f57-be80-46fd79ba12db', '2026-03-17', 120, 300, 10, 0, 0, true);
INSERT INTO sale_details (id, daily_sale_id, product_id, quantity_prepared, quantity_sold, quantity_lost, unit_cost, unit_price, waste_cost, waste_reason) 
                  VALUES ('4c138bae-f948-4742-8bec-a62c0ce5821c', '5813589e-dd73-4130-8691-24483af0bf8f', 'c865d401-6592-418d-98d5-1aa633799680', 10, 10, 0, 12, 30, 0, 'expired');
INSERT INTO orders (id, buyer_id, seller_id, total_amount, status, created_at) 
                      VALUES ('433640d9-42fc-4b1b-918a-5dc457acfa77', '233694a0-da98-4b19-8640-7b99f406554e', '522afd0e-5b6f-4f57-be80-46fd79ba12db', 30, 'completed', '2026-03-17T20:11:00.000Z');
INSERT INTO order_items (id, order_id, product_id, quantity, unit_price, subtotal, created_at) 
                      VALUES ('55ac3ad1-08d1-46a3-b662-123696cfc705', '433640d9-42fc-4b1b-918a-5dc457acfa77', 'c865d401-6592-418d-98d5-1aa633799680', 1, 30, 30, '2026-03-17T20:11:00.000Z');
INSERT INTO orders (id, buyer_id, seller_id, total_amount, status, created_at) 
                      VALUES ('09fba81f-663b-422e-b2f8-fbda2a82bc5e', '1161fb73-809d-4954-a73a-738a9a1868f7', '522afd0e-5b6f-4f57-be80-46fd79ba12db', 30, 'completed', '2026-03-17T16:10:00.000Z');
INSERT INTO order_items (id, order_id, product_id, quantity, unit_price, subtotal, created_at) 
                      VALUES ('5dfb1f10-c112-40ee-9733-f5d26e956eee', '09fba81f-663b-422e-b2f8-fbda2a82bc5e', 'c865d401-6592-418d-98d5-1aa633799680', 1, 30, 30, '2026-03-17T16:10:00.000Z');
INSERT INTO orders (id, buyer_id, seller_id, total_amount, status, created_at) 
                      VALUES ('38bbd372-148a-4887-8b5c-760ddb2cc1e4', 'aa9e3c8c-e997-4408-ac68-6265851f972d', '522afd0e-5b6f-4f57-be80-46fd79ba12db', 30, 'completed', '2026-03-17T21:43:00.000Z');
INSERT INTO order_items (id, order_id, product_id, quantity, unit_price, subtotal, created_at) 
                      VALUES ('c2cb4da5-d6d0-40b6-a385-562abc36c4dd', '38bbd372-148a-4887-8b5c-760ddb2cc1e4', 'c865d401-6592-418d-98d5-1aa633799680', 1, 30, 30, '2026-03-17T21:43:00.000Z');
INSERT INTO orders (id, buyer_id, seller_id, total_amount, status, created_at) 
                      VALUES ('5bd18359-5882-4e2f-8c79-eebe1514242c', '79768ab4-b021-418b-bf3c-0dd52f857b65', '522afd0e-5b6f-4f57-be80-46fd79ba12db', 30, 'completed', '2026-03-17T20:55:00.000Z');
INSERT INTO order_items (id, order_id, product_id, quantity, unit_price, subtotal, created_at) 
                      VALUES ('6041701d-f268-4308-91a3-f336b7fa1c2c', '5bd18359-5882-4e2f-8c79-eebe1514242c', 'c865d401-6592-418d-98d5-1aa633799680', 1, 30, 30, '2026-03-17T20:55:00.000Z');
INSERT INTO orders (id, buyer_id, seller_id, total_amount, status, created_at) 
                      VALUES ('828ead6e-38fb-4552-82db-9edb81f8aea0', '1161fb73-809d-4954-a73a-738a9a1868f7', '522afd0e-5b6f-4f57-be80-46fd79ba12db', 30, 'completed', '2026-03-17T17:19:00.000Z');
INSERT INTO order_items (id, order_id, product_id, quantity, unit_price, subtotal, created_at) 
                      VALUES ('9a6cc0f4-b1c3-4e94-a25e-2895559fa963', '828ead6e-38fb-4552-82db-9edb81f8aea0', 'c865d401-6592-418d-98d5-1aa633799680', 1, 30, 30, '2026-03-17T17:19:00.000Z');
INSERT INTO orders (id, buyer_id, seller_id, total_amount, status, created_at) 
                      VALUES ('32be7a60-a071-49ec-bf19-e7f16df219aa', 'b03c172d-3388-458c-8054-b6ad7db24e27', '522afd0e-5b6f-4f57-be80-46fd79ba12db', 30, 'completed', '2026-03-17T16:47:00.000Z');
INSERT INTO order_items (id, order_id, product_id, quantity, unit_price, subtotal, created_at) 
                      VALUES ('101518c6-6ee0-4b64-9b19-59912bf88189', '32be7a60-a071-49ec-bf19-e7f16df219aa', 'c865d401-6592-418d-98d5-1aa633799680', 1, 30, 30, '2026-03-17T16:47:00.000Z');
INSERT INTO orders (id, buyer_id, seller_id, total_amount, status, created_at) 
                      VALUES ('0d1a3219-a1f9-4f7f-bdc9-ab6fa384e473', 'ac51e939-ec0b-40c3-b3e7-39711b12845a', '522afd0e-5b6f-4f57-be80-46fd79ba12db', 30, 'completed', '2026-03-17T20:19:00.000Z');
INSERT INTO order_items (id, order_id, product_id, quantity, unit_price, subtotal, created_at) 
                      VALUES ('f14ab668-4851-4e67-942f-6327bc771203', '0d1a3219-a1f9-4f7f-bdc9-ab6fa384e473', 'c865d401-6592-418d-98d5-1aa633799680', 1, 30, 30, '2026-03-17T20:19:00.000Z');
INSERT INTO orders (id, buyer_id, seller_id, total_amount, status, created_at) 
                      VALUES ('191de856-1a24-474f-9906-b8113542efbd', 'b03c172d-3388-458c-8054-b6ad7db24e27', '522afd0e-5b6f-4f57-be80-46fd79ba12db', 30, 'completed', '2026-03-17T21:11:00.000Z');
INSERT INTO order_items (id, order_id, product_id, quantity, unit_price, subtotal, created_at) 
                      VALUES ('26dc3fe1-89fc-45fe-9265-db8a3acfb530', '191de856-1a24-474f-9906-b8113542efbd', 'c865d401-6592-418d-98d5-1aa633799680', 1, 30, 30, '2026-03-17T21:11:00.000Z');
INSERT INTO orders (id, buyer_id, seller_id, total_amount, status, created_at) 
                      VALUES ('6f6aeb57-dfc9-49f8-83a8-d5d3781d1746', 'b03c172d-3388-458c-8054-b6ad7db24e27', '522afd0e-5b6f-4f57-be80-46fd79ba12db', 30, 'completed', '2026-03-17T16:34:00.000Z');
INSERT INTO order_items (id, order_id, product_id, quantity, unit_price, subtotal, created_at) 
                      VALUES ('72974c26-d182-4214-880f-5762ab99ff17', '6f6aeb57-dfc9-49f8-83a8-d5d3781d1746', 'c865d401-6592-418d-98d5-1aa633799680', 1, 30, 30, '2026-03-17T16:34:00.000Z');
INSERT INTO orders (id, buyer_id, seller_id, total_amount, status, created_at) 
                      VALUES ('e10495d8-c856-4862-a7e3-64b185224e7e', 'aa9e3c8c-e997-4408-ac68-6265851f972d', '522afd0e-5b6f-4f57-be80-46fd79ba12db', 30, 'completed', '2026-03-17T17:08:00.000Z');
INSERT INTO order_items (id, order_id, product_id, quantity, unit_price, subtotal, created_at) 
                      VALUES ('f3800343-9b7f-48a2-bec3-dea9fd811a01', 'e10495d8-c856-4862-a7e3-64b185224e7e', 'c865d401-6592-418d-98d5-1aa633799680', 1, 30, 30, '2026-03-17T17:08:00.000Z');
INSERT INTO audit_logs (id, action, user_id, description, level, created_at) 
                  VALUES ('a59f4fcb-a2f7-48f2-808d-4a0e9ebcc0be', 'USER_LOGIN', 'da273443-bae3-4781-ae4e-819d0c9d56a6', 'Vendedor inició sesión para jornada', 'info', '2026-03-17T14:00:00.000Z');
INSERT INTO daily_sales (id, seller_id, sale_date, total_investment, total_revenue, units_sold, units_lost, total_waste_cost, is_closed) 
                  VALUES ('0662eca1-c232-4280-80b6-47dc624fe72f', 'da273443-bae3-4781-ae4e-819d0c9d56a6', '2026-03-17', 104, 275, 11, 2, 16, true);
INSERT INTO sale_details (id, daily_sale_id, product_id, quantity_prepared, quantity_sold, quantity_lost, unit_cost, unit_price, waste_cost, waste_reason) 
                  VALUES ('f772c88d-0a66-413e-b814-84c2b674f47a', '0662eca1-c232-4280-80b6-47dc624fe72f', 'ea84c406-f235-4e9c-b061-71ed9401e63b', 13, 11, 2, 8, 25, 16, 'expired');
INSERT INTO orders (id, buyer_id, seller_id, total_amount, status, created_at) 
                      VALUES ('ab0d383b-420b-4fa2-a404-543566bceb1c', 'ac51e939-ec0b-40c3-b3e7-39711b12845a', 'da273443-bae3-4781-ae4e-819d0c9d56a6', 25, 'completed', '2026-03-17T20:27:00.000Z');
INSERT INTO order_items (id, order_id, product_id, quantity, unit_price, subtotal, created_at) 
                      VALUES ('83ebc88c-7a49-4956-be68-4f376cb7c5dd', 'ab0d383b-420b-4fa2-a404-543566bceb1c', 'ea84c406-f235-4e9c-b061-71ed9401e63b', 1, 25, 25, '2026-03-17T20:27:00.000Z');
INSERT INTO orders (id, buyer_id, seller_id, total_amount, status, created_at) 
                      VALUES ('9c05e748-868a-4cfc-bc70-2e0e978d675e', 'ac51e939-ec0b-40c3-b3e7-39711b12845a', 'da273443-bae3-4781-ae4e-819d0c9d56a6', 25, 'completed', '2026-03-17T18:58:00.000Z');
INSERT INTO order_items (id, order_id, product_id, quantity, unit_price, subtotal, created_at) 
                      VALUES ('a1eced65-1866-4155-b2dc-df2b5dfafcd2', '9c05e748-868a-4cfc-bc70-2e0e978d675e', 'ea84c406-f235-4e9c-b061-71ed9401e63b', 1, 25, 25, '2026-03-17T18:58:00.000Z');
INSERT INTO orders (id, buyer_id, seller_id, total_amount, status, created_at) 
                      VALUES ('7a270b0b-cfa2-45b0-9046-6f7e9e303da2', '79768ab4-b021-418b-bf3c-0dd52f857b65', 'da273443-bae3-4781-ae4e-819d0c9d56a6', 25, 'completed', '2026-03-17T16:09:00.000Z');
INSERT INTO order_items (id, order_id, product_id, quantity, unit_price, subtotal, created_at) 
                      VALUES ('4e2453ee-2585-431b-abaa-48f14b7511d5', '7a270b0b-cfa2-45b0-9046-6f7e9e303da2', 'ea84c406-f235-4e9c-b061-71ed9401e63b', 1, 25, 25, '2026-03-17T16:09:00.000Z');
INSERT INTO orders (id, buyer_id, seller_id, total_amount, status, created_at) 
                      VALUES ('0fd54549-b0c7-45eb-b16e-6171b8430167', 'b03c172d-3388-458c-8054-b6ad7db24e27', 'da273443-bae3-4781-ae4e-819d0c9d56a6', 25, 'completed', '2026-03-17T20:25:00.000Z');
INSERT INTO order_items (id, order_id, product_id, quantity, unit_price, subtotal, created_at) 
                      VALUES ('29008b12-82a9-428d-9794-301d03881d5f', '0fd54549-b0c7-45eb-b16e-6171b8430167', 'ea84c406-f235-4e9c-b061-71ed9401e63b', 1, 25, 25, '2026-03-17T20:25:00.000Z');
INSERT INTO orders (id, buyer_id, seller_id, total_amount, status, created_at) 
                      VALUES ('224f7abb-dbf7-4751-abae-2f7148c807a0', 'ac51e939-ec0b-40c3-b3e7-39711b12845a', 'da273443-bae3-4781-ae4e-819d0c9d56a6', 25, 'completed', '2026-03-17T18:38:00.000Z');
INSERT INTO order_items (id, order_id, product_id, quantity, unit_price, subtotal, created_at) 
                      VALUES ('ee92d566-691a-4a83-afb3-f03fa1406c6b', '224f7abb-dbf7-4751-abae-2f7148c807a0', 'ea84c406-f235-4e9c-b061-71ed9401e63b', 1, 25, 25, '2026-03-17T18:38:00.000Z');
INSERT INTO orders (id, buyer_id, seller_id, total_amount, status, created_at) 
                      VALUES ('d9b81bea-7c37-462f-ae80-70e5680ce6d3', '79768ab4-b021-418b-bf3c-0dd52f857b65', 'da273443-bae3-4781-ae4e-819d0c9d56a6', 25, 'completed', '2026-03-17T16:53:00.000Z');
INSERT INTO order_items (id, order_id, product_id, quantity, unit_price, subtotal, created_at) 
                      VALUES ('8c960d98-83c4-4018-aa90-fc5ebc0b25a5', 'd9b81bea-7c37-462f-ae80-70e5680ce6d3', 'ea84c406-f235-4e9c-b061-71ed9401e63b', 1, 25, 25, '2026-03-17T16:53:00.000Z');
INSERT INTO orders (id, buyer_id, seller_id, total_amount, status, created_at) 
                      VALUES ('21a663d8-17d5-4980-802c-f3bfe904d84f', 'b03c172d-3388-458c-8054-b6ad7db24e27', 'da273443-bae3-4781-ae4e-819d0c9d56a6', 25, 'completed', '2026-03-17T20:10:00.000Z');
INSERT INTO order_items (id, order_id, product_id, quantity, unit_price, subtotal, created_at) 
                      VALUES ('ebd4ebb1-5456-41ff-938c-1e9ecd6a1647', '21a663d8-17d5-4980-802c-f3bfe904d84f', 'ea84c406-f235-4e9c-b061-71ed9401e63b', 1, 25, 25, '2026-03-17T20:10:00.000Z');
INSERT INTO orders (id, buyer_id, seller_id, total_amount, status, created_at) 
                      VALUES ('14e56e89-1087-40d5-ab3a-9cfd5de44a3b', '233694a0-da98-4b19-8640-7b99f406554e', 'da273443-bae3-4781-ae4e-819d0c9d56a6', 25, 'completed', '2026-03-17T16:47:00.000Z');
INSERT INTO order_items (id, order_id, product_id, quantity, unit_price, subtotal, created_at) 
                      VALUES ('1717803b-2edf-4ee0-b883-7dca5a17783c', '14e56e89-1087-40d5-ab3a-9cfd5de44a3b', 'ea84c406-f235-4e9c-b061-71ed9401e63b', 1, 25, 25, '2026-03-17T16:47:00.000Z');
INSERT INTO orders (id, buyer_id, seller_id, total_amount, status, created_at) 
                      VALUES ('bca2c4d0-4af7-48e6-8726-5d5c58530036', 'aa9e3c8c-e997-4408-ac68-6265851f972d', 'da273443-bae3-4781-ae4e-819d0c9d56a6', 25, 'completed', '2026-03-17T18:03:00.000Z');
INSERT INTO order_items (id, order_id, product_id, quantity, unit_price, subtotal, created_at) 
                      VALUES ('82441cf4-d5b0-400f-a3f1-e94f1bc34e79', 'bca2c4d0-4af7-48e6-8726-5d5c58530036', 'ea84c406-f235-4e9c-b061-71ed9401e63b', 1, 25, 25, '2026-03-17T18:03:00.000Z');
INSERT INTO orders (id, buyer_id, seller_id, total_amount, status, created_at) 
                      VALUES ('4fdfc98f-229a-4734-a6e5-905ba801eccd', '79768ab4-b021-418b-bf3c-0dd52f857b65', 'da273443-bae3-4781-ae4e-819d0c9d56a6', 25, 'completed', '2026-03-17T19:00:00.000Z');
INSERT INTO order_items (id, order_id, product_id, quantity, unit_price, subtotal, created_at) 
                      VALUES ('ab1ece7f-4b85-4829-b434-a81d30e6c0fb', '4fdfc98f-229a-4734-a6e5-905ba801eccd', 'ea84c406-f235-4e9c-b061-71ed9401e63b', 1, 25, 25, '2026-03-17T19:00:00.000Z');
INSERT INTO orders (id, buyer_id, seller_id, total_amount, status, created_at) 
                      VALUES ('d516d86e-4d8a-4cb8-9b85-03d1e0b0d84a', 'b03c172d-3388-458c-8054-b6ad7db24e27', 'da273443-bae3-4781-ae4e-819d0c9d56a6', 25, 'completed', '2026-03-17T16:32:00.000Z');
INSERT INTO order_items (id, order_id, product_id, quantity, unit_price, subtotal, created_at) 
                      VALUES ('77ff854d-000f-44a7-970f-b0cd89882cf2', 'd516d86e-4d8a-4cb8-9b85-03d1e0b0d84a', 'ea84c406-f235-4e9c-b061-71ed9401e63b', 1, 25, 25, '2026-03-17T16:32:00.000Z');
INSERT INTO audit_logs (id, action, user_id, description, level, created_at) 
                  VALUES ('134e7e96-b3d3-4d82-b793-2b97b5a257e9', 'USER_LOGIN', 'cdc7b576-3957-4e3f-9e87-6630e4ef1950', 'Vendedor inició sesión para jornada', 'info', '2026-03-17T14:16:00.000Z');
INSERT INTO daily_sales (id, seller_id, sale_date, total_investment, total_revenue, units_sold, units_lost, total_waste_cost, is_closed) 
                  VALUES ('c82debe7-faf8-4e65-8461-30ff8a50678e', 'cdc7b576-3957-4e3f-9e87-6630e4ef1950', '2026-03-17', 325, 715, 13, 0, 0, true);
INSERT INTO sale_details (id, daily_sale_id, product_id, quantity_prepared, quantity_sold, quantity_lost, unit_cost, unit_price, waste_cost, waste_reason) 
                  VALUES ('736d81ed-e1f2-4e64-92a2-d204fc64561e', 'c82debe7-faf8-4e65-8461-30ff8a50678e', '49e54b55-6e07-407b-9dac-36e93e1f8aa2', 13, 13, 0, 25, 55, 0, 'expired');
INSERT INTO orders (id, buyer_id, seller_id, total_amount, status, created_at) 
                      VALUES ('9a8923ad-4793-497f-81d4-c819fc15a792', 'b03c172d-3388-458c-8054-b6ad7db24e27', 'cdc7b576-3957-4e3f-9e87-6630e4ef1950', 55, 'completed', '2026-03-17T18:27:00.000Z');
INSERT INTO order_items (id, order_id, product_id, quantity, unit_price, subtotal, created_at) 
                      VALUES ('c0e5eab6-0cbb-46ec-a911-5bde9ec1587a', '9a8923ad-4793-497f-81d4-c819fc15a792', '49e54b55-6e07-407b-9dac-36e93e1f8aa2', 1, 55, 55, '2026-03-17T18:27:00.000Z');
INSERT INTO orders (id, buyer_id, seller_id, total_amount, status, created_at) 
                      VALUES ('e997b0b8-970c-4db3-8e96-6f012a802ba6', '1161fb73-809d-4954-a73a-738a9a1868f7', 'cdc7b576-3957-4e3f-9e87-6630e4ef1950', 55, 'completed', '2026-03-17T17:24:00.000Z');
INSERT INTO order_items (id, order_id, product_id, quantity, unit_price, subtotal, created_at) 
                      VALUES ('06021715-e499-4d57-b305-e1518c088384', 'e997b0b8-970c-4db3-8e96-6f012a802ba6', '49e54b55-6e07-407b-9dac-36e93e1f8aa2', 1, 55, 55, '2026-03-17T17:24:00.000Z');
INSERT INTO orders (id, buyer_id, seller_id, total_amount, status, created_at) 
                      VALUES ('ffc879f3-64b8-4df2-b218-a9aa599b7611', '1161fb73-809d-4954-a73a-738a9a1868f7', 'cdc7b576-3957-4e3f-9e87-6630e4ef1950', 55, 'completed', '2026-03-17T19:30:00.000Z');
INSERT INTO order_items (id, order_id, product_id, quantity, unit_price, subtotal, created_at) 
                      VALUES ('7d3c06e9-d40a-4b0a-a973-51e792a238cd', 'ffc879f3-64b8-4df2-b218-a9aa599b7611', '49e54b55-6e07-407b-9dac-36e93e1f8aa2', 1, 55, 55, '2026-03-17T19:30:00.000Z');
INSERT INTO orders (id, buyer_id, seller_id, total_amount, status, created_at) 
                      VALUES ('4ac6f1ca-080e-424e-b57b-b51866174749', 'b03c172d-3388-458c-8054-b6ad7db24e27', 'cdc7b576-3957-4e3f-9e87-6630e4ef1950', 55, 'completed', '2026-03-17T17:50:00.000Z');
INSERT INTO order_items (id, order_id, product_id, quantity, unit_price, subtotal, created_at) 
                      VALUES ('eff995dd-34e9-4bbe-81dc-c1c20f761206', '4ac6f1ca-080e-424e-b57b-b51866174749', '49e54b55-6e07-407b-9dac-36e93e1f8aa2', 1, 55, 55, '2026-03-17T17:50:00.000Z');
INSERT INTO orders (id, buyer_id, seller_id, total_amount, status, created_at) 
                      VALUES ('ceeb3755-cc73-403c-898a-cb5b7d01fc5e', 'aa9e3c8c-e997-4408-ac68-6265851f972d', 'cdc7b576-3957-4e3f-9e87-6630e4ef1950', 55, 'completed', '2026-03-17T17:31:00.000Z');
INSERT INTO order_items (id, order_id, product_id, quantity, unit_price, subtotal, created_at) 
                      VALUES ('af2de37c-4739-465d-a143-d0ee8b5799f1', 'ceeb3755-cc73-403c-898a-cb5b7d01fc5e', '49e54b55-6e07-407b-9dac-36e93e1f8aa2', 1, 55, 55, '2026-03-17T17:31:00.000Z');
INSERT INTO orders (id, buyer_id, seller_id, total_amount, status, created_at) 
                      VALUES ('73bd6f84-291f-4a65-a055-46fbbccb7d2d', 'b03c172d-3388-458c-8054-b6ad7db24e27', 'cdc7b576-3957-4e3f-9e87-6630e4ef1950', 55, 'completed', '2026-03-17T16:09:00.000Z');
INSERT INTO order_items (id, order_id, product_id, quantity, unit_price, subtotal, created_at) 
                      VALUES ('598282da-6ff7-48af-aa9e-df26c9c66311', '73bd6f84-291f-4a65-a055-46fbbccb7d2d', '49e54b55-6e07-407b-9dac-36e93e1f8aa2', 1, 55, 55, '2026-03-17T16:09:00.000Z');
INSERT INTO orders (id, buyer_id, seller_id, total_amount, status, created_at) 
                      VALUES ('2b9e0fd5-adc5-4bcf-94a4-dabe22fbdf76', 'b03c172d-3388-458c-8054-b6ad7db24e27', 'cdc7b576-3957-4e3f-9e87-6630e4ef1950', 55, 'completed', '2026-03-17T21:05:00.000Z');
INSERT INTO order_items (id, order_id, product_id, quantity, unit_price, subtotal, created_at) 
                      VALUES ('972d5019-f7ba-40ed-925a-3d52e243d0ed', '2b9e0fd5-adc5-4bcf-94a4-dabe22fbdf76', '49e54b55-6e07-407b-9dac-36e93e1f8aa2', 1, 55, 55, '2026-03-17T21:05:00.000Z');
INSERT INTO orders (id, buyer_id, seller_id, total_amount, status, created_at) 
                      VALUES ('1decbc98-d031-4465-b651-3011a6223ae8', '233694a0-da98-4b19-8640-7b99f406554e', 'cdc7b576-3957-4e3f-9e87-6630e4ef1950', 55, 'completed', '2026-03-17T19:16:00.000Z');
INSERT INTO order_items (id, order_id, product_id, quantity, unit_price, subtotal, created_at) 
                      VALUES ('da3d209c-bfe5-4e39-9cf8-c06894619591', '1decbc98-d031-4465-b651-3011a6223ae8', '49e54b55-6e07-407b-9dac-36e93e1f8aa2', 1, 55, 55, '2026-03-17T19:16:00.000Z');
INSERT INTO orders (id, buyer_id, seller_id, total_amount, status, created_at) 
                      VALUES ('e6df67a5-a43b-452d-908a-c6ff36c3c0c3', 'b03c172d-3388-458c-8054-b6ad7db24e27', 'cdc7b576-3957-4e3f-9e87-6630e4ef1950', 55, 'completed', '2026-03-17T21:22:00.000Z');
INSERT INTO order_items (id, order_id, product_id, quantity, unit_price, subtotal, created_at) 
                      VALUES ('de7374c9-d037-4b26-ba9e-8af11262b36b', 'e6df67a5-a43b-452d-908a-c6ff36c3c0c3', '49e54b55-6e07-407b-9dac-36e93e1f8aa2', 1, 55, 55, '2026-03-17T21:22:00.000Z');
INSERT INTO orders (id, buyer_id, seller_id, total_amount, status, created_at) 
                      VALUES ('09c392d6-dfda-49d5-b09f-2be238c09d63', '1161fb73-809d-4954-a73a-738a9a1868f7', 'cdc7b576-3957-4e3f-9e87-6630e4ef1950', 55, 'completed', '2026-03-17T16:45:00.000Z');
INSERT INTO order_items (id, order_id, product_id, quantity, unit_price, subtotal, created_at) 
                      VALUES ('08e93111-c173-4172-8096-05ebabed29d7', '09c392d6-dfda-49d5-b09f-2be238c09d63', '49e54b55-6e07-407b-9dac-36e93e1f8aa2', 1, 55, 55, '2026-03-17T16:45:00.000Z');
INSERT INTO orders (id, buyer_id, seller_id, total_amount, status, created_at) 
                      VALUES ('40999617-2706-4f21-b1ba-42c6231111e7', 'aa9e3c8c-e997-4408-ac68-6265851f972d', 'cdc7b576-3957-4e3f-9e87-6630e4ef1950', 55, 'completed', '2026-03-17T16:42:00.000Z');
INSERT INTO order_items (id, order_id, product_id, quantity, unit_price, subtotal, created_at) 
                      VALUES ('a2251699-d6c0-4525-9183-f6302a1e85f0', '40999617-2706-4f21-b1ba-42c6231111e7', '49e54b55-6e07-407b-9dac-36e93e1f8aa2', 1, 55, 55, '2026-03-17T16:42:00.000Z');
INSERT INTO orders (id, buyer_id, seller_id, total_amount, status, created_at) 
                      VALUES ('6a509c7c-f720-4054-983e-f35cf74b0ad4', 'ac51e939-ec0b-40c3-b3e7-39711b12845a', 'cdc7b576-3957-4e3f-9e87-6630e4ef1950', 55, 'completed', '2026-03-17T16:45:00.000Z');
INSERT INTO order_items (id, order_id, product_id, quantity, unit_price, subtotal, created_at) 
                      VALUES ('5799c0ec-69bc-49e3-a7c5-66c51e99dec4', '6a509c7c-f720-4054-983e-f35cf74b0ad4', '49e54b55-6e07-407b-9dac-36e93e1f8aa2', 1, 55, 55, '2026-03-17T16:45:00.000Z');
INSERT INTO orders (id, buyer_id, seller_id, total_amount, status, created_at) 
                      VALUES ('e14f235e-7863-45d4-acb6-f2eff1f85236', 'b03c172d-3388-458c-8054-b6ad7db24e27', 'cdc7b576-3957-4e3f-9e87-6630e4ef1950', 55, 'completed', '2026-03-17T17:15:00.000Z');
INSERT INTO order_items (id, order_id, product_id, quantity, unit_price, subtotal, created_at) 
                      VALUES ('531403b6-2384-485d-ae8d-b90b7b05b7bf', 'e14f235e-7863-45d4-acb6-f2eff1f85236', '49e54b55-6e07-407b-9dac-36e93e1f8aa2', 1, 55, 55, '2026-03-17T17:15:00.000Z');
INSERT INTO audit_logs (id, action, user_id, description, level, created_at) 
                  VALUES ('a254f086-23f2-4984-9537-92c9a41544a6', 'USER_LOGIN', '6adabb60-eed5-4dd0-b80c-41983dd81404', 'Vendedor inició sesión para jornada', 'info', '2026-03-18T14:06:00.000Z');
INSERT INTO daily_sales (id, seller_id, sale_date, total_investment, total_revenue, units_sold, units_lost, total_waste_cost, is_closed) 
                  VALUES ('80ec188f-b43c-469b-b25f-7d7431c3a2b4', '6adabb60-eed5-4dd0-b80c-41983dd81404', '2026-03-18', 480, 900, 12, 0, 0, true);
INSERT INTO sale_details (id, daily_sale_id, product_id, quantity_prepared, quantity_sold, quantity_lost, unit_cost, unit_price, waste_cost, waste_reason) 
                  VALUES ('58ed7d1c-5462-428f-a1bc-4547e2511b4f', '80ec188f-b43c-469b-b25f-7d7431c3a2b4', 'cd4cb45a-05bc-4729-bb2a-06d122f369fc', 12, 12, 0, 40, 75, 0, 'expired');
INSERT INTO orders (id, buyer_id, seller_id, total_amount, status, created_at) 
                      VALUES ('bf1a7940-f929-4922-a77d-c1dbce3ade0e', '6c8c4ad9-70e8-48cb-9ce8-5d01c349ffcc', '6adabb60-eed5-4dd0-b80c-41983dd81404', 75, 'completed', '2026-03-18T20:15:00.000Z');
INSERT INTO order_items (id, order_id, product_id, quantity, unit_price, subtotal, created_at) 
                      VALUES ('963b8308-7d3d-4d35-8c48-d39657129bd3', 'bf1a7940-f929-4922-a77d-c1dbce3ade0e', 'cd4cb45a-05bc-4729-bb2a-06d122f369fc', 1, 75, 75, '2026-03-18T20:15:00.000Z');
INSERT INTO orders (id, buyer_id, seller_id, total_amount, status, created_at) 
                      VALUES ('c3e5f74c-697c-4df1-af58-a7c71cbf136b', 'b03c172d-3388-458c-8054-b6ad7db24e27', '6adabb60-eed5-4dd0-b80c-41983dd81404', 75, 'completed', '2026-03-18T21:37:00.000Z');
INSERT INTO order_items (id, order_id, product_id, quantity, unit_price, subtotal, created_at) 
                      VALUES ('b4de1fb2-5190-4556-abce-881ab23022bd', 'c3e5f74c-697c-4df1-af58-a7c71cbf136b', 'cd4cb45a-05bc-4729-bb2a-06d122f369fc', 1, 75, 75, '2026-03-18T21:37:00.000Z');
INSERT INTO orders (id, buyer_id, seller_id, total_amount, status, created_at) 
                      VALUES ('4ffa2680-481a-405a-aa16-dbee5027cd1e', '6c8c4ad9-70e8-48cb-9ce8-5d01c349ffcc', '6adabb60-eed5-4dd0-b80c-41983dd81404', 75, 'completed', '2026-03-18T18:36:00.000Z');
INSERT INTO order_items (id, order_id, product_id, quantity, unit_price, subtotal, created_at) 
                      VALUES ('093178a9-ec10-43dd-ab57-d019b4b52f04', '4ffa2680-481a-405a-aa16-dbee5027cd1e', 'cd4cb45a-05bc-4729-bb2a-06d122f369fc', 1, 75, 75, '2026-03-18T18:36:00.000Z');
INSERT INTO orders (id, buyer_id, seller_id, total_amount, status, created_at) 
                      VALUES ('f3a3b31a-923a-4176-81d8-7d29f451c52e', 'ac51e939-ec0b-40c3-b3e7-39711b12845a', '6adabb60-eed5-4dd0-b80c-41983dd81404', 75, 'completed', '2026-03-18T18:23:00.000Z');
INSERT INTO order_items (id, order_id, product_id, quantity, unit_price, subtotal, created_at) 
                      VALUES ('4118f7c9-faf0-4ab5-a47f-cdadeeac957d', 'f3a3b31a-923a-4176-81d8-7d29f451c52e', 'cd4cb45a-05bc-4729-bb2a-06d122f369fc', 1, 75, 75, '2026-03-18T18:23:00.000Z');
INSERT INTO orders (id, buyer_id, seller_id, total_amount, status, created_at) 
                      VALUES ('b4d33629-d0e5-4dde-b643-976f299e3190', 'ac51e939-ec0b-40c3-b3e7-39711b12845a', '6adabb60-eed5-4dd0-b80c-41983dd81404', 75, 'completed', '2026-03-18T20:00:00.000Z');
INSERT INTO order_items (id, order_id, product_id, quantity, unit_price, subtotal, created_at) 
                      VALUES ('b39262f6-581d-4d3c-8a58-23f7354177f2', 'b4d33629-d0e5-4dde-b643-976f299e3190', 'cd4cb45a-05bc-4729-bb2a-06d122f369fc', 1, 75, 75, '2026-03-18T20:00:00.000Z');
INSERT INTO orders (id, buyer_id, seller_id, total_amount, status, created_at) 
                      VALUES ('593ed7f5-6433-4d82-af08-166a889434d2', '1161fb73-809d-4954-a73a-738a9a1868f7', '6adabb60-eed5-4dd0-b80c-41983dd81404', 75, 'completed', '2026-03-18T18:35:00.000Z');
INSERT INTO order_items (id, order_id, product_id, quantity, unit_price, subtotal, created_at) 
                      VALUES ('91946b03-8414-4843-89a4-6ce9f6ca9037', '593ed7f5-6433-4d82-af08-166a889434d2', 'cd4cb45a-05bc-4729-bb2a-06d122f369fc', 1, 75, 75, '2026-03-18T18:35:00.000Z');
INSERT INTO orders (id, buyer_id, seller_id, total_amount, status, created_at) 
                      VALUES ('10d1f128-a155-448f-8d2b-c29e0574d477', 'aa9e3c8c-e997-4408-ac68-6265851f972d', '6adabb60-eed5-4dd0-b80c-41983dd81404', 75, 'completed', '2026-03-18T16:00:00.000Z');
INSERT INTO order_items (id, order_id, product_id, quantity, unit_price, subtotal, created_at) 
                      VALUES ('fedb0323-9123-4c93-9415-97b27f8610a9', '10d1f128-a155-448f-8d2b-c29e0574d477', 'cd4cb45a-05bc-4729-bb2a-06d122f369fc', 1, 75, 75, '2026-03-18T16:00:00.000Z');
INSERT INTO orders (id, buyer_id, seller_id, total_amount, status, created_at) 
                      VALUES ('a2557140-d8e6-41c6-82d4-43745df1f374', 'ac51e939-ec0b-40c3-b3e7-39711b12845a', '6adabb60-eed5-4dd0-b80c-41983dd81404', 75, 'completed', '2026-03-18T17:29:00.000Z');
INSERT INTO order_items (id, order_id, product_id, quantity, unit_price, subtotal, created_at) 
                      VALUES ('aae5ab5d-4053-4330-a1cf-75253e51426f', 'a2557140-d8e6-41c6-82d4-43745df1f374', 'cd4cb45a-05bc-4729-bb2a-06d122f369fc', 1, 75, 75, '2026-03-18T17:29:00.000Z');
INSERT INTO orders (id, buyer_id, seller_id, total_amount, status, created_at) 
                      VALUES ('9079bc99-d90a-459a-bade-8457ce09f1e3', 'ac51e939-ec0b-40c3-b3e7-39711b12845a', '6adabb60-eed5-4dd0-b80c-41983dd81404', 75, 'completed', '2026-03-18T21:16:00.000Z');
INSERT INTO order_items (id, order_id, product_id, quantity, unit_price, subtotal, created_at) 
                      VALUES ('bc4203f0-d02f-4539-aa5a-0962f7a479a6', '9079bc99-d90a-459a-bade-8457ce09f1e3', 'cd4cb45a-05bc-4729-bb2a-06d122f369fc', 1, 75, 75, '2026-03-18T21:16:00.000Z');
INSERT INTO orders (id, buyer_id, seller_id, total_amount, status, created_at) 
                      VALUES ('a12f180a-3882-41e5-ab2b-62cce4ce0710', 'b03c172d-3388-458c-8054-b6ad7db24e27', '6adabb60-eed5-4dd0-b80c-41983dd81404', 75, 'completed', '2026-03-18T16:26:00.000Z');
INSERT INTO order_items (id, order_id, product_id, quantity, unit_price, subtotal, created_at) 
                      VALUES ('69662e02-1aff-4852-869a-cd48630ebbe5', 'a12f180a-3882-41e5-ab2b-62cce4ce0710', 'cd4cb45a-05bc-4729-bb2a-06d122f369fc', 1, 75, 75, '2026-03-18T16:26:00.000Z');
INSERT INTO orders (id, buyer_id, seller_id, total_amount, status, created_at) 
                      VALUES ('20cf01c4-f7b8-4cff-bd6e-aad870695715', 'ac51e939-ec0b-40c3-b3e7-39711b12845a', '6adabb60-eed5-4dd0-b80c-41983dd81404', 75, 'completed', '2026-03-18T16:49:00.000Z');
INSERT INTO order_items (id, order_id, product_id, quantity, unit_price, subtotal, created_at) 
                      VALUES ('4e753291-b540-4703-a64a-31880af547c3', '20cf01c4-f7b8-4cff-bd6e-aad870695715', 'cd4cb45a-05bc-4729-bb2a-06d122f369fc', 1, 75, 75, '2026-03-18T16:49:00.000Z');
INSERT INTO orders (id, buyer_id, seller_id, total_amount, status, created_at) 
                      VALUES ('7703751f-be05-44f6-b679-80daf8dcf427', 'ac51e939-ec0b-40c3-b3e7-39711b12845a', '6adabb60-eed5-4dd0-b80c-41983dd81404', 75, 'completed', '2026-03-18T20:05:00.000Z');
INSERT INTO order_items (id, order_id, product_id, quantity, unit_price, subtotal, created_at) 
                      VALUES ('02091450-000f-42e6-b02b-c4ef381697e0', '7703751f-be05-44f6-b679-80daf8dcf427', 'cd4cb45a-05bc-4729-bb2a-06d122f369fc', 1, 75, 75, '2026-03-18T20:05:00.000Z');
INSERT INTO audit_logs (id, action, user_id, description, level, created_at) 
                  VALUES ('2f1d2f32-cad8-44c0-b295-2287e9dbe37d', 'USER_LOGIN', '5f552e5d-c288-453c-a685-b287e1c0c64a', 'Vendedor inició sesión para jornada', 'info', '2026-03-18T14:14:00.000Z');
INSERT INTO daily_sales (id, seller_id, sale_date, total_investment, total_revenue, units_sold, units_lost, total_waste_cost, is_closed) 
                  VALUES ('82436c3a-6ac2-4362-9e70-819c83710394', '5f552e5d-c288-453c-a685-b287e1c0c64a', '2026-03-18', 220, 450, 10, 1, 20, true);
INSERT INTO sale_details (id, daily_sale_id, product_id, quantity_prepared, quantity_sold, quantity_lost, unit_cost, unit_price, waste_cost, waste_reason) 
                  VALUES ('cd96f38b-026e-441f-a488-861527313c93', '82436c3a-6ac2-4362-9e70-819c83710394', '90ccc3f8-627a-4af7-aab2-9c7967c2f50d', 11, 10, 1, 20, 45, 20, 'expired');
INSERT INTO orders (id, buyer_id, seller_id, total_amount, status, created_at) 
                      VALUES ('4694c7ff-2e89-498e-8562-62371cf51acc', '233694a0-da98-4b19-8640-7b99f406554e', '5f552e5d-c288-453c-a685-b287e1c0c64a', 45, 'completed', '2026-03-18T21:01:00.000Z');
INSERT INTO order_items (id, order_id, product_id, quantity, unit_price, subtotal, created_at) 
                      VALUES ('e626c178-ed7f-4bf7-ae9d-6352cb15cc68', '4694c7ff-2e89-498e-8562-62371cf51acc', '90ccc3f8-627a-4af7-aab2-9c7967c2f50d', 1, 45, 45, '2026-03-18T21:01:00.000Z');
INSERT INTO orders (id, buyer_id, seller_id, total_amount, status, created_at) 
                      VALUES ('bc4c375b-43ff-4807-a25d-8aea1a8d656c', '1161fb73-809d-4954-a73a-738a9a1868f7', '5f552e5d-c288-453c-a685-b287e1c0c64a', 45, 'completed', '2026-03-18T21:37:00.000Z');
INSERT INTO order_items (id, order_id, product_id, quantity, unit_price, subtotal, created_at) 
                      VALUES ('e00477b1-15de-43c7-ad2e-cc16fee3888f', 'bc4c375b-43ff-4807-a25d-8aea1a8d656c', '90ccc3f8-627a-4af7-aab2-9c7967c2f50d', 1, 45, 45, '2026-03-18T21:37:00.000Z');
INSERT INTO orders (id, buyer_id, seller_id, total_amount, status, created_at) 
                      VALUES ('65e449eb-8b52-498b-bd48-3f2d6dba2aac', '233694a0-da98-4b19-8640-7b99f406554e', '5f552e5d-c288-453c-a685-b287e1c0c64a', 45, 'completed', '2026-03-18T19:49:00.000Z');
INSERT INTO order_items (id, order_id, product_id, quantity, unit_price, subtotal, created_at) 
                      VALUES ('a97d5666-fa7f-4b87-b2af-f770e468fbd7', '65e449eb-8b52-498b-bd48-3f2d6dba2aac', '90ccc3f8-627a-4af7-aab2-9c7967c2f50d', 1, 45, 45, '2026-03-18T19:49:00.000Z');
INSERT INTO orders (id, buyer_id, seller_id, total_amount, status, created_at) 
                      VALUES ('2bbb38d1-2119-484c-b2ce-691240ed7905', '6c8c4ad9-70e8-48cb-9ce8-5d01c349ffcc', '5f552e5d-c288-453c-a685-b287e1c0c64a', 45, 'completed', '2026-03-18T18:18:00.000Z');
INSERT INTO order_items (id, order_id, product_id, quantity, unit_price, subtotal, created_at) 
                      VALUES ('bcf1dcc5-ccf7-4ad8-9a60-5a5c2481b0af', '2bbb38d1-2119-484c-b2ce-691240ed7905', '90ccc3f8-627a-4af7-aab2-9c7967c2f50d', 1, 45, 45, '2026-03-18T18:18:00.000Z');
INSERT INTO orders (id, buyer_id, seller_id, total_amount, status, created_at) 
                      VALUES ('9c245f90-5743-4dcc-a57f-77cb9f37bbe6', 'b03c172d-3388-458c-8054-b6ad7db24e27', '5f552e5d-c288-453c-a685-b287e1c0c64a', 45, 'completed', '2026-03-18T21:51:00.000Z');
INSERT INTO order_items (id, order_id, product_id, quantity, unit_price, subtotal, created_at) 
                      VALUES ('a51eff24-693f-48d2-bafa-a2f19d6eba3a', '9c245f90-5743-4dcc-a57f-77cb9f37bbe6', '90ccc3f8-627a-4af7-aab2-9c7967c2f50d', 1, 45, 45, '2026-03-18T21:51:00.000Z');
INSERT INTO orders (id, buyer_id, seller_id, total_amount, status, created_at) 
                      VALUES ('7f11d20d-6088-4e98-9881-c5416c89d9e1', 'b03c172d-3388-458c-8054-b6ad7db24e27', '5f552e5d-c288-453c-a685-b287e1c0c64a', 45, 'completed', '2026-03-18T21:32:00.000Z');
INSERT INTO order_items (id, order_id, product_id, quantity, unit_price, subtotal, created_at) 
                      VALUES ('0a819cb6-cf54-437b-84ab-5b1b3e99d3c6', '7f11d20d-6088-4e98-9881-c5416c89d9e1', '90ccc3f8-627a-4af7-aab2-9c7967c2f50d', 1, 45, 45, '2026-03-18T21:32:00.000Z');
INSERT INTO orders (id, buyer_id, seller_id, total_amount, status, created_at) 
                      VALUES ('2a16dc2d-b7c3-43de-a7af-138f3d47ae64', '233694a0-da98-4b19-8640-7b99f406554e', '5f552e5d-c288-453c-a685-b287e1c0c64a', 45, 'completed', '2026-03-18T18:12:00.000Z');
INSERT INTO order_items (id, order_id, product_id, quantity, unit_price, subtotal, created_at) 
                      VALUES ('8997a971-e223-4d16-b41e-e00a2114aff2', '2a16dc2d-b7c3-43de-a7af-138f3d47ae64', '90ccc3f8-627a-4af7-aab2-9c7967c2f50d', 1, 45, 45, '2026-03-18T18:12:00.000Z');
INSERT INTO orders (id, buyer_id, seller_id, total_amount, status, created_at) 
                      VALUES ('25ee80a2-cc62-44f5-ae65-fc2bbec6c018', '233694a0-da98-4b19-8640-7b99f406554e', '5f552e5d-c288-453c-a685-b287e1c0c64a', 45, 'completed', '2026-03-18T19:50:00.000Z');
INSERT INTO order_items (id, order_id, product_id, quantity, unit_price, subtotal, created_at) 
                      VALUES ('966afdad-f0fa-4429-a59e-2de7d07363af', '25ee80a2-cc62-44f5-ae65-fc2bbec6c018', '90ccc3f8-627a-4af7-aab2-9c7967c2f50d', 1, 45, 45, '2026-03-18T19:50:00.000Z');
INSERT INTO orders (id, buyer_id, seller_id, total_amount, status, created_at) 
                      VALUES ('69667bb9-6dfa-48e8-ac6f-008894293169', 'ac51e939-ec0b-40c3-b3e7-39711b12845a', '5f552e5d-c288-453c-a685-b287e1c0c64a', 45, 'completed', '2026-03-18T21:13:00.000Z');
INSERT INTO order_items (id, order_id, product_id, quantity, unit_price, subtotal, created_at) 
                      VALUES ('07e236b6-bfd6-46e5-b424-734711ab2b62', '69667bb9-6dfa-48e8-ac6f-008894293169', '90ccc3f8-627a-4af7-aab2-9c7967c2f50d', 1, 45, 45, '2026-03-18T21:13:00.000Z');
INSERT INTO orders (id, buyer_id, seller_id, total_amount, status, created_at) 
                      VALUES ('c7b55ec4-d795-495b-98b9-32d1f0f7fe67', '6c8c4ad9-70e8-48cb-9ce8-5d01c349ffcc', '5f552e5d-c288-453c-a685-b287e1c0c64a', 45, 'completed', '2026-03-18T17:02:00.000Z');
INSERT INTO order_items (id, order_id, product_id, quantity, unit_price, subtotal, created_at) 
                      VALUES ('4bec1606-7693-455b-91bf-7b4547af441a', 'c7b55ec4-d795-495b-98b9-32d1f0f7fe67', '90ccc3f8-627a-4af7-aab2-9c7967c2f50d', 1, 45, 45, '2026-03-18T17:02:00.000Z');
INSERT INTO audit_logs (id, action, user_id, description, level, created_at) 
                  VALUES ('32ecc95b-0c2c-4b78-9cfa-f173b35ede5c', 'USER_LOGIN', '522afd0e-5b6f-4f57-be80-46fd79ba12db', 'Vendedor inició sesión para jornada', 'info', '2026-03-18T14:23:00.000Z');
INSERT INTO daily_sales (id, seller_id, sale_date, total_investment, total_revenue, units_sold, units_lost, total_waste_cost, is_closed) 
                  VALUES ('d08b7e9a-19d0-4c6c-9cb1-6474c19f96f5', '522afd0e-5b6f-4f57-be80-46fd79ba12db', '2026-03-18', 120, 240, 8, 2, 24, true);
INSERT INTO sale_details (id, daily_sale_id, product_id, quantity_prepared, quantity_sold, quantity_lost, unit_cost, unit_price, waste_cost, waste_reason) 
                  VALUES ('f5c4ca5d-dff5-4de6-9605-49ab8fe6c5f6', 'd08b7e9a-19d0-4c6c-9cb1-6474c19f96f5', 'c865d401-6592-418d-98d5-1aa633799680', 10, 8, 2, 12, 30, 24, 'expired');
INSERT INTO orders (id, buyer_id, seller_id, total_amount, status, created_at) 
                      VALUES ('69832fde-29d5-4039-9afc-e02848994337', 'b03c172d-3388-458c-8054-b6ad7db24e27', '522afd0e-5b6f-4f57-be80-46fd79ba12db', 30, 'completed', '2026-03-18T20:03:00.000Z');
INSERT INTO order_items (id, order_id, product_id, quantity, unit_price, subtotal, created_at) 
                      VALUES ('59576282-446a-4ea1-97a0-207a0acd926f', '69832fde-29d5-4039-9afc-e02848994337', 'c865d401-6592-418d-98d5-1aa633799680', 1, 30, 30, '2026-03-18T20:03:00.000Z');
INSERT INTO orders (id, buyer_id, seller_id, total_amount, status, created_at) 
                      VALUES ('5973fdb0-d07a-4c44-b3da-e8e17200e86e', '6c8c4ad9-70e8-48cb-9ce8-5d01c349ffcc', '522afd0e-5b6f-4f57-be80-46fd79ba12db', 30, 'completed', '2026-03-18T17:42:00.000Z');
INSERT INTO order_items (id, order_id, product_id, quantity, unit_price, subtotal, created_at) 
                      VALUES ('70748530-d299-4b33-a716-5427a15a9b73', '5973fdb0-d07a-4c44-b3da-e8e17200e86e', 'c865d401-6592-418d-98d5-1aa633799680', 1, 30, 30, '2026-03-18T17:42:00.000Z');
INSERT INTO orders (id, buyer_id, seller_id, total_amount, status, created_at) 
                      VALUES ('66285584-8a26-4cee-8082-1270dc213d39', 'b03c172d-3388-458c-8054-b6ad7db24e27', '522afd0e-5b6f-4f57-be80-46fd79ba12db', 30, 'completed', '2026-03-18T20:25:00.000Z');
INSERT INTO order_items (id, order_id, product_id, quantity, unit_price, subtotal, created_at) 
                      VALUES ('73ada752-9f2a-4576-b480-ddf8ba511db3', '66285584-8a26-4cee-8082-1270dc213d39', 'c865d401-6592-418d-98d5-1aa633799680', 1, 30, 30, '2026-03-18T20:25:00.000Z');
INSERT INTO orders (id, buyer_id, seller_id, total_amount, status, created_at) 
                      VALUES ('90f96841-4d97-47da-98c9-03031b62b384', '6c8c4ad9-70e8-48cb-9ce8-5d01c349ffcc', '522afd0e-5b6f-4f57-be80-46fd79ba12db', 30, 'completed', '2026-03-18T20:39:00.000Z');
INSERT INTO order_items (id, order_id, product_id, quantity, unit_price, subtotal, created_at) 
                      VALUES ('615583e3-3da4-4e7a-99e2-dfe14aaa2c7a', '90f96841-4d97-47da-98c9-03031b62b384', 'c865d401-6592-418d-98d5-1aa633799680', 1, 30, 30, '2026-03-18T20:39:00.000Z');
INSERT INTO orders (id, buyer_id, seller_id, total_amount, status, created_at) 
                      VALUES ('a17a78af-c6e2-4922-aae7-188e821930e4', '1161fb73-809d-4954-a73a-738a9a1868f7', '522afd0e-5b6f-4f57-be80-46fd79ba12db', 30, 'completed', '2026-03-18T17:40:00.000Z');
INSERT INTO order_items (id, order_id, product_id, quantity, unit_price, subtotal, created_at) 
                      VALUES ('8635dafb-7fe9-439d-ad2d-a293f3d68b8e', 'a17a78af-c6e2-4922-aae7-188e821930e4', 'c865d401-6592-418d-98d5-1aa633799680', 1, 30, 30, '2026-03-18T17:40:00.000Z');
INSERT INTO orders (id, buyer_id, seller_id, total_amount, status, created_at) 
                      VALUES ('645e2c95-301f-4b2c-95c2-426f9c2d41c5', '1161fb73-809d-4954-a73a-738a9a1868f7', '522afd0e-5b6f-4f57-be80-46fd79ba12db', 30, 'completed', '2026-03-18T17:27:00.000Z');
INSERT INTO order_items (id, order_id, product_id, quantity, unit_price, subtotal, created_at) 
                      VALUES ('654fca93-001f-4229-8405-91b05dae5037', '645e2c95-301f-4b2c-95c2-426f9c2d41c5', 'c865d401-6592-418d-98d5-1aa633799680', 1, 30, 30, '2026-03-18T17:27:00.000Z');
INSERT INTO orders (id, buyer_id, seller_id, total_amount, status, created_at) 
                      VALUES ('f02f2124-3059-460f-ba83-a41b4808e5af', '233694a0-da98-4b19-8640-7b99f406554e', '522afd0e-5b6f-4f57-be80-46fd79ba12db', 30, 'completed', '2026-03-18T20:35:00.000Z');
INSERT INTO order_items (id, order_id, product_id, quantity, unit_price, subtotal, created_at) 
                      VALUES ('b4fe298b-5d73-4040-a577-776824eaa58d', 'f02f2124-3059-460f-ba83-a41b4808e5af', 'c865d401-6592-418d-98d5-1aa633799680', 1, 30, 30, '2026-03-18T20:35:00.000Z');
INSERT INTO orders (id, buyer_id, seller_id, total_amount, status, created_at) 
                      VALUES ('c8aae380-1e0c-421b-811e-b9c57d6ed6ab', '79768ab4-b021-418b-bf3c-0dd52f857b65', '522afd0e-5b6f-4f57-be80-46fd79ba12db', 30, 'completed', '2026-03-18T19:16:00.000Z');
INSERT INTO order_items (id, order_id, product_id, quantity, unit_price, subtotal, created_at) 
                      VALUES ('f795302e-a35e-41d8-8dbc-8b4b60bc581f', 'c8aae380-1e0c-421b-811e-b9c57d6ed6ab', 'c865d401-6592-418d-98d5-1aa633799680', 1, 30, 30, '2026-03-18T19:16:00.000Z');
INSERT INTO audit_logs (id, action, user_id, description, level, created_at) 
                  VALUES ('a531e468-504c-47d8-9d18-2d5419c3820d', 'USER_LOGIN', 'da273443-bae3-4781-ae4e-819d0c9d56a6', 'Vendedor inició sesión para jornada', 'info', '2026-03-18T14:02:00.000Z');
INSERT INTO daily_sales (id, seller_id, sale_date, total_investment, total_revenue, units_sold, units_lost, total_waste_cost, is_closed) 
                  VALUES ('5d866424-3aae-48a2-931a-60443b93632f', 'da273443-bae3-4781-ae4e-819d0c9d56a6', '2026-03-18', 112, 300, 12, 2, 16, true);
INSERT INTO sale_details (id, daily_sale_id, product_id, quantity_prepared, quantity_sold, quantity_lost, unit_cost, unit_price, waste_cost, waste_reason) 
                  VALUES ('7b4da39e-9050-4056-a4a5-c19cf7fc1f8d', '5d866424-3aae-48a2-931a-60443b93632f', 'ea84c406-f235-4e9c-b061-71ed9401e63b', 14, 12, 2, 8, 25, 16, 'expired');
INSERT INTO orders (id, buyer_id, seller_id, total_amount, status, created_at) 
                      VALUES ('2e251bff-9b43-4a05-a70e-f9efecda72da', '1161fb73-809d-4954-a73a-738a9a1868f7', 'da273443-bae3-4781-ae4e-819d0c9d56a6', 25, 'completed', '2026-03-18T20:32:00.000Z');
INSERT INTO order_items (id, order_id, product_id, quantity, unit_price, subtotal, created_at) 
                      VALUES ('db6ebff1-74f7-4803-929f-227088a1c492', '2e251bff-9b43-4a05-a70e-f9efecda72da', 'ea84c406-f235-4e9c-b061-71ed9401e63b', 1, 25, 25, '2026-03-18T20:32:00.000Z');
INSERT INTO orders (id, buyer_id, seller_id, total_amount, status, created_at) 
                      VALUES ('184cd4a2-7215-4dc6-9f1d-5ebf8c61700e', '233694a0-da98-4b19-8640-7b99f406554e', 'da273443-bae3-4781-ae4e-819d0c9d56a6', 25, 'completed', '2026-03-18T16:12:00.000Z');
INSERT INTO order_items (id, order_id, product_id, quantity, unit_price, subtotal, created_at) 
                      VALUES ('11200dca-869b-4407-a178-5eaaa8d8605c', '184cd4a2-7215-4dc6-9f1d-5ebf8c61700e', 'ea84c406-f235-4e9c-b061-71ed9401e63b', 1, 25, 25, '2026-03-18T16:12:00.000Z');
INSERT INTO orders (id, buyer_id, seller_id, total_amount, status, created_at) 
                      VALUES ('928faffa-6363-4a88-90ac-b71b17485365', '233694a0-da98-4b19-8640-7b99f406554e', 'da273443-bae3-4781-ae4e-819d0c9d56a6', 25, 'completed', '2026-03-18T18:26:00.000Z');
INSERT INTO order_items (id, order_id, product_id, quantity, unit_price, subtotal, created_at) 
                      VALUES ('5738f44f-dd4b-4e8c-9c80-6b4113aa2bac', '928faffa-6363-4a88-90ac-b71b17485365', 'ea84c406-f235-4e9c-b061-71ed9401e63b', 1, 25, 25, '2026-03-18T18:26:00.000Z');
INSERT INTO orders (id, buyer_id, seller_id, total_amount, status, created_at) 
                      VALUES ('8ca8e368-a265-489d-be03-06a4de3b4412', '6c8c4ad9-70e8-48cb-9ce8-5d01c349ffcc', 'da273443-bae3-4781-ae4e-819d0c9d56a6', 25, 'completed', '2026-03-18T21:37:00.000Z');
INSERT INTO order_items (id, order_id, product_id, quantity, unit_price, subtotal, created_at) 
                      VALUES ('882881b5-1748-4f82-b1bb-ef381c1b96fc', '8ca8e368-a265-489d-be03-06a4de3b4412', 'ea84c406-f235-4e9c-b061-71ed9401e63b', 1, 25, 25, '2026-03-18T21:37:00.000Z');
INSERT INTO orders (id, buyer_id, seller_id, total_amount, status, created_at) 
                      VALUES ('aeb170b4-f638-4249-917f-e1f4575374dd', 'ac51e939-ec0b-40c3-b3e7-39711b12845a', 'da273443-bae3-4781-ae4e-819d0c9d56a6', 25, 'completed', '2026-03-18T16:43:00.000Z');
INSERT INTO order_items (id, order_id, product_id, quantity, unit_price, subtotal, created_at) 
                      VALUES ('d43c4416-0afe-4f24-8f33-4013407a9c74', 'aeb170b4-f638-4249-917f-e1f4575374dd', 'ea84c406-f235-4e9c-b061-71ed9401e63b', 1, 25, 25, '2026-03-18T16:43:00.000Z');
INSERT INTO orders (id, buyer_id, seller_id, total_amount, status, created_at) 
                      VALUES ('21f71df1-3a7b-425b-b808-9640df35a8d8', '233694a0-da98-4b19-8640-7b99f406554e', 'da273443-bae3-4781-ae4e-819d0c9d56a6', 25, 'completed', '2026-03-18T20:39:00.000Z');
INSERT INTO order_items (id, order_id, product_id, quantity, unit_price, subtotal, created_at) 
                      VALUES ('7c2d6bfd-c843-4d53-8c21-fdf29f4c2966', '21f71df1-3a7b-425b-b808-9640df35a8d8', 'ea84c406-f235-4e9c-b061-71ed9401e63b', 1, 25, 25, '2026-03-18T20:39:00.000Z');
INSERT INTO orders (id, buyer_id, seller_id, total_amount, status, created_at) 
                      VALUES ('7626e6b6-289b-46d0-b4d2-685967960ebc', 'b03c172d-3388-458c-8054-b6ad7db24e27', 'da273443-bae3-4781-ae4e-819d0c9d56a6', 25, 'completed', '2026-03-18T20:35:00.000Z');
INSERT INTO order_items (id, order_id, product_id, quantity, unit_price, subtotal, created_at) 
                      VALUES ('970a7465-8276-4370-ba38-90e839b7724f', '7626e6b6-289b-46d0-b4d2-685967960ebc', 'ea84c406-f235-4e9c-b061-71ed9401e63b', 1, 25, 25, '2026-03-18T20:35:00.000Z');
INSERT INTO orders (id, buyer_id, seller_id, total_amount, status, created_at) 
                      VALUES ('c74ff9ac-1b96-484c-aee4-504840c9a7e4', 'ac51e939-ec0b-40c3-b3e7-39711b12845a', 'da273443-bae3-4781-ae4e-819d0c9d56a6', 25, 'completed', '2026-03-18T17:19:00.000Z');
INSERT INTO order_items (id, order_id, product_id, quantity, unit_price, subtotal, created_at) 
                      VALUES ('458ae957-98de-4554-8c47-6c116464e34f', 'c74ff9ac-1b96-484c-aee4-504840c9a7e4', 'ea84c406-f235-4e9c-b061-71ed9401e63b', 1, 25, 25, '2026-03-18T17:19:00.000Z');
INSERT INTO orders (id, buyer_id, seller_id, total_amount, status, created_at) 
                      VALUES ('329055ca-d42f-4cf0-a6e6-d6f60b1d637c', '79768ab4-b021-418b-bf3c-0dd52f857b65', 'da273443-bae3-4781-ae4e-819d0c9d56a6', 25, 'completed', '2026-03-18T16:22:00.000Z');
INSERT INTO order_items (id, order_id, product_id, quantity, unit_price, subtotal, created_at) 
                      VALUES ('9938d39e-d227-4839-97e0-a1c1cf0e03fe', '329055ca-d42f-4cf0-a6e6-d6f60b1d637c', 'ea84c406-f235-4e9c-b061-71ed9401e63b', 1, 25, 25, '2026-03-18T16:22:00.000Z');
INSERT INTO orders (id, buyer_id, seller_id, total_amount, status, created_at) 
                      VALUES ('4aca265a-1a1a-46f8-b61d-8b697bc8940c', 'ac51e939-ec0b-40c3-b3e7-39711b12845a', 'da273443-bae3-4781-ae4e-819d0c9d56a6', 25, 'completed', '2026-03-18T20:59:00.000Z');
INSERT INTO order_items (id, order_id, product_id, quantity, unit_price, subtotal, created_at) 
                      VALUES ('7d19e022-54b1-4dd3-861a-22cb90b2de96', '4aca265a-1a1a-46f8-b61d-8b697bc8940c', 'ea84c406-f235-4e9c-b061-71ed9401e63b', 1, 25, 25, '2026-03-18T20:59:00.000Z');
INSERT INTO orders (id, buyer_id, seller_id, total_amount, status, created_at) 
                      VALUES ('0c91dc57-6e9d-42df-a635-76865db0febe', '1161fb73-809d-4954-a73a-738a9a1868f7', 'da273443-bae3-4781-ae4e-819d0c9d56a6', 25, 'completed', '2026-03-18T17:08:00.000Z');
INSERT INTO order_items (id, order_id, product_id, quantity, unit_price, subtotal, created_at) 
                      VALUES ('6d50af4d-d79b-4a25-91e4-ac712779e43f', '0c91dc57-6e9d-42df-a635-76865db0febe', 'ea84c406-f235-4e9c-b061-71ed9401e63b', 1, 25, 25, '2026-03-18T17:08:00.000Z');
INSERT INTO orders (id, buyer_id, seller_id, total_amount, status, created_at) 
                      VALUES ('19656cca-5831-435a-82d3-58095fabb861', '6c8c4ad9-70e8-48cb-9ce8-5d01c349ffcc', 'da273443-bae3-4781-ae4e-819d0c9d56a6', 25, 'completed', '2026-03-18T21:16:00.000Z');
INSERT INTO order_items (id, order_id, product_id, quantity, unit_price, subtotal, created_at) 
                      VALUES ('304314b5-cfad-430f-9cdd-c02767c3760d', '19656cca-5831-435a-82d3-58095fabb861', 'ea84c406-f235-4e9c-b061-71ed9401e63b', 1, 25, 25, '2026-03-18T21:16:00.000Z');
INSERT INTO audit_logs (id, action, user_id, description, level, created_at) 
                  VALUES ('178a7025-c68d-43cb-9118-312f66944355', 'USER_LOGIN', 'cdc7b576-3957-4e3f-9e87-6630e4ef1950', 'Vendedor inició sesión para jornada', 'info', '2026-03-18T14:25:00.000Z');
INSERT INTO daily_sales (id, seller_id, sale_date, total_investment, total_revenue, units_sold, units_lost, total_waste_cost, is_closed) 
                  VALUES ('fb491fef-a481-40fd-bc99-876d08c47c9d', 'cdc7b576-3957-4e3f-9e87-6630e4ef1950', '2026-03-18', 325, 605, 11, 2, 50, true);
INSERT INTO sale_details (id, daily_sale_id, product_id, quantity_prepared, quantity_sold, quantity_lost, unit_cost, unit_price, waste_cost, waste_reason) 
                  VALUES ('bc03f231-5d46-4a70-958f-3ed44735f529', 'fb491fef-a481-40fd-bc99-876d08c47c9d', '49e54b55-6e07-407b-9dac-36e93e1f8aa2', 13, 11, 2, 25, 55, 50, 'expired');
INSERT INTO orders (id, buyer_id, seller_id, total_amount, status, created_at) 
                      VALUES ('979d6b03-d23a-4934-811e-c8e9ed69726f', '6c8c4ad9-70e8-48cb-9ce8-5d01c349ffcc', 'cdc7b576-3957-4e3f-9e87-6630e4ef1950', 55, 'completed', '2026-03-18T19:27:00.000Z');
INSERT INTO order_items (id, order_id, product_id, quantity, unit_price, subtotal, created_at) 
                      VALUES ('e8cb137f-5b0f-490d-b3cf-8b84716af9c7', '979d6b03-d23a-4934-811e-c8e9ed69726f', '49e54b55-6e07-407b-9dac-36e93e1f8aa2', 1, 55, 55, '2026-03-18T19:27:00.000Z');
INSERT INTO orders (id, buyer_id, seller_id, total_amount, status, created_at) 
                      VALUES ('87be84f8-5bb1-4a62-8e25-58ee2475bc99', 'aa9e3c8c-e997-4408-ac68-6265851f972d', 'cdc7b576-3957-4e3f-9e87-6630e4ef1950', 55, 'completed', '2026-03-18T21:29:00.000Z');
INSERT INTO order_items (id, order_id, product_id, quantity, unit_price, subtotal, created_at) 
                      VALUES ('684bb526-9182-40e3-84a5-afa53483281b', '87be84f8-5bb1-4a62-8e25-58ee2475bc99', '49e54b55-6e07-407b-9dac-36e93e1f8aa2', 1, 55, 55, '2026-03-18T21:29:00.000Z');
INSERT INTO orders (id, buyer_id, seller_id, total_amount, status, created_at) 
                      VALUES ('d9706896-7f3c-4067-b253-b01c98328114', 'ac51e939-ec0b-40c3-b3e7-39711b12845a', 'cdc7b576-3957-4e3f-9e87-6630e4ef1950', 55, 'completed', '2026-03-18T16:43:00.000Z');
INSERT INTO order_items (id, order_id, product_id, quantity, unit_price, subtotal, created_at) 
                      VALUES ('88119ae2-dcd4-431e-9181-9cdf70bb1fe4', 'd9706896-7f3c-4067-b253-b01c98328114', '49e54b55-6e07-407b-9dac-36e93e1f8aa2', 1, 55, 55, '2026-03-18T16:43:00.000Z');
INSERT INTO orders (id, buyer_id, seller_id, total_amount, status, created_at) 
                      VALUES ('5a42b2a9-7956-4d11-acb6-ecb74ef89f52', 'aa9e3c8c-e997-4408-ac68-6265851f972d', 'cdc7b576-3957-4e3f-9e87-6630e4ef1950', 55, 'completed', '2026-03-18T16:14:00.000Z');
INSERT INTO order_items (id, order_id, product_id, quantity, unit_price, subtotal, created_at) 
                      VALUES ('8982d320-380a-46b1-897c-48731dd8d146', '5a42b2a9-7956-4d11-acb6-ecb74ef89f52', '49e54b55-6e07-407b-9dac-36e93e1f8aa2', 1, 55, 55, '2026-03-18T16:14:00.000Z');
INSERT INTO orders (id, buyer_id, seller_id, total_amount, status, created_at) 
                      VALUES ('53a2874b-f052-4440-a094-1024894e2b51', 'ac51e939-ec0b-40c3-b3e7-39711b12845a', 'cdc7b576-3957-4e3f-9e87-6630e4ef1950', 55, 'completed', '2026-03-18T20:04:00.000Z');
INSERT INTO order_items (id, order_id, product_id, quantity, unit_price, subtotal, created_at) 
                      VALUES ('3fd02a73-f531-45b9-9179-38047a2b91fc', '53a2874b-f052-4440-a094-1024894e2b51', '49e54b55-6e07-407b-9dac-36e93e1f8aa2', 1, 55, 55, '2026-03-18T20:04:00.000Z');
INSERT INTO orders (id, buyer_id, seller_id, total_amount, status, created_at) 
                      VALUES ('f943b40a-f13e-4750-8153-cfb40f4ba90d', '79768ab4-b021-418b-bf3c-0dd52f857b65', 'cdc7b576-3957-4e3f-9e87-6630e4ef1950', 55, 'completed', '2026-03-18T17:21:00.000Z');
INSERT INTO order_items (id, order_id, product_id, quantity, unit_price, subtotal, created_at) 
                      VALUES ('30803cd3-7f45-4aa1-91fd-20cc29b3c3a6', 'f943b40a-f13e-4750-8153-cfb40f4ba90d', '49e54b55-6e07-407b-9dac-36e93e1f8aa2', 1, 55, 55, '2026-03-18T17:21:00.000Z');
INSERT INTO orders (id, buyer_id, seller_id, total_amount, status, created_at) 
                      VALUES ('a692dcdb-c40b-481e-b29d-dc5932ed19b9', '6c8c4ad9-70e8-48cb-9ce8-5d01c349ffcc', 'cdc7b576-3957-4e3f-9e87-6630e4ef1950', 55, 'completed', '2026-03-18T21:43:00.000Z');
INSERT INTO order_items (id, order_id, product_id, quantity, unit_price, subtotal, created_at) 
                      VALUES ('c5dc9484-2f49-4dfb-b0b7-6e38b27685aa', 'a692dcdb-c40b-481e-b29d-dc5932ed19b9', '49e54b55-6e07-407b-9dac-36e93e1f8aa2', 1, 55, 55, '2026-03-18T21:43:00.000Z');
INSERT INTO orders (id, buyer_id, seller_id, total_amount, status, created_at) 
                      VALUES ('e4aaeb99-d8c9-4484-9dec-bcec3fd92de5', '1161fb73-809d-4954-a73a-738a9a1868f7', 'cdc7b576-3957-4e3f-9e87-6630e4ef1950', 55, 'completed', '2026-03-18T17:04:00.000Z');
INSERT INTO order_items (id, order_id, product_id, quantity, unit_price, subtotal, created_at) 
                      VALUES ('a6ad4626-4735-457a-9dde-a064a938e40d', 'e4aaeb99-d8c9-4484-9dec-bcec3fd92de5', '49e54b55-6e07-407b-9dac-36e93e1f8aa2', 1, 55, 55, '2026-03-18T17:04:00.000Z');
INSERT INTO orders (id, buyer_id, seller_id, total_amount, status, created_at) 
                      VALUES ('0d43b9d3-b3ed-47c7-9952-72da90ea261e', '233694a0-da98-4b19-8640-7b99f406554e', 'cdc7b576-3957-4e3f-9e87-6630e4ef1950', 55, 'completed', '2026-03-18T21:53:00.000Z');
INSERT INTO order_items (id, order_id, product_id, quantity, unit_price, subtotal, created_at) 
                      VALUES ('5c8972b3-3b43-4295-a77d-c6db9dcd1d65', '0d43b9d3-b3ed-47c7-9952-72da90ea261e', '49e54b55-6e07-407b-9dac-36e93e1f8aa2', 1, 55, 55, '2026-03-18T21:53:00.000Z');
INSERT INTO orders (id, buyer_id, seller_id, total_amount, status, created_at) 
                      VALUES ('1e41ade9-1f34-45dd-af6b-6182a1d5db9e', '1161fb73-809d-4954-a73a-738a9a1868f7', 'cdc7b576-3957-4e3f-9e87-6630e4ef1950', 55, 'completed', '2026-03-18T18:11:00.000Z');
INSERT INTO order_items (id, order_id, product_id, quantity, unit_price, subtotal, created_at) 
                      VALUES ('633502b0-8c84-4724-98f2-d6e6f40792f9', '1e41ade9-1f34-45dd-af6b-6182a1d5db9e', '49e54b55-6e07-407b-9dac-36e93e1f8aa2', 1, 55, 55, '2026-03-18T18:11:00.000Z');
INSERT INTO orders (id, buyer_id, seller_id, total_amount, status, created_at) 
                      VALUES ('aaf2a7bc-a072-40ac-8a0a-631e7098b2b2', 'ac51e939-ec0b-40c3-b3e7-39711b12845a', 'cdc7b576-3957-4e3f-9e87-6630e4ef1950', 55, 'completed', '2026-03-18T18:54:00.000Z');
INSERT INTO order_items (id, order_id, product_id, quantity, unit_price, subtotal, created_at) 
                      VALUES ('2250cd27-d531-49b8-ba02-de93a569c794', 'aaf2a7bc-a072-40ac-8a0a-631e7098b2b2', '49e54b55-6e07-407b-9dac-36e93e1f8aa2', 1, 55, 55, '2026-03-18T18:54:00.000Z');
INSERT INTO audit_logs (id, action, user_id, description, level, created_at) 
                  VALUES ('3a5203ee-1f2a-431a-ae07-b4efb2787a95', 'USER_LOGIN', '6adabb60-eed5-4dd0-b80c-41983dd81404', 'Vendedor inició sesión para jornada', 'info', '2026-03-19T14:13:00.000Z');
INSERT INTO daily_sales (id, seller_id, sale_date, total_investment, total_revenue, units_sold, units_lost, total_waste_cost, is_closed) 
                  VALUES ('a0402e2c-2c9d-4159-973a-0391262cf75c', '6adabb60-eed5-4dd0-b80c-41983dd81404', '2026-03-19', 520, 975, 13, 0, 0, true);
INSERT INTO sale_details (id, daily_sale_id, product_id, quantity_prepared, quantity_sold, quantity_lost, unit_cost, unit_price, waste_cost, waste_reason) 
                  VALUES ('bb646685-d495-4480-93e6-e4cbf07a7688', 'a0402e2c-2c9d-4159-973a-0391262cf75c', 'cd4cb45a-05bc-4729-bb2a-06d122f369fc', 13, 13, 0, 40, 75, 0, 'expired');
INSERT INTO orders (id, buyer_id, seller_id, total_amount, status, created_at) 
                      VALUES ('164d3b9b-7675-44c2-b99f-c917ffc42873', 'b03c172d-3388-458c-8054-b6ad7db24e27', '6adabb60-eed5-4dd0-b80c-41983dd81404', 75, 'completed', '2026-03-19T19:09:00.000Z');
INSERT INTO order_items (id, order_id, product_id, quantity, unit_price, subtotal, created_at) 
                      VALUES ('e7741ba9-7979-4865-946e-99504a9bddcd', '164d3b9b-7675-44c2-b99f-c917ffc42873', 'cd4cb45a-05bc-4729-bb2a-06d122f369fc', 1, 75, 75, '2026-03-19T19:09:00.000Z');
INSERT INTO orders (id, buyer_id, seller_id, total_amount, status, created_at) 
                      VALUES ('26b57100-97a9-4d17-84de-05cafc371967', 'b03c172d-3388-458c-8054-b6ad7db24e27', '6adabb60-eed5-4dd0-b80c-41983dd81404', 75, 'completed', '2026-03-19T18:33:00.000Z');
INSERT INTO order_items (id, order_id, product_id, quantity, unit_price, subtotal, created_at) 
                      VALUES ('0193251b-3e4f-4af6-b9cd-f1a966992b6d', '26b57100-97a9-4d17-84de-05cafc371967', 'cd4cb45a-05bc-4729-bb2a-06d122f369fc', 1, 75, 75, '2026-03-19T18:33:00.000Z');
INSERT INTO orders (id, buyer_id, seller_id, total_amount, status, created_at) 
                      VALUES ('203a6106-d468-415f-8d6f-3db4d0c06966', 'ac51e939-ec0b-40c3-b3e7-39711b12845a', '6adabb60-eed5-4dd0-b80c-41983dd81404', 75, 'completed', '2026-03-19T16:14:00.000Z');
INSERT INTO order_items (id, order_id, product_id, quantity, unit_price, subtotal, created_at) 
                      VALUES ('3b5198b9-47fb-4ff9-bb46-e0a19d2526e7', '203a6106-d468-415f-8d6f-3db4d0c06966', 'cd4cb45a-05bc-4729-bb2a-06d122f369fc', 1, 75, 75, '2026-03-19T16:14:00.000Z');
INSERT INTO orders (id, buyer_id, seller_id, total_amount, status, created_at) 
                      VALUES ('05d40554-458c-4b43-92d0-86eb5d236091', '1161fb73-809d-4954-a73a-738a9a1868f7', '6adabb60-eed5-4dd0-b80c-41983dd81404', 75, 'completed', '2026-03-19T17:13:00.000Z');
INSERT INTO order_items (id, order_id, product_id, quantity, unit_price, subtotal, created_at) 
                      VALUES ('47d303ce-27be-42bc-85d1-27e321f3ff3d', '05d40554-458c-4b43-92d0-86eb5d236091', 'cd4cb45a-05bc-4729-bb2a-06d122f369fc', 1, 75, 75, '2026-03-19T17:13:00.000Z');
INSERT INTO orders (id, buyer_id, seller_id, total_amount, status, created_at) 
                      VALUES ('36e3dc77-a481-453b-b42b-70aebc2429a6', '79768ab4-b021-418b-bf3c-0dd52f857b65', '6adabb60-eed5-4dd0-b80c-41983dd81404', 75, 'completed', '2026-03-19T19:19:00.000Z');
INSERT INTO order_items (id, order_id, product_id, quantity, unit_price, subtotal, created_at) 
                      VALUES ('2d7a789a-4a32-4d64-b5cc-2985973bada3', '36e3dc77-a481-453b-b42b-70aebc2429a6', 'cd4cb45a-05bc-4729-bb2a-06d122f369fc', 1, 75, 75, '2026-03-19T19:19:00.000Z');
INSERT INTO orders (id, buyer_id, seller_id, total_amount, status, created_at) 
                      VALUES ('70a507c0-c8df-4854-a7c4-14718de0a894', 'ac51e939-ec0b-40c3-b3e7-39711b12845a', '6adabb60-eed5-4dd0-b80c-41983dd81404', 75, 'completed', '2026-03-19T17:19:00.000Z');
INSERT INTO order_items (id, order_id, product_id, quantity, unit_price, subtotal, created_at) 
                      VALUES ('9133cf7a-c8c6-424a-acd8-ab5b96a604ba', '70a507c0-c8df-4854-a7c4-14718de0a894', 'cd4cb45a-05bc-4729-bb2a-06d122f369fc', 1, 75, 75, '2026-03-19T17:19:00.000Z');
INSERT INTO orders (id, buyer_id, seller_id, total_amount, status, created_at) 
                      VALUES ('023338c6-9db8-4c85-bde8-19d6a499c040', '6c8c4ad9-70e8-48cb-9ce8-5d01c349ffcc', '6adabb60-eed5-4dd0-b80c-41983dd81404', 75, 'completed', '2026-03-19T17:49:00.000Z');
INSERT INTO order_items (id, order_id, product_id, quantity, unit_price, subtotal, created_at) 
                      VALUES ('d08733c2-64c9-4391-8336-b4e6ebb2aafb', '023338c6-9db8-4c85-bde8-19d6a499c040', 'cd4cb45a-05bc-4729-bb2a-06d122f369fc', 1, 75, 75, '2026-03-19T17:49:00.000Z');
INSERT INTO orders (id, buyer_id, seller_id, total_amount, status, created_at) 
                      VALUES ('8bc3e1c1-ef11-4e83-9da9-6a055a0e638b', '1161fb73-809d-4954-a73a-738a9a1868f7', '6adabb60-eed5-4dd0-b80c-41983dd81404', 75, 'completed', '2026-03-19T20:25:00.000Z');
INSERT INTO order_items (id, order_id, product_id, quantity, unit_price, subtotal, created_at) 
                      VALUES ('6978950b-7b42-466b-917f-d4cbd60b77d3', '8bc3e1c1-ef11-4e83-9da9-6a055a0e638b', 'cd4cb45a-05bc-4729-bb2a-06d122f369fc', 1, 75, 75, '2026-03-19T20:25:00.000Z');
INSERT INTO orders (id, buyer_id, seller_id, total_amount, status, created_at) 
                      VALUES ('6d382bf5-5c4a-4b20-be82-dc09735ad4e8', 'aa9e3c8c-e997-4408-ac68-6265851f972d', '6adabb60-eed5-4dd0-b80c-41983dd81404', 75, 'completed', '2026-03-19T21:13:00.000Z');
INSERT INTO order_items (id, order_id, product_id, quantity, unit_price, subtotal, created_at) 
                      VALUES ('e87db28d-3a0d-47db-b2c6-40516866ff0b', '6d382bf5-5c4a-4b20-be82-dc09735ad4e8', 'cd4cb45a-05bc-4729-bb2a-06d122f369fc', 1, 75, 75, '2026-03-19T21:13:00.000Z');
INSERT INTO orders (id, buyer_id, seller_id, total_amount, status, created_at) 
                      VALUES ('14cfe1a1-f07d-44a1-97b7-6c6c2796cc1f', '233694a0-da98-4b19-8640-7b99f406554e', '6adabb60-eed5-4dd0-b80c-41983dd81404', 75, 'completed', '2026-03-19T16:31:00.000Z');
INSERT INTO order_items (id, order_id, product_id, quantity, unit_price, subtotal, created_at) 
                      VALUES ('18085e9e-a7ff-4b47-aa69-84a9e128a26b', '14cfe1a1-f07d-44a1-97b7-6c6c2796cc1f', 'cd4cb45a-05bc-4729-bb2a-06d122f369fc', 1, 75, 75, '2026-03-19T16:31:00.000Z');
INSERT INTO orders (id, buyer_id, seller_id, total_amount, status, created_at) 
                      VALUES ('2e3ec7f1-6d40-4306-bb9a-ac9de706c4e1', 'b03c172d-3388-458c-8054-b6ad7db24e27', '6adabb60-eed5-4dd0-b80c-41983dd81404', 75, 'completed', '2026-03-19T18:46:00.000Z');
INSERT INTO order_items (id, order_id, product_id, quantity, unit_price, subtotal, created_at) 
                      VALUES ('ff35dbb6-ec01-4fa8-a239-82ae28c439d4', '2e3ec7f1-6d40-4306-bb9a-ac9de706c4e1', 'cd4cb45a-05bc-4729-bb2a-06d122f369fc', 1, 75, 75, '2026-03-19T18:46:00.000Z');
INSERT INTO orders (id, buyer_id, seller_id, total_amount, status, created_at) 
                      VALUES ('ed806540-811d-4df7-ace7-9bc40ec43b0a', '79768ab4-b021-418b-bf3c-0dd52f857b65', '6adabb60-eed5-4dd0-b80c-41983dd81404', 75, 'completed', '2026-03-19T19:52:00.000Z');
INSERT INTO order_items (id, order_id, product_id, quantity, unit_price, subtotal, created_at) 
                      VALUES ('3a44286b-d6f6-4b37-93c2-4901ff8a0350', 'ed806540-811d-4df7-ace7-9bc40ec43b0a', 'cd4cb45a-05bc-4729-bb2a-06d122f369fc', 1, 75, 75, '2026-03-19T19:52:00.000Z');
INSERT INTO orders (id, buyer_id, seller_id, total_amount, status, created_at) 
                      VALUES ('fd3a92fd-19e8-47bb-823e-e18fd78b4f64', 'b03c172d-3388-458c-8054-b6ad7db24e27', '6adabb60-eed5-4dd0-b80c-41983dd81404', 75, 'completed', '2026-03-19T18:08:00.000Z');
INSERT INTO order_items (id, order_id, product_id, quantity, unit_price, subtotal, created_at) 
                      VALUES ('a2a695d9-3f0c-4ec7-bfde-d273b7e668b6', 'fd3a92fd-19e8-47bb-823e-e18fd78b4f64', 'cd4cb45a-05bc-4729-bb2a-06d122f369fc', 1, 75, 75, '2026-03-19T18:08:00.000Z');
INSERT INTO audit_logs (id, action, user_id, description, level, created_at) 
                  VALUES ('bb93da62-756d-4e06-95a0-9b5811d40651', 'USER_LOGIN', '5f552e5d-c288-453c-a685-b287e1c0c64a', 'Vendedor inició sesión para jornada', 'info', '2026-03-19T14:13:00.000Z');
INSERT INTO daily_sales (id, seller_id, sale_date, total_investment, total_revenue, units_sold, units_lost, total_waste_cost, is_closed) 
                  VALUES ('ed9f8bf6-8b43-41d3-b7fb-f7f8067e175d', '5f552e5d-c288-453c-a685-b287e1c0c64a', '2026-03-19', 240, 495, 11, 1, 20, true);
INSERT INTO sale_details (id, daily_sale_id, product_id, quantity_prepared, quantity_sold, quantity_lost, unit_cost, unit_price, waste_cost, waste_reason) 
                  VALUES ('14f51c40-1cc5-4eb7-a407-389e4f0ccabc', 'ed9f8bf6-8b43-41d3-b7fb-f7f8067e175d', '90ccc3f8-627a-4af7-aab2-9c7967c2f50d', 12, 11, 1, 20, 45, 20, 'expired');
INSERT INTO orders (id, buyer_id, seller_id, total_amount, status, created_at) 
                      VALUES ('315c882f-5849-4998-bbb0-88dbdfb9aec8', 'b03c172d-3388-458c-8054-b6ad7db24e27', '5f552e5d-c288-453c-a685-b287e1c0c64a', 45, 'completed', '2026-03-19T16:38:00.000Z');
INSERT INTO order_items (id, order_id, product_id, quantity, unit_price, subtotal, created_at) 
                      VALUES ('63b9477e-d831-4eb9-85a4-9cdc8202278f', '315c882f-5849-4998-bbb0-88dbdfb9aec8', '90ccc3f8-627a-4af7-aab2-9c7967c2f50d', 1, 45, 45, '2026-03-19T16:38:00.000Z');
INSERT INTO orders (id, buyer_id, seller_id, total_amount, status, created_at) 
                      VALUES ('ad9050b6-0ef1-4b0e-8dd3-1292eb40906a', 'b03c172d-3388-458c-8054-b6ad7db24e27', '5f552e5d-c288-453c-a685-b287e1c0c64a', 45, 'completed', '2026-03-19T18:42:00.000Z');
INSERT INTO order_items (id, order_id, product_id, quantity, unit_price, subtotal, created_at) 
                      VALUES ('7de575b1-6d79-4b94-90e3-ba4127045291', 'ad9050b6-0ef1-4b0e-8dd3-1292eb40906a', '90ccc3f8-627a-4af7-aab2-9c7967c2f50d', 1, 45, 45, '2026-03-19T18:42:00.000Z');
INSERT INTO orders (id, buyer_id, seller_id, total_amount, status, created_at) 
                      VALUES ('9507e08d-a1a7-4019-8805-02a106bd73de', 'ac51e939-ec0b-40c3-b3e7-39711b12845a', '5f552e5d-c288-453c-a685-b287e1c0c64a', 45, 'completed', '2026-03-19T16:06:00.000Z');
INSERT INTO order_items (id, order_id, product_id, quantity, unit_price, subtotal, created_at) 
                      VALUES ('adf70288-0349-4e2e-ac4a-c28fd83c9104', '9507e08d-a1a7-4019-8805-02a106bd73de', '90ccc3f8-627a-4af7-aab2-9c7967c2f50d', 1, 45, 45, '2026-03-19T16:06:00.000Z');
INSERT INTO orders (id, buyer_id, seller_id, total_amount, status, created_at) 
                      VALUES ('e408825d-c0bd-413e-8d0b-7459dce39c6b', '1161fb73-809d-4954-a73a-738a9a1868f7', '5f552e5d-c288-453c-a685-b287e1c0c64a', 45, 'completed', '2026-03-19T17:34:00.000Z');
INSERT INTO order_items (id, order_id, product_id, quantity, unit_price, subtotal, created_at) 
                      VALUES ('449b94e9-839a-453e-8566-b086fa54ebb1', 'e408825d-c0bd-413e-8d0b-7459dce39c6b', '90ccc3f8-627a-4af7-aab2-9c7967c2f50d', 1, 45, 45, '2026-03-19T17:34:00.000Z');
INSERT INTO orders (id, buyer_id, seller_id, total_amount, status, created_at) 
                      VALUES ('b57cdfd3-fdc1-4d18-8640-0ce098f80e6e', 'ac51e939-ec0b-40c3-b3e7-39711b12845a', '5f552e5d-c288-453c-a685-b287e1c0c64a', 45, 'completed', '2026-03-19T16:48:00.000Z');
INSERT INTO order_items (id, order_id, product_id, quantity, unit_price, subtotal, created_at) 
                      VALUES ('fa0616a9-76f4-40e5-ac42-7167307acbdc', 'b57cdfd3-fdc1-4d18-8640-0ce098f80e6e', '90ccc3f8-627a-4af7-aab2-9c7967c2f50d', 1, 45, 45, '2026-03-19T16:48:00.000Z');
INSERT INTO orders (id, buyer_id, seller_id, total_amount, status, created_at) 
                      VALUES ('a853a7fc-12f0-46bf-a759-906cce443b6f', 'aa9e3c8c-e997-4408-ac68-6265851f972d', '5f552e5d-c288-453c-a685-b287e1c0c64a', 45, 'completed', '2026-03-19T18:05:00.000Z');
INSERT INTO order_items (id, order_id, product_id, quantity, unit_price, subtotal, created_at) 
                      VALUES ('452f8fdd-19a2-47e2-8e6f-b6d5e5a53882', 'a853a7fc-12f0-46bf-a759-906cce443b6f', '90ccc3f8-627a-4af7-aab2-9c7967c2f50d', 1, 45, 45, '2026-03-19T18:05:00.000Z');
INSERT INTO orders (id, buyer_id, seller_id, total_amount, status, created_at) 
                      VALUES ('18855e72-b746-421b-bfa6-bff8d81b7a7f', 'ac51e939-ec0b-40c3-b3e7-39711b12845a', '5f552e5d-c288-453c-a685-b287e1c0c64a', 45, 'completed', '2026-03-19T17:13:00.000Z');
INSERT INTO order_items (id, order_id, product_id, quantity, unit_price, subtotal, created_at) 
                      VALUES ('a6c96439-cebd-4e6f-8972-806608aedbe1', '18855e72-b746-421b-bfa6-bff8d81b7a7f', '90ccc3f8-627a-4af7-aab2-9c7967c2f50d', 1, 45, 45, '2026-03-19T17:13:00.000Z');
INSERT INTO orders (id, buyer_id, seller_id, total_amount, status, created_at) 
                      VALUES ('cb6af93c-de28-48da-b7ff-54109096968f', 'ac51e939-ec0b-40c3-b3e7-39711b12845a', '5f552e5d-c288-453c-a685-b287e1c0c64a', 45, 'completed', '2026-03-19T16:55:00.000Z');
INSERT INTO order_items (id, order_id, product_id, quantity, unit_price, subtotal, created_at) 
                      VALUES ('850653eb-415f-4500-bd44-25c5c2a5461e', 'cb6af93c-de28-48da-b7ff-54109096968f', '90ccc3f8-627a-4af7-aab2-9c7967c2f50d', 1, 45, 45, '2026-03-19T16:55:00.000Z');
INSERT INTO orders (id, buyer_id, seller_id, total_amount, status, created_at) 
                      VALUES ('877f02f5-0ab9-409c-8c94-f835c27829b3', 'ac51e939-ec0b-40c3-b3e7-39711b12845a', '5f552e5d-c288-453c-a685-b287e1c0c64a', 45, 'completed', '2026-03-19T18:20:00.000Z');
INSERT INTO order_items (id, order_id, product_id, quantity, unit_price, subtotal, created_at) 
                      VALUES ('a5b29505-60b8-464c-9d33-58a895be0364', '877f02f5-0ab9-409c-8c94-f835c27829b3', '90ccc3f8-627a-4af7-aab2-9c7967c2f50d', 1, 45, 45, '2026-03-19T18:20:00.000Z');
INSERT INTO orders (id, buyer_id, seller_id, total_amount, status, created_at) 
                      VALUES ('1fc81ad4-97f7-4b30-9e54-d4e2757ca4ba', '1161fb73-809d-4954-a73a-738a9a1868f7', '5f552e5d-c288-453c-a685-b287e1c0c64a', 45, 'completed', '2026-03-19T19:22:00.000Z');
INSERT INTO order_items (id, order_id, product_id, quantity, unit_price, subtotal, created_at) 
                      VALUES ('118e3f08-b1f5-40d6-99bd-ac701f24b673', '1fc81ad4-97f7-4b30-9e54-d4e2757ca4ba', '90ccc3f8-627a-4af7-aab2-9c7967c2f50d', 1, 45, 45, '2026-03-19T19:22:00.000Z');
INSERT INTO orders (id, buyer_id, seller_id, total_amount, status, created_at) 
                      VALUES ('eeb62426-5253-4f6b-a614-b1ea01478c6d', '1161fb73-809d-4954-a73a-738a9a1868f7', '5f552e5d-c288-453c-a685-b287e1c0c64a', 45, 'completed', '2026-03-19T21:51:00.000Z');
INSERT INTO order_items (id, order_id, product_id, quantity, unit_price, subtotal, created_at) 
                      VALUES ('00b7a9b3-d146-483f-8326-343f31636351', 'eeb62426-5253-4f6b-a614-b1ea01478c6d', '90ccc3f8-627a-4af7-aab2-9c7967c2f50d', 1, 45, 45, '2026-03-19T21:51:00.000Z');
INSERT INTO audit_logs (id, action, user_id, description, level, created_at) 
                  VALUES ('4e660307-0dff-4fe3-83b5-0ff2320070e1', 'USER_LOGIN', '522afd0e-5b6f-4f57-be80-46fd79ba12db', 'Vendedor inició sesión para jornada', 'info', '2026-03-19T14:09:00.000Z');
INSERT INTO daily_sales (id, seller_id, sale_date, total_investment, total_revenue, units_sold, units_lost, total_waste_cost, is_closed) 
                  VALUES ('8cb2f14b-4b9b-4503-8084-db6dafe023b3', '522afd0e-5b6f-4f57-be80-46fd79ba12db', '2026-03-19', 156, 360, 12, 1, 12, true);
INSERT INTO sale_details (id, daily_sale_id, product_id, quantity_prepared, quantity_sold, quantity_lost, unit_cost, unit_price, waste_cost, waste_reason) 
                  VALUES ('f86ea496-5808-46c2-9fb6-80c946ac0c32', '8cb2f14b-4b9b-4503-8084-db6dafe023b3', 'c865d401-6592-418d-98d5-1aa633799680', 13, 12, 1, 12, 30, 12, 'expired');
INSERT INTO orders (id, buyer_id, seller_id, total_amount, status, created_at) 
                      VALUES ('44ae5e1f-e222-4d31-9833-397b127be983', '79768ab4-b021-418b-bf3c-0dd52f857b65', '522afd0e-5b6f-4f57-be80-46fd79ba12db', 30, 'completed', '2026-03-19T20:11:00.000Z');
INSERT INTO order_items (id, order_id, product_id, quantity, unit_price, subtotal, created_at) 
                      VALUES ('d29e6784-b018-4597-9cca-65d2fc4dc056', '44ae5e1f-e222-4d31-9833-397b127be983', 'c865d401-6592-418d-98d5-1aa633799680', 1, 30, 30, '2026-03-19T20:11:00.000Z');
INSERT INTO orders (id, buyer_id, seller_id, total_amount, status, created_at) 
                      VALUES ('7f1fb687-80bb-464e-891e-0e7b5e2e5221', '233694a0-da98-4b19-8640-7b99f406554e', '522afd0e-5b6f-4f57-be80-46fd79ba12db', 30, 'completed', '2026-03-19T18:47:00.000Z');
INSERT INTO order_items (id, order_id, product_id, quantity, unit_price, subtotal, created_at) 
                      VALUES ('433ac895-ab28-481c-993a-a612e5a46573', '7f1fb687-80bb-464e-891e-0e7b5e2e5221', 'c865d401-6592-418d-98d5-1aa633799680', 1, 30, 30, '2026-03-19T18:47:00.000Z');
INSERT INTO orders (id, buyer_id, seller_id, total_amount, status, created_at) 
                      VALUES ('b3a914ef-fb52-4ba8-93e8-03a89158b212', 'b03c172d-3388-458c-8054-b6ad7db24e27', '522afd0e-5b6f-4f57-be80-46fd79ba12db', 30, 'completed', '2026-03-19T18:41:00.000Z');
INSERT INTO order_items (id, order_id, product_id, quantity, unit_price, subtotal, created_at) 
                      VALUES ('692f987a-30c7-4bdf-8fe1-bdd2201948de', 'b3a914ef-fb52-4ba8-93e8-03a89158b212', 'c865d401-6592-418d-98d5-1aa633799680', 1, 30, 30, '2026-03-19T18:41:00.000Z');
INSERT INTO orders (id, buyer_id, seller_id, total_amount, status, created_at) 
                      VALUES ('2b825bfc-58d4-4908-8359-b79bd7394146', 'aa9e3c8c-e997-4408-ac68-6265851f972d', '522afd0e-5b6f-4f57-be80-46fd79ba12db', 30, 'completed', '2026-03-19T19:31:00.000Z');
INSERT INTO order_items (id, order_id, product_id, quantity, unit_price, subtotal, created_at) 
                      VALUES ('3f4d7cc3-673c-418e-b85f-89a437e7e1a5', '2b825bfc-58d4-4908-8359-b79bd7394146', 'c865d401-6592-418d-98d5-1aa633799680', 1, 30, 30, '2026-03-19T19:31:00.000Z');
INSERT INTO orders (id, buyer_id, seller_id, total_amount, status, created_at) 
                      VALUES ('c94f2e66-df94-40c3-8cbb-b81908b8703b', '79768ab4-b021-418b-bf3c-0dd52f857b65', '522afd0e-5b6f-4f57-be80-46fd79ba12db', 30, 'completed', '2026-03-19T20:36:00.000Z');
INSERT INTO order_items (id, order_id, product_id, quantity, unit_price, subtotal, created_at) 
                      VALUES ('115f4893-7d32-499e-8eec-d4a8f74daee0', 'c94f2e66-df94-40c3-8cbb-b81908b8703b', 'c865d401-6592-418d-98d5-1aa633799680', 1, 30, 30, '2026-03-19T20:36:00.000Z');
INSERT INTO orders (id, buyer_id, seller_id, total_amount, status, created_at) 
                      VALUES ('6b2eeebc-8288-4a0d-b4c5-430edac55e2d', 'aa9e3c8c-e997-4408-ac68-6265851f972d', '522afd0e-5b6f-4f57-be80-46fd79ba12db', 30, 'completed', '2026-03-19T18:12:00.000Z');
INSERT INTO order_items (id, order_id, product_id, quantity, unit_price, subtotal, created_at) 
                      VALUES ('dac5a4cd-b2ad-41aa-bf06-5db943d587c2', '6b2eeebc-8288-4a0d-b4c5-430edac55e2d', 'c865d401-6592-418d-98d5-1aa633799680', 1, 30, 30, '2026-03-19T18:12:00.000Z');
INSERT INTO orders (id, buyer_id, seller_id, total_amount, status, created_at) 
                      VALUES ('55954057-78bd-4905-abb1-0b1946aac515', '6c8c4ad9-70e8-48cb-9ce8-5d01c349ffcc', '522afd0e-5b6f-4f57-be80-46fd79ba12db', 30, 'completed', '2026-03-19T17:16:00.000Z');
INSERT INTO order_items (id, order_id, product_id, quantity, unit_price, subtotal, created_at) 
                      VALUES ('8ff6fe75-157f-4f5f-8774-d72de7dcf6b7', '55954057-78bd-4905-abb1-0b1946aac515', 'c865d401-6592-418d-98d5-1aa633799680', 1, 30, 30, '2026-03-19T17:16:00.000Z');
INSERT INTO orders (id, buyer_id, seller_id, total_amount, status, created_at) 
                      VALUES ('dd52a85c-2525-423b-9816-6d82d588f83e', '1161fb73-809d-4954-a73a-738a9a1868f7', '522afd0e-5b6f-4f57-be80-46fd79ba12db', 30, 'completed', '2026-03-19T19:48:00.000Z');
INSERT INTO order_items (id, order_id, product_id, quantity, unit_price, subtotal, created_at) 
                      VALUES ('3e71f4cd-17f7-434f-b8f2-7600002d89cd', 'dd52a85c-2525-423b-9816-6d82d588f83e', 'c865d401-6592-418d-98d5-1aa633799680', 1, 30, 30, '2026-03-19T19:48:00.000Z');
INSERT INTO orders (id, buyer_id, seller_id, total_amount, status, created_at) 
                      VALUES ('29ad7fc9-67e0-4deb-9903-2fb7d4172c4f', '1161fb73-809d-4954-a73a-738a9a1868f7', '522afd0e-5b6f-4f57-be80-46fd79ba12db', 30, 'completed', '2026-03-19T19:36:00.000Z');
INSERT INTO order_items (id, order_id, product_id, quantity, unit_price, subtotal, created_at) 
                      VALUES ('31e2b443-89f3-4ab8-8315-c37b96dad417', '29ad7fc9-67e0-4deb-9903-2fb7d4172c4f', 'c865d401-6592-418d-98d5-1aa633799680', 1, 30, 30, '2026-03-19T19:36:00.000Z');
INSERT INTO orders (id, buyer_id, seller_id, total_amount, status, created_at) 
                      VALUES ('ca587ad2-789b-4731-8068-45e2a526f43c', '233694a0-da98-4b19-8640-7b99f406554e', '522afd0e-5b6f-4f57-be80-46fd79ba12db', 30, 'completed', '2026-03-19T16:53:00.000Z');
INSERT INTO order_items (id, order_id, product_id, quantity, unit_price, subtotal, created_at) 
                      VALUES ('d76873eb-45b7-4ca4-b648-54c45842f59d', 'ca587ad2-789b-4731-8068-45e2a526f43c', 'c865d401-6592-418d-98d5-1aa633799680', 1, 30, 30, '2026-03-19T16:53:00.000Z');
INSERT INTO orders (id, buyer_id, seller_id, total_amount, status, created_at) 
                      VALUES ('2787716b-8306-4223-8e01-1f9f39b13f69', '6c8c4ad9-70e8-48cb-9ce8-5d01c349ffcc', '522afd0e-5b6f-4f57-be80-46fd79ba12db', 30, 'completed', '2026-03-19T21:22:00.000Z');
INSERT INTO order_items (id, order_id, product_id, quantity, unit_price, subtotal, created_at) 
                      VALUES ('29cba7cd-5cf7-40ff-8c93-be09d833529c', '2787716b-8306-4223-8e01-1f9f39b13f69', 'c865d401-6592-418d-98d5-1aa633799680', 1, 30, 30, '2026-03-19T21:22:00.000Z');
INSERT INTO orders (id, buyer_id, seller_id, total_amount, status, created_at) 
                      VALUES ('77bdc1f3-2296-4491-8022-a371ecd45a72', '1161fb73-809d-4954-a73a-738a9a1868f7', '522afd0e-5b6f-4f57-be80-46fd79ba12db', 30, 'completed', '2026-03-19T18:59:00.000Z');
INSERT INTO order_items (id, order_id, product_id, quantity, unit_price, subtotal, created_at) 
                      VALUES ('68251e67-3f3c-4abd-9c76-49af08111637', '77bdc1f3-2296-4491-8022-a371ecd45a72', 'c865d401-6592-418d-98d5-1aa633799680', 1, 30, 30, '2026-03-19T18:59:00.000Z');
INSERT INTO audit_logs (id, action, user_id, description, level, created_at) 
                  VALUES ('53d50fa3-701d-4afc-8703-fd5c7f834c1b', 'USER_LOGIN', 'da273443-bae3-4781-ae4e-819d0c9d56a6', 'Vendedor inició sesión para jornada', 'info', '2026-03-19T14:28:00.000Z');
INSERT INTO daily_sales (id, seller_id, sale_date, total_investment, total_revenue, units_sold, units_lost, total_waste_cost, is_closed) 
                  VALUES ('58d8483b-64c9-47a5-92ea-10baa170bfee', 'da273443-bae3-4781-ae4e-819d0c9d56a6', '2026-03-19', 96, 275, 11, 1, 8, true);
INSERT INTO sale_details (id, daily_sale_id, product_id, quantity_prepared, quantity_sold, quantity_lost, unit_cost, unit_price, waste_cost, waste_reason) 
                  VALUES ('ae2f413a-975c-4ae3-ace1-cd47f21ca481', '58d8483b-64c9-47a5-92ea-10baa170bfee', 'ea84c406-f235-4e9c-b061-71ed9401e63b', 12, 11, 1, 8, 25, 8, 'expired');
INSERT INTO orders (id, buyer_id, seller_id, total_amount, status, created_at) 
                      VALUES ('cc8eb368-e6b4-4913-8a7a-613a33b9888f', '233694a0-da98-4b19-8640-7b99f406554e', 'da273443-bae3-4781-ae4e-819d0c9d56a6', 25, 'completed', '2026-03-19T16:41:00.000Z');
INSERT INTO order_items (id, order_id, product_id, quantity, unit_price, subtotal, created_at) 
                      VALUES ('61504ed9-0f79-4207-a7b0-ba3733db5b07', 'cc8eb368-e6b4-4913-8a7a-613a33b9888f', 'ea84c406-f235-4e9c-b061-71ed9401e63b', 1, 25, 25, '2026-03-19T16:41:00.000Z');
INSERT INTO orders (id, buyer_id, seller_id, total_amount, status, created_at) 
                      VALUES ('18518d43-bb7e-4fb8-83fa-5c071cc9f10d', 'ac51e939-ec0b-40c3-b3e7-39711b12845a', 'da273443-bae3-4781-ae4e-819d0c9d56a6', 25, 'completed', '2026-03-19T21:44:00.000Z');
INSERT INTO order_items (id, order_id, product_id, quantity, unit_price, subtotal, created_at) 
                      VALUES ('913bbf81-3867-4ef1-b6f1-e640d3c570cc', '18518d43-bb7e-4fb8-83fa-5c071cc9f10d', 'ea84c406-f235-4e9c-b061-71ed9401e63b', 1, 25, 25, '2026-03-19T21:44:00.000Z');
INSERT INTO orders (id, buyer_id, seller_id, total_amount, status, created_at) 
                      VALUES ('54f4674e-602e-4719-8d92-0d8b423c87bf', '79768ab4-b021-418b-bf3c-0dd52f857b65', 'da273443-bae3-4781-ae4e-819d0c9d56a6', 25, 'completed', '2026-03-19T18:40:00.000Z');
INSERT INTO order_items (id, order_id, product_id, quantity, unit_price, subtotal, created_at) 
                      VALUES ('153a5bf3-2714-4230-95d4-726e20fb7254', '54f4674e-602e-4719-8d92-0d8b423c87bf', 'ea84c406-f235-4e9c-b061-71ed9401e63b', 1, 25, 25, '2026-03-19T18:40:00.000Z');
INSERT INTO orders (id, buyer_id, seller_id, total_amount, status, created_at) 
                      VALUES ('651f3dda-6765-4816-9a7f-fd4abce90734', '6c8c4ad9-70e8-48cb-9ce8-5d01c349ffcc', 'da273443-bae3-4781-ae4e-819d0c9d56a6', 25, 'completed', '2026-03-19T21:46:00.000Z');
INSERT INTO order_items (id, order_id, product_id, quantity, unit_price, subtotal, created_at) 
                      VALUES ('0df47c0c-5879-46af-8e0a-13bd37e8fb30', '651f3dda-6765-4816-9a7f-fd4abce90734', 'ea84c406-f235-4e9c-b061-71ed9401e63b', 1, 25, 25, '2026-03-19T21:46:00.000Z');
INSERT INTO orders (id, buyer_id, seller_id, total_amount, status, created_at) 
                      VALUES ('c24dc2ab-a21e-441b-a6d7-9836b43eeb04', '233694a0-da98-4b19-8640-7b99f406554e', 'da273443-bae3-4781-ae4e-819d0c9d56a6', 25, 'completed', '2026-03-19T16:31:00.000Z');
INSERT INTO order_items (id, order_id, product_id, quantity, unit_price, subtotal, created_at) 
                      VALUES ('82d02db9-ab21-4b62-8e50-4bf99319cc2b', 'c24dc2ab-a21e-441b-a6d7-9836b43eeb04', 'ea84c406-f235-4e9c-b061-71ed9401e63b', 1, 25, 25, '2026-03-19T16:31:00.000Z');
INSERT INTO orders (id, buyer_id, seller_id, total_amount, status, created_at) 
                      VALUES ('cbe85947-37b8-4f4d-81c6-6c53557f8906', '79768ab4-b021-418b-bf3c-0dd52f857b65', 'da273443-bae3-4781-ae4e-819d0c9d56a6', 25, 'completed', '2026-03-19T20:51:00.000Z');
INSERT INTO order_items (id, order_id, product_id, quantity, unit_price, subtotal, created_at) 
                      VALUES ('0b8ef337-40f7-460e-8623-d4fc0ade904d', 'cbe85947-37b8-4f4d-81c6-6c53557f8906', 'ea84c406-f235-4e9c-b061-71ed9401e63b', 1, 25, 25, '2026-03-19T20:51:00.000Z');
INSERT INTO orders (id, buyer_id, seller_id, total_amount, status, created_at) 
                      VALUES ('a84abce1-aa22-4a37-aa12-1811a143b068', '1161fb73-809d-4954-a73a-738a9a1868f7', 'da273443-bae3-4781-ae4e-819d0c9d56a6', 25, 'completed', '2026-03-19T21:32:00.000Z');
INSERT INTO order_items (id, order_id, product_id, quantity, unit_price, subtotal, created_at) 
                      VALUES ('c1d06341-11ab-48e9-8b2f-96360a26da00', 'a84abce1-aa22-4a37-aa12-1811a143b068', 'ea84c406-f235-4e9c-b061-71ed9401e63b', 1, 25, 25, '2026-03-19T21:32:00.000Z');
INSERT INTO orders (id, buyer_id, seller_id, total_amount, status, created_at) 
                      VALUES ('87d64cd6-b7b0-4b11-837f-df88f14bf8a0', '1161fb73-809d-4954-a73a-738a9a1868f7', 'da273443-bae3-4781-ae4e-819d0c9d56a6', 25, 'completed', '2026-03-19T21:24:00.000Z');
INSERT INTO order_items (id, order_id, product_id, quantity, unit_price, subtotal, created_at) 
                      VALUES ('07b0c406-c42e-4959-81be-f0f337a34b27', '87d64cd6-b7b0-4b11-837f-df88f14bf8a0', 'ea84c406-f235-4e9c-b061-71ed9401e63b', 1, 25, 25, '2026-03-19T21:24:00.000Z');
INSERT INTO orders (id, buyer_id, seller_id, total_amount, status, created_at) 
                      VALUES ('42f5d691-7ff6-4219-9b13-e1845b7a2904', 'b03c172d-3388-458c-8054-b6ad7db24e27', 'da273443-bae3-4781-ae4e-819d0c9d56a6', 25, 'completed', '2026-03-19T19:42:00.000Z');
INSERT INTO order_items (id, order_id, product_id, quantity, unit_price, subtotal, created_at) 
                      VALUES ('1e4c7808-62ba-4eb3-93fa-29bdddb55e43', '42f5d691-7ff6-4219-9b13-e1845b7a2904', 'ea84c406-f235-4e9c-b061-71ed9401e63b', 1, 25, 25, '2026-03-19T19:42:00.000Z');
INSERT INTO orders (id, buyer_id, seller_id, total_amount, status, created_at) 
                      VALUES ('d4d3a339-383f-4357-8368-a0555b63bd04', '1161fb73-809d-4954-a73a-738a9a1868f7', 'da273443-bae3-4781-ae4e-819d0c9d56a6', 25, 'completed', '2026-03-19T21:34:00.000Z');
INSERT INTO order_items (id, order_id, product_id, quantity, unit_price, subtotal, created_at) 
                      VALUES ('73f10dec-8175-429b-b970-d4d0809072f2', 'd4d3a339-383f-4357-8368-a0555b63bd04', 'ea84c406-f235-4e9c-b061-71ed9401e63b', 1, 25, 25, '2026-03-19T21:34:00.000Z');
INSERT INTO orders (id, buyer_id, seller_id, total_amount, status, created_at) 
                      VALUES ('f1c4ac7c-430d-4d28-99b2-4744dfc28def', 'ac51e939-ec0b-40c3-b3e7-39711b12845a', 'da273443-bae3-4781-ae4e-819d0c9d56a6', 25, 'completed', '2026-03-19T16:53:00.000Z');
INSERT INTO order_items (id, order_id, product_id, quantity, unit_price, subtotal, created_at) 
                      VALUES ('36ccd9ec-01ce-4d6c-bc0a-d8768bd13e2c', 'f1c4ac7c-430d-4d28-99b2-4744dfc28def', 'ea84c406-f235-4e9c-b061-71ed9401e63b', 1, 25, 25, '2026-03-19T16:53:00.000Z');
INSERT INTO audit_logs (id, action, user_id, description, level, created_at) 
                  VALUES ('2be7430d-28f1-4f23-a17d-e2f64c752c29', 'USER_LOGIN', 'cdc7b576-3957-4e3f-9e87-6630e4ef1950', 'Vendedor inició sesión para jornada', 'info', '2026-03-19T14:01:00.000Z');
INSERT INTO daily_sales (id, seller_id, sale_date, total_investment, total_revenue, units_sold, units_lost, total_waste_cost, is_closed) 
                  VALUES ('0e641c23-2d8a-4782-8839-f45af9fee17f', 'cdc7b576-3957-4e3f-9e87-6630e4ef1950', '2026-03-19', 250, 550, 10, 0, 0, true);
INSERT INTO sale_details (id, daily_sale_id, product_id, quantity_prepared, quantity_sold, quantity_lost, unit_cost, unit_price, waste_cost, waste_reason) 
                  VALUES ('18041371-b31c-4960-8fe9-a9cd91db56e0', '0e641c23-2d8a-4782-8839-f45af9fee17f', '49e54b55-6e07-407b-9dac-36e93e1f8aa2', 10, 10, 0, 25, 55, 0, 'expired');
INSERT INTO orders (id, buyer_id, seller_id, total_amount, status, created_at) 
                      VALUES ('b3009c09-c762-4301-8b10-35be9833850a', '1161fb73-809d-4954-a73a-738a9a1868f7', 'cdc7b576-3957-4e3f-9e87-6630e4ef1950', 55, 'completed', '2026-03-19T21:49:00.000Z');
INSERT INTO order_items (id, order_id, product_id, quantity, unit_price, subtotal, created_at) 
                      VALUES ('91902fa6-d44a-43ec-991d-9d3aac22e23d', 'b3009c09-c762-4301-8b10-35be9833850a', '49e54b55-6e07-407b-9dac-36e93e1f8aa2', 1, 55, 55, '2026-03-19T21:49:00.000Z');
INSERT INTO orders (id, buyer_id, seller_id, total_amount, status, created_at) 
                      VALUES ('98d2824e-9f85-4d9c-b769-c22d6b00c0a3', '1161fb73-809d-4954-a73a-738a9a1868f7', 'cdc7b576-3957-4e3f-9e87-6630e4ef1950', 55, 'completed', '2026-03-19T17:26:00.000Z');
INSERT INTO order_items (id, order_id, product_id, quantity, unit_price, subtotal, created_at) 
                      VALUES ('88771222-8fa5-48dd-99cc-509a0dffd0cb', '98d2824e-9f85-4d9c-b769-c22d6b00c0a3', '49e54b55-6e07-407b-9dac-36e93e1f8aa2', 1, 55, 55, '2026-03-19T17:26:00.000Z');
INSERT INTO orders (id, buyer_id, seller_id, total_amount, status, created_at) 
                      VALUES ('a6d23e7c-047e-4805-b52d-c57002af553b', 'aa9e3c8c-e997-4408-ac68-6265851f972d', 'cdc7b576-3957-4e3f-9e87-6630e4ef1950', 55, 'completed', '2026-03-19T17:19:00.000Z');
INSERT INTO order_items (id, order_id, product_id, quantity, unit_price, subtotal, created_at) 
                      VALUES ('7eaa37b4-1721-49d9-a69b-406139eef581', 'a6d23e7c-047e-4805-b52d-c57002af553b', '49e54b55-6e07-407b-9dac-36e93e1f8aa2', 1, 55, 55, '2026-03-19T17:19:00.000Z');
INSERT INTO orders (id, buyer_id, seller_id, total_amount, status, created_at) 
                      VALUES ('ac0b64ee-ef3a-4833-997d-f7198b6c4e3f', '233694a0-da98-4b19-8640-7b99f406554e', 'cdc7b576-3957-4e3f-9e87-6630e4ef1950', 55, 'completed', '2026-03-19T18:35:00.000Z');
INSERT INTO order_items (id, order_id, product_id, quantity, unit_price, subtotal, created_at) 
                      VALUES ('e5ac3985-6bc5-47fa-aedd-4d4368770aff', 'ac0b64ee-ef3a-4833-997d-f7198b6c4e3f', '49e54b55-6e07-407b-9dac-36e93e1f8aa2', 1, 55, 55, '2026-03-19T18:35:00.000Z');
INSERT INTO orders (id, buyer_id, seller_id, total_amount, status, created_at) 
                      VALUES ('d2e9a4d7-c968-461a-b110-9f99d68b7217', 'ac51e939-ec0b-40c3-b3e7-39711b12845a', 'cdc7b576-3957-4e3f-9e87-6630e4ef1950', 55, 'completed', '2026-03-19T19:47:00.000Z');
INSERT INTO order_items (id, order_id, product_id, quantity, unit_price, subtotal, created_at) 
                      VALUES ('0af206db-04a5-4041-8c0c-fe5fd16cf86e', 'd2e9a4d7-c968-461a-b110-9f99d68b7217', '49e54b55-6e07-407b-9dac-36e93e1f8aa2', 1, 55, 55, '2026-03-19T19:47:00.000Z');
INSERT INTO orders (id, buyer_id, seller_id, total_amount, status, created_at) 
                      VALUES ('eeaec4c6-5e78-4593-9674-4973757a88c7', 'ac51e939-ec0b-40c3-b3e7-39711b12845a', 'cdc7b576-3957-4e3f-9e87-6630e4ef1950', 55, 'completed', '2026-03-19T19:49:00.000Z');
INSERT INTO order_items (id, order_id, product_id, quantity, unit_price, subtotal, created_at) 
                      VALUES ('ce7f9189-462b-4400-917c-9b3e6f30a5b5', 'eeaec4c6-5e78-4593-9674-4973757a88c7', '49e54b55-6e07-407b-9dac-36e93e1f8aa2', 1, 55, 55, '2026-03-19T19:49:00.000Z');
INSERT INTO orders (id, buyer_id, seller_id, total_amount, status, created_at) 
                      VALUES ('dece0b33-49f8-4194-b25e-5fbf793ab09a', '233694a0-da98-4b19-8640-7b99f406554e', 'cdc7b576-3957-4e3f-9e87-6630e4ef1950', 55, 'completed', '2026-03-19T20:28:00.000Z');
INSERT INTO order_items (id, order_id, product_id, quantity, unit_price, subtotal, created_at) 
                      VALUES ('29bec45f-f02b-49bf-9259-abc60796296c', 'dece0b33-49f8-4194-b25e-5fbf793ab09a', '49e54b55-6e07-407b-9dac-36e93e1f8aa2', 1, 55, 55, '2026-03-19T20:28:00.000Z');
INSERT INTO orders (id, buyer_id, seller_id, total_amount, status, created_at) 
                      VALUES ('babcb8f3-7e21-459a-bd32-2cade5bab955', '79768ab4-b021-418b-bf3c-0dd52f857b65', 'cdc7b576-3957-4e3f-9e87-6630e4ef1950', 55, 'completed', '2026-03-19T16:26:00.000Z');
INSERT INTO order_items (id, order_id, product_id, quantity, unit_price, subtotal, created_at) 
                      VALUES ('64f2f1ab-2825-4405-8803-122f609c0cbe', 'babcb8f3-7e21-459a-bd32-2cade5bab955', '49e54b55-6e07-407b-9dac-36e93e1f8aa2', 1, 55, 55, '2026-03-19T16:26:00.000Z');
INSERT INTO orders (id, buyer_id, seller_id, total_amount, status, created_at) 
                      VALUES ('fd52bfd2-1f4d-4aa6-b944-1541b98d3847', '1161fb73-809d-4954-a73a-738a9a1868f7', 'cdc7b576-3957-4e3f-9e87-6630e4ef1950', 55, 'completed', '2026-03-19T19:56:00.000Z');
INSERT INTO order_items (id, order_id, product_id, quantity, unit_price, subtotal, created_at) 
                      VALUES ('863eecbe-cdfd-43fe-b066-b94515754fc3', 'fd52bfd2-1f4d-4aa6-b944-1541b98d3847', '49e54b55-6e07-407b-9dac-36e93e1f8aa2', 1, 55, 55, '2026-03-19T19:56:00.000Z');
INSERT INTO orders (id, buyer_id, seller_id, total_amount, status, created_at) 
                      VALUES ('a754c6e3-c2a8-4174-b91f-9bb848a3f592', '6c8c4ad9-70e8-48cb-9ce8-5d01c349ffcc', 'cdc7b576-3957-4e3f-9e87-6630e4ef1950', 55, 'completed', '2026-03-19T18:15:00.000Z');
INSERT INTO order_items (id, order_id, product_id, quantity, unit_price, subtotal, created_at) 
                      VALUES ('bf518721-ea1b-429d-bfa9-20582cdb855f', 'a754c6e3-c2a8-4174-b91f-9bb848a3f592', '49e54b55-6e07-407b-9dac-36e93e1f8aa2', 1, 55, 55, '2026-03-19T18:15:00.000Z');
INSERT INTO audit_logs (id, action, user_id, description, level, created_at) 
                  VALUES ('adc4339c-27b2-44cb-9ab8-9fdb97ddb341', 'USER_LOGIN', '6adabb60-eed5-4dd0-b80c-41983dd81404', 'Vendedor inició sesión para jornada', 'info', '2026-03-20T14:21:00.000Z');
INSERT INTO daily_sales (id, seller_id, sale_date, total_investment, total_revenue, units_sold, units_lost, total_waste_cost, is_closed) 
                  VALUES ('fd2b30eb-90fa-4dd9-aaf3-c59c8b3123ae', '6adabb60-eed5-4dd0-b80c-41983dd81404', '2026-03-20', 520, 825, 11, 2, 80, true);
INSERT INTO sale_details (id, daily_sale_id, product_id, quantity_prepared, quantity_sold, quantity_lost, unit_cost, unit_price, waste_cost, waste_reason) 
                  VALUES ('248c0836-38c8-4426-b049-2fb1537bf401', 'fd2b30eb-90fa-4dd9-aaf3-c59c8b3123ae', 'cd4cb45a-05bc-4729-bb2a-06d122f369fc', 13, 11, 2, 40, 75, 80, 'expired');
INSERT INTO orders (id, buyer_id, seller_id, total_amount, status, created_at) 
                      VALUES ('b0c16916-fd0e-4581-b0ab-2a0bd4ac9216', '233694a0-da98-4b19-8640-7b99f406554e', '6adabb60-eed5-4dd0-b80c-41983dd81404', 75, 'completed', '2026-03-20T21:54:00.000Z');
INSERT INTO order_items (id, order_id, product_id, quantity, unit_price, subtotal, created_at) 
                      VALUES ('aa168cd5-4f32-4387-b72c-7441a49cfd46', 'b0c16916-fd0e-4581-b0ab-2a0bd4ac9216', 'cd4cb45a-05bc-4729-bb2a-06d122f369fc', 1, 75, 75, '2026-03-20T21:54:00.000Z');
INSERT INTO orders (id, buyer_id, seller_id, total_amount, status, created_at) 
                      VALUES ('670686d2-f277-4db1-ab15-9cbe37ad71bd', 'aa9e3c8c-e997-4408-ac68-6265851f972d', '6adabb60-eed5-4dd0-b80c-41983dd81404', 75, 'completed', '2026-03-20T16:48:00.000Z');
INSERT INTO order_items (id, order_id, product_id, quantity, unit_price, subtotal, created_at) 
                      VALUES ('98684d3a-3479-4b2c-995f-97c58c3c0949', '670686d2-f277-4db1-ab15-9cbe37ad71bd', 'cd4cb45a-05bc-4729-bb2a-06d122f369fc', 1, 75, 75, '2026-03-20T16:48:00.000Z');
INSERT INTO orders (id, buyer_id, seller_id, total_amount, status, created_at) 
                      VALUES ('ecea7c79-950e-454d-ba89-b7febbe55991', 'ac51e939-ec0b-40c3-b3e7-39711b12845a', '6adabb60-eed5-4dd0-b80c-41983dd81404', 75, 'completed', '2026-03-20T20:22:00.000Z');
INSERT INTO order_items (id, order_id, product_id, quantity, unit_price, subtotal, created_at) 
                      VALUES ('ef5f2ddc-9f6a-473f-ba3d-87876d9b7469', 'ecea7c79-950e-454d-ba89-b7febbe55991', 'cd4cb45a-05bc-4729-bb2a-06d122f369fc', 1, 75, 75, '2026-03-20T20:22:00.000Z');
INSERT INTO orders (id, buyer_id, seller_id, total_amount, status, created_at) 
                      VALUES ('881b154f-0c97-4b09-b376-52442be3eea0', '233694a0-da98-4b19-8640-7b99f406554e', '6adabb60-eed5-4dd0-b80c-41983dd81404', 75, 'completed', '2026-03-20T17:20:00.000Z');
INSERT INTO order_items (id, order_id, product_id, quantity, unit_price, subtotal, created_at) 
                      VALUES ('632d6c30-f1b8-4b1a-8218-20aaed0bb312', '881b154f-0c97-4b09-b376-52442be3eea0', 'cd4cb45a-05bc-4729-bb2a-06d122f369fc', 1, 75, 75, '2026-03-20T17:20:00.000Z');
INSERT INTO orders (id, buyer_id, seller_id, total_amount, status, created_at) 
                      VALUES ('4013a154-2763-4686-9ba2-69962eef21d9', 'aa9e3c8c-e997-4408-ac68-6265851f972d', '6adabb60-eed5-4dd0-b80c-41983dd81404', 75, 'completed', '2026-03-20T18:50:00.000Z');
INSERT INTO order_items (id, order_id, product_id, quantity, unit_price, subtotal, created_at) 
                      VALUES ('6221d938-1cf5-46d3-b775-0fc298de4e99', '4013a154-2763-4686-9ba2-69962eef21d9', 'cd4cb45a-05bc-4729-bb2a-06d122f369fc', 1, 75, 75, '2026-03-20T18:50:00.000Z');
INSERT INTO orders (id, buyer_id, seller_id, total_amount, status, created_at) 
                      VALUES ('32419604-2346-4b04-9388-05fd379403f8', '79768ab4-b021-418b-bf3c-0dd52f857b65', '6adabb60-eed5-4dd0-b80c-41983dd81404', 75, 'completed', '2026-03-20T17:47:00.000Z');
INSERT INTO order_items (id, order_id, product_id, quantity, unit_price, subtotal, created_at) 
                      VALUES ('826b4008-ce0d-45fe-8157-d6699a289aa6', '32419604-2346-4b04-9388-05fd379403f8', 'cd4cb45a-05bc-4729-bb2a-06d122f369fc', 1, 75, 75, '2026-03-20T17:47:00.000Z');
INSERT INTO orders (id, buyer_id, seller_id, total_amount, status, created_at) 
                      VALUES ('a55f005d-29b0-4c4f-8a2d-5b576e3a111e', '233694a0-da98-4b19-8640-7b99f406554e', '6adabb60-eed5-4dd0-b80c-41983dd81404', 75, 'completed', '2026-03-20T21:23:00.000Z');
INSERT INTO order_items (id, order_id, product_id, quantity, unit_price, subtotal, created_at) 
                      VALUES ('515ac721-fcaf-4f18-a34d-c2c3dbffd36c', 'a55f005d-29b0-4c4f-8a2d-5b576e3a111e', 'cd4cb45a-05bc-4729-bb2a-06d122f369fc', 1, 75, 75, '2026-03-20T21:23:00.000Z');
INSERT INTO orders (id, buyer_id, seller_id, total_amount, status, created_at) 
                      VALUES ('bf804c8f-dd6c-479c-9dba-c7843d534fdb', '1161fb73-809d-4954-a73a-738a9a1868f7', '6adabb60-eed5-4dd0-b80c-41983dd81404', 75, 'completed', '2026-03-20T17:11:00.000Z');
INSERT INTO order_items (id, order_id, product_id, quantity, unit_price, subtotal, created_at) 
                      VALUES ('5df3e7d2-7480-413d-9824-88d435970fd5', 'bf804c8f-dd6c-479c-9dba-c7843d534fdb', 'cd4cb45a-05bc-4729-bb2a-06d122f369fc', 1, 75, 75, '2026-03-20T17:11:00.000Z');
INSERT INTO orders (id, buyer_id, seller_id, total_amount, status, created_at) 
                      VALUES ('8a40138f-9696-4846-a6af-ffbc462cde62', '1161fb73-809d-4954-a73a-738a9a1868f7', '6adabb60-eed5-4dd0-b80c-41983dd81404', 75, 'completed', '2026-03-20T17:17:00.000Z');
INSERT INTO order_items (id, order_id, product_id, quantity, unit_price, subtotal, created_at) 
                      VALUES ('038dfacc-e6f6-4efd-862c-ba45d53d0c7d', '8a40138f-9696-4846-a6af-ffbc462cde62', 'cd4cb45a-05bc-4729-bb2a-06d122f369fc', 1, 75, 75, '2026-03-20T17:17:00.000Z');
INSERT INTO orders (id, buyer_id, seller_id, total_amount, status, created_at) 
                      VALUES ('5a87368e-a68b-444a-a74b-7820315403ad', '6c8c4ad9-70e8-48cb-9ce8-5d01c349ffcc', '6adabb60-eed5-4dd0-b80c-41983dd81404', 75, 'completed', '2026-03-20T18:11:00.000Z');
INSERT INTO order_items (id, order_id, product_id, quantity, unit_price, subtotal, created_at) 
                      VALUES ('bf4be396-9367-4d81-8bc1-7d9cac03ccdb', '5a87368e-a68b-444a-a74b-7820315403ad', 'cd4cb45a-05bc-4729-bb2a-06d122f369fc', 1, 75, 75, '2026-03-20T18:11:00.000Z');
INSERT INTO orders (id, buyer_id, seller_id, total_amount, status, created_at) 
                      VALUES ('94e58126-d638-442a-9087-cadad7957f2b', 'ac51e939-ec0b-40c3-b3e7-39711b12845a', '6adabb60-eed5-4dd0-b80c-41983dd81404', 75, 'completed', '2026-03-20T16:10:00.000Z');
INSERT INTO order_items (id, order_id, product_id, quantity, unit_price, subtotal, created_at) 
                      VALUES ('5bac5bc8-0bc9-4f8d-87a9-56f5b55230bd', '94e58126-d638-442a-9087-cadad7957f2b', 'cd4cb45a-05bc-4729-bb2a-06d122f369fc', 1, 75, 75, '2026-03-20T16:10:00.000Z');
INSERT INTO audit_logs (id, action, user_id, description, level, created_at) 
                  VALUES ('3986bebc-9933-447a-b420-ab6465c06ea6', 'USER_LOGIN', '5f552e5d-c288-453c-a685-b287e1c0c64a', 'Vendedor inició sesión para jornada', 'info', '2026-03-20T14:00:00.000Z');
INSERT INTO daily_sales (id, seller_id, sale_date, total_investment, total_revenue, units_sold, units_lost, total_waste_cost, is_closed) 
                  VALUES ('a6df180e-88d5-4a8e-a0c5-7a8776ab3f17', '5f552e5d-c288-453c-a685-b287e1c0c64a', '2026-03-20', 200, 360, 8, 2, 40, true);
INSERT INTO sale_details (id, daily_sale_id, product_id, quantity_prepared, quantity_sold, quantity_lost, unit_cost, unit_price, waste_cost, waste_reason) 
                  VALUES ('57ddbd09-2089-4589-9d37-fdb7758edc6b', 'a6df180e-88d5-4a8e-a0c5-7a8776ab3f17', '90ccc3f8-627a-4af7-aab2-9c7967c2f50d', 10, 8, 2, 20, 45, 40, 'expired');
INSERT INTO orders (id, buyer_id, seller_id, total_amount, status, created_at) 
                      VALUES ('65c71bc2-7f88-4923-9cab-8b45a351503f', 'b03c172d-3388-458c-8054-b6ad7db24e27', '5f552e5d-c288-453c-a685-b287e1c0c64a', 45, 'completed', '2026-03-20T17:15:00.000Z');
INSERT INTO order_items (id, order_id, product_id, quantity, unit_price, subtotal, created_at) 
                      VALUES ('694b1e75-70cb-46af-83ba-2cd74efa1932', '65c71bc2-7f88-4923-9cab-8b45a351503f', '90ccc3f8-627a-4af7-aab2-9c7967c2f50d', 1, 45, 45, '2026-03-20T17:15:00.000Z');
INSERT INTO orders (id, buyer_id, seller_id, total_amount, status, created_at) 
                      VALUES ('bf4c76ec-ea6e-472f-bba2-ebea8e082cd5', '233694a0-da98-4b19-8640-7b99f406554e', '5f552e5d-c288-453c-a685-b287e1c0c64a', 45, 'completed', '2026-03-20T17:58:00.000Z');
INSERT INTO order_items (id, order_id, product_id, quantity, unit_price, subtotal, created_at) 
                      VALUES ('74381e1d-0bcd-495a-95da-8735aa4a9ecc', 'bf4c76ec-ea6e-472f-bba2-ebea8e082cd5', '90ccc3f8-627a-4af7-aab2-9c7967c2f50d', 1, 45, 45, '2026-03-20T17:58:00.000Z');
INSERT INTO orders (id, buyer_id, seller_id, total_amount, status, created_at) 
                      VALUES ('3cdb4391-7c5a-4142-86a6-8fc149bdd516', '6c8c4ad9-70e8-48cb-9ce8-5d01c349ffcc', '5f552e5d-c288-453c-a685-b287e1c0c64a', 45, 'completed', '2026-03-20T20:58:00.000Z');
INSERT INTO order_items (id, order_id, product_id, quantity, unit_price, subtotal, created_at) 
                      VALUES ('54922a6a-5df7-4c3e-87eb-62b18c8d25a7', '3cdb4391-7c5a-4142-86a6-8fc149bdd516', '90ccc3f8-627a-4af7-aab2-9c7967c2f50d', 1, 45, 45, '2026-03-20T20:58:00.000Z');
INSERT INTO orders (id, buyer_id, seller_id, total_amount, status, created_at) 
                      VALUES ('6a0d1b64-16d1-4a0d-b7f3-ba7409ef1946', '79768ab4-b021-418b-bf3c-0dd52f857b65', '5f552e5d-c288-453c-a685-b287e1c0c64a', 45, 'completed', '2026-03-20T17:47:00.000Z');
INSERT INTO order_items (id, order_id, product_id, quantity, unit_price, subtotal, created_at) 
                      VALUES ('ccfed09b-84a9-4f5f-aca5-8eb1479c7f79', '6a0d1b64-16d1-4a0d-b7f3-ba7409ef1946', '90ccc3f8-627a-4af7-aab2-9c7967c2f50d', 1, 45, 45, '2026-03-20T17:47:00.000Z');
INSERT INTO orders (id, buyer_id, seller_id, total_amount, status, created_at) 
                      VALUES ('021ddff9-e3d1-44b9-8568-622bb401550b', 'ac51e939-ec0b-40c3-b3e7-39711b12845a', '5f552e5d-c288-453c-a685-b287e1c0c64a', 45, 'completed', '2026-03-20T17:10:00.000Z');
INSERT INTO order_items (id, order_id, product_id, quantity, unit_price, subtotal, created_at) 
                      VALUES ('596a93fe-c7a1-4195-b5b7-5b80c94695a3', '021ddff9-e3d1-44b9-8568-622bb401550b', '90ccc3f8-627a-4af7-aab2-9c7967c2f50d', 1, 45, 45, '2026-03-20T17:10:00.000Z');
INSERT INTO orders (id, buyer_id, seller_id, total_amount, status, created_at) 
                      VALUES ('57fb3b70-04be-4bbf-80e2-bfc0f418421d', 'ac51e939-ec0b-40c3-b3e7-39711b12845a', '5f552e5d-c288-453c-a685-b287e1c0c64a', 45, 'completed', '2026-03-20T19:13:00.000Z');
INSERT INTO order_items (id, order_id, product_id, quantity, unit_price, subtotal, created_at) 
                      VALUES ('a30541bd-5420-4f2e-80bf-cc6eed9f4b9a', '57fb3b70-04be-4bbf-80e2-bfc0f418421d', '90ccc3f8-627a-4af7-aab2-9c7967c2f50d', 1, 45, 45, '2026-03-20T19:13:00.000Z');
INSERT INTO orders (id, buyer_id, seller_id, total_amount, status, created_at) 
                      VALUES ('3e8a7c66-1841-451b-a65f-5dea76031313', 'ac51e939-ec0b-40c3-b3e7-39711b12845a', '5f552e5d-c288-453c-a685-b287e1c0c64a', 45, 'completed', '2026-03-20T20:07:00.000Z');
INSERT INTO order_items (id, order_id, product_id, quantity, unit_price, subtotal, created_at) 
                      VALUES ('868e60ba-2683-4d84-bdff-9d9b15f362f0', '3e8a7c66-1841-451b-a65f-5dea76031313', '90ccc3f8-627a-4af7-aab2-9c7967c2f50d', 1, 45, 45, '2026-03-20T20:07:00.000Z');
INSERT INTO orders (id, buyer_id, seller_id, total_amount, status, created_at) 
                      VALUES ('06c00b74-5cbd-4231-a990-9ea9123cecee', 'b03c172d-3388-458c-8054-b6ad7db24e27', '5f552e5d-c288-453c-a685-b287e1c0c64a', 45, 'completed', '2026-03-20T20:36:00.000Z');
INSERT INTO order_items (id, order_id, product_id, quantity, unit_price, subtotal, created_at) 
                      VALUES ('508b4106-1db7-4681-a07c-d97dc3f2a02c', '06c00b74-5cbd-4231-a990-9ea9123cecee', '90ccc3f8-627a-4af7-aab2-9c7967c2f50d', 1, 45, 45, '2026-03-20T20:36:00.000Z');
INSERT INTO audit_logs (id, action, user_id, description, level, created_at) 
                  VALUES ('2698c488-1957-4b68-9adb-a64aae5b2d92', 'USER_LOGIN', '522afd0e-5b6f-4f57-be80-46fd79ba12db', 'Vendedor inició sesión para jornada', 'info', '2026-03-20T14:27:00.000Z');
INSERT INTO daily_sales (id, seller_id, sale_date, total_investment, total_revenue, units_sold, units_lost, total_waste_cost, is_closed) 
                  VALUES ('c17d4328-d6ae-46c4-b98f-148cc5497413', '522afd0e-5b6f-4f57-be80-46fd79ba12db', '2026-03-20', 132, 300, 10, 1, 12, true);
INSERT INTO sale_details (id, daily_sale_id, product_id, quantity_prepared, quantity_sold, quantity_lost, unit_cost, unit_price, waste_cost, waste_reason) 
                  VALUES ('424f2e64-8d49-4d21-82d4-861d4728eb28', 'c17d4328-d6ae-46c4-b98f-148cc5497413', 'c865d401-6592-418d-98d5-1aa633799680', 11, 10, 1, 12, 30, 12, 'expired');
INSERT INTO orders (id, buyer_id, seller_id, total_amount, status, created_at) 
                      VALUES ('81dd462b-dda9-4044-b862-a3d81aadf89a', '79768ab4-b021-418b-bf3c-0dd52f857b65', '522afd0e-5b6f-4f57-be80-46fd79ba12db', 30, 'completed', '2026-03-20T19:09:00.000Z');
INSERT INTO order_items (id, order_id, product_id, quantity, unit_price, subtotal, created_at) 
                      VALUES ('62393b7b-b776-406a-b507-d0a6e1589afb', '81dd462b-dda9-4044-b862-a3d81aadf89a', 'c865d401-6592-418d-98d5-1aa633799680', 1, 30, 30, '2026-03-20T19:09:00.000Z');
INSERT INTO orders (id, buyer_id, seller_id, total_amount, status, created_at) 
                      VALUES ('a69b97cb-2c95-4f11-9b9e-f68d61e3482f', '1161fb73-809d-4954-a73a-738a9a1868f7', '522afd0e-5b6f-4f57-be80-46fd79ba12db', 30, 'completed', '2026-03-20T21:28:00.000Z');
INSERT INTO order_items (id, order_id, product_id, quantity, unit_price, subtotal, created_at) 
                      VALUES ('81fa4cdc-86cf-4de4-a138-106695e159da', 'a69b97cb-2c95-4f11-9b9e-f68d61e3482f', 'c865d401-6592-418d-98d5-1aa633799680', 1, 30, 30, '2026-03-20T21:28:00.000Z');
INSERT INTO orders (id, buyer_id, seller_id, total_amount, status, created_at) 
                      VALUES ('a954719b-084b-4bc0-b812-b9e9d89bf920', '1161fb73-809d-4954-a73a-738a9a1868f7', '522afd0e-5b6f-4f57-be80-46fd79ba12db', 30, 'completed', '2026-03-20T16:42:00.000Z');
INSERT INTO order_items (id, order_id, product_id, quantity, unit_price, subtotal, created_at) 
                      VALUES ('ce56544d-7a62-46d2-a5e6-b93c590f369f', 'a954719b-084b-4bc0-b812-b9e9d89bf920', 'c865d401-6592-418d-98d5-1aa633799680', 1, 30, 30, '2026-03-20T16:42:00.000Z');
INSERT INTO orders (id, buyer_id, seller_id, total_amount, status, created_at) 
                      VALUES ('3600ee15-e89e-476b-8b6e-0896728f058e', '1161fb73-809d-4954-a73a-738a9a1868f7', '522afd0e-5b6f-4f57-be80-46fd79ba12db', 30, 'completed', '2026-03-20T18:27:00.000Z');
INSERT INTO order_items (id, order_id, product_id, quantity, unit_price, subtotal, created_at) 
                      VALUES ('0887457e-ef6d-4a5d-993e-558461303933', '3600ee15-e89e-476b-8b6e-0896728f058e', 'c865d401-6592-418d-98d5-1aa633799680', 1, 30, 30, '2026-03-20T18:27:00.000Z');
INSERT INTO orders (id, buyer_id, seller_id, total_amount, status, created_at) 
                      VALUES ('86edcff7-3d3c-40cf-955a-b521bac7c40f', '233694a0-da98-4b19-8640-7b99f406554e', '522afd0e-5b6f-4f57-be80-46fd79ba12db', 30, 'completed', '2026-03-20T20:45:00.000Z');
INSERT INTO order_items (id, order_id, product_id, quantity, unit_price, subtotal, created_at) 
                      VALUES ('a8e31ca3-610e-48ad-abf3-502efccc9f23', '86edcff7-3d3c-40cf-955a-b521bac7c40f', 'c865d401-6592-418d-98d5-1aa633799680', 1, 30, 30, '2026-03-20T20:45:00.000Z');
INSERT INTO orders (id, buyer_id, seller_id, total_amount, status, created_at) 
                      VALUES ('a2448f5f-0941-4803-811c-faf181106ba1', 'b03c172d-3388-458c-8054-b6ad7db24e27', '522afd0e-5b6f-4f57-be80-46fd79ba12db', 30, 'completed', '2026-03-20T17:05:00.000Z');
INSERT INTO order_items (id, order_id, product_id, quantity, unit_price, subtotal, created_at) 
                      VALUES ('924ffcea-313f-45a9-ad9b-2c44b7d3d3e7', 'a2448f5f-0941-4803-811c-faf181106ba1', 'c865d401-6592-418d-98d5-1aa633799680', 1, 30, 30, '2026-03-20T17:05:00.000Z');
INSERT INTO orders (id, buyer_id, seller_id, total_amount, status, created_at) 
                      VALUES ('0995a5f0-87c5-4c1e-ae11-05cb45420ac7', 'ac51e939-ec0b-40c3-b3e7-39711b12845a', '522afd0e-5b6f-4f57-be80-46fd79ba12db', 30, 'completed', '2026-03-20T20:02:00.000Z');
INSERT INTO order_items (id, order_id, product_id, quantity, unit_price, subtotal, created_at) 
                      VALUES ('3716cd93-ec52-49e0-9154-5c0cb3fcbd7c', '0995a5f0-87c5-4c1e-ae11-05cb45420ac7', 'c865d401-6592-418d-98d5-1aa633799680', 1, 30, 30, '2026-03-20T20:02:00.000Z');
INSERT INTO orders (id, buyer_id, seller_id, total_amount, status, created_at) 
                      VALUES ('4b3f2e0d-ce5d-4085-a288-9bd5141967b3', '6c8c4ad9-70e8-48cb-9ce8-5d01c349ffcc', '522afd0e-5b6f-4f57-be80-46fd79ba12db', 30, 'completed', '2026-03-20T19:06:00.000Z');
INSERT INTO order_items (id, order_id, product_id, quantity, unit_price, subtotal, created_at) 
                      VALUES ('81b4ea8b-0b54-4048-9b7e-8bb6595c6650', '4b3f2e0d-ce5d-4085-a288-9bd5141967b3', 'c865d401-6592-418d-98d5-1aa633799680', 1, 30, 30, '2026-03-20T19:06:00.000Z');
INSERT INTO orders (id, buyer_id, seller_id, total_amount, status, created_at) 
                      VALUES ('39212b75-ef97-474b-9a79-a20a4e31eed7', 'b03c172d-3388-458c-8054-b6ad7db24e27', '522afd0e-5b6f-4f57-be80-46fd79ba12db', 30, 'completed', '2026-03-20T21:54:00.000Z');
INSERT INTO order_items (id, order_id, product_id, quantity, unit_price, subtotal, created_at) 
                      VALUES ('0b57ed2c-c24e-4c2a-ad38-e342e941c862', '39212b75-ef97-474b-9a79-a20a4e31eed7', 'c865d401-6592-418d-98d5-1aa633799680', 1, 30, 30, '2026-03-20T21:54:00.000Z');
INSERT INTO orders (id, buyer_id, seller_id, total_amount, status, created_at) 
                      VALUES ('c3e8e4ad-c82d-494e-b2b7-6642083850d3', '1161fb73-809d-4954-a73a-738a9a1868f7', '522afd0e-5b6f-4f57-be80-46fd79ba12db', 30, 'completed', '2026-03-20T18:14:00.000Z');
INSERT INTO order_items (id, order_id, product_id, quantity, unit_price, subtotal, created_at) 
                      VALUES ('a4d826af-9826-4baf-ad21-a5dd0355aebc', 'c3e8e4ad-c82d-494e-b2b7-6642083850d3', 'c865d401-6592-418d-98d5-1aa633799680', 1, 30, 30, '2026-03-20T18:14:00.000Z');
INSERT INTO audit_logs (id, action, user_id, description, level, created_at) 
                  VALUES ('5739b07e-2fdf-444d-acd1-a0c7bde30edd', 'USER_LOGIN', 'da273443-bae3-4781-ae4e-819d0c9d56a6', 'Vendedor inició sesión para jornada', 'info', '2026-03-20T14:09:00.000Z');
INSERT INTO daily_sales (id, seller_id, sale_date, total_investment, total_revenue, units_sold, units_lost, total_waste_cost, is_closed) 
                  VALUES ('1bdc51e6-5cef-4fad-84ec-0162ac5a97b9', 'da273443-bae3-4781-ae4e-819d0c9d56a6', '2026-03-20', 80, 200, 8, 2, 16, true);
INSERT INTO sale_details (id, daily_sale_id, product_id, quantity_prepared, quantity_sold, quantity_lost, unit_cost, unit_price, waste_cost, waste_reason) 
                  VALUES ('25791596-989f-4537-aeec-abf77f8d0472', '1bdc51e6-5cef-4fad-84ec-0162ac5a97b9', 'ea84c406-f235-4e9c-b061-71ed9401e63b', 10, 8, 2, 8, 25, 16, 'expired');
INSERT INTO orders (id, buyer_id, seller_id, total_amount, status, created_at) 
                      VALUES ('b9e57518-2a8f-45e2-a37f-32e52f31b277', '79768ab4-b021-418b-bf3c-0dd52f857b65', 'da273443-bae3-4781-ae4e-819d0c9d56a6', 25, 'completed', '2026-03-20T19:43:00.000Z');
INSERT INTO order_items (id, order_id, product_id, quantity, unit_price, subtotal, created_at) 
                      VALUES ('d9566ab4-3c9a-4802-9756-8b864cd5c5e6', 'b9e57518-2a8f-45e2-a37f-32e52f31b277', 'ea84c406-f235-4e9c-b061-71ed9401e63b', 1, 25, 25, '2026-03-20T19:43:00.000Z');
INSERT INTO orders (id, buyer_id, seller_id, total_amount, status, created_at) 
                      VALUES ('8315a657-36c5-43ad-8e1e-2317357591ae', '6c8c4ad9-70e8-48cb-9ce8-5d01c349ffcc', 'da273443-bae3-4781-ae4e-819d0c9d56a6', 25, 'completed', '2026-03-20T19:49:00.000Z');
INSERT INTO order_items (id, order_id, product_id, quantity, unit_price, subtotal, created_at) 
                      VALUES ('8440bdc1-ca78-4301-a11f-2a9bc3f68a2f', '8315a657-36c5-43ad-8e1e-2317357591ae', 'ea84c406-f235-4e9c-b061-71ed9401e63b', 1, 25, 25, '2026-03-20T19:49:00.000Z');
INSERT INTO orders (id, buyer_id, seller_id, total_amount, status, created_at) 
                      VALUES ('4223c435-72a3-4deb-a24e-63047ad3c75e', 'aa9e3c8c-e997-4408-ac68-6265851f972d', 'da273443-bae3-4781-ae4e-819d0c9d56a6', 25, 'completed', '2026-03-20T19:45:00.000Z');
INSERT INTO order_items (id, order_id, product_id, quantity, unit_price, subtotal, created_at) 
                      VALUES ('3d194396-bc6a-4c5a-9e95-c1ede096ebd3', '4223c435-72a3-4deb-a24e-63047ad3c75e', 'ea84c406-f235-4e9c-b061-71ed9401e63b', 1, 25, 25, '2026-03-20T19:45:00.000Z');
INSERT INTO orders (id, buyer_id, seller_id, total_amount, status, created_at) 
                      VALUES ('9f98d45a-cce1-423e-97a4-c072d5a1b0c9', '233694a0-da98-4b19-8640-7b99f406554e', 'da273443-bae3-4781-ae4e-819d0c9d56a6', 25, 'completed', '2026-03-20T18:34:00.000Z');
INSERT INTO order_items (id, order_id, product_id, quantity, unit_price, subtotal, created_at) 
                      VALUES ('031c5a6a-2f8d-4a6a-8b8a-bf06ec199402', '9f98d45a-cce1-423e-97a4-c072d5a1b0c9', 'ea84c406-f235-4e9c-b061-71ed9401e63b', 1, 25, 25, '2026-03-20T18:34:00.000Z');
INSERT INTO orders (id, buyer_id, seller_id, total_amount, status, created_at) 
                      VALUES ('3b16b73a-cc7c-4708-b246-8a6865e3cc35', '1161fb73-809d-4954-a73a-738a9a1868f7', 'da273443-bae3-4781-ae4e-819d0c9d56a6', 25, 'completed', '2026-03-20T18:07:00.000Z');
INSERT INTO order_items (id, order_id, product_id, quantity, unit_price, subtotal, created_at) 
                      VALUES ('7779aed5-f4f3-40b0-8490-fff228e82f6f', '3b16b73a-cc7c-4708-b246-8a6865e3cc35', 'ea84c406-f235-4e9c-b061-71ed9401e63b', 1, 25, 25, '2026-03-20T18:07:00.000Z');
INSERT INTO orders (id, buyer_id, seller_id, total_amount, status, created_at) 
                      VALUES ('4e8f3c11-b671-40fa-b165-026ed281d49f', '6c8c4ad9-70e8-48cb-9ce8-5d01c349ffcc', 'da273443-bae3-4781-ae4e-819d0c9d56a6', 25, 'completed', '2026-03-20T18:06:00.000Z');
INSERT INTO order_items (id, order_id, product_id, quantity, unit_price, subtotal, created_at) 
                      VALUES ('57e667d7-7041-4fd8-96ce-fc1967f71d1f', '4e8f3c11-b671-40fa-b165-026ed281d49f', 'ea84c406-f235-4e9c-b061-71ed9401e63b', 1, 25, 25, '2026-03-20T18:06:00.000Z');
INSERT INTO orders (id, buyer_id, seller_id, total_amount, status, created_at) 
                      VALUES ('0d15f214-8344-425b-95b4-8e8ba88058df', 'b03c172d-3388-458c-8054-b6ad7db24e27', 'da273443-bae3-4781-ae4e-819d0c9d56a6', 25, 'completed', '2026-03-20T19:04:00.000Z');
INSERT INTO order_items (id, order_id, product_id, quantity, unit_price, subtotal, created_at) 
                      VALUES ('132e0566-ee0a-4fe7-aeca-626249a250d3', '0d15f214-8344-425b-95b4-8e8ba88058df', 'ea84c406-f235-4e9c-b061-71ed9401e63b', 1, 25, 25, '2026-03-20T19:04:00.000Z');
INSERT INTO orders (id, buyer_id, seller_id, total_amount, status, created_at) 
                      VALUES ('ddde0ac2-ffb9-49aa-84b3-acc791ba7774', '79768ab4-b021-418b-bf3c-0dd52f857b65', 'da273443-bae3-4781-ae4e-819d0c9d56a6', 25, 'completed', '2026-03-20T20:44:00.000Z');
INSERT INTO order_items (id, order_id, product_id, quantity, unit_price, subtotal, created_at) 
                      VALUES ('471d3e66-6e39-4081-82f0-450823e47657', 'ddde0ac2-ffb9-49aa-84b3-acc791ba7774', 'ea84c406-f235-4e9c-b061-71ed9401e63b', 1, 25, 25, '2026-03-20T20:44:00.000Z');
INSERT INTO audit_logs (id, action, user_id, description, level, created_at) 
                  VALUES ('baa9a448-3e6c-4f9b-82bf-fd67ba0d63f7', 'USER_LOGIN', 'cdc7b576-3957-4e3f-9e87-6630e4ef1950', 'Vendedor inició sesión para jornada', 'info', '2026-03-20T14:16:00.000Z');
INSERT INTO daily_sales (id, seller_id, sale_date, total_investment, total_revenue, units_sold, units_lost, total_waste_cost, is_closed) 
                  VALUES ('b6f52b9a-6bf9-4d13-bb21-ab8074a48fc9', 'cdc7b576-3957-4e3f-9e87-6630e4ef1950', '2026-03-20', 250, 440, 8, 2, 50, true);
INSERT INTO sale_details (id, daily_sale_id, product_id, quantity_prepared, quantity_sold, quantity_lost, unit_cost, unit_price, waste_cost, waste_reason) 
                  VALUES ('ebc8bc61-41e6-4b7a-a293-05dc7a51a8cc', 'b6f52b9a-6bf9-4d13-bb21-ab8074a48fc9', '49e54b55-6e07-407b-9dac-36e93e1f8aa2', 10, 8, 2, 25, 55, 50, 'expired');
INSERT INTO orders (id, buyer_id, seller_id, total_amount, status, created_at) 
                      VALUES ('642ffe9f-2915-4004-bd34-6d4e42182e8a', '1161fb73-809d-4954-a73a-738a9a1868f7', 'cdc7b576-3957-4e3f-9e87-6630e4ef1950', 55, 'completed', '2026-03-20T18:59:00.000Z');
INSERT INTO order_items (id, order_id, product_id, quantity, unit_price, subtotal, created_at) 
                      VALUES ('0af8105c-4632-4a0d-b826-da55aaefeb7d', '642ffe9f-2915-4004-bd34-6d4e42182e8a', '49e54b55-6e07-407b-9dac-36e93e1f8aa2', 1, 55, 55, '2026-03-20T18:59:00.000Z');
INSERT INTO orders (id, buyer_id, seller_id, total_amount, status, created_at) 
                      VALUES ('ef14ab4c-eb39-4252-9342-8290ab93d835', '79768ab4-b021-418b-bf3c-0dd52f857b65', 'cdc7b576-3957-4e3f-9e87-6630e4ef1950', 55, 'completed', '2026-03-20T18:43:00.000Z');
INSERT INTO order_items (id, order_id, product_id, quantity, unit_price, subtotal, created_at) 
                      VALUES ('77b5c7a0-084c-4439-a4b6-6dbbb7cdc765', 'ef14ab4c-eb39-4252-9342-8290ab93d835', '49e54b55-6e07-407b-9dac-36e93e1f8aa2', 1, 55, 55, '2026-03-20T18:43:00.000Z');
INSERT INTO orders (id, buyer_id, seller_id, total_amount, status, created_at) 
                      VALUES ('55e4335d-06fd-4243-b516-02ea75620c3d', '79768ab4-b021-418b-bf3c-0dd52f857b65', 'cdc7b576-3957-4e3f-9e87-6630e4ef1950', 55, 'completed', '2026-03-20T16:07:00.000Z');
INSERT INTO order_items (id, order_id, product_id, quantity, unit_price, subtotal, created_at) 
                      VALUES ('5914362f-36ef-474e-b67d-1b7583228563', '55e4335d-06fd-4243-b516-02ea75620c3d', '49e54b55-6e07-407b-9dac-36e93e1f8aa2', 1, 55, 55, '2026-03-20T16:07:00.000Z');
INSERT INTO orders (id, buyer_id, seller_id, total_amount, status, created_at) 
                      VALUES ('59f08cc5-18e3-4d4b-be80-9fe77cbcaef8', '6c8c4ad9-70e8-48cb-9ce8-5d01c349ffcc', 'cdc7b576-3957-4e3f-9e87-6630e4ef1950', 55, 'completed', '2026-03-20T17:03:00.000Z');
INSERT INTO order_items (id, order_id, product_id, quantity, unit_price, subtotal, created_at) 
                      VALUES ('9888af43-2a93-4f18-a495-525ac8825715', '59f08cc5-18e3-4d4b-be80-9fe77cbcaef8', '49e54b55-6e07-407b-9dac-36e93e1f8aa2', 1, 55, 55, '2026-03-20T17:03:00.000Z');
INSERT INTO orders (id, buyer_id, seller_id, total_amount, status, created_at) 
                      VALUES ('07719e0a-84fd-4285-82be-5e6a340f2026', 'b03c172d-3388-458c-8054-b6ad7db24e27', 'cdc7b576-3957-4e3f-9e87-6630e4ef1950', 55, 'completed', '2026-03-20T17:39:00.000Z');
INSERT INTO order_items (id, order_id, product_id, quantity, unit_price, subtotal, created_at) 
                      VALUES ('9a071005-819c-4e34-ab2d-ed74132e699b', '07719e0a-84fd-4285-82be-5e6a340f2026', '49e54b55-6e07-407b-9dac-36e93e1f8aa2', 1, 55, 55, '2026-03-20T17:39:00.000Z');
INSERT INTO orders (id, buyer_id, seller_id, total_amount, status, created_at) 
                      VALUES ('0171d6b4-8f7e-46ac-8b68-1bda2db02f97', '233694a0-da98-4b19-8640-7b99f406554e', 'cdc7b576-3957-4e3f-9e87-6630e4ef1950', 55, 'completed', '2026-03-20T20:52:00.000Z');
INSERT INTO order_items (id, order_id, product_id, quantity, unit_price, subtotal, created_at) 
                      VALUES ('282fdb10-9702-4397-b9b5-c9d3f097a9d0', '0171d6b4-8f7e-46ac-8b68-1bda2db02f97', '49e54b55-6e07-407b-9dac-36e93e1f8aa2', 1, 55, 55, '2026-03-20T20:52:00.000Z');
INSERT INTO orders (id, buyer_id, seller_id, total_amount, status, created_at) 
                      VALUES ('e70689d2-170f-40fc-bcf1-a69bf70b2fa6', '233694a0-da98-4b19-8640-7b99f406554e', 'cdc7b576-3957-4e3f-9e87-6630e4ef1950', 55, 'completed', '2026-03-20T20:48:00.000Z');
INSERT INTO order_items (id, order_id, product_id, quantity, unit_price, subtotal, created_at) 
                      VALUES ('67720cdd-b384-4556-8265-329ece58bdc6', 'e70689d2-170f-40fc-bcf1-a69bf70b2fa6', '49e54b55-6e07-407b-9dac-36e93e1f8aa2', 1, 55, 55, '2026-03-20T20:48:00.000Z');
INSERT INTO orders (id, buyer_id, seller_id, total_amount, status, created_at) 
                      VALUES ('c56236e8-efad-497e-8486-70192a38f0ce', 'ac51e939-ec0b-40c3-b3e7-39711b12845a', 'cdc7b576-3957-4e3f-9e87-6630e4ef1950', 55, 'completed', '2026-03-20T20:49:00.000Z');
INSERT INTO order_items (id, order_id, product_id, quantity, unit_price, subtotal, created_at) 
                      VALUES ('99e48e89-6192-4ac0-9631-311d2e5f4b72', 'c56236e8-efad-497e-8486-70192a38f0ce', '49e54b55-6e07-407b-9dac-36e93e1f8aa2', 1, 55, 55, '2026-03-20T20:49:00.000Z');
INSERT INTO audit_logs (id, action, user_id, description, level, created_at) 
                  VALUES ('7f9562f9-6ff6-4622-be6a-6292c41e098e', 'USER_LOGIN', '6adabb60-eed5-4dd0-b80c-41983dd81404', 'Vendedor inició sesión para jornada', 'info', '2026-03-21T14:24:00.000Z');
INSERT INTO daily_sales (id, seller_id, sale_date, total_investment, total_revenue, units_sold, units_lost, total_waste_cost, is_closed) 
                  VALUES ('79694bd8-06ed-45d0-8bab-92208c8380c7', '6adabb60-eed5-4dd0-b80c-41983dd81404', '2026-03-21', 480, 825, 11, 1, 40, true);
INSERT INTO sale_details (id, daily_sale_id, product_id, quantity_prepared, quantity_sold, quantity_lost, unit_cost, unit_price, waste_cost, waste_reason) 
                  VALUES ('c78d55a1-aedb-45a9-93a4-1b07e0272352', '79694bd8-06ed-45d0-8bab-92208c8380c7', 'cd4cb45a-05bc-4729-bb2a-06d122f369fc', 12, 11, 1, 40, 75, 40, 'expired');
INSERT INTO orders (id, buyer_id, seller_id, total_amount, status, created_at) 
                      VALUES ('36a5fd79-7710-4221-be73-900eba891ffa', '1161fb73-809d-4954-a73a-738a9a1868f7', '6adabb60-eed5-4dd0-b80c-41983dd81404', 75, 'completed', '2026-03-21T16:24:00.000Z');
INSERT INTO order_items (id, order_id, product_id, quantity, unit_price, subtotal, created_at) 
                      VALUES ('f7d67ac2-4acf-4668-8df2-83f24269850f', '36a5fd79-7710-4221-be73-900eba891ffa', 'cd4cb45a-05bc-4729-bb2a-06d122f369fc', 1, 75, 75, '2026-03-21T16:24:00.000Z');
INSERT INTO orders (id, buyer_id, seller_id, total_amount, status, created_at) 
                      VALUES ('9c6a6470-d8dc-47df-992d-08298e5529e4', '233694a0-da98-4b19-8640-7b99f406554e', '6adabb60-eed5-4dd0-b80c-41983dd81404', 75, 'completed', '2026-03-21T19:14:00.000Z');
INSERT INTO order_items (id, order_id, product_id, quantity, unit_price, subtotal, created_at) 
                      VALUES ('6c2ba453-7de4-4947-a641-8afc4bdbee2c', '9c6a6470-d8dc-47df-992d-08298e5529e4', 'cd4cb45a-05bc-4729-bb2a-06d122f369fc', 1, 75, 75, '2026-03-21T19:14:00.000Z');
INSERT INTO orders (id, buyer_id, seller_id, total_amount, status, created_at) 
                      VALUES ('dde111f7-b232-4fae-9768-5128aa620590', '1161fb73-809d-4954-a73a-738a9a1868f7', '6adabb60-eed5-4dd0-b80c-41983dd81404', 75, 'completed', '2026-03-21T18:26:00.000Z');
INSERT INTO order_items (id, order_id, product_id, quantity, unit_price, subtotal, created_at) 
                      VALUES ('83a3c5f8-162b-4c49-a967-0824b15d81da', 'dde111f7-b232-4fae-9768-5128aa620590', 'cd4cb45a-05bc-4729-bb2a-06d122f369fc', 1, 75, 75, '2026-03-21T18:26:00.000Z');
INSERT INTO orders (id, buyer_id, seller_id, total_amount, status, created_at) 
                      VALUES ('a836c5ef-d36a-47d5-894a-f1d6a5fb4fc2', 'b03c172d-3388-458c-8054-b6ad7db24e27', '6adabb60-eed5-4dd0-b80c-41983dd81404', 75, 'completed', '2026-03-21T19:01:00.000Z');
INSERT INTO order_items (id, order_id, product_id, quantity, unit_price, subtotal, created_at) 
                      VALUES ('4832d252-4208-4779-b66c-60b4d9e0cd1f', 'a836c5ef-d36a-47d5-894a-f1d6a5fb4fc2', 'cd4cb45a-05bc-4729-bb2a-06d122f369fc', 1, 75, 75, '2026-03-21T19:01:00.000Z');
INSERT INTO orders (id, buyer_id, seller_id, total_amount, status, created_at) 
                      VALUES ('9b40702b-2171-4f69-bf40-297d80ff8e63', '1161fb73-809d-4954-a73a-738a9a1868f7', '6adabb60-eed5-4dd0-b80c-41983dd81404', 75, 'completed', '2026-03-21T19:01:00.000Z');
INSERT INTO order_items (id, order_id, product_id, quantity, unit_price, subtotal, created_at) 
                      VALUES ('977cd440-dac8-40bb-943a-5056b52d51c0', '9b40702b-2171-4f69-bf40-297d80ff8e63', 'cd4cb45a-05bc-4729-bb2a-06d122f369fc', 1, 75, 75, '2026-03-21T19:01:00.000Z');
INSERT INTO orders (id, buyer_id, seller_id, total_amount, status, created_at) 
                      VALUES ('534bbae0-b930-48d5-b25d-c1995920699f', '233694a0-da98-4b19-8640-7b99f406554e', '6adabb60-eed5-4dd0-b80c-41983dd81404', 75, 'completed', '2026-03-21T19:44:00.000Z');
INSERT INTO order_items (id, order_id, product_id, quantity, unit_price, subtotal, created_at) 
                      VALUES ('b149a5f2-9546-46b4-9797-7d744d12e73e', '534bbae0-b930-48d5-b25d-c1995920699f', 'cd4cb45a-05bc-4729-bb2a-06d122f369fc', 1, 75, 75, '2026-03-21T19:44:00.000Z');
INSERT INTO orders (id, buyer_id, seller_id, total_amount, status, created_at) 
                      VALUES ('cecd51cc-659f-4d45-bde6-035032c85c9f', '79768ab4-b021-418b-bf3c-0dd52f857b65', '6adabb60-eed5-4dd0-b80c-41983dd81404', 75, 'completed', '2026-03-21T18:42:00.000Z');
INSERT INTO order_items (id, order_id, product_id, quantity, unit_price, subtotal, created_at) 
                      VALUES ('d30ea1b3-d4d7-40bc-9dc4-fe1a4973203b', 'cecd51cc-659f-4d45-bde6-035032c85c9f', 'cd4cb45a-05bc-4729-bb2a-06d122f369fc', 1, 75, 75, '2026-03-21T18:42:00.000Z');
INSERT INTO orders (id, buyer_id, seller_id, total_amount, status, created_at) 
                      VALUES ('4eb6a2f0-656a-43f5-9531-eed9d23ddc3b', '79768ab4-b021-418b-bf3c-0dd52f857b65', '6adabb60-eed5-4dd0-b80c-41983dd81404', 75, 'completed', '2026-03-21T18:57:00.000Z');
INSERT INTO order_items (id, order_id, product_id, quantity, unit_price, subtotal, created_at) 
                      VALUES ('e754daf9-dc7d-49d2-bb0a-82056386f8ba', '4eb6a2f0-656a-43f5-9531-eed9d23ddc3b', 'cd4cb45a-05bc-4729-bb2a-06d122f369fc', 1, 75, 75, '2026-03-21T18:57:00.000Z');
INSERT INTO orders (id, buyer_id, seller_id, total_amount, status, created_at) 
                      VALUES ('952069d7-6f32-46cf-bc93-d7a65ae9da1d', '6c8c4ad9-70e8-48cb-9ce8-5d01c349ffcc', '6adabb60-eed5-4dd0-b80c-41983dd81404', 75, 'completed', '2026-03-21T21:32:00.000Z');
INSERT INTO order_items (id, order_id, product_id, quantity, unit_price, subtotal, created_at) 
                      VALUES ('330a86b4-d66d-4031-bfbb-01c262bc75f5', '952069d7-6f32-46cf-bc93-d7a65ae9da1d', 'cd4cb45a-05bc-4729-bb2a-06d122f369fc', 1, 75, 75, '2026-03-21T21:32:00.000Z');
INSERT INTO orders (id, buyer_id, seller_id, total_amount, status, created_at) 
                      VALUES ('ee8e56bc-a9f7-4b19-9f5c-3a8ae1200b8e', 'b03c172d-3388-458c-8054-b6ad7db24e27', '6adabb60-eed5-4dd0-b80c-41983dd81404', 75, 'completed', '2026-03-21T21:31:00.000Z');
INSERT INTO order_items (id, order_id, product_id, quantity, unit_price, subtotal, created_at) 
                      VALUES ('f3b9d023-188c-4423-9296-52631c5d747c', 'ee8e56bc-a9f7-4b19-9f5c-3a8ae1200b8e', 'cd4cb45a-05bc-4729-bb2a-06d122f369fc', 1, 75, 75, '2026-03-21T21:31:00.000Z');
INSERT INTO orders (id, buyer_id, seller_id, total_amount, status, created_at) 
                      VALUES ('6f4b40d0-9ccf-4182-aced-35eeed79df70', 'aa9e3c8c-e997-4408-ac68-6265851f972d', '6adabb60-eed5-4dd0-b80c-41983dd81404', 75, 'completed', '2026-03-21T21:02:00.000Z');
INSERT INTO order_items (id, order_id, product_id, quantity, unit_price, subtotal, created_at) 
                      VALUES ('13231e20-fccb-43ee-9bd3-539af9787a10', '6f4b40d0-9ccf-4182-aced-35eeed79df70', 'cd4cb45a-05bc-4729-bb2a-06d122f369fc', 1, 75, 75, '2026-03-21T21:02:00.000Z');
INSERT INTO audit_logs (id, action, user_id, description, level, created_at) 
                  VALUES ('02d4d792-046b-48ff-a704-4fdfa12c3936', 'USER_LOGIN', '5f552e5d-c288-453c-a685-b287e1c0c64a', 'Vendedor inició sesión para jornada', 'info', '2026-03-21T14:08:00.000Z');
INSERT INTO daily_sales (id, seller_id, sale_date, total_investment, total_revenue, units_sold, units_lost, total_waste_cost, is_closed) 
                  VALUES ('6d577034-ea56-4831-9565-7c09f894e312', '5f552e5d-c288-453c-a685-b287e1c0c64a', '2026-03-21', 220, 495, 11, 0, 0, true);
INSERT INTO sale_details (id, daily_sale_id, product_id, quantity_prepared, quantity_sold, quantity_lost, unit_cost, unit_price, waste_cost, waste_reason) 
                  VALUES ('bba3d83c-0916-46e6-98d5-8c7d92a226bf', '6d577034-ea56-4831-9565-7c09f894e312', '90ccc3f8-627a-4af7-aab2-9c7967c2f50d', 11, 11, 0, 20, 45, 0, 'expired');
INSERT INTO orders (id, buyer_id, seller_id, total_amount, status, created_at) 
                      VALUES ('75b20ad5-6e9f-4433-8f21-4da0a40f466c', '233694a0-da98-4b19-8640-7b99f406554e', '5f552e5d-c288-453c-a685-b287e1c0c64a', 45, 'completed', '2026-03-21T18:50:00.000Z');
INSERT INTO order_items (id, order_id, product_id, quantity, unit_price, subtotal, created_at) 
                      VALUES ('479ba944-25ce-413c-a176-38b32f714faf', '75b20ad5-6e9f-4433-8f21-4da0a40f466c', '90ccc3f8-627a-4af7-aab2-9c7967c2f50d', 1, 45, 45, '2026-03-21T18:50:00.000Z');
INSERT INTO orders (id, buyer_id, seller_id, total_amount, status, created_at) 
                      VALUES ('25185503-923c-476b-9ca6-02900c9f92fc', 'ac51e939-ec0b-40c3-b3e7-39711b12845a', '5f552e5d-c288-453c-a685-b287e1c0c64a', 45, 'completed', '2026-03-21T19:41:00.000Z');
INSERT INTO order_items (id, order_id, product_id, quantity, unit_price, subtotal, created_at) 
                      VALUES ('7d53a380-0ed5-4998-a3fe-149e3cebab9b', '25185503-923c-476b-9ca6-02900c9f92fc', '90ccc3f8-627a-4af7-aab2-9c7967c2f50d', 1, 45, 45, '2026-03-21T19:41:00.000Z');
INSERT INTO orders (id, buyer_id, seller_id, total_amount, status, created_at) 
                      VALUES ('e21f4b52-2229-495c-8eb2-b78ddcf769fd', 'b03c172d-3388-458c-8054-b6ad7db24e27', '5f552e5d-c288-453c-a685-b287e1c0c64a', 45, 'completed', '2026-03-21T17:26:00.000Z');
INSERT INTO order_items (id, order_id, product_id, quantity, unit_price, subtotal, created_at) 
                      VALUES ('7af6a373-301d-402a-be68-a89710a723c4', 'e21f4b52-2229-495c-8eb2-b78ddcf769fd', '90ccc3f8-627a-4af7-aab2-9c7967c2f50d', 1, 45, 45, '2026-03-21T17:26:00.000Z');
INSERT INTO orders (id, buyer_id, seller_id, total_amount, status, created_at) 
                      VALUES ('68d31e0e-282e-48bc-b0e7-174189fb3a4a', 'b03c172d-3388-458c-8054-b6ad7db24e27', '5f552e5d-c288-453c-a685-b287e1c0c64a', 45, 'completed', '2026-03-21T16:34:00.000Z');
INSERT INTO order_items (id, order_id, product_id, quantity, unit_price, subtotal, created_at) 
                      VALUES ('a1312957-cae7-484b-affc-76ec17fd1f69', '68d31e0e-282e-48bc-b0e7-174189fb3a4a', '90ccc3f8-627a-4af7-aab2-9c7967c2f50d', 1, 45, 45, '2026-03-21T16:34:00.000Z');
INSERT INTO orders (id, buyer_id, seller_id, total_amount, status, created_at) 
                      VALUES ('ea9a20eb-9b32-4435-a8c5-75abe3d340de', 'ac51e939-ec0b-40c3-b3e7-39711b12845a', '5f552e5d-c288-453c-a685-b287e1c0c64a', 45, 'completed', '2026-03-21T21:16:00.000Z');
INSERT INTO order_items (id, order_id, product_id, quantity, unit_price, subtotal, created_at) 
                      VALUES ('0300dbfb-81ca-49a5-9f99-e701b450865e', 'ea9a20eb-9b32-4435-a8c5-75abe3d340de', '90ccc3f8-627a-4af7-aab2-9c7967c2f50d', 1, 45, 45, '2026-03-21T21:16:00.000Z');
INSERT INTO orders (id, buyer_id, seller_id, total_amount, status, created_at) 
                      VALUES ('1e58bff5-4799-4e92-b525-0c689f9ba54b', 'ac51e939-ec0b-40c3-b3e7-39711b12845a', '5f552e5d-c288-453c-a685-b287e1c0c64a', 45, 'completed', '2026-03-21T17:44:00.000Z');
INSERT INTO order_items (id, order_id, product_id, quantity, unit_price, subtotal, created_at) 
                      VALUES ('4021fd4c-6cdd-4c3a-9a7f-257e795258dc', '1e58bff5-4799-4e92-b525-0c689f9ba54b', '90ccc3f8-627a-4af7-aab2-9c7967c2f50d', 1, 45, 45, '2026-03-21T17:44:00.000Z');
INSERT INTO orders (id, buyer_id, seller_id, total_amount, status, created_at) 
                      VALUES ('18660a65-1543-4259-adf4-b5578d291847', '233694a0-da98-4b19-8640-7b99f406554e', '5f552e5d-c288-453c-a685-b287e1c0c64a', 45, 'completed', '2026-03-21T16:36:00.000Z');
INSERT INTO order_items (id, order_id, product_id, quantity, unit_price, subtotal, created_at) 
                      VALUES ('460c2ae4-3bdd-4add-9843-25a43b095957', '18660a65-1543-4259-adf4-b5578d291847', '90ccc3f8-627a-4af7-aab2-9c7967c2f50d', 1, 45, 45, '2026-03-21T16:36:00.000Z');
INSERT INTO orders (id, buyer_id, seller_id, total_amount, status, created_at) 
                      VALUES ('ab6a0178-9ea9-4468-b2a6-00ee0b54ce85', '1161fb73-809d-4954-a73a-738a9a1868f7', '5f552e5d-c288-453c-a685-b287e1c0c64a', 45, 'completed', '2026-03-21T16:45:00.000Z');
INSERT INTO order_items (id, order_id, product_id, quantity, unit_price, subtotal, created_at) 
                      VALUES ('50e61ba4-9d38-42f6-b929-d99e689c768f', 'ab6a0178-9ea9-4468-b2a6-00ee0b54ce85', '90ccc3f8-627a-4af7-aab2-9c7967c2f50d', 1, 45, 45, '2026-03-21T16:45:00.000Z');
INSERT INTO orders (id, buyer_id, seller_id, total_amount, status, created_at) 
                      VALUES ('b060d847-016d-40c3-a673-03e2a1f2c0e8', 'b03c172d-3388-458c-8054-b6ad7db24e27', '5f552e5d-c288-453c-a685-b287e1c0c64a', 45, 'completed', '2026-03-21T20:19:00.000Z');
INSERT INTO order_items (id, order_id, product_id, quantity, unit_price, subtotal, created_at) 
                      VALUES ('7f27f836-3c10-4928-a181-867e421d728c', 'b060d847-016d-40c3-a673-03e2a1f2c0e8', '90ccc3f8-627a-4af7-aab2-9c7967c2f50d', 1, 45, 45, '2026-03-21T20:19:00.000Z');
INSERT INTO orders (id, buyer_id, seller_id, total_amount, status, created_at) 
                      VALUES ('e3d5082d-4902-4c97-90ed-08fad03bb76e', '79768ab4-b021-418b-bf3c-0dd52f857b65', '5f552e5d-c288-453c-a685-b287e1c0c64a', 45, 'completed', '2026-03-21T16:38:00.000Z');
INSERT INTO order_items (id, order_id, product_id, quantity, unit_price, subtotal, created_at) 
                      VALUES ('55afcb3d-e725-46fe-b38a-c8e2c4f74bc7', 'e3d5082d-4902-4c97-90ed-08fad03bb76e', '90ccc3f8-627a-4af7-aab2-9c7967c2f50d', 1, 45, 45, '2026-03-21T16:38:00.000Z');
INSERT INTO orders (id, buyer_id, seller_id, total_amount, status, created_at) 
                      VALUES ('a6ee93b1-8485-44f2-9593-067b27ce8924', 'b03c172d-3388-458c-8054-b6ad7db24e27', '5f552e5d-c288-453c-a685-b287e1c0c64a', 45, 'completed', '2026-03-21T16:33:00.000Z');
INSERT INTO order_items (id, order_id, product_id, quantity, unit_price, subtotal, created_at) 
                      VALUES ('5e463f12-439a-4159-9061-6ab471d3cd2d', 'a6ee93b1-8485-44f2-9593-067b27ce8924', '90ccc3f8-627a-4af7-aab2-9c7967c2f50d', 1, 45, 45, '2026-03-21T16:33:00.000Z');
INSERT INTO audit_logs (id, action, user_id, description, level, created_at) 
                  VALUES ('d9d6035b-03ac-4b4d-8f1a-5692e1108b81', 'USER_LOGIN', '522afd0e-5b6f-4f57-be80-46fd79ba12db', 'Vendedor inició sesión para jornada', 'info', '2026-03-21T14:29:00.000Z');
INSERT INTO daily_sales (id, seller_id, sale_date, total_investment, total_revenue, units_sold, units_lost, total_waste_cost, is_closed) 
                  VALUES ('3ec0647b-953f-4d53-9dc8-e64facc1a1f5', '522afd0e-5b6f-4f57-be80-46fd79ba12db', '2026-03-21', 144, 300, 10, 2, 24, true);
INSERT INTO sale_details (id, daily_sale_id, product_id, quantity_prepared, quantity_sold, quantity_lost, unit_cost, unit_price, waste_cost, waste_reason) 
                  VALUES ('8edae81b-5a4e-4154-9926-bc27e146429a', '3ec0647b-953f-4d53-9dc8-e64facc1a1f5', 'c865d401-6592-418d-98d5-1aa633799680', 12, 10, 2, 12, 30, 24, 'expired');
INSERT INTO orders (id, buyer_id, seller_id, total_amount, status, created_at) 
                      VALUES ('29b37e59-483f-460f-8519-502fbbee6baf', '233694a0-da98-4b19-8640-7b99f406554e', '522afd0e-5b6f-4f57-be80-46fd79ba12db', 30, 'completed', '2026-03-21T20:52:00.000Z');
INSERT INTO order_items (id, order_id, product_id, quantity, unit_price, subtotal, created_at) 
                      VALUES ('b4fc1c8a-e8e0-430d-8a24-5318cf5df57a', '29b37e59-483f-460f-8519-502fbbee6baf', 'c865d401-6592-418d-98d5-1aa633799680', 1, 30, 30, '2026-03-21T20:52:00.000Z');
INSERT INTO orders (id, buyer_id, seller_id, total_amount, status, created_at) 
                      VALUES ('cb61fa67-c7db-4ecc-8594-e86d0640f015', 'b03c172d-3388-458c-8054-b6ad7db24e27', '522afd0e-5b6f-4f57-be80-46fd79ba12db', 30, 'completed', '2026-03-21T18:41:00.000Z');
INSERT INTO order_items (id, order_id, product_id, quantity, unit_price, subtotal, created_at) 
                      VALUES ('4b5285ba-b984-4b63-aadc-812ed8037340', 'cb61fa67-c7db-4ecc-8594-e86d0640f015', 'c865d401-6592-418d-98d5-1aa633799680', 1, 30, 30, '2026-03-21T18:41:00.000Z');
INSERT INTO orders (id, buyer_id, seller_id, total_amount, status, created_at) 
                      VALUES ('526eafa4-dfad-41bd-9e94-0f11dec83fac', '6c8c4ad9-70e8-48cb-9ce8-5d01c349ffcc', '522afd0e-5b6f-4f57-be80-46fd79ba12db', 30, 'completed', '2026-03-21T21:00:00.000Z');
INSERT INTO order_items (id, order_id, product_id, quantity, unit_price, subtotal, created_at) 
                      VALUES ('6ceb7e6e-9739-443f-8d74-29a42af2cf30', '526eafa4-dfad-41bd-9e94-0f11dec83fac', 'c865d401-6592-418d-98d5-1aa633799680', 1, 30, 30, '2026-03-21T21:00:00.000Z');
INSERT INTO orders (id, buyer_id, seller_id, total_amount, status, created_at) 
                      VALUES ('90b5350e-6c18-4041-8340-b965921546ca', 'b03c172d-3388-458c-8054-b6ad7db24e27', '522afd0e-5b6f-4f57-be80-46fd79ba12db', 30, 'completed', '2026-03-21T16:36:00.000Z');
INSERT INTO order_items (id, order_id, product_id, quantity, unit_price, subtotal, created_at) 
                      VALUES ('7601b3fb-b5ec-40bc-86e7-f89f0d0900dc', '90b5350e-6c18-4041-8340-b965921546ca', 'c865d401-6592-418d-98d5-1aa633799680', 1, 30, 30, '2026-03-21T16:36:00.000Z');
INSERT INTO orders (id, buyer_id, seller_id, total_amount, status, created_at) 
                      VALUES ('98cdfa32-d08d-479a-9813-8fa19d4838e7', 'b03c172d-3388-458c-8054-b6ad7db24e27', '522afd0e-5b6f-4f57-be80-46fd79ba12db', 30, 'completed', '2026-03-21T17:09:00.000Z');
INSERT INTO order_items (id, order_id, product_id, quantity, unit_price, subtotal, created_at) 
                      VALUES ('936cf6d3-e9a8-4366-82a9-0c4a308e9889', '98cdfa32-d08d-479a-9813-8fa19d4838e7', 'c865d401-6592-418d-98d5-1aa633799680', 1, 30, 30, '2026-03-21T17:09:00.000Z');
INSERT INTO orders (id, buyer_id, seller_id, total_amount, status, created_at) 
                      VALUES ('523f7f58-7bb8-43f3-a9d2-0b754c54d83a', '79768ab4-b021-418b-bf3c-0dd52f857b65', '522afd0e-5b6f-4f57-be80-46fd79ba12db', 30, 'completed', '2026-03-21T19:52:00.000Z');
INSERT INTO order_items (id, order_id, product_id, quantity, unit_price, subtotal, created_at) 
                      VALUES ('66433f2c-54d8-4766-84c0-3db90814254c', '523f7f58-7bb8-43f3-a9d2-0b754c54d83a', 'c865d401-6592-418d-98d5-1aa633799680', 1, 30, 30, '2026-03-21T19:52:00.000Z');
INSERT INTO orders (id, buyer_id, seller_id, total_amount, status, created_at) 
                      VALUES ('65424207-a73c-45f9-84b1-ab4423b09a5e', '1161fb73-809d-4954-a73a-738a9a1868f7', '522afd0e-5b6f-4f57-be80-46fd79ba12db', 30, 'completed', '2026-03-21T18:25:00.000Z');
INSERT INTO order_items (id, order_id, product_id, quantity, unit_price, subtotal, created_at) 
                      VALUES ('4c9ff9b7-54aa-4dec-bc7e-f30046597fce', '65424207-a73c-45f9-84b1-ab4423b09a5e', 'c865d401-6592-418d-98d5-1aa633799680', 1, 30, 30, '2026-03-21T18:25:00.000Z');
INSERT INTO orders (id, buyer_id, seller_id, total_amount, status, created_at) 
                      VALUES ('5d4b0463-0bd0-4ebe-94e7-1b8dd9013b93', '79768ab4-b021-418b-bf3c-0dd52f857b65', '522afd0e-5b6f-4f57-be80-46fd79ba12db', 30, 'completed', '2026-03-21T18:48:00.000Z');
INSERT INTO order_items (id, order_id, product_id, quantity, unit_price, subtotal, created_at) 
                      VALUES ('78d5572a-36d6-4e83-816e-2b287cd27540', '5d4b0463-0bd0-4ebe-94e7-1b8dd9013b93', 'c865d401-6592-418d-98d5-1aa633799680', 1, 30, 30, '2026-03-21T18:48:00.000Z');
INSERT INTO orders (id, buyer_id, seller_id, total_amount, status, created_at) 
                      VALUES ('b59a7322-55c5-4260-a2a7-d45c19930283', 'aa9e3c8c-e997-4408-ac68-6265851f972d', '522afd0e-5b6f-4f57-be80-46fd79ba12db', 30, 'completed', '2026-03-21T19:50:00.000Z');
INSERT INTO order_items (id, order_id, product_id, quantity, unit_price, subtotal, created_at) 
                      VALUES ('b6094eb8-46b2-485d-ad75-143459752111', 'b59a7322-55c5-4260-a2a7-d45c19930283', 'c865d401-6592-418d-98d5-1aa633799680', 1, 30, 30, '2026-03-21T19:50:00.000Z');
INSERT INTO orders (id, buyer_id, seller_id, total_amount, status, created_at) 
                      VALUES ('d8bb2486-e98a-4a2e-ae6a-236cf287f6af', 'aa9e3c8c-e997-4408-ac68-6265851f972d', '522afd0e-5b6f-4f57-be80-46fd79ba12db', 30, 'completed', '2026-03-21T16:25:00.000Z');
INSERT INTO order_items (id, order_id, product_id, quantity, unit_price, subtotal, created_at) 
                      VALUES ('7266d373-6ae2-4ec6-bb18-594865015a2d', 'd8bb2486-e98a-4a2e-ae6a-236cf287f6af', 'c865d401-6592-418d-98d5-1aa633799680', 1, 30, 30, '2026-03-21T16:25:00.000Z');
INSERT INTO audit_logs (id, action, user_id, description, level, created_at) 
                  VALUES ('a2661e6b-d93e-4d68-95df-4378c54fbc1c', 'USER_LOGIN', 'da273443-bae3-4781-ae4e-819d0c9d56a6', 'Vendedor inició sesión para jornada', 'info', '2026-03-21T14:26:00.000Z');
INSERT INTO daily_sales (id, seller_id, sale_date, total_investment, total_revenue, units_sold, units_lost, total_waste_cost, is_closed) 
                  VALUES ('8a6d95e1-2853-4fab-9425-a3496a627364', 'da273443-bae3-4781-ae4e-819d0c9d56a6', '2026-03-21', 96, 275, 11, 1, 8, true);
INSERT INTO sale_details (id, daily_sale_id, product_id, quantity_prepared, quantity_sold, quantity_lost, unit_cost, unit_price, waste_cost, waste_reason) 
                  VALUES ('846b0d59-96d0-4ffa-8a43-32fca64842a1', '8a6d95e1-2853-4fab-9425-a3496a627364', 'ea84c406-f235-4e9c-b061-71ed9401e63b', 12, 11, 1, 8, 25, 8, 'expired');
INSERT INTO orders (id, buyer_id, seller_id, total_amount, status, created_at) 
                      VALUES ('2a5bd199-ccaf-428b-8cf1-7677d37010ca', '79768ab4-b021-418b-bf3c-0dd52f857b65', 'da273443-bae3-4781-ae4e-819d0c9d56a6', 25, 'completed', '2026-03-21T21:16:00.000Z');
INSERT INTO order_items (id, order_id, product_id, quantity, unit_price, subtotal, created_at) 
                      VALUES ('3687ade4-330d-416d-b679-ef7ae907a52e', '2a5bd199-ccaf-428b-8cf1-7677d37010ca', 'ea84c406-f235-4e9c-b061-71ed9401e63b', 1, 25, 25, '2026-03-21T21:16:00.000Z');
INSERT INTO orders (id, buyer_id, seller_id, total_amount, status, created_at) 
                      VALUES ('4ce3217b-ebc7-4f3f-9a67-e8bb235f4f31', '233694a0-da98-4b19-8640-7b99f406554e', 'da273443-bae3-4781-ae4e-819d0c9d56a6', 25, 'completed', '2026-03-21T19:39:00.000Z');
INSERT INTO order_items (id, order_id, product_id, quantity, unit_price, subtotal, created_at) 
                      VALUES ('f07c6af2-8170-49ee-b415-7ec5a90c6a8b', '4ce3217b-ebc7-4f3f-9a67-e8bb235f4f31', 'ea84c406-f235-4e9c-b061-71ed9401e63b', 1, 25, 25, '2026-03-21T19:39:00.000Z');
INSERT INTO orders (id, buyer_id, seller_id, total_amount, status, created_at) 
                      VALUES ('35ea73f1-e6e7-4913-b33e-8e6b793d91fd', 'ac51e939-ec0b-40c3-b3e7-39711b12845a', 'da273443-bae3-4781-ae4e-819d0c9d56a6', 25, 'completed', '2026-03-21T16:25:00.000Z');
INSERT INTO order_items (id, order_id, product_id, quantity, unit_price, subtotal, created_at) 
                      VALUES ('e1e05349-2233-42d2-a06f-c8e4a1ebf7d3', '35ea73f1-e6e7-4913-b33e-8e6b793d91fd', 'ea84c406-f235-4e9c-b061-71ed9401e63b', 1, 25, 25, '2026-03-21T16:25:00.000Z');
INSERT INTO orders (id, buyer_id, seller_id, total_amount, status, created_at) 
                      VALUES ('f7d1b5d0-4a56-47fc-99f2-39db7e9bd0c6', 'b03c172d-3388-458c-8054-b6ad7db24e27', 'da273443-bae3-4781-ae4e-819d0c9d56a6', 25, 'completed', '2026-03-21T20:05:00.000Z');
INSERT INTO order_items (id, order_id, product_id, quantity, unit_price, subtotal, created_at) 
                      VALUES ('39fb425e-0172-4fd7-a152-bba59981ccb0', 'f7d1b5d0-4a56-47fc-99f2-39db7e9bd0c6', 'ea84c406-f235-4e9c-b061-71ed9401e63b', 1, 25, 25, '2026-03-21T20:05:00.000Z');
INSERT INTO orders (id, buyer_id, seller_id, total_amount, status, created_at) 
                      VALUES ('27c310a8-10e3-42d7-9e41-35aa86fb8838', '233694a0-da98-4b19-8640-7b99f406554e', 'da273443-bae3-4781-ae4e-819d0c9d56a6', 25, 'completed', '2026-03-21T18:41:00.000Z');
INSERT INTO order_items (id, order_id, product_id, quantity, unit_price, subtotal, created_at) 
                      VALUES ('ccdc2872-5cfd-4ed7-8ccd-b46c734e2ea9', '27c310a8-10e3-42d7-9e41-35aa86fb8838', 'ea84c406-f235-4e9c-b061-71ed9401e63b', 1, 25, 25, '2026-03-21T18:41:00.000Z');
INSERT INTO orders (id, buyer_id, seller_id, total_amount, status, created_at) 
                      VALUES ('7f0c692d-c40e-4091-b26b-3fecb9d9b5ea', '1161fb73-809d-4954-a73a-738a9a1868f7', 'da273443-bae3-4781-ae4e-819d0c9d56a6', 25, 'completed', '2026-03-21T17:43:00.000Z');
INSERT INTO order_items (id, order_id, product_id, quantity, unit_price, subtotal, created_at) 
                      VALUES ('d67be0e3-9532-4ad3-9c1a-4357d27232dd', '7f0c692d-c40e-4091-b26b-3fecb9d9b5ea', 'ea84c406-f235-4e9c-b061-71ed9401e63b', 1, 25, 25, '2026-03-21T17:43:00.000Z');
INSERT INTO orders (id, buyer_id, seller_id, total_amount, status, created_at) 
                      VALUES ('e654468a-0f3e-4397-aa27-69f28c12f67e', 'b03c172d-3388-458c-8054-b6ad7db24e27', 'da273443-bae3-4781-ae4e-819d0c9d56a6', 25, 'completed', '2026-03-21T19:37:00.000Z');
INSERT INTO order_items (id, order_id, product_id, quantity, unit_price, subtotal, created_at) 
                      VALUES ('51ad64ff-90b1-4904-901a-77117f447963', 'e654468a-0f3e-4397-aa27-69f28c12f67e', 'ea84c406-f235-4e9c-b061-71ed9401e63b', 1, 25, 25, '2026-03-21T19:37:00.000Z');
INSERT INTO orders (id, buyer_id, seller_id, total_amount, status, created_at) 
                      VALUES ('99550dd6-7ab4-4ba4-8888-0e00c89e48a6', '233694a0-da98-4b19-8640-7b99f406554e', 'da273443-bae3-4781-ae4e-819d0c9d56a6', 25, 'completed', '2026-03-21T18:07:00.000Z');
INSERT INTO order_items (id, order_id, product_id, quantity, unit_price, subtotal, created_at) 
                      VALUES ('872cafe0-515a-4033-a836-004fa69d38a6', '99550dd6-7ab4-4ba4-8888-0e00c89e48a6', 'ea84c406-f235-4e9c-b061-71ed9401e63b', 1, 25, 25, '2026-03-21T18:07:00.000Z');
INSERT INTO orders (id, buyer_id, seller_id, total_amount, status, created_at) 
                      VALUES ('1b127f4f-e298-4df1-9c19-caac3f70f9d7', '233694a0-da98-4b19-8640-7b99f406554e', 'da273443-bae3-4781-ae4e-819d0c9d56a6', 25, 'completed', '2026-03-21T19:58:00.000Z');
INSERT INTO order_items (id, order_id, product_id, quantity, unit_price, subtotal, created_at) 
                      VALUES ('dea13076-2245-409b-ab39-8b0b7a3243d8', '1b127f4f-e298-4df1-9c19-caac3f70f9d7', 'ea84c406-f235-4e9c-b061-71ed9401e63b', 1, 25, 25, '2026-03-21T19:58:00.000Z');
INSERT INTO orders (id, buyer_id, seller_id, total_amount, status, created_at) 
                      VALUES ('b0da8ace-2a54-4d94-b64d-00a87a310131', '6c8c4ad9-70e8-48cb-9ce8-5d01c349ffcc', 'da273443-bae3-4781-ae4e-819d0c9d56a6', 25, 'completed', '2026-03-21T18:38:00.000Z');
INSERT INTO order_items (id, order_id, product_id, quantity, unit_price, subtotal, created_at) 
                      VALUES ('bb8b61f1-c376-4e20-abab-74f684b82c5b', 'b0da8ace-2a54-4d94-b64d-00a87a310131', 'ea84c406-f235-4e9c-b061-71ed9401e63b', 1, 25, 25, '2026-03-21T18:38:00.000Z');
INSERT INTO orders (id, buyer_id, seller_id, total_amount, status, created_at) 
                      VALUES ('ebcec451-07d8-44bd-8f57-0580eaca071f', 'aa9e3c8c-e997-4408-ac68-6265851f972d', 'da273443-bae3-4781-ae4e-819d0c9d56a6', 25, 'completed', '2026-03-21T19:10:00.000Z');
INSERT INTO order_items (id, order_id, product_id, quantity, unit_price, subtotal, created_at) 
                      VALUES ('befaf6a3-1210-4c1f-a169-cd81a1be2952', 'ebcec451-07d8-44bd-8f57-0580eaca071f', 'ea84c406-f235-4e9c-b061-71ed9401e63b', 1, 25, 25, '2026-03-21T19:10:00.000Z');
INSERT INTO audit_logs (id, action, user_id, description, level, created_at) 
                  VALUES ('f0f5749e-b81a-4f14-a127-3f999ba664d3', 'USER_LOGIN', 'cdc7b576-3957-4e3f-9e87-6630e4ef1950', 'Vendedor inició sesión para jornada', 'info', '2026-03-21T14:26:00.000Z');
INSERT INTO daily_sales (id, seller_id, sale_date, total_investment, total_revenue, units_sold, units_lost, total_waste_cost, is_closed) 
                  VALUES ('a13d1a77-44ad-437b-8c76-15104c87c2fa', 'cdc7b576-3957-4e3f-9e87-6630e4ef1950', '2026-03-21', 350, 770, 14, 0, 0, true);
INSERT INTO sale_details (id, daily_sale_id, product_id, quantity_prepared, quantity_sold, quantity_lost, unit_cost, unit_price, waste_cost, waste_reason) 
                  VALUES ('44da0193-06c9-4fd5-b219-356ce323cd7a', 'a13d1a77-44ad-437b-8c76-15104c87c2fa', '49e54b55-6e07-407b-9dac-36e93e1f8aa2', 14, 14, 0, 25, 55, 0, 'expired');
INSERT INTO orders (id, buyer_id, seller_id, total_amount, status, created_at) 
                      VALUES ('78114c2b-5f62-4056-b288-d3c35dff0f0c', '6c8c4ad9-70e8-48cb-9ce8-5d01c349ffcc', 'cdc7b576-3957-4e3f-9e87-6630e4ef1950', 55, 'completed', '2026-03-21T18:31:00.000Z');
INSERT INTO order_items (id, order_id, product_id, quantity, unit_price, subtotal, created_at) 
                      VALUES ('0d7a749d-294e-446e-8f82-63f37f15a16c', '78114c2b-5f62-4056-b288-d3c35dff0f0c', '49e54b55-6e07-407b-9dac-36e93e1f8aa2', 1, 55, 55, '2026-03-21T18:31:00.000Z');
INSERT INTO orders (id, buyer_id, seller_id, total_amount, status, created_at) 
                      VALUES ('b82ded8f-8c1c-41a3-bb90-1ca0e45ac1f8', 'ac51e939-ec0b-40c3-b3e7-39711b12845a', 'cdc7b576-3957-4e3f-9e87-6630e4ef1950', 55, 'completed', '2026-03-21T20:54:00.000Z');
INSERT INTO order_items (id, order_id, product_id, quantity, unit_price, subtotal, created_at) 
                      VALUES ('f21162af-7fca-4a3b-9253-3e5b137ef786', 'b82ded8f-8c1c-41a3-bb90-1ca0e45ac1f8', '49e54b55-6e07-407b-9dac-36e93e1f8aa2', 1, 55, 55, '2026-03-21T20:54:00.000Z');
INSERT INTO orders (id, buyer_id, seller_id, total_amount, status, created_at) 
                      VALUES ('2136b94d-2d06-4823-b4ee-1d4327f6b58c', '233694a0-da98-4b19-8640-7b99f406554e', 'cdc7b576-3957-4e3f-9e87-6630e4ef1950', 55, 'completed', '2026-03-21T19:25:00.000Z');
INSERT INTO order_items (id, order_id, product_id, quantity, unit_price, subtotal, created_at) 
                      VALUES ('0b6dae41-c393-495d-b335-56b18c1c03de', '2136b94d-2d06-4823-b4ee-1d4327f6b58c', '49e54b55-6e07-407b-9dac-36e93e1f8aa2', 1, 55, 55, '2026-03-21T19:25:00.000Z');
INSERT INTO orders (id, buyer_id, seller_id, total_amount, status, created_at) 
                      VALUES ('96e7ff9c-f849-4583-9b5c-5f8656a4bd0d', '79768ab4-b021-418b-bf3c-0dd52f857b65', 'cdc7b576-3957-4e3f-9e87-6630e4ef1950', 55, 'completed', '2026-03-21T17:46:00.000Z');
INSERT INTO order_items (id, order_id, product_id, quantity, unit_price, subtotal, created_at) 
                      VALUES ('e4985eac-e045-425d-87f8-3e61b592f3ec', '96e7ff9c-f849-4583-9b5c-5f8656a4bd0d', '49e54b55-6e07-407b-9dac-36e93e1f8aa2', 1, 55, 55, '2026-03-21T17:46:00.000Z');
INSERT INTO orders (id, buyer_id, seller_id, total_amount, status, created_at) 
                      VALUES ('cee8f1ed-70b0-466b-bff2-11928dab9e04', '233694a0-da98-4b19-8640-7b99f406554e', 'cdc7b576-3957-4e3f-9e87-6630e4ef1950', 55, 'completed', '2026-03-21T16:54:00.000Z');
INSERT INTO order_items (id, order_id, product_id, quantity, unit_price, subtotal, created_at) 
                      VALUES ('65939acb-168b-4713-8ebb-24a4a5abdf72', 'cee8f1ed-70b0-466b-bff2-11928dab9e04', '49e54b55-6e07-407b-9dac-36e93e1f8aa2', 1, 55, 55, '2026-03-21T16:54:00.000Z');
INSERT INTO orders (id, buyer_id, seller_id, total_amount, status, created_at) 
                      VALUES ('90f4374a-e31e-440e-a62f-db4bba84348e', 'ac51e939-ec0b-40c3-b3e7-39711b12845a', 'cdc7b576-3957-4e3f-9e87-6630e4ef1950', 55, 'completed', '2026-03-21T16:54:00.000Z');
INSERT INTO order_items (id, order_id, product_id, quantity, unit_price, subtotal, created_at) 
                      VALUES ('625a5a92-2e38-4c70-858a-576e689d82b9', '90f4374a-e31e-440e-a62f-db4bba84348e', '49e54b55-6e07-407b-9dac-36e93e1f8aa2', 1, 55, 55, '2026-03-21T16:54:00.000Z');
INSERT INTO orders (id, buyer_id, seller_id, total_amount, status, created_at) 
                      VALUES ('3e41787a-5fa9-4481-8ff7-dbc1f708ab59', '1161fb73-809d-4954-a73a-738a9a1868f7', 'cdc7b576-3957-4e3f-9e87-6630e4ef1950', 55, 'completed', '2026-03-21T19:14:00.000Z');
INSERT INTO order_items (id, order_id, product_id, quantity, unit_price, subtotal, created_at) 
                      VALUES ('14bf9c3b-0916-4eb8-a0c5-499e51dea914', '3e41787a-5fa9-4481-8ff7-dbc1f708ab59', '49e54b55-6e07-407b-9dac-36e93e1f8aa2', 1, 55, 55, '2026-03-21T19:14:00.000Z');
INSERT INTO orders (id, buyer_id, seller_id, total_amount, status, created_at) 
                      VALUES ('f4249be3-851c-4df2-8e63-ef382345af18', 'b03c172d-3388-458c-8054-b6ad7db24e27', 'cdc7b576-3957-4e3f-9e87-6630e4ef1950', 55, 'completed', '2026-03-21T20:28:00.000Z');
INSERT INTO order_items (id, order_id, product_id, quantity, unit_price, subtotal, created_at) 
                      VALUES ('0847df19-1c55-49e8-a14a-fd712461b512', 'f4249be3-851c-4df2-8e63-ef382345af18', '49e54b55-6e07-407b-9dac-36e93e1f8aa2', 1, 55, 55, '2026-03-21T20:28:00.000Z');
INSERT INTO orders (id, buyer_id, seller_id, total_amount, status, created_at) 
                      VALUES ('42ae1eb5-b78d-47a7-a0d6-502e7976b66e', 'aa9e3c8c-e997-4408-ac68-6265851f972d', 'cdc7b576-3957-4e3f-9e87-6630e4ef1950', 55, 'completed', '2026-03-21T18:27:00.000Z');
INSERT INTO order_items (id, order_id, product_id, quantity, unit_price, subtotal, created_at) 
                      VALUES ('07b92c3b-e6a1-4b24-9543-29ed112a824c', '42ae1eb5-b78d-47a7-a0d6-502e7976b66e', '49e54b55-6e07-407b-9dac-36e93e1f8aa2', 1, 55, 55, '2026-03-21T18:27:00.000Z');
INSERT INTO orders (id, buyer_id, seller_id, total_amount, status, created_at) 
                      VALUES ('56a13ca9-ee78-4689-91a0-053536597393', 'aa9e3c8c-e997-4408-ac68-6265851f972d', 'cdc7b576-3957-4e3f-9e87-6630e4ef1950', 55, 'completed', '2026-03-21T18:59:00.000Z');
INSERT INTO order_items (id, order_id, product_id, quantity, unit_price, subtotal, created_at) 
                      VALUES ('0bbaa6b3-a5b4-45c7-b1af-c0349ff0cc13', '56a13ca9-ee78-4689-91a0-053536597393', '49e54b55-6e07-407b-9dac-36e93e1f8aa2', 1, 55, 55, '2026-03-21T18:59:00.000Z');
INSERT INTO orders (id, buyer_id, seller_id, total_amount, status, created_at) 
                      VALUES ('97ee9e1a-80c7-4b1e-87af-badded6570e3', 'ac51e939-ec0b-40c3-b3e7-39711b12845a', 'cdc7b576-3957-4e3f-9e87-6630e4ef1950', 55, 'completed', '2026-03-21T18:58:00.000Z');
INSERT INTO order_items (id, order_id, product_id, quantity, unit_price, subtotal, created_at) 
                      VALUES ('be634548-7a5a-4de3-8792-58b084f35405', '97ee9e1a-80c7-4b1e-87af-badded6570e3', '49e54b55-6e07-407b-9dac-36e93e1f8aa2', 1, 55, 55, '2026-03-21T18:58:00.000Z');
INSERT INTO orders (id, buyer_id, seller_id, total_amount, status, created_at) 
                      VALUES ('c06c9fc3-cbf4-4a74-9c1e-2c60b7f79bee', 'aa9e3c8c-e997-4408-ac68-6265851f972d', 'cdc7b576-3957-4e3f-9e87-6630e4ef1950', 55, 'completed', '2026-03-21T17:24:00.000Z');
INSERT INTO order_items (id, order_id, product_id, quantity, unit_price, subtotal, created_at) 
                      VALUES ('f54b5cd1-1959-4baf-aa1a-af94e02b3389', 'c06c9fc3-cbf4-4a74-9c1e-2c60b7f79bee', '49e54b55-6e07-407b-9dac-36e93e1f8aa2', 1, 55, 55, '2026-03-21T17:24:00.000Z');
INSERT INTO orders (id, buyer_id, seller_id, total_amount, status, created_at) 
                      VALUES ('3506a611-642f-4247-b6ab-0869b355e609', '79768ab4-b021-418b-bf3c-0dd52f857b65', 'cdc7b576-3957-4e3f-9e87-6630e4ef1950', 55, 'completed', '2026-03-21T19:30:00.000Z');
INSERT INTO order_items (id, order_id, product_id, quantity, unit_price, subtotal, created_at) 
                      VALUES ('9bbc1390-f849-4f44-b1f1-9e4f9475fe5f', '3506a611-642f-4247-b6ab-0869b355e609', '49e54b55-6e07-407b-9dac-36e93e1f8aa2', 1, 55, 55, '2026-03-21T19:30:00.000Z');
INSERT INTO orders (id, buyer_id, seller_id, total_amount, status, created_at) 
                      VALUES ('168b3d12-2dec-4853-b17b-10051e044f43', '233694a0-da98-4b19-8640-7b99f406554e', 'cdc7b576-3957-4e3f-9e87-6630e4ef1950', 55, 'completed', '2026-03-21T16:30:00.000Z');
INSERT INTO order_items (id, order_id, product_id, quantity, unit_price, subtotal, created_at) 
                      VALUES ('4ac0f211-ec71-4ac4-b1a5-35f7d491c87d', '168b3d12-2dec-4853-b17b-10051e044f43', '49e54b55-6e07-407b-9dac-36e93e1f8aa2', 1, 55, 55, '2026-03-21T16:30:00.000Z');
INSERT INTO audit_logs (id, action, user_id, description, level, created_at) 
                  VALUES ('7958f6f8-3bc3-4b4a-aa5b-3c1af5789305', 'USER_LOGIN', '6adabb60-eed5-4dd0-b80c-41983dd81404', 'Vendedor inició sesión para jornada', 'info', '2026-03-23T14:04:00.000Z');
INSERT INTO daily_sales (id, seller_id, sale_date, total_investment, total_revenue, units_sold, units_lost, total_waste_cost, is_closed) 
                  VALUES ('1d4336fe-54f5-4485-86f2-c870344ef481', '6adabb60-eed5-4dd0-b80c-41983dd81404', '2026-03-23', 520, 900, 12, 1, 40, true);
INSERT INTO sale_details (id, daily_sale_id, product_id, quantity_prepared, quantity_sold, quantity_lost, unit_cost, unit_price, waste_cost, waste_reason) 
                  VALUES ('1f37c2b0-f790-4e9c-a955-ddde20cb9bd2', '1d4336fe-54f5-4485-86f2-c870344ef481', 'cd4cb45a-05bc-4729-bb2a-06d122f369fc', 13, 12, 1, 40, 75, 40, 'expired');
INSERT INTO orders (id, buyer_id, seller_id, total_amount, status, created_at) 
                      VALUES ('1edea62a-b626-4126-a049-a5625138d0d4', '6c8c4ad9-70e8-48cb-9ce8-5d01c349ffcc', '6adabb60-eed5-4dd0-b80c-41983dd81404', 75, 'completed', '2026-03-23T18:53:00.000Z');
INSERT INTO order_items (id, order_id, product_id, quantity, unit_price, subtotal, created_at) 
                      VALUES ('637a1ff3-0f9e-456b-b402-1638cc06c046', '1edea62a-b626-4126-a049-a5625138d0d4', 'cd4cb45a-05bc-4729-bb2a-06d122f369fc', 1, 75, 75, '2026-03-23T18:53:00.000Z');
INSERT INTO orders (id, buyer_id, seller_id, total_amount, status, created_at) 
                      VALUES ('94ab3f1d-2014-4a05-a553-3cf785e8e063', 'ac51e939-ec0b-40c3-b3e7-39711b12845a', '6adabb60-eed5-4dd0-b80c-41983dd81404', 75, 'completed', '2026-03-23T20:12:00.000Z');
INSERT INTO order_items (id, order_id, product_id, quantity, unit_price, subtotal, created_at) 
                      VALUES ('85fc4a0d-5880-4f2d-8be8-89200c3b9564', '94ab3f1d-2014-4a05-a553-3cf785e8e063', 'cd4cb45a-05bc-4729-bb2a-06d122f369fc', 1, 75, 75, '2026-03-23T20:12:00.000Z');
INSERT INTO orders (id, buyer_id, seller_id, total_amount, status, created_at) 
                      VALUES ('03a197d5-624d-47bd-8800-ff77e3f4abc3', 'aa9e3c8c-e997-4408-ac68-6265851f972d', '6adabb60-eed5-4dd0-b80c-41983dd81404', 75, 'completed', '2026-03-23T19:05:00.000Z');
INSERT INTO order_items (id, order_id, product_id, quantity, unit_price, subtotal, created_at) 
                      VALUES ('3368249b-074e-440d-becd-dc021163ab81', '03a197d5-624d-47bd-8800-ff77e3f4abc3', 'cd4cb45a-05bc-4729-bb2a-06d122f369fc', 1, 75, 75, '2026-03-23T19:05:00.000Z');
INSERT INTO orders (id, buyer_id, seller_id, total_amount, status, created_at) 
                      VALUES ('ff306882-23d3-4e9d-bb46-fcf11d7e6523', '1161fb73-809d-4954-a73a-738a9a1868f7', '6adabb60-eed5-4dd0-b80c-41983dd81404', 75, 'completed', '2026-03-23T20:08:00.000Z');
INSERT INTO order_items (id, order_id, product_id, quantity, unit_price, subtotal, created_at) 
                      VALUES ('f7a49d6f-845f-4f93-a2a2-510db41adb2d', 'ff306882-23d3-4e9d-bb46-fcf11d7e6523', 'cd4cb45a-05bc-4729-bb2a-06d122f369fc', 1, 75, 75, '2026-03-23T20:08:00.000Z');
INSERT INTO orders (id, buyer_id, seller_id, total_amount, status, created_at) 
                      VALUES ('7112fb21-d09b-48f1-bff1-1fb8c84faefb', '79768ab4-b021-418b-bf3c-0dd52f857b65', '6adabb60-eed5-4dd0-b80c-41983dd81404', 75, 'completed', '2026-03-23T17:38:00.000Z');
INSERT INTO order_items (id, order_id, product_id, quantity, unit_price, subtotal, created_at) 
                      VALUES ('c935db2f-8c9b-440c-b7eb-bae0b7a79cc4', '7112fb21-d09b-48f1-bff1-1fb8c84faefb', 'cd4cb45a-05bc-4729-bb2a-06d122f369fc', 1, 75, 75, '2026-03-23T17:38:00.000Z');
INSERT INTO orders (id, buyer_id, seller_id, total_amount, status, created_at) 
                      VALUES ('6d811e6d-453b-484c-a713-091ce104a59e', '6c8c4ad9-70e8-48cb-9ce8-5d01c349ffcc', '6adabb60-eed5-4dd0-b80c-41983dd81404', 75, 'completed', '2026-03-23T19:24:00.000Z');
INSERT INTO order_items (id, order_id, product_id, quantity, unit_price, subtotal, created_at) 
                      VALUES ('cc0f6f60-9e7d-44b5-afff-c0a1e80cd923', '6d811e6d-453b-484c-a713-091ce104a59e', 'cd4cb45a-05bc-4729-bb2a-06d122f369fc', 1, 75, 75, '2026-03-23T19:24:00.000Z');
INSERT INTO orders (id, buyer_id, seller_id, total_amount, status, created_at) 
                      VALUES ('4824746e-f602-4c07-8252-d197868997fe', '79768ab4-b021-418b-bf3c-0dd52f857b65', '6adabb60-eed5-4dd0-b80c-41983dd81404', 75, 'completed', '2026-03-23T20:57:00.000Z');
INSERT INTO order_items (id, order_id, product_id, quantity, unit_price, subtotal, created_at) 
                      VALUES ('08c0aa3c-6c09-4745-8285-de60a276486a', '4824746e-f602-4c07-8252-d197868997fe', 'cd4cb45a-05bc-4729-bb2a-06d122f369fc', 1, 75, 75, '2026-03-23T20:57:00.000Z');
INSERT INTO orders (id, buyer_id, seller_id, total_amount, status, created_at) 
                      VALUES ('99a39471-4c5d-4e41-8279-8c31b5b17d77', '233694a0-da98-4b19-8640-7b99f406554e', '6adabb60-eed5-4dd0-b80c-41983dd81404', 75, 'completed', '2026-03-23T18:39:00.000Z');
INSERT INTO order_items (id, order_id, product_id, quantity, unit_price, subtotal, created_at) 
                      VALUES ('de65b747-c748-4de2-a9c2-5071d6642ff5', '99a39471-4c5d-4e41-8279-8c31b5b17d77', 'cd4cb45a-05bc-4729-bb2a-06d122f369fc', 1, 75, 75, '2026-03-23T18:39:00.000Z');
INSERT INTO orders (id, buyer_id, seller_id, total_amount, status, created_at) 
                      VALUES ('a89db8ad-ea3a-4bb1-956a-23d32c2f26ad', 'b03c172d-3388-458c-8054-b6ad7db24e27', '6adabb60-eed5-4dd0-b80c-41983dd81404', 75, 'completed', '2026-03-23T20:24:00.000Z');
INSERT INTO order_items (id, order_id, product_id, quantity, unit_price, subtotal, created_at) 
                      VALUES ('0ab439f7-0800-4007-b2ac-de09ea3f64f8', 'a89db8ad-ea3a-4bb1-956a-23d32c2f26ad', 'cd4cb45a-05bc-4729-bb2a-06d122f369fc', 1, 75, 75, '2026-03-23T20:24:00.000Z');
INSERT INTO orders (id, buyer_id, seller_id, total_amount, status, created_at) 
                      VALUES ('190e5002-1820-42c6-8110-b24e51215026', 'b03c172d-3388-458c-8054-b6ad7db24e27', '6adabb60-eed5-4dd0-b80c-41983dd81404', 75, 'completed', '2026-03-23T16:27:00.000Z');
INSERT INTO order_items (id, order_id, product_id, quantity, unit_price, subtotal, created_at) 
                      VALUES ('1483e98a-af26-482f-8e13-cc14e5e40a2c', '190e5002-1820-42c6-8110-b24e51215026', 'cd4cb45a-05bc-4729-bb2a-06d122f369fc', 1, 75, 75, '2026-03-23T16:27:00.000Z');
INSERT INTO orders (id, buyer_id, seller_id, total_amount, status, created_at) 
                      VALUES ('25a9b56e-5b6a-4b1b-9055-0ce6e3f8db4b', '6c8c4ad9-70e8-48cb-9ce8-5d01c349ffcc', '6adabb60-eed5-4dd0-b80c-41983dd81404', 75, 'completed', '2026-03-23T19:02:00.000Z');
INSERT INTO order_items (id, order_id, product_id, quantity, unit_price, subtotal, created_at) 
                      VALUES ('272a9da3-abd9-4282-bd26-1760c8201820', '25a9b56e-5b6a-4b1b-9055-0ce6e3f8db4b', 'cd4cb45a-05bc-4729-bb2a-06d122f369fc', 1, 75, 75, '2026-03-23T19:02:00.000Z');
INSERT INTO orders (id, buyer_id, seller_id, total_amount, status, created_at) 
                      VALUES ('3db9eebb-3df0-4f90-aca4-edb4070cdaec', 'ac51e939-ec0b-40c3-b3e7-39711b12845a', '6adabb60-eed5-4dd0-b80c-41983dd81404', 75, 'completed', '2026-03-23T17:49:00.000Z');
INSERT INTO order_items (id, order_id, product_id, quantity, unit_price, subtotal, created_at) 
                      VALUES ('6adc4ebe-df82-438d-b92b-1faef2b9478b', '3db9eebb-3df0-4f90-aca4-edb4070cdaec', 'cd4cb45a-05bc-4729-bb2a-06d122f369fc', 1, 75, 75, '2026-03-23T17:49:00.000Z');
INSERT INTO audit_logs (id, action, user_id, description, level, created_at) 
                  VALUES ('916100eb-bf4e-4aee-85dd-1398ad7952c2', 'USER_LOGIN', '5f552e5d-c288-453c-a685-b287e1c0c64a', 'Vendedor inició sesión para jornada', 'info', '2026-03-23T14:25:00.000Z');
INSERT INTO daily_sales (id, seller_id, sale_date, total_investment, total_revenue, units_sold, units_lost, total_waste_cost, is_closed) 
                  VALUES ('d3c817d1-290a-4357-a0d2-ec35c5240983', '5f552e5d-c288-453c-a685-b287e1c0c64a', '2026-03-23', 220, 495, 11, 0, 0, true);
INSERT INTO sale_details (id, daily_sale_id, product_id, quantity_prepared, quantity_sold, quantity_lost, unit_cost, unit_price, waste_cost, waste_reason) 
                  VALUES ('1f41e65f-4268-413c-b4ed-0df8ca22e1c9', 'd3c817d1-290a-4357-a0d2-ec35c5240983', '90ccc3f8-627a-4af7-aab2-9c7967c2f50d', 11, 11, 0, 20, 45, 0, 'expired');
INSERT INTO orders (id, buyer_id, seller_id, total_amount, status, created_at) 
                      VALUES ('54d8be10-d20f-4c50-b9c4-1a7f68dd3da1', '233694a0-da98-4b19-8640-7b99f406554e', '5f552e5d-c288-453c-a685-b287e1c0c64a', 45, 'completed', '2026-03-23T18:34:00.000Z');
INSERT INTO order_items (id, order_id, product_id, quantity, unit_price, subtotal, created_at) 
                      VALUES ('86ff8bb0-b0de-4539-b836-ae244bd9ee4f', '54d8be10-d20f-4c50-b9c4-1a7f68dd3da1', '90ccc3f8-627a-4af7-aab2-9c7967c2f50d', 1, 45, 45, '2026-03-23T18:34:00.000Z');
INSERT INTO orders (id, buyer_id, seller_id, total_amount, status, created_at) 
                      VALUES ('f908d48c-8af6-43a1-b568-8767776c00e5', '233694a0-da98-4b19-8640-7b99f406554e', '5f552e5d-c288-453c-a685-b287e1c0c64a', 45, 'completed', '2026-03-23T16:17:00.000Z');
INSERT INTO order_items (id, order_id, product_id, quantity, unit_price, subtotal, created_at) 
                      VALUES ('8bd47e08-e21e-448d-ad36-3ec81f53662e', 'f908d48c-8af6-43a1-b568-8767776c00e5', '90ccc3f8-627a-4af7-aab2-9c7967c2f50d', 1, 45, 45, '2026-03-23T16:17:00.000Z');
INSERT INTO orders (id, buyer_id, seller_id, total_amount, status, created_at) 
                      VALUES ('3929c88e-4481-484f-9b20-1339b5ce4af7', 'ac51e939-ec0b-40c3-b3e7-39711b12845a', '5f552e5d-c288-453c-a685-b287e1c0c64a', 45, 'completed', '2026-03-23T17:43:00.000Z');
INSERT INTO order_items (id, order_id, product_id, quantity, unit_price, subtotal, created_at) 
                      VALUES ('4c2fc325-feb1-46b3-a29d-24e0ec745fa2', '3929c88e-4481-484f-9b20-1339b5ce4af7', '90ccc3f8-627a-4af7-aab2-9c7967c2f50d', 1, 45, 45, '2026-03-23T17:43:00.000Z');
INSERT INTO orders (id, buyer_id, seller_id, total_amount, status, created_at) 
                      VALUES ('823ca7c0-dc47-4aa4-8b65-0072bbca29cd', 'ac51e939-ec0b-40c3-b3e7-39711b12845a', '5f552e5d-c288-453c-a685-b287e1c0c64a', 45, 'completed', '2026-03-23T20:45:00.000Z');
INSERT INTO order_items (id, order_id, product_id, quantity, unit_price, subtotal, created_at) 
                      VALUES ('e2662b24-5c4c-4add-ae0e-c707174917c9', '823ca7c0-dc47-4aa4-8b65-0072bbca29cd', '90ccc3f8-627a-4af7-aab2-9c7967c2f50d', 1, 45, 45, '2026-03-23T20:45:00.000Z');
INSERT INTO orders (id, buyer_id, seller_id, total_amount, status, created_at) 
                      VALUES ('29532b8d-f14c-4bba-9c5b-10a335884da0', '79768ab4-b021-418b-bf3c-0dd52f857b65', '5f552e5d-c288-453c-a685-b287e1c0c64a', 45, 'completed', '2026-03-23T17:16:00.000Z');
INSERT INTO order_items (id, order_id, product_id, quantity, unit_price, subtotal, created_at) 
                      VALUES ('e5edd75c-cfde-41c1-b577-1e1a84e9704a', '29532b8d-f14c-4bba-9c5b-10a335884da0', '90ccc3f8-627a-4af7-aab2-9c7967c2f50d', 1, 45, 45, '2026-03-23T17:16:00.000Z');
INSERT INTO orders (id, buyer_id, seller_id, total_amount, status, created_at) 
                      VALUES ('90a7a9e9-9a28-47bf-a56e-590a548e483b', '233694a0-da98-4b19-8640-7b99f406554e', '5f552e5d-c288-453c-a685-b287e1c0c64a', 45, 'completed', '2026-03-23T19:49:00.000Z');
INSERT INTO order_items (id, order_id, product_id, quantity, unit_price, subtotal, created_at) 
                      VALUES ('952957a6-a31c-4ccd-a772-200bb1d2f4c7', '90a7a9e9-9a28-47bf-a56e-590a548e483b', '90ccc3f8-627a-4af7-aab2-9c7967c2f50d', 1, 45, 45, '2026-03-23T19:49:00.000Z');
INSERT INTO orders (id, buyer_id, seller_id, total_amount, status, created_at) 
                      VALUES ('a5b890a4-3e24-45c3-b10a-1a12e2976ef8', 'aa9e3c8c-e997-4408-ac68-6265851f972d', '5f552e5d-c288-453c-a685-b287e1c0c64a', 45, 'completed', '2026-03-23T20:45:00.000Z');
INSERT INTO order_items (id, order_id, product_id, quantity, unit_price, subtotal, created_at) 
                      VALUES ('e7ce071b-9240-49bd-85d3-129fd2239fab', 'a5b890a4-3e24-45c3-b10a-1a12e2976ef8', '90ccc3f8-627a-4af7-aab2-9c7967c2f50d', 1, 45, 45, '2026-03-23T20:45:00.000Z');
INSERT INTO orders (id, buyer_id, seller_id, total_amount, status, created_at) 
                      VALUES ('bf70a639-dbd5-41cf-929a-8f87840a58b8', 'ac51e939-ec0b-40c3-b3e7-39711b12845a', '5f552e5d-c288-453c-a685-b287e1c0c64a', 45, 'completed', '2026-03-23T19:12:00.000Z');
INSERT INTO order_items (id, order_id, product_id, quantity, unit_price, subtotal, created_at) 
                      VALUES ('f5348968-d44a-4586-ad42-cc26eac16584', 'bf70a639-dbd5-41cf-929a-8f87840a58b8', '90ccc3f8-627a-4af7-aab2-9c7967c2f50d', 1, 45, 45, '2026-03-23T19:12:00.000Z');
INSERT INTO orders (id, buyer_id, seller_id, total_amount, status, created_at) 
                      VALUES ('350cc083-8f28-48b2-a88c-6131cb7ca455', 'b03c172d-3388-458c-8054-b6ad7db24e27', '5f552e5d-c288-453c-a685-b287e1c0c64a', 45, 'completed', '2026-03-23T17:16:00.000Z');
INSERT INTO order_items (id, order_id, product_id, quantity, unit_price, subtotal, created_at) 
                      VALUES ('2a710483-4483-44c7-81e6-0c0364dc5750', '350cc083-8f28-48b2-a88c-6131cb7ca455', '90ccc3f8-627a-4af7-aab2-9c7967c2f50d', 1, 45, 45, '2026-03-23T17:16:00.000Z');
INSERT INTO orders (id, buyer_id, seller_id, total_amount, status, created_at) 
                      VALUES ('8af46011-7ca5-4a8c-abec-75f40d2ab1bb', '79768ab4-b021-418b-bf3c-0dd52f857b65', '5f552e5d-c288-453c-a685-b287e1c0c64a', 45, 'completed', '2026-03-23T17:43:00.000Z');
INSERT INTO order_items (id, order_id, product_id, quantity, unit_price, subtotal, created_at) 
                      VALUES ('7ea89c58-13c3-4605-815e-fbc25f5fe534', '8af46011-7ca5-4a8c-abec-75f40d2ab1bb', '90ccc3f8-627a-4af7-aab2-9c7967c2f50d', 1, 45, 45, '2026-03-23T17:43:00.000Z');
INSERT INTO orders (id, buyer_id, seller_id, total_amount, status, created_at) 
                      VALUES ('481a419a-5535-46f6-ab86-7e7dde17d961', '79768ab4-b021-418b-bf3c-0dd52f857b65', '5f552e5d-c288-453c-a685-b287e1c0c64a', 45, 'completed', '2026-03-23T21:20:00.000Z');
INSERT INTO order_items (id, order_id, product_id, quantity, unit_price, subtotal, created_at) 
                      VALUES ('2710df61-aa58-4ce9-aa84-078bb4b1d3b4', '481a419a-5535-46f6-ab86-7e7dde17d961', '90ccc3f8-627a-4af7-aab2-9c7967c2f50d', 1, 45, 45, '2026-03-23T21:20:00.000Z');
INSERT INTO audit_logs (id, action, user_id, description, level, created_at) 
                  VALUES ('4cee3918-3150-4137-9f8b-5a60bddc2a77', 'USER_LOGIN', '522afd0e-5b6f-4f57-be80-46fd79ba12db', 'Vendedor inició sesión para jornada', 'info', '2026-03-23T14:27:00.000Z');
INSERT INTO daily_sales (id, seller_id, sale_date, total_investment, total_revenue, units_sold, units_lost, total_waste_cost, is_closed) 
                  VALUES ('cb6c3752-0753-4e84-9a86-73ce5d591115', '522afd0e-5b6f-4f57-be80-46fd79ba12db', '2026-03-23', 156, 360, 12, 1, 12, true);
INSERT INTO sale_details (id, daily_sale_id, product_id, quantity_prepared, quantity_sold, quantity_lost, unit_cost, unit_price, waste_cost, waste_reason) 
                  VALUES ('4191f835-3eec-48d5-bf14-08187368dfd9', 'cb6c3752-0753-4e84-9a86-73ce5d591115', 'c865d401-6592-418d-98d5-1aa633799680', 13, 12, 1, 12, 30, 12, 'expired');
INSERT INTO orders (id, buyer_id, seller_id, total_amount, status, created_at) 
                      VALUES ('8957e226-7c0e-40c8-ac6a-730588cb4512', '6c8c4ad9-70e8-48cb-9ce8-5d01c349ffcc', '522afd0e-5b6f-4f57-be80-46fd79ba12db', 30, 'completed', '2026-03-23T16:02:00.000Z');
INSERT INTO order_items (id, order_id, product_id, quantity, unit_price, subtotal, created_at) 
                      VALUES ('87c80b04-9840-436e-bccb-f39c9f50bb36', '8957e226-7c0e-40c8-ac6a-730588cb4512', 'c865d401-6592-418d-98d5-1aa633799680', 1, 30, 30, '2026-03-23T16:02:00.000Z');
INSERT INTO orders (id, buyer_id, seller_id, total_amount, status, created_at) 
                      VALUES ('a392091a-1d60-4cfd-a46c-683e1f079bc2', 'ac51e939-ec0b-40c3-b3e7-39711b12845a', '522afd0e-5b6f-4f57-be80-46fd79ba12db', 30, 'completed', '2026-03-23T20:00:00.000Z');
INSERT INTO order_items (id, order_id, product_id, quantity, unit_price, subtotal, created_at) 
                      VALUES ('3a2fb9c1-b8f2-4a48-bf3b-1458dd7be545', 'a392091a-1d60-4cfd-a46c-683e1f079bc2', 'c865d401-6592-418d-98d5-1aa633799680', 1, 30, 30, '2026-03-23T20:00:00.000Z');
INSERT INTO orders (id, buyer_id, seller_id, total_amount, status, created_at) 
                      VALUES ('d0453772-0476-43c2-937d-ab0a8e536c12', 'aa9e3c8c-e997-4408-ac68-6265851f972d', '522afd0e-5b6f-4f57-be80-46fd79ba12db', 30, 'completed', '2026-03-23T16:36:00.000Z');
INSERT INTO order_items (id, order_id, product_id, quantity, unit_price, subtotal, created_at) 
                      VALUES ('65e451fa-0f7c-4828-b1eb-243088d1cbc1', 'd0453772-0476-43c2-937d-ab0a8e536c12', 'c865d401-6592-418d-98d5-1aa633799680', 1, 30, 30, '2026-03-23T16:36:00.000Z');
INSERT INTO orders (id, buyer_id, seller_id, total_amount, status, created_at) 
                      VALUES ('a99a8584-2c22-438f-bf3f-81965efb9ca6', 'b03c172d-3388-458c-8054-b6ad7db24e27', '522afd0e-5b6f-4f57-be80-46fd79ba12db', 30, 'completed', '2026-03-23T18:58:00.000Z');
INSERT INTO order_items (id, order_id, product_id, quantity, unit_price, subtotal, created_at) 
                      VALUES ('84c0b9d9-caa4-4a86-82de-65dfb0d0f540', 'a99a8584-2c22-438f-bf3f-81965efb9ca6', 'c865d401-6592-418d-98d5-1aa633799680', 1, 30, 30, '2026-03-23T18:58:00.000Z');
INSERT INTO orders (id, buyer_id, seller_id, total_amount, status, created_at) 
                      VALUES ('9a37dc06-5e8c-4f1f-bcfd-cbad1e0a0eaa', '6c8c4ad9-70e8-48cb-9ce8-5d01c349ffcc', '522afd0e-5b6f-4f57-be80-46fd79ba12db', 30, 'completed', '2026-03-23T20:14:00.000Z');
INSERT INTO order_items (id, order_id, product_id, quantity, unit_price, subtotal, created_at) 
                      VALUES ('13eea95d-ec7e-4f68-912a-84f70be0c5cb', '9a37dc06-5e8c-4f1f-bcfd-cbad1e0a0eaa', 'c865d401-6592-418d-98d5-1aa633799680', 1, 30, 30, '2026-03-23T20:14:00.000Z');
INSERT INTO orders (id, buyer_id, seller_id, total_amount, status, created_at) 
                      VALUES ('8de24e09-99bf-414e-9894-627d8b5af4b8', 'aa9e3c8c-e997-4408-ac68-6265851f972d', '522afd0e-5b6f-4f57-be80-46fd79ba12db', 30, 'completed', '2026-03-23T18:58:00.000Z');
INSERT INTO order_items (id, order_id, product_id, quantity, unit_price, subtotal, created_at) 
                      VALUES ('a1f40218-e825-4a4b-aba9-c23984cdf78a', '8de24e09-99bf-414e-9894-627d8b5af4b8', 'c865d401-6592-418d-98d5-1aa633799680', 1, 30, 30, '2026-03-23T18:58:00.000Z');
INSERT INTO orders (id, buyer_id, seller_id, total_amount, status, created_at) 
                      VALUES ('299ab979-c041-459a-8654-77008b9ed606', '79768ab4-b021-418b-bf3c-0dd52f857b65', '522afd0e-5b6f-4f57-be80-46fd79ba12db', 30, 'completed', '2026-03-23T20:01:00.000Z');
INSERT INTO order_items (id, order_id, product_id, quantity, unit_price, subtotal, created_at) 
                      VALUES ('a099bea4-9a9b-4628-8be1-3269f239bff9', '299ab979-c041-459a-8654-77008b9ed606', 'c865d401-6592-418d-98d5-1aa633799680', 1, 30, 30, '2026-03-23T20:01:00.000Z');
INSERT INTO orders (id, buyer_id, seller_id, total_amount, status, created_at) 
                      VALUES ('381032cc-9a96-4b33-921c-f0b74f0aa1d8', '6c8c4ad9-70e8-48cb-9ce8-5d01c349ffcc', '522afd0e-5b6f-4f57-be80-46fd79ba12db', 30, 'completed', '2026-03-23T20:29:00.000Z');
INSERT INTO order_items (id, order_id, product_id, quantity, unit_price, subtotal, created_at) 
                      VALUES ('9be7b21f-1c5e-42d0-8a24-77a9047b140d', '381032cc-9a96-4b33-921c-f0b74f0aa1d8', 'c865d401-6592-418d-98d5-1aa633799680', 1, 30, 30, '2026-03-23T20:29:00.000Z');
INSERT INTO orders (id, buyer_id, seller_id, total_amount, status, created_at) 
                      VALUES ('dc404bad-6154-416f-9645-531279b09d50', 'aa9e3c8c-e997-4408-ac68-6265851f972d', '522afd0e-5b6f-4f57-be80-46fd79ba12db', 30, 'completed', '2026-03-23T17:38:00.000Z');
INSERT INTO order_items (id, order_id, product_id, quantity, unit_price, subtotal, created_at) 
                      VALUES ('30674ec2-48ea-46ce-bda8-b7e4b1027e86', 'dc404bad-6154-416f-9645-531279b09d50', 'c865d401-6592-418d-98d5-1aa633799680', 1, 30, 30, '2026-03-23T17:38:00.000Z');
INSERT INTO orders (id, buyer_id, seller_id, total_amount, status, created_at) 
                      VALUES ('6a0256f4-2de6-41c4-99c1-2cc28105a162', '79768ab4-b021-418b-bf3c-0dd52f857b65', '522afd0e-5b6f-4f57-be80-46fd79ba12db', 30, 'completed', '2026-03-23T16:10:00.000Z');
INSERT INTO order_items (id, order_id, product_id, quantity, unit_price, subtotal, created_at) 
                      VALUES ('d5a47941-8551-4e72-a38c-885344714577', '6a0256f4-2de6-41c4-99c1-2cc28105a162', 'c865d401-6592-418d-98d5-1aa633799680', 1, 30, 30, '2026-03-23T16:10:00.000Z');
INSERT INTO orders (id, buyer_id, seller_id, total_amount, status, created_at) 
                      VALUES ('dd2abdb5-d49c-459e-a39c-cb04cfa499de', '79768ab4-b021-418b-bf3c-0dd52f857b65', '522afd0e-5b6f-4f57-be80-46fd79ba12db', 30, 'completed', '2026-03-23T17:09:00.000Z');
INSERT INTO order_items (id, order_id, product_id, quantity, unit_price, subtotal, created_at) 
                      VALUES ('75690e6f-f177-49f9-a92c-e93dd8a5802a', 'dd2abdb5-d49c-459e-a39c-cb04cfa499de', 'c865d401-6592-418d-98d5-1aa633799680', 1, 30, 30, '2026-03-23T17:09:00.000Z');
INSERT INTO orders (id, buyer_id, seller_id, total_amount, status, created_at) 
                      VALUES ('e7f365b0-7bcc-4fcd-97fa-d07119460c8d', 'b03c172d-3388-458c-8054-b6ad7db24e27', '522afd0e-5b6f-4f57-be80-46fd79ba12db', 30, 'completed', '2026-03-23T21:01:00.000Z');
INSERT INTO order_items (id, order_id, product_id, quantity, unit_price, subtotal, created_at) 
                      VALUES ('cb4dfb63-642a-465e-a20a-c1fb62880cdb', 'e7f365b0-7bcc-4fcd-97fa-d07119460c8d', 'c865d401-6592-418d-98d5-1aa633799680', 1, 30, 30, '2026-03-23T21:01:00.000Z');
INSERT INTO audit_logs (id, action, user_id, description, level, created_at) 
                  VALUES ('150e8c6b-f6da-466f-934d-b37ad42f290a', 'USER_LOGIN', 'da273443-bae3-4781-ae4e-819d0c9d56a6', 'Vendedor inició sesión para jornada', 'info', '2026-03-23T14:08:00.000Z');
INSERT INTO daily_sales (id, seller_id, sale_date, total_investment, total_revenue, units_sold, units_lost, total_waste_cost, is_closed) 
                  VALUES ('d8beea0f-b71b-436a-bca3-bce1cbde1dc1', 'da273443-bae3-4781-ae4e-819d0c9d56a6', '2026-03-23', 96, 275, 11, 1, 8, true);
INSERT INTO sale_details (id, daily_sale_id, product_id, quantity_prepared, quantity_sold, quantity_lost, unit_cost, unit_price, waste_cost, waste_reason) 
                  VALUES ('5520d1ab-aa9c-41a9-8d8f-2e68624b8f45', 'd8beea0f-b71b-436a-bca3-bce1cbde1dc1', 'ea84c406-f235-4e9c-b061-71ed9401e63b', 12, 11, 1, 8, 25, 8, 'expired');
INSERT INTO orders (id, buyer_id, seller_id, total_amount, status, created_at) 
                      VALUES ('70d8e5ed-3006-45d0-99d4-4f3ddec2e1f9', '6c8c4ad9-70e8-48cb-9ce8-5d01c349ffcc', 'da273443-bae3-4781-ae4e-819d0c9d56a6', 25, 'completed', '2026-03-23T18:44:00.000Z');
INSERT INTO order_items (id, order_id, product_id, quantity, unit_price, subtotal, created_at) 
                      VALUES ('2cab8bf3-e948-4e62-9a9e-b4faf549ec19', '70d8e5ed-3006-45d0-99d4-4f3ddec2e1f9', 'ea84c406-f235-4e9c-b061-71ed9401e63b', 1, 25, 25, '2026-03-23T18:44:00.000Z');
INSERT INTO orders (id, buyer_id, seller_id, total_amount, status, created_at) 
                      VALUES ('5cb8abe7-d95c-4074-ab93-4f2316d6eee3', 'ac51e939-ec0b-40c3-b3e7-39711b12845a', 'da273443-bae3-4781-ae4e-819d0c9d56a6', 25, 'completed', '2026-03-23T16:00:00.000Z');
INSERT INTO order_items (id, order_id, product_id, quantity, unit_price, subtotal, created_at) 
                      VALUES ('883a24c7-1034-48ff-944e-7ae9db4bb55d', '5cb8abe7-d95c-4074-ab93-4f2316d6eee3', 'ea84c406-f235-4e9c-b061-71ed9401e63b', 1, 25, 25, '2026-03-23T16:00:00.000Z');
INSERT INTO orders (id, buyer_id, seller_id, total_amount, status, created_at) 
                      VALUES ('4c391afc-bc11-4951-93c9-33ad43e619bb', '79768ab4-b021-418b-bf3c-0dd52f857b65', 'da273443-bae3-4781-ae4e-819d0c9d56a6', 25, 'completed', '2026-03-23T16:32:00.000Z');
INSERT INTO order_items (id, order_id, product_id, quantity, unit_price, subtotal, created_at) 
                      VALUES ('129cc3fc-314c-4731-88e9-c0b3642a60b4', '4c391afc-bc11-4951-93c9-33ad43e619bb', 'ea84c406-f235-4e9c-b061-71ed9401e63b', 1, 25, 25, '2026-03-23T16:32:00.000Z');
INSERT INTO orders (id, buyer_id, seller_id, total_amount, status, created_at) 
                      VALUES ('efbc463c-3a01-459b-a6e8-605b9319a05e', '6c8c4ad9-70e8-48cb-9ce8-5d01c349ffcc', 'da273443-bae3-4781-ae4e-819d0c9d56a6', 25, 'completed', '2026-03-23T21:26:00.000Z');
INSERT INTO order_items (id, order_id, product_id, quantity, unit_price, subtotal, created_at) 
                      VALUES ('9a31ce0e-9202-4c7a-8fbc-b99052ecd0e1', 'efbc463c-3a01-459b-a6e8-605b9319a05e', 'ea84c406-f235-4e9c-b061-71ed9401e63b', 1, 25, 25, '2026-03-23T21:26:00.000Z');
INSERT INTO orders (id, buyer_id, seller_id, total_amount, status, created_at) 
                      VALUES ('28676534-0011-4d81-bea5-8ab3731db355', 'aa9e3c8c-e997-4408-ac68-6265851f972d', 'da273443-bae3-4781-ae4e-819d0c9d56a6', 25, 'completed', '2026-03-23T19:29:00.000Z');
INSERT INTO order_items (id, order_id, product_id, quantity, unit_price, subtotal, created_at) 
                      VALUES ('b8a4be07-070a-4c67-8148-81c08134e5dd', '28676534-0011-4d81-bea5-8ab3731db355', 'ea84c406-f235-4e9c-b061-71ed9401e63b', 1, 25, 25, '2026-03-23T19:29:00.000Z');
INSERT INTO orders (id, buyer_id, seller_id, total_amount, status, created_at) 
                      VALUES ('e2fc8439-5877-4dcb-a0c7-e043de142d51', 'b03c172d-3388-458c-8054-b6ad7db24e27', 'da273443-bae3-4781-ae4e-819d0c9d56a6', 25, 'completed', '2026-03-23T20:10:00.000Z');
INSERT INTO order_items (id, order_id, product_id, quantity, unit_price, subtotal, created_at) 
                      VALUES ('049df5a2-3767-43dd-b8f7-e475692f6b5c', 'e2fc8439-5877-4dcb-a0c7-e043de142d51', 'ea84c406-f235-4e9c-b061-71ed9401e63b', 1, 25, 25, '2026-03-23T20:10:00.000Z');
INSERT INTO orders (id, buyer_id, seller_id, total_amount, status, created_at) 
                      VALUES ('60c63190-d8d6-4b9a-aacf-6eeb1f1a8e7f', 'ac51e939-ec0b-40c3-b3e7-39711b12845a', 'da273443-bae3-4781-ae4e-819d0c9d56a6', 25, 'completed', '2026-03-23T18:56:00.000Z');
INSERT INTO order_items (id, order_id, product_id, quantity, unit_price, subtotal, created_at) 
                      VALUES ('f0d0ec6e-b345-4e52-aa9b-90aa9513d888', '60c63190-d8d6-4b9a-aacf-6eeb1f1a8e7f', 'ea84c406-f235-4e9c-b061-71ed9401e63b', 1, 25, 25, '2026-03-23T18:56:00.000Z');
INSERT INTO orders (id, buyer_id, seller_id, total_amount, status, created_at) 
                      VALUES ('751b018d-e729-4884-b97d-6889ae304829', '233694a0-da98-4b19-8640-7b99f406554e', 'da273443-bae3-4781-ae4e-819d0c9d56a6', 25, 'completed', '2026-03-23T18:56:00.000Z');
INSERT INTO order_items (id, order_id, product_id, quantity, unit_price, subtotal, created_at) 
                      VALUES ('dad423c1-434e-4dc4-a31c-0bd75d1d8086', '751b018d-e729-4884-b97d-6889ae304829', 'ea84c406-f235-4e9c-b061-71ed9401e63b', 1, 25, 25, '2026-03-23T18:56:00.000Z');
INSERT INTO orders (id, buyer_id, seller_id, total_amount, status, created_at) 
                      VALUES ('ee1c888a-f05b-4222-813b-2c1a5c7332cf', 'aa9e3c8c-e997-4408-ac68-6265851f972d', 'da273443-bae3-4781-ae4e-819d0c9d56a6', 25, 'completed', '2026-03-23T17:27:00.000Z');
INSERT INTO order_items (id, order_id, product_id, quantity, unit_price, subtotal, created_at) 
                      VALUES ('a1a5b879-27bd-4501-bae1-85abcb2ff66b', 'ee1c888a-f05b-4222-813b-2c1a5c7332cf', 'ea84c406-f235-4e9c-b061-71ed9401e63b', 1, 25, 25, '2026-03-23T17:27:00.000Z');
INSERT INTO orders (id, buyer_id, seller_id, total_amount, status, created_at) 
                      VALUES ('0e0e070d-2248-4b9f-a77c-66e8d579f58a', '233694a0-da98-4b19-8640-7b99f406554e', 'da273443-bae3-4781-ae4e-819d0c9d56a6', 25, 'completed', '2026-03-23T17:50:00.000Z');
INSERT INTO order_items (id, order_id, product_id, quantity, unit_price, subtotal, created_at) 
                      VALUES ('6212552c-2ad4-4326-9546-f657f289b733', '0e0e070d-2248-4b9f-a77c-66e8d579f58a', 'ea84c406-f235-4e9c-b061-71ed9401e63b', 1, 25, 25, '2026-03-23T17:50:00.000Z');
INSERT INTO orders (id, buyer_id, seller_id, total_amount, status, created_at) 
                      VALUES ('cdd3dfc1-c594-4990-873f-7051218eb6db', 'b03c172d-3388-458c-8054-b6ad7db24e27', 'da273443-bae3-4781-ae4e-819d0c9d56a6', 25, 'completed', '2026-03-23T21:07:00.000Z');
INSERT INTO order_items (id, order_id, product_id, quantity, unit_price, subtotal, created_at) 
                      VALUES ('5a2872e9-5a1e-40ad-bed7-91a8ff1f00f2', 'cdd3dfc1-c594-4990-873f-7051218eb6db', 'ea84c406-f235-4e9c-b061-71ed9401e63b', 1, 25, 25, '2026-03-23T21:07:00.000Z');
INSERT INTO audit_logs (id, action, user_id, description, level, created_at) 
                  VALUES ('359275c4-a8c4-4de1-94cc-363b74964acc', 'USER_LOGIN', 'cdc7b576-3957-4e3f-9e87-6630e4ef1950', 'Vendedor inició sesión para jornada', 'info', '2026-03-23T14:13:00.000Z');
INSERT INTO daily_sales (id, seller_id, sale_date, total_investment, total_revenue, units_sold, units_lost, total_waste_cost, is_closed) 
                  VALUES ('021ef6dc-ccbf-480a-a62b-d399a66f29f3', 'cdc7b576-3957-4e3f-9e87-6630e4ef1950', '2026-03-23', 250, 495, 9, 1, 25, true);
INSERT INTO sale_details (id, daily_sale_id, product_id, quantity_prepared, quantity_sold, quantity_lost, unit_cost, unit_price, waste_cost, waste_reason) 
                  VALUES ('03fccf9f-ce2e-4170-bf72-ccf846bf9b1d', '021ef6dc-ccbf-480a-a62b-d399a66f29f3', '49e54b55-6e07-407b-9dac-36e93e1f8aa2', 10, 9, 1, 25, 55, 25, 'expired');
INSERT INTO orders (id, buyer_id, seller_id, total_amount, status, created_at) 
                      VALUES ('f0ac93a0-d630-4a98-b97e-04cfb122a0e3', 'aa9e3c8c-e997-4408-ac68-6265851f972d', 'cdc7b576-3957-4e3f-9e87-6630e4ef1950', 55, 'completed', '2026-03-23T18:45:00.000Z');
INSERT INTO order_items (id, order_id, product_id, quantity, unit_price, subtotal, created_at) 
                      VALUES ('b959702e-ae50-4148-9caf-d81790c0a7f6', 'f0ac93a0-d630-4a98-b97e-04cfb122a0e3', '49e54b55-6e07-407b-9dac-36e93e1f8aa2', 1, 55, 55, '2026-03-23T18:45:00.000Z');
INSERT INTO orders (id, buyer_id, seller_id, total_amount, status, created_at) 
                      VALUES ('4f7adde2-fa38-4cc6-867a-7f7005c9087a', 'b03c172d-3388-458c-8054-b6ad7db24e27', 'cdc7b576-3957-4e3f-9e87-6630e4ef1950', 55, 'completed', '2026-03-23T21:54:00.000Z');
INSERT INTO order_items (id, order_id, product_id, quantity, unit_price, subtotal, created_at) 
                      VALUES ('d371767b-f543-45b9-8ca0-99519015e981', '4f7adde2-fa38-4cc6-867a-7f7005c9087a', '49e54b55-6e07-407b-9dac-36e93e1f8aa2', 1, 55, 55, '2026-03-23T21:54:00.000Z');
INSERT INTO orders (id, buyer_id, seller_id, total_amount, status, created_at) 
                      VALUES ('29b01d21-ea86-4cbe-9544-775e14221b14', 'aa9e3c8c-e997-4408-ac68-6265851f972d', 'cdc7b576-3957-4e3f-9e87-6630e4ef1950', 55, 'completed', '2026-03-23T21:00:00.000Z');
INSERT INTO order_items (id, order_id, product_id, quantity, unit_price, subtotal, created_at) 
                      VALUES ('14a1c690-7900-4bf4-8a5f-ca8db995f75b', '29b01d21-ea86-4cbe-9544-775e14221b14', '49e54b55-6e07-407b-9dac-36e93e1f8aa2', 1, 55, 55, '2026-03-23T21:00:00.000Z');
INSERT INTO orders (id, buyer_id, seller_id, total_amount, status, created_at) 
                      VALUES ('86e3128a-17df-4d72-917e-7da978234949', '6c8c4ad9-70e8-48cb-9ce8-5d01c349ffcc', 'cdc7b576-3957-4e3f-9e87-6630e4ef1950', 55, 'completed', '2026-03-23T21:07:00.000Z');
INSERT INTO order_items (id, order_id, product_id, quantity, unit_price, subtotal, created_at) 
                      VALUES ('9cc8ba66-32b6-4913-b674-8eebaf596cb3', '86e3128a-17df-4d72-917e-7da978234949', '49e54b55-6e07-407b-9dac-36e93e1f8aa2', 1, 55, 55, '2026-03-23T21:07:00.000Z');
INSERT INTO orders (id, buyer_id, seller_id, total_amount, status, created_at) 
                      VALUES ('c0a4ea50-dd2f-4ff2-9817-c10776983b62', 'aa9e3c8c-e997-4408-ac68-6265851f972d', 'cdc7b576-3957-4e3f-9e87-6630e4ef1950', 55, 'completed', '2026-03-23T16:10:00.000Z');
INSERT INTO order_items (id, order_id, product_id, quantity, unit_price, subtotal, created_at) 
                      VALUES ('1e4c8071-8cdd-4c07-8c06-79da456bfd4b', 'c0a4ea50-dd2f-4ff2-9817-c10776983b62', '49e54b55-6e07-407b-9dac-36e93e1f8aa2', 1, 55, 55, '2026-03-23T16:10:00.000Z');
INSERT INTO orders (id, buyer_id, seller_id, total_amount, status, created_at) 
                      VALUES ('6f10171b-94b4-4a43-ab9a-5d5708975bf3', '233694a0-da98-4b19-8640-7b99f406554e', 'cdc7b576-3957-4e3f-9e87-6630e4ef1950', 55, 'completed', '2026-03-23T18:02:00.000Z');
INSERT INTO order_items (id, order_id, product_id, quantity, unit_price, subtotal, created_at) 
                      VALUES ('44a050dc-86fe-45a5-9edb-a1ae61c74eb2', '6f10171b-94b4-4a43-ab9a-5d5708975bf3', '49e54b55-6e07-407b-9dac-36e93e1f8aa2', 1, 55, 55, '2026-03-23T18:02:00.000Z');
INSERT INTO orders (id, buyer_id, seller_id, total_amount, status, created_at) 
                      VALUES ('710e60c4-072b-43b0-b517-4e62170faf3b', '1161fb73-809d-4954-a73a-738a9a1868f7', 'cdc7b576-3957-4e3f-9e87-6630e4ef1950', 55, 'completed', '2026-03-23T18:26:00.000Z');
INSERT INTO order_items (id, order_id, product_id, quantity, unit_price, subtotal, created_at) 
                      VALUES ('4c1a2b1f-3f2a-4eec-9fc2-459035a3389f', '710e60c4-072b-43b0-b517-4e62170faf3b', '49e54b55-6e07-407b-9dac-36e93e1f8aa2', 1, 55, 55, '2026-03-23T18:26:00.000Z');
INSERT INTO orders (id, buyer_id, seller_id, total_amount, status, created_at) 
                      VALUES ('bce17bfa-0463-425b-b790-0666395af71d', '79768ab4-b021-418b-bf3c-0dd52f857b65', 'cdc7b576-3957-4e3f-9e87-6630e4ef1950', 55, 'completed', '2026-03-23T19:07:00.000Z');
INSERT INTO order_items (id, order_id, product_id, quantity, unit_price, subtotal, created_at) 
                      VALUES ('dd677e4a-bbdf-4c56-9958-2f5e9d544a0f', 'bce17bfa-0463-425b-b790-0666395af71d', '49e54b55-6e07-407b-9dac-36e93e1f8aa2', 1, 55, 55, '2026-03-23T19:07:00.000Z');
INSERT INTO orders (id, buyer_id, seller_id, total_amount, status, created_at) 
                      VALUES ('88d226ad-e956-4fb1-8bab-90768eafafc4', 'aa9e3c8c-e997-4408-ac68-6265851f972d', 'cdc7b576-3957-4e3f-9e87-6630e4ef1950', 55, 'completed', '2026-03-23T17:08:00.000Z');
INSERT INTO order_items (id, order_id, product_id, quantity, unit_price, subtotal, created_at) 
                      VALUES ('b8532c14-c062-4581-8bf0-dca9810de002', '88d226ad-e956-4fb1-8bab-90768eafafc4', '49e54b55-6e07-407b-9dac-36e93e1f8aa2', 1, 55, 55, '2026-03-23T17:08:00.000Z');
INSERT INTO audit_logs (id, action, user_id, description, level, created_at) 
                  VALUES ('3a590e05-295d-49cd-8e52-d84a466a6afe', 'USER_LOGIN', '6adabb60-eed5-4dd0-b80c-41983dd81404', 'Vendedor inició sesión para jornada', 'info', '2026-03-24T14:06:00.000Z');
INSERT INTO daily_sales (id, seller_id, sale_date, total_investment, total_revenue, units_sold, units_lost, total_waste_cost, is_closed) 
                  VALUES ('4b0c0f56-fcc8-464b-a86d-e133f3e0cded', '6adabb60-eed5-4dd0-b80c-41983dd81404', '2026-03-24', 520, 900, 12, 1, 40, true);
INSERT INTO sale_details (id, daily_sale_id, product_id, quantity_prepared, quantity_sold, quantity_lost, unit_cost, unit_price, waste_cost, waste_reason) 
                  VALUES ('91d3caec-c420-4d51-868f-d1adb1d62594', '4b0c0f56-fcc8-464b-a86d-e133f3e0cded', 'cd4cb45a-05bc-4729-bb2a-06d122f369fc', 13, 12, 1, 40, 75, 40, 'expired');
INSERT INTO orders (id, buyer_id, seller_id, total_amount, status, created_at) 
                      VALUES ('339f1fab-0bf0-436e-b336-b3cf960080ce', '1161fb73-809d-4954-a73a-738a9a1868f7', '6adabb60-eed5-4dd0-b80c-41983dd81404', 75, 'completed', '2026-03-24T18:33:00.000Z');
INSERT INTO order_items (id, order_id, product_id, quantity, unit_price, subtotal, created_at) 
                      VALUES ('e518b5ad-49dd-4503-adee-6128d723969b', '339f1fab-0bf0-436e-b336-b3cf960080ce', 'cd4cb45a-05bc-4729-bb2a-06d122f369fc', 1, 75, 75, '2026-03-24T18:33:00.000Z');
INSERT INTO orders (id, buyer_id, seller_id, total_amount, status, created_at) 
                      VALUES ('010e0480-d26b-4005-abc6-9ab877770bc1', 'ac51e939-ec0b-40c3-b3e7-39711b12845a', '6adabb60-eed5-4dd0-b80c-41983dd81404', 75, 'completed', '2026-03-24T21:38:00.000Z');
INSERT INTO order_items (id, order_id, product_id, quantity, unit_price, subtotal, created_at) 
                      VALUES ('566103d0-43ae-4ca6-9917-534048ed2dee', '010e0480-d26b-4005-abc6-9ab877770bc1', 'cd4cb45a-05bc-4729-bb2a-06d122f369fc', 1, 75, 75, '2026-03-24T21:38:00.000Z');
INSERT INTO orders (id, buyer_id, seller_id, total_amount, status, created_at) 
                      VALUES ('41a81af0-1126-42e2-b8e0-9ee083a3c308', '233694a0-da98-4b19-8640-7b99f406554e', '6adabb60-eed5-4dd0-b80c-41983dd81404', 75, 'completed', '2026-03-24T17:16:00.000Z');
INSERT INTO order_items (id, order_id, product_id, quantity, unit_price, subtotal, created_at) 
                      VALUES ('4ad21af4-6136-43e1-8de7-4887be42797a', '41a81af0-1126-42e2-b8e0-9ee083a3c308', 'cd4cb45a-05bc-4729-bb2a-06d122f369fc', 1, 75, 75, '2026-03-24T17:16:00.000Z');
INSERT INTO orders (id, buyer_id, seller_id, total_amount, status, created_at) 
                      VALUES ('d1724030-a754-4fe6-8f27-f17cf31fc35c', '1161fb73-809d-4954-a73a-738a9a1868f7', '6adabb60-eed5-4dd0-b80c-41983dd81404', 75, 'completed', '2026-03-24T21:25:00.000Z');
INSERT INTO order_items (id, order_id, product_id, quantity, unit_price, subtotal, created_at) 
                      VALUES ('b3a83aee-dcfb-4ab1-a32f-95acd3505acd', 'd1724030-a754-4fe6-8f27-f17cf31fc35c', 'cd4cb45a-05bc-4729-bb2a-06d122f369fc', 1, 75, 75, '2026-03-24T21:25:00.000Z');
INSERT INTO orders (id, buyer_id, seller_id, total_amount, status, created_at) 
                      VALUES ('1cb203ff-f7a5-42b7-b538-89c52a1253fd', '6c8c4ad9-70e8-48cb-9ce8-5d01c349ffcc', '6adabb60-eed5-4dd0-b80c-41983dd81404', 75, 'completed', '2026-03-24T16:33:00.000Z');
INSERT INTO order_items (id, order_id, product_id, quantity, unit_price, subtotal, created_at) 
                      VALUES ('a312117b-1857-4a6f-b75a-4b8c7bb73547', '1cb203ff-f7a5-42b7-b538-89c52a1253fd', 'cd4cb45a-05bc-4729-bb2a-06d122f369fc', 1, 75, 75, '2026-03-24T16:33:00.000Z');
INSERT INTO orders (id, buyer_id, seller_id, total_amount, status, created_at) 
                      VALUES ('0377493e-9671-4ac0-ba1a-b8ee9431676e', 'b03c172d-3388-458c-8054-b6ad7db24e27', '6adabb60-eed5-4dd0-b80c-41983dd81404', 75, 'completed', '2026-03-24T16:23:00.000Z');
INSERT INTO order_items (id, order_id, product_id, quantity, unit_price, subtotal, created_at) 
                      VALUES ('0d9a9439-590d-43ea-8437-e59f64218ef7', '0377493e-9671-4ac0-ba1a-b8ee9431676e', 'cd4cb45a-05bc-4729-bb2a-06d122f369fc', 1, 75, 75, '2026-03-24T16:23:00.000Z');
INSERT INTO orders (id, buyer_id, seller_id, total_amount, status, created_at) 
                      VALUES ('60e45776-200e-4efb-901d-7f8ef88d232c', '6c8c4ad9-70e8-48cb-9ce8-5d01c349ffcc', '6adabb60-eed5-4dd0-b80c-41983dd81404', 75, 'completed', '2026-03-24T18:58:00.000Z');
INSERT INTO order_items (id, order_id, product_id, quantity, unit_price, subtotal, created_at) 
                      VALUES ('978a6b47-4077-4297-97f5-e7dc7a67e209', '60e45776-200e-4efb-901d-7f8ef88d232c', 'cd4cb45a-05bc-4729-bb2a-06d122f369fc', 1, 75, 75, '2026-03-24T18:58:00.000Z');
INSERT INTO orders (id, buyer_id, seller_id, total_amount, status, created_at) 
                      VALUES ('64d8b887-b6a0-4449-bcec-67e1bf9ec9e9', '79768ab4-b021-418b-bf3c-0dd52f857b65', '6adabb60-eed5-4dd0-b80c-41983dd81404', 75, 'completed', '2026-03-24T17:49:00.000Z');
INSERT INTO order_items (id, order_id, product_id, quantity, unit_price, subtotal, created_at) 
                      VALUES ('6de2bffd-4b7e-4053-ab48-c715c0aad01f', '64d8b887-b6a0-4449-bcec-67e1bf9ec9e9', 'cd4cb45a-05bc-4729-bb2a-06d122f369fc', 1, 75, 75, '2026-03-24T17:49:00.000Z');
INSERT INTO orders (id, buyer_id, seller_id, total_amount, status, created_at) 
                      VALUES ('423eb7ad-749e-4d61-bc8f-a55dc5937856', '233694a0-da98-4b19-8640-7b99f406554e', '6adabb60-eed5-4dd0-b80c-41983dd81404', 75, 'completed', '2026-03-24T19:38:00.000Z');
INSERT INTO order_items (id, order_id, product_id, quantity, unit_price, subtotal, created_at) 
                      VALUES ('a697ac41-3b71-495a-adf4-17d78ca6540b', '423eb7ad-749e-4d61-bc8f-a55dc5937856', 'cd4cb45a-05bc-4729-bb2a-06d122f369fc', 1, 75, 75, '2026-03-24T19:38:00.000Z');
INSERT INTO orders (id, buyer_id, seller_id, total_amount, status, created_at) 
                      VALUES ('3605fbf6-a112-4360-b47c-b5d1ca63901f', '6c8c4ad9-70e8-48cb-9ce8-5d01c349ffcc', '6adabb60-eed5-4dd0-b80c-41983dd81404', 75, 'completed', '2026-03-24T19:25:00.000Z');
INSERT INTO order_items (id, order_id, product_id, quantity, unit_price, subtotal, created_at) 
                      VALUES ('1f1f9ba2-6578-49f4-8110-bd4c994c4c85', '3605fbf6-a112-4360-b47c-b5d1ca63901f', 'cd4cb45a-05bc-4729-bb2a-06d122f369fc', 1, 75, 75, '2026-03-24T19:25:00.000Z');
INSERT INTO orders (id, buyer_id, seller_id, total_amount, status, created_at) 
                      VALUES ('58ef638d-a2a6-4ebf-a29f-aa79c436ebb9', 'b03c172d-3388-458c-8054-b6ad7db24e27', '6adabb60-eed5-4dd0-b80c-41983dd81404', 75, 'completed', '2026-03-24T21:19:00.000Z');
INSERT INTO order_items (id, order_id, product_id, quantity, unit_price, subtotal, created_at) 
                      VALUES ('e256ea8a-cae3-4ff0-b7b4-4102817f49a0', '58ef638d-a2a6-4ebf-a29f-aa79c436ebb9', 'cd4cb45a-05bc-4729-bb2a-06d122f369fc', 1, 75, 75, '2026-03-24T21:19:00.000Z');
INSERT INTO orders (id, buyer_id, seller_id, total_amount, status, created_at) 
                      VALUES ('5dae999c-22a5-4882-9932-23153ccf14c1', '233694a0-da98-4b19-8640-7b99f406554e', '6adabb60-eed5-4dd0-b80c-41983dd81404', 75, 'completed', '2026-03-24T17:57:00.000Z');
INSERT INTO order_items (id, order_id, product_id, quantity, unit_price, subtotal, created_at) 
                      VALUES ('c672a9e4-30bf-4f24-912f-89a84bed844a', '5dae999c-22a5-4882-9932-23153ccf14c1', 'cd4cb45a-05bc-4729-bb2a-06d122f369fc', 1, 75, 75, '2026-03-24T17:57:00.000Z');
INSERT INTO audit_logs (id, action, user_id, description, level, created_at) 
                  VALUES ('d393bb2a-d8ff-47d7-a8eb-3096df96e606', 'USER_LOGIN', '5f552e5d-c288-453c-a685-b287e1c0c64a', 'Vendedor inició sesión para jornada', 'info', '2026-03-24T14:22:00.000Z');
INSERT INTO daily_sales (id, seller_id, sale_date, total_investment, total_revenue, units_sold, units_lost, total_waste_cost, is_closed) 
                  VALUES ('168662d0-72e9-4d9d-b6bb-41c395043eea', '5f552e5d-c288-453c-a685-b287e1c0c64a', '2026-03-24', 280, 585, 13, 1, 20, true);
INSERT INTO sale_details (id, daily_sale_id, product_id, quantity_prepared, quantity_sold, quantity_lost, unit_cost, unit_price, waste_cost, waste_reason) 
                  VALUES ('db3dc638-d210-4621-b5d1-fee0beb2a59f', '168662d0-72e9-4d9d-b6bb-41c395043eea', '90ccc3f8-627a-4af7-aab2-9c7967c2f50d', 14, 13, 1, 20, 45, 20, 'expired');
INSERT INTO orders (id, buyer_id, seller_id, total_amount, status, created_at) 
                      VALUES ('1fb36747-8b54-4c61-b672-3a20804e2755', 'aa9e3c8c-e997-4408-ac68-6265851f972d', '5f552e5d-c288-453c-a685-b287e1c0c64a', 45, 'completed', '2026-03-24T18:15:00.000Z');
INSERT INTO order_items (id, order_id, product_id, quantity, unit_price, subtotal, created_at) 
                      VALUES ('8fb1c6bc-aa74-4392-ab1e-8f209aaff526', '1fb36747-8b54-4c61-b672-3a20804e2755', '90ccc3f8-627a-4af7-aab2-9c7967c2f50d', 1, 45, 45, '2026-03-24T18:15:00.000Z');
INSERT INTO orders (id, buyer_id, seller_id, total_amount, status, created_at) 
                      VALUES ('c26fcbe5-cff2-40c6-bb96-634f205a7abb', 'ac51e939-ec0b-40c3-b3e7-39711b12845a', '5f552e5d-c288-453c-a685-b287e1c0c64a', 45, 'completed', '2026-03-24T16:12:00.000Z');
INSERT INTO order_items (id, order_id, product_id, quantity, unit_price, subtotal, created_at) 
                      VALUES ('b922963d-cb42-43d7-9909-98bd11d00691', 'c26fcbe5-cff2-40c6-bb96-634f205a7abb', '90ccc3f8-627a-4af7-aab2-9c7967c2f50d', 1, 45, 45, '2026-03-24T16:12:00.000Z');
INSERT INTO orders (id, buyer_id, seller_id, total_amount, status, created_at) 
                      VALUES ('e3d97d08-063f-456a-b14b-1ad4ee98d1d8', '79768ab4-b021-418b-bf3c-0dd52f857b65', '5f552e5d-c288-453c-a685-b287e1c0c64a', 45, 'completed', '2026-03-24T19:13:00.000Z');
INSERT INTO order_items (id, order_id, product_id, quantity, unit_price, subtotal, created_at) 
                      VALUES ('7d825af8-883c-4cdc-bd5c-c00c8c9f73ae', 'e3d97d08-063f-456a-b14b-1ad4ee98d1d8', '90ccc3f8-627a-4af7-aab2-9c7967c2f50d', 1, 45, 45, '2026-03-24T19:13:00.000Z');
INSERT INTO orders (id, buyer_id, seller_id, total_amount, status, created_at) 
                      VALUES ('fc75966f-6b03-4732-9460-288efaf78221', 'b03c172d-3388-458c-8054-b6ad7db24e27', '5f552e5d-c288-453c-a685-b287e1c0c64a', 45, 'completed', '2026-03-24T19:29:00.000Z');
INSERT INTO order_items (id, order_id, product_id, quantity, unit_price, subtotal, created_at) 
                      VALUES ('211c96a1-d45b-4a7f-86b1-62b2dcd993f2', 'fc75966f-6b03-4732-9460-288efaf78221', '90ccc3f8-627a-4af7-aab2-9c7967c2f50d', 1, 45, 45, '2026-03-24T19:29:00.000Z');
INSERT INTO orders (id, buyer_id, seller_id, total_amount, status, created_at) 
                      VALUES ('fef33f57-decc-4509-9df9-882b9c98ce3b', 'ac51e939-ec0b-40c3-b3e7-39711b12845a', '5f552e5d-c288-453c-a685-b287e1c0c64a', 45, 'completed', '2026-03-24T21:48:00.000Z');
INSERT INTO order_items (id, order_id, product_id, quantity, unit_price, subtotal, created_at) 
                      VALUES ('48db7d52-cd77-44e2-8cf0-26fb4d4b814a', 'fef33f57-decc-4509-9df9-882b9c98ce3b', '90ccc3f8-627a-4af7-aab2-9c7967c2f50d', 1, 45, 45, '2026-03-24T21:48:00.000Z');
INSERT INTO orders (id, buyer_id, seller_id, total_amount, status, created_at) 
                      VALUES ('9adef6c6-72d4-4c96-bae8-09886a325b53', 'aa9e3c8c-e997-4408-ac68-6265851f972d', '5f552e5d-c288-453c-a685-b287e1c0c64a', 45, 'completed', '2026-03-24T16:07:00.000Z');
INSERT INTO order_items (id, order_id, product_id, quantity, unit_price, subtotal, created_at) 
                      VALUES ('11302509-4968-4db2-8bcb-9f20b9a355b5', '9adef6c6-72d4-4c96-bae8-09886a325b53', '90ccc3f8-627a-4af7-aab2-9c7967c2f50d', 1, 45, 45, '2026-03-24T16:07:00.000Z');
INSERT INTO orders (id, buyer_id, seller_id, total_amount, status, created_at) 
                      VALUES ('09ae94d3-e0a7-4f42-bab8-a7dd47d843be', '79768ab4-b021-418b-bf3c-0dd52f857b65', '5f552e5d-c288-453c-a685-b287e1c0c64a', 45, 'completed', '2026-03-24T17:30:00.000Z');
INSERT INTO order_items (id, order_id, product_id, quantity, unit_price, subtotal, created_at) 
                      VALUES ('374767aa-14dc-4dbf-8c57-8670518c1d13', '09ae94d3-e0a7-4f42-bab8-a7dd47d843be', '90ccc3f8-627a-4af7-aab2-9c7967c2f50d', 1, 45, 45, '2026-03-24T17:30:00.000Z');
INSERT INTO orders (id, buyer_id, seller_id, total_amount, status, created_at) 
                      VALUES ('f1270444-ca35-404b-9903-03574cca6df1', '1161fb73-809d-4954-a73a-738a9a1868f7', '5f552e5d-c288-453c-a685-b287e1c0c64a', 45, 'completed', '2026-03-24T17:05:00.000Z');
INSERT INTO order_items (id, order_id, product_id, quantity, unit_price, subtotal, created_at) 
                      VALUES ('79c2e563-60a6-490b-b9d5-49c6b8dfb4e8', 'f1270444-ca35-404b-9903-03574cca6df1', '90ccc3f8-627a-4af7-aab2-9c7967c2f50d', 1, 45, 45, '2026-03-24T17:05:00.000Z');
INSERT INTO orders (id, buyer_id, seller_id, total_amount, status, created_at) 
                      VALUES ('073f7848-8158-45f4-9244-a35baf0f2284', 'ac51e939-ec0b-40c3-b3e7-39711b12845a', '5f552e5d-c288-453c-a685-b287e1c0c64a', 45, 'completed', '2026-03-24T18:54:00.000Z');
INSERT INTO order_items (id, order_id, product_id, quantity, unit_price, subtotal, created_at) 
                      VALUES ('e30c4ede-df0e-4e68-97d8-e938915f7042', '073f7848-8158-45f4-9244-a35baf0f2284', '90ccc3f8-627a-4af7-aab2-9c7967c2f50d', 1, 45, 45, '2026-03-24T18:54:00.000Z');
INSERT INTO orders (id, buyer_id, seller_id, total_amount, status, created_at) 
                      VALUES ('1aa326ea-4e43-4a9d-b867-c816b5241079', '1161fb73-809d-4954-a73a-738a9a1868f7', '5f552e5d-c288-453c-a685-b287e1c0c64a', 45, 'completed', '2026-03-24T18:17:00.000Z');
INSERT INTO order_items (id, order_id, product_id, quantity, unit_price, subtotal, created_at) 
                      VALUES ('154f3a20-0661-4ae1-8c30-05d8f3230226', '1aa326ea-4e43-4a9d-b867-c816b5241079', '90ccc3f8-627a-4af7-aab2-9c7967c2f50d', 1, 45, 45, '2026-03-24T18:17:00.000Z');
INSERT INTO orders (id, buyer_id, seller_id, total_amount, status, created_at) 
                      VALUES ('ab3d6327-0787-4551-97a9-87c04297e967', 'ac51e939-ec0b-40c3-b3e7-39711b12845a', '5f552e5d-c288-453c-a685-b287e1c0c64a', 45, 'completed', '2026-03-24T19:05:00.000Z');
INSERT INTO order_items (id, order_id, product_id, quantity, unit_price, subtotal, created_at) 
                      VALUES ('122195ca-d63e-4dc6-b68c-ece6ac444aad', 'ab3d6327-0787-4551-97a9-87c04297e967', '90ccc3f8-627a-4af7-aab2-9c7967c2f50d', 1, 45, 45, '2026-03-24T19:05:00.000Z');
INSERT INTO orders (id, buyer_id, seller_id, total_amount, status, created_at) 
                      VALUES ('aa7b8e78-7f6d-491a-98ed-82b725d2e422', 'ac51e939-ec0b-40c3-b3e7-39711b12845a', '5f552e5d-c288-453c-a685-b287e1c0c64a', 45, 'completed', '2026-03-24T18:58:00.000Z');
INSERT INTO order_items (id, order_id, product_id, quantity, unit_price, subtotal, created_at) 
                      VALUES ('074e8354-5e7a-43cb-9e1a-d5c7df2acdbd', 'aa7b8e78-7f6d-491a-98ed-82b725d2e422', '90ccc3f8-627a-4af7-aab2-9c7967c2f50d', 1, 45, 45, '2026-03-24T18:58:00.000Z');
INSERT INTO orders (id, buyer_id, seller_id, total_amount, status, created_at) 
                      VALUES ('ef687071-6c14-4fc3-a337-a311e84f4ff8', '79768ab4-b021-418b-bf3c-0dd52f857b65', '5f552e5d-c288-453c-a685-b287e1c0c64a', 45, 'completed', '2026-03-24T18:05:00.000Z');
INSERT INTO order_items (id, order_id, product_id, quantity, unit_price, subtotal, created_at) 
                      VALUES ('07be2312-5da5-4f18-8f5c-633b51a132c5', 'ef687071-6c14-4fc3-a337-a311e84f4ff8', '90ccc3f8-627a-4af7-aab2-9c7967c2f50d', 1, 45, 45, '2026-03-24T18:05:00.000Z');
INSERT INTO audit_logs (id, action, user_id, description, level, created_at) 
                  VALUES ('6f469439-10d9-48ea-8751-b347220d9278', 'USER_LOGIN', '522afd0e-5b6f-4f57-be80-46fd79ba12db', 'Vendedor inició sesión para jornada', 'info', '2026-03-24T14:26:00.000Z');
INSERT INTO daily_sales (id, seller_id, sale_date, total_investment, total_revenue, units_sold, units_lost, total_waste_cost, is_closed) 
                  VALUES ('b8deac55-8022-4103-bb49-c6f28113c6b1', '522afd0e-5b6f-4f57-be80-46fd79ba12db', '2026-03-24', 120, 300, 10, 0, 0, true);
INSERT INTO sale_details (id, daily_sale_id, product_id, quantity_prepared, quantity_sold, quantity_lost, unit_cost, unit_price, waste_cost, waste_reason) 
                  VALUES ('c82b9ab6-5503-4adb-b339-d0b35512f80e', 'b8deac55-8022-4103-bb49-c6f28113c6b1', 'c865d401-6592-418d-98d5-1aa633799680', 10, 10, 0, 12, 30, 0, 'expired');
INSERT INTO orders (id, buyer_id, seller_id, total_amount, status, created_at) 
                      VALUES ('e4ffe078-5b76-4f26-9b31-d7207adf241c', 'aa9e3c8c-e997-4408-ac68-6265851f972d', '522afd0e-5b6f-4f57-be80-46fd79ba12db', 30, 'completed', '2026-03-24T16:56:00.000Z');
INSERT INTO order_items (id, order_id, product_id, quantity, unit_price, subtotal, created_at) 
                      VALUES ('d0f2a234-9ee1-4ef9-9e08-610f02add841', 'e4ffe078-5b76-4f26-9b31-d7207adf241c', 'c865d401-6592-418d-98d5-1aa633799680', 1, 30, 30, '2026-03-24T16:56:00.000Z');
INSERT INTO orders (id, buyer_id, seller_id, total_amount, status, created_at) 
                      VALUES ('eeea21c5-6dca-4c17-b356-4e4e771b97ed', 'aa9e3c8c-e997-4408-ac68-6265851f972d', '522afd0e-5b6f-4f57-be80-46fd79ba12db', 30, 'completed', '2026-03-24T16:45:00.000Z');
INSERT INTO order_items (id, order_id, product_id, quantity, unit_price, subtotal, created_at) 
                      VALUES ('9571c79c-5a47-4da0-9d08-1ea277fdbef2', 'eeea21c5-6dca-4c17-b356-4e4e771b97ed', 'c865d401-6592-418d-98d5-1aa633799680', 1, 30, 30, '2026-03-24T16:45:00.000Z');
INSERT INTO orders (id, buyer_id, seller_id, total_amount, status, created_at) 
                      VALUES ('5094d09e-a772-4f25-be59-46dbade4bf7e', 'b03c172d-3388-458c-8054-b6ad7db24e27', '522afd0e-5b6f-4f57-be80-46fd79ba12db', 30, 'completed', '2026-03-24T19:40:00.000Z');
INSERT INTO order_items (id, order_id, product_id, quantity, unit_price, subtotal, created_at) 
                      VALUES ('c272aea9-ff0d-47f3-9b46-d3077cc981ca', '5094d09e-a772-4f25-be59-46dbade4bf7e', 'c865d401-6592-418d-98d5-1aa633799680', 1, 30, 30, '2026-03-24T19:40:00.000Z');
INSERT INTO orders (id, buyer_id, seller_id, total_amount, status, created_at) 
                      VALUES ('cd9957fb-2326-48e5-8aea-a31a9d8f81ea', 'aa9e3c8c-e997-4408-ac68-6265851f972d', '522afd0e-5b6f-4f57-be80-46fd79ba12db', 30, 'completed', '2026-03-24T19:46:00.000Z');
INSERT INTO order_items (id, order_id, product_id, quantity, unit_price, subtotal, created_at) 
                      VALUES ('84c7ea88-e658-4413-8826-3b03be54db3e', 'cd9957fb-2326-48e5-8aea-a31a9d8f81ea', 'c865d401-6592-418d-98d5-1aa633799680', 1, 30, 30, '2026-03-24T19:46:00.000Z');
INSERT INTO orders (id, buyer_id, seller_id, total_amount, status, created_at) 
                      VALUES ('4e8a06d6-0d16-459a-ab99-1deda37993d5', 'aa9e3c8c-e997-4408-ac68-6265851f972d', '522afd0e-5b6f-4f57-be80-46fd79ba12db', 30, 'completed', '2026-03-24T18:39:00.000Z');
INSERT INTO order_items (id, order_id, product_id, quantity, unit_price, subtotal, created_at) 
                      VALUES ('7c918fae-0d15-4c3b-9ca7-d9d22a78a2d9', '4e8a06d6-0d16-459a-ab99-1deda37993d5', 'c865d401-6592-418d-98d5-1aa633799680', 1, 30, 30, '2026-03-24T18:39:00.000Z');
INSERT INTO orders (id, buyer_id, seller_id, total_amount, status, created_at) 
                      VALUES ('d6f3eb99-901b-41b7-ac22-0366fb617995', '233694a0-da98-4b19-8640-7b99f406554e', '522afd0e-5b6f-4f57-be80-46fd79ba12db', 30, 'completed', '2026-03-24T21:52:00.000Z');
INSERT INTO order_items (id, order_id, product_id, quantity, unit_price, subtotal, created_at) 
                      VALUES ('b415693b-2af2-4507-8a34-010331bac066', 'd6f3eb99-901b-41b7-ac22-0366fb617995', 'c865d401-6592-418d-98d5-1aa633799680', 1, 30, 30, '2026-03-24T21:52:00.000Z');
INSERT INTO orders (id, buyer_id, seller_id, total_amount, status, created_at) 
                      VALUES ('589d063e-b2ce-4639-8668-2f206d7b4c2b', 'aa9e3c8c-e997-4408-ac68-6265851f972d', '522afd0e-5b6f-4f57-be80-46fd79ba12db', 30, 'completed', '2026-03-24T19:36:00.000Z');
INSERT INTO order_items (id, order_id, product_id, quantity, unit_price, subtotal, created_at) 
                      VALUES ('27b127de-9b0d-4299-9bfa-534a335ba78d', '589d063e-b2ce-4639-8668-2f206d7b4c2b', 'c865d401-6592-418d-98d5-1aa633799680', 1, 30, 30, '2026-03-24T19:36:00.000Z');
INSERT INTO orders (id, buyer_id, seller_id, total_amount, status, created_at) 
                      VALUES ('ee321f08-4e02-4655-ab95-09a4ed100968', '6c8c4ad9-70e8-48cb-9ce8-5d01c349ffcc', '522afd0e-5b6f-4f57-be80-46fd79ba12db', 30, 'completed', '2026-03-24T16:59:00.000Z');
INSERT INTO order_items (id, order_id, product_id, quantity, unit_price, subtotal, created_at) 
                      VALUES ('c53f86a0-ab3e-482a-97a5-0eda147a3f83', 'ee321f08-4e02-4655-ab95-09a4ed100968', 'c865d401-6592-418d-98d5-1aa633799680', 1, 30, 30, '2026-03-24T16:59:00.000Z');
INSERT INTO orders (id, buyer_id, seller_id, total_amount, status, created_at) 
                      VALUES ('7f18a3a4-599d-49fd-8722-51ca4dc640e7', '6c8c4ad9-70e8-48cb-9ce8-5d01c349ffcc', '522afd0e-5b6f-4f57-be80-46fd79ba12db', 30, 'completed', '2026-03-24T20:17:00.000Z');
INSERT INTO order_items (id, order_id, product_id, quantity, unit_price, subtotal, created_at) 
                      VALUES ('bcfd17b1-e8e2-4889-af4b-479928294ebc', '7f18a3a4-599d-49fd-8722-51ca4dc640e7', 'c865d401-6592-418d-98d5-1aa633799680', 1, 30, 30, '2026-03-24T20:17:00.000Z');
INSERT INTO orders (id, buyer_id, seller_id, total_amount, status, created_at) 
                      VALUES ('f9d2f42c-1335-48f4-807a-d782a1085c79', '6c8c4ad9-70e8-48cb-9ce8-5d01c349ffcc', '522afd0e-5b6f-4f57-be80-46fd79ba12db', 30, 'completed', '2026-03-24T16:06:00.000Z');
INSERT INTO order_items (id, order_id, product_id, quantity, unit_price, subtotal, created_at) 
                      VALUES ('7e830617-cf4a-476e-b852-09a968413117', 'f9d2f42c-1335-48f4-807a-d782a1085c79', 'c865d401-6592-418d-98d5-1aa633799680', 1, 30, 30, '2026-03-24T16:06:00.000Z');
INSERT INTO audit_logs (id, action, user_id, description, level, created_at) 
                  VALUES ('1c1d332f-b0f7-42b2-9f8a-58843cfecb73', 'USER_LOGIN', 'da273443-bae3-4781-ae4e-819d0c9d56a6', 'Vendedor inició sesión para jornada', 'info', '2026-03-24T14:20:00.000Z');
INSERT INTO daily_sales (id, seller_id, sale_date, total_investment, total_revenue, units_sold, units_lost, total_waste_cost, is_closed) 
                  VALUES ('8f1d12eb-fe04-4444-91d1-f7e84be3c84f', 'da273443-bae3-4781-ae4e-819d0c9d56a6', '2026-03-24', 96, 250, 10, 2, 16, true);
INSERT INTO sale_details (id, daily_sale_id, product_id, quantity_prepared, quantity_sold, quantity_lost, unit_cost, unit_price, waste_cost, waste_reason) 
                  VALUES ('c4d4f0e0-5611-4473-acfe-e85eab7c6f79', '8f1d12eb-fe04-4444-91d1-f7e84be3c84f', 'ea84c406-f235-4e9c-b061-71ed9401e63b', 12, 10, 2, 8, 25, 16, 'expired');
INSERT INTO orders (id, buyer_id, seller_id, total_amount, status, created_at) 
                      VALUES ('734ac989-56ac-484a-b849-57d0445b617c', 'aa9e3c8c-e997-4408-ac68-6265851f972d', 'da273443-bae3-4781-ae4e-819d0c9d56a6', 25, 'completed', '2026-03-24T21:45:00.000Z');
INSERT INTO order_items (id, order_id, product_id, quantity, unit_price, subtotal, created_at) 
                      VALUES ('a07591ba-6c73-4a04-9c38-2963c369b175', '734ac989-56ac-484a-b849-57d0445b617c', 'ea84c406-f235-4e9c-b061-71ed9401e63b', 1, 25, 25, '2026-03-24T21:45:00.000Z');
INSERT INTO orders (id, buyer_id, seller_id, total_amount, status, created_at) 
                      VALUES ('717e5ef5-2f66-4b11-a7c9-864600dcfafc', 'aa9e3c8c-e997-4408-ac68-6265851f972d', 'da273443-bae3-4781-ae4e-819d0c9d56a6', 25, 'completed', '2026-03-24T16:01:00.000Z');
INSERT INTO order_items (id, order_id, product_id, quantity, unit_price, subtotal, created_at) 
                      VALUES ('517408a3-6d3c-4c63-a1f4-88e4083d9a7c', '717e5ef5-2f66-4b11-a7c9-864600dcfafc', 'ea84c406-f235-4e9c-b061-71ed9401e63b', 1, 25, 25, '2026-03-24T16:01:00.000Z');
INSERT INTO orders (id, buyer_id, seller_id, total_amount, status, created_at) 
                      VALUES ('cb1e99d2-a0ae-4427-af44-d8c961bfb9e2', 'ac51e939-ec0b-40c3-b3e7-39711b12845a', 'da273443-bae3-4781-ae4e-819d0c9d56a6', 25, 'completed', '2026-03-24T18:03:00.000Z');
INSERT INTO order_items (id, order_id, product_id, quantity, unit_price, subtotal, created_at) 
                      VALUES ('eeb0181f-a556-4a58-b09b-90a1ff9aaf82', 'cb1e99d2-a0ae-4427-af44-d8c961bfb9e2', 'ea84c406-f235-4e9c-b061-71ed9401e63b', 1, 25, 25, '2026-03-24T18:03:00.000Z');
INSERT INTO orders (id, buyer_id, seller_id, total_amount, status, created_at) 
                      VALUES ('b7aaa02f-744a-487a-bd5e-19e6189bd5fe', 'aa9e3c8c-e997-4408-ac68-6265851f972d', 'da273443-bae3-4781-ae4e-819d0c9d56a6', 25, 'completed', '2026-03-24T19:23:00.000Z');
INSERT INTO order_items (id, order_id, product_id, quantity, unit_price, subtotal, created_at) 
                      VALUES ('fa780aef-cf82-4aef-985f-ef48cf4f3dc7', 'b7aaa02f-744a-487a-bd5e-19e6189bd5fe', 'ea84c406-f235-4e9c-b061-71ed9401e63b', 1, 25, 25, '2026-03-24T19:23:00.000Z');
INSERT INTO orders (id, buyer_id, seller_id, total_amount, status, created_at) 
                      VALUES ('72f2f1fd-0355-4dd6-b823-58c4be348540', '79768ab4-b021-418b-bf3c-0dd52f857b65', 'da273443-bae3-4781-ae4e-819d0c9d56a6', 25, 'completed', '2026-03-24T17:08:00.000Z');
INSERT INTO order_items (id, order_id, product_id, quantity, unit_price, subtotal, created_at) 
                      VALUES ('4ad3d744-406b-42f5-89e0-566d33418afe', '72f2f1fd-0355-4dd6-b823-58c4be348540', 'ea84c406-f235-4e9c-b061-71ed9401e63b', 1, 25, 25, '2026-03-24T17:08:00.000Z');
INSERT INTO orders (id, buyer_id, seller_id, total_amount, status, created_at) 
                      VALUES ('96cee8bc-9dc2-43dd-b266-f397bba56f18', 'ac51e939-ec0b-40c3-b3e7-39711b12845a', 'da273443-bae3-4781-ae4e-819d0c9d56a6', 25, 'completed', '2026-03-24T19:22:00.000Z');
INSERT INTO order_items (id, order_id, product_id, quantity, unit_price, subtotal, created_at) 
                      VALUES ('22e5630c-5105-434a-a576-e0c7b68d7532', '96cee8bc-9dc2-43dd-b266-f397bba56f18', 'ea84c406-f235-4e9c-b061-71ed9401e63b', 1, 25, 25, '2026-03-24T19:22:00.000Z');
INSERT INTO orders (id, buyer_id, seller_id, total_amount, status, created_at) 
                      VALUES ('6caccc8f-c822-4a3b-a48a-bd2560e262cf', 'b03c172d-3388-458c-8054-b6ad7db24e27', 'da273443-bae3-4781-ae4e-819d0c9d56a6', 25, 'completed', '2026-03-24T19:38:00.000Z');
INSERT INTO order_items (id, order_id, product_id, quantity, unit_price, subtotal, created_at) 
                      VALUES ('fb549ee7-0e69-4550-8b04-a427c736adeb', '6caccc8f-c822-4a3b-a48a-bd2560e262cf', 'ea84c406-f235-4e9c-b061-71ed9401e63b', 1, 25, 25, '2026-03-24T19:38:00.000Z');
INSERT INTO orders (id, buyer_id, seller_id, total_amount, status, created_at) 
                      VALUES ('3152642e-b17a-43e0-bd0a-6ecdad5dca78', '233694a0-da98-4b19-8640-7b99f406554e', 'da273443-bae3-4781-ae4e-819d0c9d56a6', 25, 'completed', '2026-03-24T21:05:00.000Z');
INSERT INTO order_items (id, order_id, product_id, quantity, unit_price, subtotal, created_at) 
                      VALUES ('203c69cf-cdb2-43c1-8233-6568d71271b3', '3152642e-b17a-43e0-bd0a-6ecdad5dca78', 'ea84c406-f235-4e9c-b061-71ed9401e63b', 1, 25, 25, '2026-03-24T21:05:00.000Z');
INSERT INTO orders (id, buyer_id, seller_id, total_amount, status, created_at) 
                      VALUES ('6db7ed1c-f69c-45c3-a5b1-655ad7abd5b0', 'aa9e3c8c-e997-4408-ac68-6265851f972d', 'da273443-bae3-4781-ae4e-819d0c9d56a6', 25, 'completed', '2026-03-24T18:19:00.000Z');
INSERT INTO order_items (id, order_id, product_id, quantity, unit_price, subtotal, created_at) 
                      VALUES ('2a7c3fc5-8eea-4721-a564-80c96b012996', '6db7ed1c-f69c-45c3-a5b1-655ad7abd5b0', 'ea84c406-f235-4e9c-b061-71ed9401e63b', 1, 25, 25, '2026-03-24T18:19:00.000Z');
INSERT INTO orders (id, buyer_id, seller_id, total_amount, status, created_at) 
                      VALUES ('59e8c2ce-37d4-4a86-86dc-db38c70d5726', 'b03c172d-3388-458c-8054-b6ad7db24e27', 'da273443-bae3-4781-ae4e-819d0c9d56a6', 25, 'completed', '2026-03-24T19:02:00.000Z');
INSERT INTO order_items (id, order_id, product_id, quantity, unit_price, subtotal, created_at) 
                      VALUES ('eb0bf01e-7356-4785-872a-e9133216b267', '59e8c2ce-37d4-4a86-86dc-db38c70d5726', 'ea84c406-f235-4e9c-b061-71ed9401e63b', 1, 25, 25, '2026-03-24T19:02:00.000Z');
INSERT INTO audit_logs (id, action, user_id, description, level, created_at) 
                  VALUES ('55efd8ed-bc80-43ea-8f98-77119b7f0229', 'USER_LOGIN', 'cdc7b576-3957-4e3f-9e87-6630e4ef1950', 'Vendedor inició sesión para jornada', 'info', '2026-03-24T14:12:00.000Z');
INSERT INTO daily_sales (id, seller_id, sale_date, total_investment, total_revenue, units_sold, units_lost, total_waste_cost, is_closed) 
                  VALUES ('69be5b28-ad24-4a1f-a273-4fd446510e06', 'cdc7b576-3957-4e3f-9e87-6630e4ef1950', '2026-03-24', 325, 605, 11, 2, 50, true);
INSERT INTO sale_details (id, daily_sale_id, product_id, quantity_prepared, quantity_sold, quantity_lost, unit_cost, unit_price, waste_cost, waste_reason) 
                  VALUES ('d92a82b0-0284-45f8-a91d-0c64a75b460a', '69be5b28-ad24-4a1f-a273-4fd446510e06', '49e54b55-6e07-407b-9dac-36e93e1f8aa2', 13, 11, 2, 25, 55, 50, 'expired');
INSERT INTO orders (id, buyer_id, seller_id, total_amount, status, created_at) 
                      VALUES ('c49f8677-6ac9-4884-9f2f-57300085ab37', '6c8c4ad9-70e8-48cb-9ce8-5d01c349ffcc', 'cdc7b576-3957-4e3f-9e87-6630e4ef1950', 55, 'completed', '2026-03-24T21:59:00.000Z');
INSERT INTO order_items (id, order_id, product_id, quantity, unit_price, subtotal, created_at) 
                      VALUES ('1389e3c7-4c3f-41c5-b6f6-2c607c99a234', 'c49f8677-6ac9-4884-9f2f-57300085ab37', '49e54b55-6e07-407b-9dac-36e93e1f8aa2', 1, 55, 55, '2026-03-24T21:59:00.000Z');
INSERT INTO orders (id, buyer_id, seller_id, total_amount, status, created_at) 
                      VALUES ('b9342ad9-37a4-4fff-b8de-12bcb31a20d9', '1161fb73-809d-4954-a73a-738a9a1868f7', 'cdc7b576-3957-4e3f-9e87-6630e4ef1950', 55, 'completed', '2026-03-24T16:53:00.000Z');
INSERT INTO order_items (id, order_id, product_id, quantity, unit_price, subtotal, created_at) 
                      VALUES ('b0359f61-7163-44a7-8e2c-d1df57b1b8b2', 'b9342ad9-37a4-4fff-b8de-12bcb31a20d9', '49e54b55-6e07-407b-9dac-36e93e1f8aa2', 1, 55, 55, '2026-03-24T16:53:00.000Z');
INSERT INTO orders (id, buyer_id, seller_id, total_amount, status, created_at) 
                      VALUES ('5b3fae6a-55df-4850-8bbf-36c3de71cc0b', '1161fb73-809d-4954-a73a-738a9a1868f7', 'cdc7b576-3957-4e3f-9e87-6630e4ef1950', 55, 'completed', '2026-03-24T17:05:00.000Z');
INSERT INTO order_items (id, order_id, product_id, quantity, unit_price, subtotal, created_at) 
                      VALUES ('cb63fb62-848e-42cb-9daf-cc54a1efcd92', '5b3fae6a-55df-4850-8bbf-36c3de71cc0b', '49e54b55-6e07-407b-9dac-36e93e1f8aa2', 1, 55, 55, '2026-03-24T17:05:00.000Z');
INSERT INTO orders (id, buyer_id, seller_id, total_amount, status, created_at) 
                      VALUES ('6b06779b-d52b-4091-b0e1-8607e65d6acc', 'ac51e939-ec0b-40c3-b3e7-39711b12845a', 'cdc7b576-3957-4e3f-9e87-6630e4ef1950', 55, 'completed', '2026-03-24T18:39:00.000Z');
INSERT INTO order_items (id, order_id, product_id, quantity, unit_price, subtotal, created_at) 
                      VALUES ('35799cc2-c904-40fa-ac32-8f1194a12f27', '6b06779b-d52b-4091-b0e1-8607e65d6acc', '49e54b55-6e07-407b-9dac-36e93e1f8aa2', 1, 55, 55, '2026-03-24T18:39:00.000Z');
INSERT INTO orders (id, buyer_id, seller_id, total_amount, status, created_at) 
                      VALUES ('3c0d7f06-0c70-41f0-b9a8-3e1e9c609d0a', 'b03c172d-3388-458c-8054-b6ad7db24e27', 'cdc7b576-3957-4e3f-9e87-6630e4ef1950', 55, 'completed', '2026-03-24T21:37:00.000Z');
INSERT INTO order_items (id, order_id, product_id, quantity, unit_price, subtotal, created_at) 
                      VALUES ('492d4aac-25e5-4106-98bd-0b86343fa37c', '3c0d7f06-0c70-41f0-b9a8-3e1e9c609d0a', '49e54b55-6e07-407b-9dac-36e93e1f8aa2', 1, 55, 55, '2026-03-24T21:37:00.000Z');
INSERT INTO orders (id, buyer_id, seller_id, total_amount, status, created_at) 
                      VALUES ('f0241312-3722-456c-9115-cbe04185dea8', 'ac51e939-ec0b-40c3-b3e7-39711b12845a', 'cdc7b576-3957-4e3f-9e87-6630e4ef1950', 55, 'completed', '2026-03-24T18:02:00.000Z');
INSERT INTO order_items (id, order_id, product_id, quantity, unit_price, subtotal, created_at) 
                      VALUES ('0295e877-64dc-4549-bc88-fd4b26821e2f', 'f0241312-3722-456c-9115-cbe04185dea8', '49e54b55-6e07-407b-9dac-36e93e1f8aa2', 1, 55, 55, '2026-03-24T18:02:00.000Z');
INSERT INTO orders (id, buyer_id, seller_id, total_amount, status, created_at) 
                      VALUES ('35d2308a-a321-4e9a-a9e7-4f3fcce7273c', 'b03c172d-3388-458c-8054-b6ad7db24e27', 'cdc7b576-3957-4e3f-9e87-6630e4ef1950', 55, 'completed', '2026-03-24T20:49:00.000Z');
INSERT INTO order_items (id, order_id, product_id, quantity, unit_price, subtotal, created_at) 
                      VALUES ('e585d440-8f50-4cf1-a313-86a9507f5051', '35d2308a-a321-4e9a-a9e7-4f3fcce7273c', '49e54b55-6e07-407b-9dac-36e93e1f8aa2', 1, 55, 55, '2026-03-24T20:49:00.000Z');
INSERT INTO orders (id, buyer_id, seller_id, total_amount, status, created_at) 
                      VALUES ('e9e53488-d522-4c86-97e7-3bda95b73e5b', 'aa9e3c8c-e997-4408-ac68-6265851f972d', 'cdc7b576-3957-4e3f-9e87-6630e4ef1950', 55, 'completed', '2026-03-24T18:23:00.000Z');
INSERT INTO order_items (id, order_id, product_id, quantity, unit_price, subtotal, created_at) 
                      VALUES ('185d771a-3574-4271-94c6-6f2cc0176273', 'e9e53488-d522-4c86-97e7-3bda95b73e5b', '49e54b55-6e07-407b-9dac-36e93e1f8aa2', 1, 55, 55, '2026-03-24T18:23:00.000Z');
INSERT INTO orders (id, buyer_id, seller_id, total_amount, status, created_at) 
                      VALUES ('1c2263d9-19c0-43fe-9155-2c79336765f4', '233694a0-da98-4b19-8640-7b99f406554e', 'cdc7b576-3957-4e3f-9e87-6630e4ef1950', 55, 'completed', '2026-03-24T17:56:00.000Z');
INSERT INTO order_items (id, order_id, product_id, quantity, unit_price, subtotal, created_at) 
                      VALUES ('5d6fb821-75d4-417f-a541-c01c8bd30be0', '1c2263d9-19c0-43fe-9155-2c79336765f4', '49e54b55-6e07-407b-9dac-36e93e1f8aa2', 1, 55, 55, '2026-03-24T17:56:00.000Z');
INSERT INTO orders (id, buyer_id, seller_id, total_amount, status, created_at) 
                      VALUES ('145ba3d7-b915-472e-a49e-f0f1979ef979', '6c8c4ad9-70e8-48cb-9ce8-5d01c349ffcc', 'cdc7b576-3957-4e3f-9e87-6630e4ef1950', 55, 'completed', '2026-03-24T19:49:00.000Z');
INSERT INTO order_items (id, order_id, product_id, quantity, unit_price, subtotal, created_at) 
                      VALUES ('62521b59-2e67-429f-a0a1-fd43a6ed2c52', '145ba3d7-b915-472e-a49e-f0f1979ef979', '49e54b55-6e07-407b-9dac-36e93e1f8aa2', 1, 55, 55, '2026-03-24T19:49:00.000Z');
INSERT INTO orders (id, buyer_id, seller_id, total_amount, status, created_at) 
                      VALUES ('c273f684-a3ed-4a49-be51-0c1feb1cb804', '1161fb73-809d-4954-a73a-738a9a1868f7', 'cdc7b576-3957-4e3f-9e87-6630e4ef1950', 55, 'completed', '2026-03-24T17:12:00.000Z');
INSERT INTO order_items (id, order_id, product_id, quantity, unit_price, subtotal, created_at) 
                      VALUES ('61233e0b-2c76-4c7b-98d1-2555221c739e', 'c273f684-a3ed-4a49-be51-0c1feb1cb804', '49e54b55-6e07-407b-9dac-36e93e1f8aa2', 1, 55, 55, '2026-03-24T17:12:00.000Z');
INSERT INTO audit_logs (id, action, user_id, description, level, created_at) 
                  VALUES ('55f47fb2-f3a0-40cb-93a4-0c902d43303a', 'USER_LOGIN', '6adabb60-eed5-4dd0-b80c-41983dd81404', 'Vendedor inició sesión para jornada', 'info', '2026-03-25T14:24:00.000Z');
INSERT INTO daily_sales (id, seller_id, sale_date, total_investment, total_revenue, units_sold, units_lost, total_waste_cost, is_closed) 
                  VALUES ('4bd1beb9-3824-47a9-b031-0a3e98a66c58', '6adabb60-eed5-4dd0-b80c-41983dd81404', '2026-03-25', 440, 675, 9, 2, 80, true);
INSERT INTO sale_details (id, daily_sale_id, product_id, quantity_prepared, quantity_sold, quantity_lost, unit_cost, unit_price, waste_cost, waste_reason) 
                  VALUES ('d43385ff-541f-4235-a664-20ed97c001f6', '4bd1beb9-3824-47a9-b031-0a3e98a66c58', 'cd4cb45a-05bc-4729-bb2a-06d122f369fc', 11, 9, 2, 40, 75, 80, 'expired');
INSERT INTO orders (id, buyer_id, seller_id, total_amount, status, created_at) 
                      VALUES ('a8bd91c9-6611-493c-8492-f1378a8ab431', '6c8c4ad9-70e8-48cb-9ce8-5d01c349ffcc', '6adabb60-eed5-4dd0-b80c-41983dd81404', 75, 'completed', '2026-03-25T19:02:00.000Z');
INSERT INTO order_items (id, order_id, product_id, quantity, unit_price, subtotal, created_at) 
                      VALUES ('436a28e3-6d30-4b86-b7b6-127cf5d8899f', 'a8bd91c9-6611-493c-8492-f1378a8ab431', 'cd4cb45a-05bc-4729-bb2a-06d122f369fc', 1, 75, 75, '2026-03-25T19:02:00.000Z');
INSERT INTO orders (id, buyer_id, seller_id, total_amount, status, created_at) 
                      VALUES ('369decba-4550-4be6-93f0-342b58d15855', 'aa9e3c8c-e997-4408-ac68-6265851f972d', '6adabb60-eed5-4dd0-b80c-41983dd81404', 75, 'completed', '2026-03-25T21:55:00.000Z');
INSERT INTO order_items (id, order_id, product_id, quantity, unit_price, subtotal, created_at) 
                      VALUES ('20c42b33-4b2e-49bb-9958-3e66e5f651e8', '369decba-4550-4be6-93f0-342b58d15855', 'cd4cb45a-05bc-4729-bb2a-06d122f369fc', 1, 75, 75, '2026-03-25T21:55:00.000Z');
INSERT INTO orders (id, buyer_id, seller_id, total_amount, status, created_at) 
                      VALUES ('d56b084e-60d9-4900-a347-234b8712755e', 'b03c172d-3388-458c-8054-b6ad7db24e27', '6adabb60-eed5-4dd0-b80c-41983dd81404', 75, 'completed', '2026-03-25T16:09:00.000Z');
INSERT INTO order_items (id, order_id, product_id, quantity, unit_price, subtotal, created_at) 
                      VALUES ('66684b88-fc1a-4b66-a22e-5b152a13d917', 'd56b084e-60d9-4900-a347-234b8712755e', 'cd4cb45a-05bc-4729-bb2a-06d122f369fc', 1, 75, 75, '2026-03-25T16:09:00.000Z');
INSERT INTO orders (id, buyer_id, seller_id, total_amount, status, created_at) 
                      VALUES ('449c4b23-59ca-4765-b5f1-6a0cb0ceaab7', 'b03c172d-3388-458c-8054-b6ad7db24e27', '6adabb60-eed5-4dd0-b80c-41983dd81404', 75, 'completed', '2026-03-25T17:26:00.000Z');
INSERT INTO order_items (id, order_id, product_id, quantity, unit_price, subtotal, created_at) 
                      VALUES ('d624e4c2-b682-413e-8b12-84db7a7b7c7c', '449c4b23-59ca-4765-b5f1-6a0cb0ceaab7', 'cd4cb45a-05bc-4729-bb2a-06d122f369fc', 1, 75, 75, '2026-03-25T17:26:00.000Z');
INSERT INTO orders (id, buyer_id, seller_id, total_amount, status, created_at) 
                      VALUES ('d680aa28-aaa4-4c63-877f-7379c3c5a01c', '79768ab4-b021-418b-bf3c-0dd52f857b65', '6adabb60-eed5-4dd0-b80c-41983dd81404', 75, 'completed', '2026-03-25T19:26:00.000Z');
INSERT INTO order_items (id, order_id, product_id, quantity, unit_price, subtotal, created_at) 
                      VALUES ('bf30843b-4e07-4769-aace-4120747287af', 'd680aa28-aaa4-4c63-877f-7379c3c5a01c', 'cd4cb45a-05bc-4729-bb2a-06d122f369fc', 1, 75, 75, '2026-03-25T19:26:00.000Z');
INSERT INTO orders (id, buyer_id, seller_id, total_amount, status, created_at) 
                      VALUES ('0f3db560-2657-492e-bf65-2c4799e9b741', 'b03c172d-3388-458c-8054-b6ad7db24e27', '6adabb60-eed5-4dd0-b80c-41983dd81404', 75, 'completed', '2026-03-25T16:34:00.000Z');
INSERT INTO order_items (id, order_id, product_id, quantity, unit_price, subtotal, created_at) 
                      VALUES ('6087a5cd-343b-4ced-90f4-445d208f20cc', '0f3db560-2657-492e-bf65-2c4799e9b741', 'cd4cb45a-05bc-4729-bb2a-06d122f369fc', 1, 75, 75, '2026-03-25T16:34:00.000Z');
INSERT INTO orders (id, buyer_id, seller_id, total_amount, status, created_at) 
                      VALUES ('9c4a96b4-9cac-4ff2-9be6-abde16dfd7ff', '79768ab4-b021-418b-bf3c-0dd52f857b65', '6adabb60-eed5-4dd0-b80c-41983dd81404', 75, 'completed', '2026-03-25T19:39:00.000Z');
INSERT INTO order_items (id, order_id, product_id, quantity, unit_price, subtotal, created_at) 
                      VALUES ('34b3301a-3640-4c61-b06b-18419aae0b3d', '9c4a96b4-9cac-4ff2-9be6-abde16dfd7ff', 'cd4cb45a-05bc-4729-bb2a-06d122f369fc', 1, 75, 75, '2026-03-25T19:39:00.000Z');
INSERT INTO orders (id, buyer_id, seller_id, total_amount, status, created_at) 
                      VALUES ('1dc61c6f-3ca0-40ca-b654-ef3e96420f1e', 'aa9e3c8c-e997-4408-ac68-6265851f972d', '6adabb60-eed5-4dd0-b80c-41983dd81404', 75, 'completed', '2026-03-25T19:32:00.000Z');
INSERT INTO order_items (id, order_id, product_id, quantity, unit_price, subtotal, created_at) 
                      VALUES ('094cd431-2aa9-4507-9905-5117cdc0257b', '1dc61c6f-3ca0-40ca-b654-ef3e96420f1e', 'cd4cb45a-05bc-4729-bb2a-06d122f369fc', 1, 75, 75, '2026-03-25T19:32:00.000Z');
INSERT INTO orders (id, buyer_id, seller_id, total_amount, status, created_at) 
                      VALUES ('1e5720e3-23ce-4bfc-b8b8-6e1c071aff96', '6c8c4ad9-70e8-48cb-9ce8-5d01c349ffcc', '6adabb60-eed5-4dd0-b80c-41983dd81404', 75, 'completed', '2026-03-25T16:25:00.000Z');
INSERT INTO order_items (id, order_id, product_id, quantity, unit_price, subtotal, created_at) 
                      VALUES ('b269a98c-d1a3-4ba6-a6d2-8285ca436f67', '1e5720e3-23ce-4bfc-b8b8-6e1c071aff96', 'cd4cb45a-05bc-4729-bb2a-06d122f369fc', 1, 75, 75, '2026-03-25T16:25:00.000Z');
INSERT INTO audit_logs (id, action, user_id, description, level, created_at) 
                  VALUES ('46516573-3071-456e-82f4-3517e3a9fe4a', 'USER_LOGIN', '5f552e5d-c288-453c-a685-b287e1c0c64a', 'Vendedor inició sesión para jornada', 'info', '2026-03-25T14:25:00.000Z');
INSERT INTO daily_sales (id, seller_id, sale_date, total_investment, total_revenue, units_sold, units_lost, total_waste_cost, is_closed) 
                  VALUES ('fa6836a8-9807-4ddc-baad-068078e3ebd0', '5f552e5d-c288-453c-a685-b287e1c0c64a', '2026-03-25', 220, 495, 11, 0, 0, true);
INSERT INTO sale_details (id, daily_sale_id, product_id, quantity_prepared, quantity_sold, quantity_lost, unit_cost, unit_price, waste_cost, waste_reason) 
                  VALUES ('b998bcce-f3d7-46e5-ad77-1359c26bbd06', 'fa6836a8-9807-4ddc-baad-068078e3ebd0', '90ccc3f8-627a-4af7-aab2-9c7967c2f50d', 11, 11, 0, 20, 45, 0, 'expired');
INSERT INTO orders (id, buyer_id, seller_id, total_amount, status, created_at) 
                      VALUES ('8141a1ac-1c26-4457-afeb-d1f6295d8cda', '233694a0-da98-4b19-8640-7b99f406554e', '5f552e5d-c288-453c-a685-b287e1c0c64a', 45, 'completed', '2026-03-25T17:47:00.000Z');
INSERT INTO order_items (id, order_id, product_id, quantity, unit_price, subtotal, created_at) 
                      VALUES ('f49f430c-de30-4e40-9791-bbb36a9db837', '8141a1ac-1c26-4457-afeb-d1f6295d8cda', '90ccc3f8-627a-4af7-aab2-9c7967c2f50d', 1, 45, 45, '2026-03-25T17:47:00.000Z');
INSERT INTO orders (id, buyer_id, seller_id, total_amount, status, created_at) 
                      VALUES ('aee9d833-eeda-4a6f-9f5d-520cde5addaa', 'aa9e3c8c-e997-4408-ac68-6265851f972d', '5f552e5d-c288-453c-a685-b287e1c0c64a', 45, 'completed', '2026-03-25T16:16:00.000Z');
INSERT INTO order_items (id, order_id, product_id, quantity, unit_price, subtotal, created_at) 
                      VALUES ('86ac886d-d072-4448-b5f8-5eace1321877', 'aee9d833-eeda-4a6f-9f5d-520cde5addaa', '90ccc3f8-627a-4af7-aab2-9c7967c2f50d', 1, 45, 45, '2026-03-25T16:16:00.000Z');
INSERT INTO orders (id, buyer_id, seller_id, total_amount, status, created_at) 
                      VALUES ('ef2ffcf6-dc53-4616-aa9d-324e29b0571c', '6c8c4ad9-70e8-48cb-9ce8-5d01c349ffcc', '5f552e5d-c288-453c-a685-b287e1c0c64a', 45, 'completed', '2026-03-25T17:16:00.000Z');
INSERT INTO order_items (id, order_id, product_id, quantity, unit_price, subtotal, created_at) 
                      VALUES ('3b59dff1-5422-4711-b1a9-cf5acce852bc', 'ef2ffcf6-dc53-4616-aa9d-324e29b0571c', '90ccc3f8-627a-4af7-aab2-9c7967c2f50d', 1, 45, 45, '2026-03-25T17:16:00.000Z');
INSERT INTO orders (id, buyer_id, seller_id, total_amount, status, created_at) 
                      VALUES ('13e6abf0-8c5b-4919-b707-15971b945e82', 'b03c172d-3388-458c-8054-b6ad7db24e27', '5f552e5d-c288-453c-a685-b287e1c0c64a', 45, 'completed', '2026-03-25T20:43:00.000Z');
INSERT INTO order_items (id, order_id, product_id, quantity, unit_price, subtotal, created_at) 
                      VALUES ('53a9066d-2077-462a-98b8-471518827397', '13e6abf0-8c5b-4919-b707-15971b945e82', '90ccc3f8-627a-4af7-aab2-9c7967c2f50d', 1, 45, 45, '2026-03-25T20:43:00.000Z');
INSERT INTO orders (id, buyer_id, seller_id, total_amount, status, created_at) 
                      VALUES ('ba1f9f79-5667-4224-9fc8-72b42555604d', 'ac51e939-ec0b-40c3-b3e7-39711b12845a', '5f552e5d-c288-453c-a685-b287e1c0c64a', 45, 'completed', '2026-03-25T21:46:00.000Z');
INSERT INTO order_items (id, order_id, product_id, quantity, unit_price, subtotal, created_at) 
                      VALUES ('8886a379-b333-457c-b550-1510ddbe4eea', 'ba1f9f79-5667-4224-9fc8-72b42555604d', '90ccc3f8-627a-4af7-aab2-9c7967c2f50d', 1, 45, 45, '2026-03-25T21:46:00.000Z');
INSERT INTO orders (id, buyer_id, seller_id, total_amount, status, created_at) 
                      VALUES ('26b817f0-5063-4ba4-ac76-fb874e08d457', 'aa9e3c8c-e997-4408-ac68-6265851f972d', '5f552e5d-c288-453c-a685-b287e1c0c64a', 45, 'completed', '2026-03-25T18:08:00.000Z');
INSERT INTO order_items (id, order_id, product_id, quantity, unit_price, subtotal, created_at) 
                      VALUES ('83a9ce89-a8a4-4423-b8d8-e889614df96c', '26b817f0-5063-4ba4-ac76-fb874e08d457', '90ccc3f8-627a-4af7-aab2-9c7967c2f50d', 1, 45, 45, '2026-03-25T18:08:00.000Z');
INSERT INTO orders (id, buyer_id, seller_id, total_amount, status, created_at) 
                      VALUES ('15ed4e31-64d0-4828-8251-ea5c2c03c787', '6c8c4ad9-70e8-48cb-9ce8-5d01c349ffcc', '5f552e5d-c288-453c-a685-b287e1c0c64a', 45, 'completed', '2026-03-25T19:48:00.000Z');
INSERT INTO order_items (id, order_id, product_id, quantity, unit_price, subtotal, created_at) 
                      VALUES ('b17f96cc-7879-4c85-b0ca-2aeceb4e6e2a', '15ed4e31-64d0-4828-8251-ea5c2c03c787', '90ccc3f8-627a-4af7-aab2-9c7967c2f50d', 1, 45, 45, '2026-03-25T19:48:00.000Z');
INSERT INTO orders (id, buyer_id, seller_id, total_amount, status, created_at) 
                      VALUES ('6a224d7b-f2c1-4573-b306-75982de8443f', '79768ab4-b021-418b-bf3c-0dd52f857b65', '5f552e5d-c288-453c-a685-b287e1c0c64a', 45, 'completed', '2026-03-25T18:09:00.000Z');
INSERT INTO order_items (id, order_id, product_id, quantity, unit_price, subtotal, created_at) 
                      VALUES ('bb8b191e-68ad-43d9-97ce-da5970c26da2', '6a224d7b-f2c1-4573-b306-75982de8443f', '90ccc3f8-627a-4af7-aab2-9c7967c2f50d', 1, 45, 45, '2026-03-25T18:09:00.000Z');
INSERT INTO orders (id, buyer_id, seller_id, total_amount, status, created_at) 
                      VALUES ('efd71119-5348-455e-8b52-22b282dbafee', '79768ab4-b021-418b-bf3c-0dd52f857b65', '5f552e5d-c288-453c-a685-b287e1c0c64a', 45, 'completed', '2026-03-25T21:57:00.000Z');
INSERT INTO order_items (id, order_id, product_id, quantity, unit_price, subtotal, created_at) 
                      VALUES ('149576a5-fb5f-4a1a-a4e8-ea7c505a8e54', 'efd71119-5348-455e-8b52-22b282dbafee', '90ccc3f8-627a-4af7-aab2-9c7967c2f50d', 1, 45, 45, '2026-03-25T21:57:00.000Z');
INSERT INTO orders (id, buyer_id, seller_id, total_amount, status, created_at) 
                      VALUES ('b9fbf9a9-66d2-4b3d-be58-a62f77b4e2fa', 'aa9e3c8c-e997-4408-ac68-6265851f972d', '5f552e5d-c288-453c-a685-b287e1c0c64a', 45, 'completed', '2026-03-25T17:40:00.000Z');
INSERT INTO order_items (id, order_id, product_id, quantity, unit_price, subtotal, created_at) 
                      VALUES ('645563d7-67de-4b77-8459-b8b59ea086f4', 'b9fbf9a9-66d2-4b3d-be58-a62f77b4e2fa', '90ccc3f8-627a-4af7-aab2-9c7967c2f50d', 1, 45, 45, '2026-03-25T17:40:00.000Z');
INSERT INTO orders (id, buyer_id, seller_id, total_amount, status, created_at) 
                      VALUES ('13f953d1-d0cf-4b93-91da-69f446b0ca65', 'aa9e3c8c-e997-4408-ac68-6265851f972d', '5f552e5d-c288-453c-a685-b287e1c0c64a', 45, 'completed', '2026-03-25T21:50:00.000Z');
INSERT INTO order_items (id, order_id, product_id, quantity, unit_price, subtotal, created_at) 
                      VALUES ('92df2848-dd0e-415e-8b07-a212f879da76', '13f953d1-d0cf-4b93-91da-69f446b0ca65', '90ccc3f8-627a-4af7-aab2-9c7967c2f50d', 1, 45, 45, '2026-03-25T21:50:00.000Z');
INSERT INTO audit_logs (id, action, user_id, description, level, created_at) 
                  VALUES ('e94abfd6-bfe7-4e25-b2e7-08e08646976d', 'USER_LOGIN', '522afd0e-5b6f-4f57-be80-46fd79ba12db', 'Vendedor inició sesión para jornada', 'info', '2026-03-25T14:00:00.000Z');
INSERT INTO daily_sales (id, seller_id, sale_date, total_investment, total_revenue, units_sold, units_lost, total_waste_cost, is_closed) 
                  VALUES ('ffbe3023-73f4-43da-b9a4-798352ff058e', '522afd0e-5b6f-4f57-be80-46fd79ba12db', '2026-03-25', 168, 390, 13, 1, 12, true);
INSERT INTO sale_details (id, daily_sale_id, product_id, quantity_prepared, quantity_sold, quantity_lost, unit_cost, unit_price, waste_cost, waste_reason) 
                  VALUES ('325abdd1-2088-4015-b072-b35bc31f7665', 'ffbe3023-73f4-43da-b9a4-798352ff058e', 'c865d401-6592-418d-98d5-1aa633799680', 14, 13, 1, 12, 30, 12, 'expired');
INSERT INTO orders (id, buyer_id, seller_id, total_amount, status, created_at) 
                      VALUES ('ae2986dd-a6ec-461e-aa1c-f1afed3c4170', '6c8c4ad9-70e8-48cb-9ce8-5d01c349ffcc', '522afd0e-5b6f-4f57-be80-46fd79ba12db', 30, 'completed', '2026-03-25T21:22:00.000Z');
INSERT INTO order_items (id, order_id, product_id, quantity, unit_price, subtotal, created_at) 
                      VALUES ('61fcc459-03a6-4105-8e70-834f76a8cc28', 'ae2986dd-a6ec-461e-aa1c-f1afed3c4170', 'c865d401-6592-418d-98d5-1aa633799680', 1, 30, 30, '2026-03-25T21:22:00.000Z');
INSERT INTO orders (id, buyer_id, seller_id, total_amount, status, created_at) 
                      VALUES ('06606dc6-16cc-4214-b8b1-b7075d4898a8', 'aa9e3c8c-e997-4408-ac68-6265851f972d', '522afd0e-5b6f-4f57-be80-46fd79ba12db', 30, 'completed', '2026-03-25T20:55:00.000Z');
INSERT INTO order_items (id, order_id, product_id, quantity, unit_price, subtotal, created_at) 
                      VALUES ('c482d93c-8d2f-4008-8c60-2873f22ef9ba', '06606dc6-16cc-4214-b8b1-b7075d4898a8', 'c865d401-6592-418d-98d5-1aa633799680', 1, 30, 30, '2026-03-25T20:55:00.000Z');
INSERT INTO orders (id, buyer_id, seller_id, total_amount, status, created_at) 
                      VALUES ('75ea0066-d364-4acd-9df7-96cd91674c10', 'aa9e3c8c-e997-4408-ac68-6265851f972d', '522afd0e-5b6f-4f57-be80-46fd79ba12db', 30, 'completed', '2026-03-25T19:45:00.000Z');
INSERT INTO order_items (id, order_id, product_id, quantity, unit_price, subtotal, created_at) 
                      VALUES ('351b977d-b251-4df4-8cf9-4d4ebb5b6cbe', '75ea0066-d364-4acd-9df7-96cd91674c10', 'c865d401-6592-418d-98d5-1aa633799680', 1, 30, 30, '2026-03-25T19:45:00.000Z');
INSERT INTO orders (id, buyer_id, seller_id, total_amount, status, created_at) 
                      VALUES ('46fe5f8c-aaae-4772-b79b-0e27b5df5ff7', '233694a0-da98-4b19-8640-7b99f406554e', '522afd0e-5b6f-4f57-be80-46fd79ba12db', 30, 'completed', '2026-03-25T16:04:00.000Z');
INSERT INTO order_items (id, order_id, product_id, quantity, unit_price, subtotal, created_at) 
                      VALUES ('b76ea259-540f-47d2-8937-bc2014432d98', '46fe5f8c-aaae-4772-b79b-0e27b5df5ff7', 'c865d401-6592-418d-98d5-1aa633799680', 1, 30, 30, '2026-03-25T16:04:00.000Z');
INSERT INTO orders (id, buyer_id, seller_id, total_amount, status, created_at) 
                      VALUES ('4a77b984-5a9d-4e2a-9a47-0552e353bab3', '79768ab4-b021-418b-bf3c-0dd52f857b65', '522afd0e-5b6f-4f57-be80-46fd79ba12db', 30, 'completed', '2026-03-25T20:46:00.000Z');
INSERT INTO order_items (id, order_id, product_id, quantity, unit_price, subtotal, created_at) 
                      VALUES ('8a5276eb-ae43-4d20-9453-4fd090754495', '4a77b984-5a9d-4e2a-9a47-0552e353bab3', 'c865d401-6592-418d-98d5-1aa633799680', 1, 30, 30, '2026-03-25T20:46:00.000Z');
INSERT INTO orders (id, buyer_id, seller_id, total_amount, status, created_at) 
                      VALUES ('70a27cad-8c7e-41b5-a3cd-8140aaafcbd4', '233694a0-da98-4b19-8640-7b99f406554e', '522afd0e-5b6f-4f57-be80-46fd79ba12db', 30, 'completed', '2026-03-25T18:04:00.000Z');
INSERT INTO order_items (id, order_id, product_id, quantity, unit_price, subtotal, created_at) 
                      VALUES ('710adf77-d5f8-4f1e-924e-c9aee2ffc54f', '70a27cad-8c7e-41b5-a3cd-8140aaafcbd4', 'c865d401-6592-418d-98d5-1aa633799680', 1, 30, 30, '2026-03-25T18:04:00.000Z');
INSERT INTO orders (id, buyer_id, seller_id, total_amount, status, created_at) 
                      VALUES ('fa01e581-01e2-4662-9e17-8d5e884a64c8', 'ac51e939-ec0b-40c3-b3e7-39711b12845a', '522afd0e-5b6f-4f57-be80-46fd79ba12db', 30, 'completed', '2026-03-25T19:07:00.000Z');
INSERT INTO order_items (id, order_id, product_id, quantity, unit_price, subtotal, created_at) 
                      VALUES ('8c4e7dca-7c98-40de-88bc-4f190498e254', 'fa01e581-01e2-4662-9e17-8d5e884a64c8', 'c865d401-6592-418d-98d5-1aa633799680', 1, 30, 30, '2026-03-25T19:07:00.000Z');
INSERT INTO orders (id, buyer_id, seller_id, total_amount, status, created_at) 
                      VALUES ('8bd716f9-8078-4b05-856e-95690500ca87', 'aa9e3c8c-e997-4408-ac68-6265851f972d', '522afd0e-5b6f-4f57-be80-46fd79ba12db', 30, 'completed', '2026-03-25T21:45:00.000Z');
INSERT INTO order_items (id, order_id, product_id, quantity, unit_price, subtotal, created_at) 
                      VALUES ('0aab09a4-97b6-4599-bd56-02a9eb2ed3b3', '8bd716f9-8078-4b05-856e-95690500ca87', 'c865d401-6592-418d-98d5-1aa633799680', 1, 30, 30, '2026-03-25T21:45:00.000Z');
INSERT INTO orders (id, buyer_id, seller_id, total_amount, status, created_at) 
                      VALUES ('0dc3937b-1727-468a-b321-f0afab202b1c', '233694a0-da98-4b19-8640-7b99f406554e', '522afd0e-5b6f-4f57-be80-46fd79ba12db', 30, 'completed', '2026-03-25T18:49:00.000Z');
INSERT INTO order_items (id, order_id, product_id, quantity, unit_price, subtotal, created_at) 
                      VALUES ('91a7dd92-eb07-4f11-9257-8b5b8bd5bc55', '0dc3937b-1727-468a-b321-f0afab202b1c', 'c865d401-6592-418d-98d5-1aa633799680', 1, 30, 30, '2026-03-25T18:49:00.000Z');
INSERT INTO orders (id, buyer_id, seller_id, total_amount, status, created_at) 
                      VALUES ('f71a607a-fb9f-4fcc-baeb-de04e600bad6', '1161fb73-809d-4954-a73a-738a9a1868f7', '522afd0e-5b6f-4f57-be80-46fd79ba12db', 30, 'completed', '2026-03-25T20:47:00.000Z');
INSERT INTO order_items (id, order_id, product_id, quantity, unit_price, subtotal, created_at) 
                      VALUES ('998d3fac-29f3-45e6-a62f-2fa580b1e89f', 'f71a607a-fb9f-4fcc-baeb-de04e600bad6', 'c865d401-6592-418d-98d5-1aa633799680', 1, 30, 30, '2026-03-25T20:47:00.000Z');
INSERT INTO orders (id, buyer_id, seller_id, total_amount, status, created_at) 
                      VALUES ('701dacfb-f0dc-4e9c-9b96-9f1a77766a36', '6c8c4ad9-70e8-48cb-9ce8-5d01c349ffcc', '522afd0e-5b6f-4f57-be80-46fd79ba12db', 30, 'completed', '2026-03-25T20:31:00.000Z');
INSERT INTO order_items (id, order_id, product_id, quantity, unit_price, subtotal, created_at) 
                      VALUES ('b54c8e85-ed89-4a07-ae06-a593fa5e9d63', '701dacfb-f0dc-4e9c-9b96-9f1a77766a36', 'c865d401-6592-418d-98d5-1aa633799680', 1, 30, 30, '2026-03-25T20:31:00.000Z');
INSERT INTO orders (id, buyer_id, seller_id, total_amount, status, created_at) 
                      VALUES ('91128536-3df7-4168-a05c-f09e91081c94', '1161fb73-809d-4954-a73a-738a9a1868f7', '522afd0e-5b6f-4f57-be80-46fd79ba12db', 30, 'completed', '2026-03-25T20:13:00.000Z');
INSERT INTO order_items (id, order_id, product_id, quantity, unit_price, subtotal, created_at) 
                      VALUES ('87ae12da-2497-4136-a750-f4e37fc881cc', '91128536-3df7-4168-a05c-f09e91081c94', 'c865d401-6592-418d-98d5-1aa633799680', 1, 30, 30, '2026-03-25T20:13:00.000Z');
INSERT INTO orders (id, buyer_id, seller_id, total_amount, status, created_at) 
                      VALUES ('d8fca6de-034f-426d-906b-55866cfc8bdd', '6c8c4ad9-70e8-48cb-9ce8-5d01c349ffcc', '522afd0e-5b6f-4f57-be80-46fd79ba12db', 30, 'completed', '2026-03-25T17:08:00.000Z');
INSERT INTO order_items (id, order_id, product_id, quantity, unit_price, subtotal, created_at) 
                      VALUES ('81c0252b-b82f-444f-a085-ec901099cc70', 'd8fca6de-034f-426d-906b-55866cfc8bdd', 'c865d401-6592-418d-98d5-1aa633799680', 1, 30, 30, '2026-03-25T17:08:00.000Z');
INSERT INTO audit_logs (id, action, user_id, description, level, created_at) 
                  VALUES ('0b5dd87f-7169-47ed-a2eb-aa929a0d7ac7', 'USER_LOGIN', 'da273443-bae3-4781-ae4e-819d0c9d56a6', 'Vendedor inició sesión para jornada', 'info', '2026-03-25T14:12:00.000Z');
INSERT INTO daily_sales (id, seller_id, sale_date, total_investment, total_revenue, units_sold, units_lost, total_waste_cost, is_closed) 
                  VALUES ('e38ab23b-3d3b-4352-9db6-d3471858a0b4', 'da273443-bae3-4781-ae4e-819d0c9d56a6', '2026-03-25', 112, 350, 14, 0, 0, true);
INSERT INTO sale_details (id, daily_sale_id, product_id, quantity_prepared, quantity_sold, quantity_lost, unit_cost, unit_price, waste_cost, waste_reason) 
                  VALUES ('7d372a73-16c7-4e4c-b8de-76ee4542c786', 'e38ab23b-3d3b-4352-9db6-d3471858a0b4', 'ea84c406-f235-4e9c-b061-71ed9401e63b', 14, 14, 0, 8, 25, 0, 'expired');
INSERT INTO orders (id, buyer_id, seller_id, total_amount, status, created_at) 
                      VALUES ('16e0a8f2-023c-4746-97f5-103604c47606', '1161fb73-809d-4954-a73a-738a9a1868f7', 'da273443-bae3-4781-ae4e-819d0c9d56a6', 25, 'completed', '2026-03-25T17:36:00.000Z');
INSERT INTO order_items (id, order_id, product_id, quantity, unit_price, subtotal, created_at) 
                      VALUES ('f49aad84-3354-45ba-bb04-2dca301eb2f6', '16e0a8f2-023c-4746-97f5-103604c47606', 'ea84c406-f235-4e9c-b061-71ed9401e63b', 1, 25, 25, '2026-03-25T17:36:00.000Z');
INSERT INTO orders (id, buyer_id, seller_id, total_amount, status, created_at) 
                      VALUES ('304ace38-20e7-4ed1-9b34-36fe4aeee152', '6c8c4ad9-70e8-48cb-9ce8-5d01c349ffcc', 'da273443-bae3-4781-ae4e-819d0c9d56a6', 25, 'completed', '2026-03-25T18:12:00.000Z');
INSERT INTO order_items (id, order_id, product_id, quantity, unit_price, subtotal, created_at) 
                      VALUES ('94d53b0d-5039-47fd-ac27-ddb19b2140b6', '304ace38-20e7-4ed1-9b34-36fe4aeee152', 'ea84c406-f235-4e9c-b061-71ed9401e63b', 1, 25, 25, '2026-03-25T18:12:00.000Z');
INSERT INTO orders (id, buyer_id, seller_id, total_amount, status, created_at) 
                      VALUES ('9c6d43ea-32ef-494e-93c5-d732e246a28a', 'aa9e3c8c-e997-4408-ac68-6265851f972d', 'da273443-bae3-4781-ae4e-819d0c9d56a6', 25, 'completed', '2026-03-25T18:16:00.000Z');
INSERT INTO order_items (id, order_id, product_id, quantity, unit_price, subtotal, created_at) 
                      VALUES ('6e3bb631-f1a4-4713-9825-c8a5eef46830', '9c6d43ea-32ef-494e-93c5-d732e246a28a', 'ea84c406-f235-4e9c-b061-71ed9401e63b', 1, 25, 25, '2026-03-25T18:16:00.000Z');
INSERT INTO orders (id, buyer_id, seller_id, total_amount, status, created_at) 
                      VALUES ('f9e2d4ef-84ac-40fa-8416-be6985ce01fa', '1161fb73-809d-4954-a73a-738a9a1868f7', 'da273443-bae3-4781-ae4e-819d0c9d56a6', 25, 'completed', '2026-03-25T16:38:00.000Z');
INSERT INTO order_items (id, order_id, product_id, quantity, unit_price, subtotal, created_at) 
                      VALUES ('670bedfc-18a4-4764-940e-4effd3c6ccb0', 'f9e2d4ef-84ac-40fa-8416-be6985ce01fa', 'ea84c406-f235-4e9c-b061-71ed9401e63b', 1, 25, 25, '2026-03-25T16:38:00.000Z');
INSERT INTO orders (id, buyer_id, seller_id, total_amount, status, created_at) 
                      VALUES ('acc5d10e-2c60-4bb3-9d5f-163bda878651', 'aa9e3c8c-e997-4408-ac68-6265851f972d', 'da273443-bae3-4781-ae4e-819d0c9d56a6', 25, 'completed', '2026-03-25T18:13:00.000Z');
INSERT INTO order_items (id, order_id, product_id, quantity, unit_price, subtotal, created_at) 
                      VALUES ('90ad3896-c91a-4dac-85e1-fce14a270062', 'acc5d10e-2c60-4bb3-9d5f-163bda878651', 'ea84c406-f235-4e9c-b061-71ed9401e63b', 1, 25, 25, '2026-03-25T18:13:00.000Z');
INSERT INTO orders (id, buyer_id, seller_id, total_amount, status, created_at) 
                      VALUES ('e06a3370-5e90-4767-b2f7-bb285e95492f', '79768ab4-b021-418b-bf3c-0dd52f857b65', 'da273443-bae3-4781-ae4e-819d0c9d56a6', 25, 'completed', '2026-03-25T16:28:00.000Z');
INSERT INTO order_items (id, order_id, product_id, quantity, unit_price, subtotal, created_at) 
                      VALUES ('33357ffb-d3c6-46e5-933e-f6c8341e6a70', 'e06a3370-5e90-4767-b2f7-bb285e95492f', 'ea84c406-f235-4e9c-b061-71ed9401e63b', 1, 25, 25, '2026-03-25T16:28:00.000Z');
INSERT INTO orders (id, buyer_id, seller_id, total_amount, status, created_at) 
                      VALUES ('f573e0e2-1ee9-4a32-978a-6ecfc1b906e1', '1161fb73-809d-4954-a73a-738a9a1868f7', 'da273443-bae3-4781-ae4e-819d0c9d56a6', 25, 'completed', '2026-03-25T18:03:00.000Z');
INSERT INTO order_items (id, order_id, product_id, quantity, unit_price, subtotal, created_at) 
                      VALUES ('f5857e77-0532-46a1-9f06-45e2acc6e795', 'f573e0e2-1ee9-4a32-978a-6ecfc1b906e1', 'ea84c406-f235-4e9c-b061-71ed9401e63b', 1, 25, 25, '2026-03-25T18:03:00.000Z');
INSERT INTO orders (id, buyer_id, seller_id, total_amount, status, created_at) 
                      VALUES ('60e3c0aa-c94b-49c1-8c92-2f2cab4e0ff3', 'b03c172d-3388-458c-8054-b6ad7db24e27', 'da273443-bae3-4781-ae4e-819d0c9d56a6', 25, 'completed', '2026-03-25T17:59:00.000Z');
INSERT INTO order_items (id, order_id, product_id, quantity, unit_price, subtotal, created_at) 
                      VALUES ('c8c7d230-7c9a-4def-bafb-0f84cc21c60a', '60e3c0aa-c94b-49c1-8c92-2f2cab4e0ff3', 'ea84c406-f235-4e9c-b061-71ed9401e63b', 1, 25, 25, '2026-03-25T17:59:00.000Z');
INSERT INTO orders (id, buyer_id, seller_id, total_amount, status, created_at) 
                      VALUES ('a8bac3e1-318f-4433-93c7-aed965e875b5', 'aa9e3c8c-e997-4408-ac68-6265851f972d', 'da273443-bae3-4781-ae4e-819d0c9d56a6', 25, 'completed', '2026-03-25T17:43:00.000Z');
INSERT INTO order_items (id, order_id, product_id, quantity, unit_price, subtotal, created_at) 
                      VALUES ('a5f654ac-49ab-4f34-b404-30c63e81da4b', 'a8bac3e1-318f-4433-93c7-aed965e875b5', 'ea84c406-f235-4e9c-b061-71ed9401e63b', 1, 25, 25, '2026-03-25T17:43:00.000Z');
INSERT INTO orders (id, buyer_id, seller_id, total_amount, status, created_at) 
                      VALUES ('7f5ffa19-4b86-4e22-9fbd-d78c5f411930', 'b03c172d-3388-458c-8054-b6ad7db24e27', 'da273443-bae3-4781-ae4e-819d0c9d56a6', 25, 'completed', '2026-03-25T21:10:00.000Z');
INSERT INTO order_items (id, order_id, product_id, quantity, unit_price, subtotal, created_at) 
                      VALUES ('2e270f88-b650-4437-b07a-ac7228dcdd21', '7f5ffa19-4b86-4e22-9fbd-d78c5f411930', 'ea84c406-f235-4e9c-b061-71ed9401e63b', 1, 25, 25, '2026-03-25T21:10:00.000Z');
INSERT INTO orders (id, buyer_id, seller_id, total_amount, status, created_at) 
                      VALUES ('cee0e467-fe97-47a8-9bf1-ef476e33ddec', 'aa9e3c8c-e997-4408-ac68-6265851f972d', 'da273443-bae3-4781-ae4e-819d0c9d56a6', 25, 'completed', '2026-03-25T21:07:00.000Z');
INSERT INTO order_items (id, order_id, product_id, quantity, unit_price, subtotal, created_at) 
                      VALUES ('592117d5-7de9-41d4-9d3e-8df82b2c4f52', 'cee0e467-fe97-47a8-9bf1-ef476e33ddec', 'ea84c406-f235-4e9c-b061-71ed9401e63b', 1, 25, 25, '2026-03-25T21:07:00.000Z');
INSERT INTO orders (id, buyer_id, seller_id, total_amount, status, created_at) 
                      VALUES ('6bb8c3be-c794-43d7-95bc-cf63edf37407', 'b03c172d-3388-458c-8054-b6ad7db24e27', 'da273443-bae3-4781-ae4e-819d0c9d56a6', 25, 'completed', '2026-03-25T18:15:00.000Z');
INSERT INTO order_items (id, order_id, product_id, quantity, unit_price, subtotal, created_at) 
                      VALUES ('22ad2745-4905-401d-8e1a-f8c1236e10ef', '6bb8c3be-c794-43d7-95bc-cf63edf37407', 'ea84c406-f235-4e9c-b061-71ed9401e63b', 1, 25, 25, '2026-03-25T18:15:00.000Z');
INSERT INTO orders (id, buyer_id, seller_id, total_amount, status, created_at) 
                      VALUES ('e8e84fb1-c0d3-4b37-9973-08b7a5aa4f18', 'b03c172d-3388-458c-8054-b6ad7db24e27', 'da273443-bae3-4781-ae4e-819d0c9d56a6', 25, 'completed', '2026-03-25T17:04:00.000Z');
INSERT INTO order_items (id, order_id, product_id, quantity, unit_price, subtotal, created_at) 
                      VALUES ('0de52419-03e5-40f3-a064-4948508b790f', 'e8e84fb1-c0d3-4b37-9973-08b7a5aa4f18', 'ea84c406-f235-4e9c-b061-71ed9401e63b', 1, 25, 25, '2026-03-25T17:04:00.000Z');
INSERT INTO orders (id, buyer_id, seller_id, total_amount, status, created_at) 
                      VALUES ('c7bd5b30-050e-49f9-a605-aec947f31db4', '1161fb73-809d-4954-a73a-738a9a1868f7', 'da273443-bae3-4781-ae4e-819d0c9d56a6', 25, 'completed', '2026-03-25T16:22:00.000Z');
INSERT INTO order_items (id, order_id, product_id, quantity, unit_price, subtotal, created_at) 
                      VALUES ('40a144bc-a679-4348-b0d8-55de1ee1f2d9', 'c7bd5b30-050e-49f9-a605-aec947f31db4', 'ea84c406-f235-4e9c-b061-71ed9401e63b', 1, 25, 25, '2026-03-25T16:22:00.000Z');
INSERT INTO audit_logs (id, action, user_id, description, level, created_at) 
                  VALUES ('3321833e-d793-4968-965f-7ef8adf55194', 'USER_LOGIN', 'cdc7b576-3957-4e3f-9e87-6630e4ef1950', 'Vendedor inició sesión para jornada', 'info', '2026-03-25T14:21:00.000Z');
INSERT INTO daily_sales (id, seller_id, sale_date, total_investment, total_revenue, units_sold, units_lost, total_waste_cost, is_closed) 
                  VALUES ('30b10380-403f-4983-9100-5ade31e7762e', 'cdc7b576-3957-4e3f-9e87-6630e4ef1950', '2026-03-25', 250, 550, 10, 0, 0, true);
INSERT INTO sale_details (id, daily_sale_id, product_id, quantity_prepared, quantity_sold, quantity_lost, unit_cost, unit_price, waste_cost, waste_reason) 
                  VALUES ('f8ce9feb-dc0c-42bb-b41c-00b5653a5e63', '30b10380-403f-4983-9100-5ade31e7762e', '49e54b55-6e07-407b-9dac-36e93e1f8aa2', 10, 10, 0, 25, 55, 0, 'expired');
INSERT INTO orders (id, buyer_id, seller_id, total_amount, status, created_at) 
                      VALUES ('5e1b7eda-40de-48c2-a387-db3239d8c0dd', 'ac51e939-ec0b-40c3-b3e7-39711b12845a', 'cdc7b576-3957-4e3f-9e87-6630e4ef1950', 55, 'completed', '2026-03-25T18:44:00.000Z');
INSERT INTO order_items (id, order_id, product_id, quantity, unit_price, subtotal, created_at) 
                      VALUES ('e3a1a4f3-ec33-4740-9c92-9e349ad51dde', '5e1b7eda-40de-48c2-a387-db3239d8c0dd', '49e54b55-6e07-407b-9dac-36e93e1f8aa2', 1, 55, 55, '2026-03-25T18:44:00.000Z');
INSERT INTO orders (id, buyer_id, seller_id, total_amount, status, created_at) 
                      VALUES ('7aad681c-f70e-4460-a688-438901573ea9', 'ac51e939-ec0b-40c3-b3e7-39711b12845a', 'cdc7b576-3957-4e3f-9e87-6630e4ef1950', 55, 'completed', '2026-03-25T16:40:00.000Z');
INSERT INTO order_items (id, order_id, product_id, quantity, unit_price, subtotal, created_at) 
                      VALUES ('36fc627c-776e-401f-b74c-4566f561c8f4', '7aad681c-f70e-4460-a688-438901573ea9', '49e54b55-6e07-407b-9dac-36e93e1f8aa2', 1, 55, 55, '2026-03-25T16:40:00.000Z');
INSERT INTO orders (id, buyer_id, seller_id, total_amount, status, created_at) 
                      VALUES ('ed8bebf6-ebd0-4bd7-b184-3bd31a97aff5', 'aa9e3c8c-e997-4408-ac68-6265851f972d', 'cdc7b576-3957-4e3f-9e87-6630e4ef1950', 55, 'completed', '2026-03-25T16:36:00.000Z');
INSERT INTO order_items (id, order_id, product_id, quantity, unit_price, subtotal, created_at) 
                      VALUES ('435be668-431d-4c7a-9b8f-2f50cc180051', 'ed8bebf6-ebd0-4bd7-b184-3bd31a97aff5', '49e54b55-6e07-407b-9dac-36e93e1f8aa2', 1, 55, 55, '2026-03-25T16:36:00.000Z');
INSERT INTO orders (id, buyer_id, seller_id, total_amount, status, created_at) 
                      VALUES ('17eddd41-d8be-40f3-82a9-768385f7a3f1', '1161fb73-809d-4954-a73a-738a9a1868f7', 'cdc7b576-3957-4e3f-9e87-6630e4ef1950', 55, 'completed', '2026-03-25T21:55:00.000Z');
INSERT INTO order_items (id, order_id, product_id, quantity, unit_price, subtotal, created_at) 
                      VALUES ('7a6451f7-eb1f-4afe-a9fb-f0c89acdd669', '17eddd41-d8be-40f3-82a9-768385f7a3f1', '49e54b55-6e07-407b-9dac-36e93e1f8aa2', 1, 55, 55, '2026-03-25T21:55:00.000Z');
INSERT INTO orders (id, buyer_id, seller_id, total_amount, status, created_at) 
                      VALUES ('4aa6cf14-30e6-4cc5-b3ab-e72803bdc530', '79768ab4-b021-418b-bf3c-0dd52f857b65', 'cdc7b576-3957-4e3f-9e87-6630e4ef1950', 55, 'completed', '2026-03-25T16:36:00.000Z');
INSERT INTO order_items (id, order_id, product_id, quantity, unit_price, subtotal, created_at) 
                      VALUES ('d570cec1-f8cd-4885-bc2f-8d9e9b7c5f74', '4aa6cf14-30e6-4cc5-b3ab-e72803bdc530', '49e54b55-6e07-407b-9dac-36e93e1f8aa2', 1, 55, 55, '2026-03-25T16:36:00.000Z');
INSERT INTO orders (id, buyer_id, seller_id, total_amount, status, created_at) 
                      VALUES ('e8137d1c-0b7f-48b3-8395-b2f06d469669', '1161fb73-809d-4954-a73a-738a9a1868f7', 'cdc7b576-3957-4e3f-9e87-6630e4ef1950', 55, 'completed', '2026-03-25T21:58:00.000Z');
INSERT INTO order_items (id, order_id, product_id, quantity, unit_price, subtotal, created_at) 
                      VALUES ('d56ebb2c-ee4f-4cca-9f60-ec33f928d7dd', 'e8137d1c-0b7f-48b3-8395-b2f06d469669', '49e54b55-6e07-407b-9dac-36e93e1f8aa2', 1, 55, 55, '2026-03-25T21:58:00.000Z');
INSERT INTO orders (id, buyer_id, seller_id, total_amount, status, created_at) 
                      VALUES ('3bd4017c-dda0-4299-b996-00b64dfebc89', '79768ab4-b021-418b-bf3c-0dd52f857b65', 'cdc7b576-3957-4e3f-9e87-6630e4ef1950', 55, 'completed', '2026-03-25T21:53:00.000Z');
INSERT INTO order_items (id, order_id, product_id, quantity, unit_price, subtotal, created_at) 
                      VALUES ('e0023937-92a2-4f2e-82a0-808ffaf6dbc4', '3bd4017c-dda0-4299-b996-00b64dfebc89', '49e54b55-6e07-407b-9dac-36e93e1f8aa2', 1, 55, 55, '2026-03-25T21:53:00.000Z');
INSERT INTO orders (id, buyer_id, seller_id, total_amount, status, created_at) 
                      VALUES ('bfb0c359-f0d2-4f5f-913e-dfa1505da5d1', 'aa9e3c8c-e997-4408-ac68-6265851f972d', 'cdc7b576-3957-4e3f-9e87-6630e4ef1950', 55, 'completed', '2026-03-25T19:11:00.000Z');
INSERT INTO order_items (id, order_id, product_id, quantity, unit_price, subtotal, created_at) 
                      VALUES ('cf77f1fa-6b90-4e43-aa05-71bf06b20942', 'bfb0c359-f0d2-4f5f-913e-dfa1505da5d1', '49e54b55-6e07-407b-9dac-36e93e1f8aa2', 1, 55, 55, '2026-03-25T19:11:00.000Z');
INSERT INTO orders (id, buyer_id, seller_id, total_amount, status, created_at) 
                      VALUES ('90d8b99f-1771-498c-a9c4-4ebb7c82b60f', '233694a0-da98-4b19-8640-7b99f406554e', 'cdc7b576-3957-4e3f-9e87-6630e4ef1950', 55, 'completed', '2026-03-25T21:06:00.000Z');
INSERT INTO order_items (id, order_id, product_id, quantity, unit_price, subtotal, created_at) 
                      VALUES ('c9eecdf5-0636-46db-a804-b8546fc1db78', '90d8b99f-1771-498c-a9c4-4ebb7c82b60f', '49e54b55-6e07-407b-9dac-36e93e1f8aa2', 1, 55, 55, '2026-03-25T21:06:00.000Z');
INSERT INTO orders (id, buyer_id, seller_id, total_amount, status, created_at) 
                      VALUES ('843f1585-3ac6-4588-80d5-86a01309f1d7', 'aa9e3c8c-e997-4408-ac68-6265851f972d', 'cdc7b576-3957-4e3f-9e87-6630e4ef1950', 55, 'completed', '2026-03-25T19:30:00.000Z');
INSERT INTO order_items (id, order_id, product_id, quantity, unit_price, subtotal, created_at) 
                      VALUES ('235429da-d628-4844-81f7-04bdc3771547', '843f1585-3ac6-4588-80d5-86a01309f1d7', '49e54b55-6e07-407b-9dac-36e93e1f8aa2', 1, 55, 55, '2026-03-25T19:30:00.000Z');
INSERT INTO audit_logs (id, action, user_id, description, level, created_at) 
                  VALUES ('0ee790d6-c9fc-47e3-b631-7b47000fda01', 'USER_LOGIN', '6adabb60-eed5-4dd0-b80c-41983dd81404', 'Vendedor inició sesión para jornada', 'info', '2026-03-26T14:27:00.000Z');
INSERT INTO daily_sales (id, seller_id, sale_date, total_investment, total_revenue, units_sold, units_lost, total_waste_cost, is_closed) 
                  VALUES ('96bd3374-b17d-4a34-8199-a4276f70230a', '6adabb60-eed5-4dd0-b80c-41983dd81404', '2026-03-26', 560, 975, 13, 1, 40, true);
INSERT INTO sale_details (id, daily_sale_id, product_id, quantity_prepared, quantity_sold, quantity_lost, unit_cost, unit_price, waste_cost, waste_reason) 
                  VALUES ('b49683ee-03b8-44b5-a9de-a3664334e770', '96bd3374-b17d-4a34-8199-a4276f70230a', 'cd4cb45a-05bc-4729-bb2a-06d122f369fc', 14, 13, 1, 40, 75, 40, 'expired');
INSERT INTO orders (id, buyer_id, seller_id, total_amount, status, created_at) 
                      VALUES ('75fe0d36-8c23-4070-9942-167408147527', '1161fb73-809d-4954-a73a-738a9a1868f7', '6adabb60-eed5-4dd0-b80c-41983dd81404', 75, 'completed', '2026-03-26T18:44:00.000Z');
INSERT INTO order_items (id, order_id, product_id, quantity, unit_price, subtotal, created_at) 
                      VALUES ('3bdde069-9f4d-495f-949f-6f43dc03576a', '75fe0d36-8c23-4070-9942-167408147527', 'cd4cb45a-05bc-4729-bb2a-06d122f369fc', 1, 75, 75, '2026-03-26T18:44:00.000Z');
INSERT INTO orders (id, buyer_id, seller_id, total_amount, status, created_at) 
                      VALUES ('19f79bf6-5583-4b14-924e-1492e1f4d80b', '6c8c4ad9-70e8-48cb-9ce8-5d01c349ffcc', '6adabb60-eed5-4dd0-b80c-41983dd81404', 75, 'completed', '2026-03-26T17:22:00.000Z');
INSERT INTO order_items (id, order_id, product_id, quantity, unit_price, subtotal, created_at) 
                      VALUES ('3db041e4-2585-4b51-b0e4-84dde4b6fca5', '19f79bf6-5583-4b14-924e-1492e1f4d80b', 'cd4cb45a-05bc-4729-bb2a-06d122f369fc', 1, 75, 75, '2026-03-26T17:22:00.000Z');
INSERT INTO orders (id, buyer_id, seller_id, total_amount, status, created_at) 
                      VALUES ('e918a2d8-930a-480e-a35b-e348f9ee7295', '79768ab4-b021-418b-bf3c-0dd52f857b65', '6adabb60-eed5-4dd0-b80c-41983dd81404', 75, 'completed', '2026-03-26T19:38:00.000Z');
INSERT INTO order_items (id, order_id, product_id, quantity, unit_price, subtotal, created_at) 
                      VALUES ('44a6bdf5-f98c-46b4-a85c-81ba5c329ddb', 'e918a2d8-930a-480e-a35b-e348f9ee7295', 'cd4cb45a-05bc-4729-bb2a-06d122f369fc', 1, 75, 75, '2026-03-26T19:38:00.000Z');
INSERT INTO orders (id, buyer_id, seller_id, total_amount, status, created_at) 
                      VALUES ('e38f0c31-faf0-4ee2-8932-204655a5a828', '1161fb73-809d-4954-a73a-738a9a1868f7', '6adabb60-eed5-4dd0-b80c-41983dd81404', 75, 'completed', '2026-03-26T16:52:00.000Z');
INSERT INTO order_items (id, order_id, product_id, quantity, unit_price, subtotal, created_at) 
                      VALUES ('0cd7f4d3-031f-4dcc-9862-ad71df1190fe', 'e38f0c31-faf0-4ee2-8932-204655a5a828', 'cd4cb45a-05bc-4729-bb2a-06d122f369fc', 1, 75, 75, '2026-03-26T16:52:00.000Z');
INSERT INTO orders (id, buyer_id, seller_id, total_amount, status, created_at) 
                      VALUES ('93c37ec5-f4f7-470b-8dac-e9bc425f9bc0', 'b03c172d-3388-458c-8054-b6ad7db24e27', '6adabb60-eed5-4dd0-b80c-41983dd81404', 75, 'completed', '2026-03-26T16:33:00.000Z');
INSERT INTO order_items (id, order_id, product_id, quantity, unit_price, subtotal, created_at) 
                      VALUES ('b185059c-7701-433f-bfbe-6f9e342c2ba1', '93c37ec5-f4f7-470b-8dac-e9bc425f9bc0', 'cd4cb45a-05bc-4729-bb2a-06d122f369fc', 1, 75, 75, '2026-03-26T16:33:00.000Z');
INSERT INTO orders (id, buyer_id, seller_id, total_amount, status, created_at) 
                      VALUES ('48602f07-cc65-4ef7-a15e-9f3a44b82732', 'ac51e939-ec0b-40c3-b3e7-39711b12845a', '6adabb60-eed5-4dd0-b80c-41983dd81404', 75, 'completed', '2026-03-26T19:27:00.000Z');
INSERT INTO order_items (id, order_id, product_id, quantity, unit_price, subtotal, created_at) 
                      VALUES ('46808041-ca84-439d-aef9-f025af16cedc', '48602f07-cc65-4ef7-a15e-9f3a44b82732', 'cd4cb45a-05bc-4729-bb2a-06d122f369fc', 1, 75, 75, '2026-03-26T19:27:00.000Z');
INSERT INTO orders (id, buyer_id, seller_id, total_amount, status, created_at) 
                      VALUES ('a41f8e17-dfc5-41fd-b905-03d60aa1f5e7', '79768ab4-b021-418b-bf3c-0dd52f857b65', '6adabb60-eed5-4dd0-b80c-41983dd81404', 75, 'completed', '2026-03-26T17:34:00.000Z');
INSERT INTO order_items (id, order_id, product_id, quantity, unit_price, subtotal, created_at) 
                      VALUES ('caf524bd-b924-4563-839b-c3d9244f206f', 'a41f8e17-dfc5-41fd-b905-03d60aa1f5e7', 'cd4cb45a-05bc-4729-bb2a-06d122f369fc', 1, 75, 75, '2026-03-26T17:34:00.000Z');
INSERT INTO orders (id, buyer_id, seller_id, total_amount, status, created_at) 
                      VALUES ('d87c949e-0fa0-41bf-a2ef-cad9a9dad75c', '6c8c4ad9-70e8-48cb-9ce8-5d01c349ffcc', '6adabb60-eed5-4dd0-b80c-41983dd81404', 75, 'completed', '2026-03-26T20:40:00.000Z');
INSERT INTO order_items (id, order_id, product_id, quantity, unit_price, subtotal, created_at) 
                      VALUES ('2e59291b-5113-47b1-95ac-bec1fc07069e', 'd87c949e-0fa0-41bf-a2ef-cad9a9dad75c', 'cd4cb45a-05bc-4729-bb2a-06d122f369fc', 1, 75, 75, '2026-03-26T20:40:00.000Z');
INSERT INTO orders (id, buyer_id, seller_id, total_amount, status, created_at) 
                      VALUES ('f2c57606-7faa-4e2b-9668-01a3234f17b6', 'ac51e939-ec0b-40c3-b3e7-39711b12845a', '6adabb60-eed5-4dd0-b80c-41983dd81404', 75, 'completed', '2026-03-26T18:17:00.000Z');
INSERT INTO order_items (id, order_id, product_id, quantity, unit_price, subtotal, created_at) 
                      VALUES ('b3aeeecd-4c8b-455e-8672-79d78d5c5f06', 'f2c57606-7faa-4e2b-9668-01a3234f17b6', 'cd4cb45a-05bc-4729-bb2a-06d122f369fc', 1, 75, 75, '2026-03-26T18:17:00.000Z');
INSERT INTO orders (id, buyer_id, seller_id, total_amount, status, created_at) 
                      VALUES ('ed95579f-75d9-48d0-a598-1bdacefc9917', 'ac51e939-ec0b-40c3-b3e7-39711b12845a', '6adabb60-eed5-4dd0-b80c-41983dd81404', 75, 'completed', '2026-03-26T17:56:00.000Z');
INSERT INTO order_items (id, order_id, product_id, quantity, unit_price, subtotal, created_at) 
                      VALUES ('e8915114-ef45-4a91-8236-3275a34dcb08', 'ed95579f-75d9-48d0-a598-1bdacefc9917', 'cd4cb45a-05bc-4729-bb2a-06d122f369fc', 1, 75, 75, '2026-03-26T17:56:00.000Z');
INSERT INTO orders (id, buyer_id, seller_id, total_amount, status, created_at) 
                      VALUES ('6336ca0b-8290-4354-906d-33d24f5251db', 'aa9e3c8c-e997-4408-ac68-6265851f972d', '6adabb60-eed5-4dd0-b80c-41983dd81404', 75, 'completed', '2026-03-26T19:02:00.000Z');
INSERT INTO order_items (id, order_id, product_id, quantity, unit_price, subtotal, created_at) 
                      VALUES ('ec5a2c48-d01f-4389-96a0-93c04210af75', '6336ca0b-8290-4354-906d-33d24f5251db', 'cd4cb45a-05bc-4729-bb2a-06d122f369fc', 1, 75, 75, '2026-03-26T19:02:00.000Z');
INSERT INTO orders (id, buyer_id, seller_id, total_amount, status, created_at) 
                      VALUES ('e958a2fa-19a8-46fb-b6f6-8aff81861f63', '79768ab4-b021-418b-bf3c-0dd52f857b65', '6adabb60-eed5-4dd0-b80c-41983dd81404', 75, 'completed', '2026-03-26T17:25:00.000Z');
INSERT INTO order_items (id, order_id, product_id, quantity, unit_price, subtotal, created_at) 
                      VALUES ('2bea48de-0fcd-49e9-b9b9-d3d25475400b', 'e958a2fa-19a8-46fb-b6f6-8aff81861f63', 'cd4cb45a-05bc-4729-bb2a-06d122f369fc', 1, 75, 75, '2026-03-26T17:25:00.000Z');
INSERT INTO orders (id, buyer_id, seller_id, total_amount, status, created_at) 
                      VALUES ('84028c0c-a032-4e1a-87c4-ea8bf8ab2f58', '1161fb73-809d-4954-a73a-738a9a1868f7', '6adabb60-eed5-4dd0-b80c-41983dd81404', 75, 'completed', '2026-03-26T18:25:00.000Z');
INSERT INTO order_items (id, order_id, product_id, quantity, unit_price, subtotal, created_at) 
                      VALUES ('bc106bf1-d300-4023-a7a7-1d63b79d4161', '84028c0c-a032-4e1a-87c4-ea8bf8ab2f58', 'cd4cb45a-05bc-4729-bb2a-06d122f369fc', 1, 75, 75, '2026-03-26T18:25:00.000Z');
INSERT INTO audit_logs (id, action, user_id, description, level, created_at) 
                  VALUES ('d7cb806a-52b5-4a40-94db-8951f9c923e3', 'USER_LOGIN', '5f552e5d-c288-453c-a685-b287e1c0c64a', 'Vendedor inició sesión para jornada', 'info', '2026-03-26T14:08:00.000Z');
INSERT INTO daily_sales (id, seller_id, sale_date, total_investment, total_revenue, units_sold, units_lost, total_waste_cost, is_closed) 
                  VALUES ('6c2de95b-7955-4114-952a-fc79f5522d9b', '5f552e5d-c288-453c-a685-b287e1c0c64a', '2026-03-26', 280, 585, 13, 1, 20, true);
INSERT INTO sale_details (id, daily_sale_id, product_id, quantity_prepared, quantity_sold, quantity_lost, unit_cost, unit_price, waste_cost, waste_reason) 
                  VALUES ('3f51c2bd-9b17-4b50-9816-9fff47c432c9', '6c2de95b-7955-4114-952a-fc79f5522d9b', '90ccc3f8-627a-4af7-aab2-9c7967c2f50d', 14, 13, 1, 20, 45, 20, 'expired');
INSERT INTO orders (id, buyer_id, seller_id, total_amount, status, created_at) 
                      VALUES ('1439470c-2aa2-4217-a213-929c292fa5fb', '79768ab4-b021-418b-bf3c-0dd52f857b65', '5f552e5d-c288-453c-a685-b287e1c0c64a', 45, 'completed', '2026-03-26T21:55:00.000Z');
INSERT INTO order_items (id, order_id, product_id, quantity, unit_price, subtotal, created_at) 
                      VALUES ('68a8ea8d-20e2-4b25-bca5-e6f38c3df7ab', '1439470c-2aa2-4217-a213-929c292fa5fb', '90ccc3f8-627a-4af7-aab2-9c7967c2f50d', 1, 45, 45, '2026-03-26T21:55:00.000Z');
INSERT INTO orders (id, buyer_id, seller_id, total_amount, status, created_at) 
                      VALUES ('8222787a-a156-401f-b88b-62e4a4c6a869', 'b03c172d-3388-458c-8054-b6ad7db24e27', '5f552e5d-c288-453c-a685-b287e1c0c64a', 45, 'completed', '2026-03-26T20:30:00.000Z');
INSERT INTO order_items (id, order_id, product_id, quantity, unit_price, subtotal, created_at) 
                      VALUES ('b35455a0-711f-405e-b7c4-d714145f9c9b', '8222787a-a156-401f-b88b-62e4a4c6a869', '90ccc3f8-627a-4af7-aab2-9c7967c2f50d', 1, 45, 45, '2026-03-26T20:30:00.000Z');
INSERT INTO orders (id, buyer_id, seller_id, total_amount, status, created_at) 
                      VALUES ('dcbbed9b-dff3-481d-87a5-98daa549f97c', 'ac51e939-ec0b-40c3-b3e7-39711b12845a', '5f552e5d-c288-453c-a685-b287e1c0c64a', 45, 'completed', '2026-03-26T18:01:00.000Z');
INSERT INTO order_items (id, order_id, product_id, quantity, unit_price, subtotal, created_at) 
                      VALUES ('e80440db-2e69-4223-aec0-4c46a57e5300', 'dcbbed9b-dff3-481d-87a5-98daa549f97c', '90ccc3f8-627a-4af7-aab2-9c7967c2f50d', 1, 45, 45, '2026-03-26T18:01:00.000Z');
INSERT INTO orders (id, buyer_id, seller_id, total_amount, status, created_at) 
                      VALUES ('2226f854-72d1-4e5e-9c32-0e9432989b01', '6c8c4ad9-70e8-48cb-9ce8-5d01c349ffcc', '5f552e5d-c288-453c-a685-b287e1c0c64a', 45, 'completed', '2026-03-26T16:15:00.000Z');
INSERT INTO order_items (id, order_id, product_id, quantity, unit_price, subtotal, created_at) 
                      VALUES ('117fe471-a37d-46d0-b24a-1851e09800f7', '2226f854-72d1-4e5e-9c32-0e9432989b01', '90ccc3f8-627a-4af7-aab2-9c7967c2f50d', 1, 45, 45, '2026-03-26T16:15:00.000Z');
INSERT INTO orders (id, buyer_id, seller_id, total_amount, status, created_at) 
                      VALUES ('aeab2ea4-da53-40cb-af50-5c139ca60c13', '1161fb73-809d-4954-a73a-738a9a1868f7', '5f552e5d-c288-453c-a685-b287e1c0c64a', 45, 'completed', '2026-03-26T21:16:00.000Z');
INSERT INTO order_items (id, order_id, product_id, quantity, unit_price, subtotal, created_at) 
                      VALUES ('ae712237-06f4-4bca-9b6e-cdda32380bb2', 'aeab2ea4-da53-40cb-af50-5c139ca60c13', '90ccc3f8-627a-4af7-aab2-9c7967c2f50d', 1, 45, 45, '2026-03-26T21:16:00.000Z');
INSERT INTO orders (id, buyer_id, seller_id, total_amount, status, created_at) 
                      VALUES ('e58188a9-98b7-4a83-beda-874d17c30f96', 'aa9e3c8c-e997-4408-ac68-6265851f972d', '5f552e5d-c288-453c-a685-b287e1c0c64a', 45, 'completed', '2026-03-26T17:49:00.000Z');
INSERT INTO order_items (id, order_id, product_id, quantity, unit_price, subtotal, created_at) 
                      VALUES ('5eddf909-003c-4332-827f-e9b243af9906', 'e58188a9-98b7-4a83-beda-874d17c30f96', '90ccc3f8-627a-4af7-aab2-9c7967c2f50d', 1, 45, 45, '2026-03-26T17:49:00.000Z');
INSERT INTO orders (id, buyer_id, seller_id, total_amount, status, created_at) 
                      VALUES ('7bb9be85-fdde-455f-9b2f-ab35943eee01', 'b03c172d-3388-458c-8054-b6ad7db24e27', '5f552e5d-c288-453c-a685-b287e1c0c64a', 45, 'completed', '2026-03-26T19:26:00.000Z');
INSERT INTO order_items (id, order_id, product_id, quantity, unit_price, subtotal, created_at) 
                      VALUES ('182c5fb4-d335-4974-b931-981b038a874c', '7bb9be85-fdde-455f-9b2f-ab35943eee01', '90ccc3f8-627a-4af7-aab2-9c7967c2f50d', 1, 45, 45, '2026-03-26T19:26:00.000Z');
INSERT INTO orders (id, buyer_id, seller_id, total_amount, status, created_at) 
                      VALUES ('8231b687-07fe-420a-a687-908a9de8a739', 'b03c172d-3388-458c-8054-b6ad7db24e27', '5f552e5d-c288-453c-a685-b287e1c0c64a', 45, 'completed', '2026-03-26T19:12:00.000Z');
INSERT INTO order_items (id, order_id, product_id, quantity, unit_price, subtotal, created_at) 
                      VALUES ('108aa39f-039e-4837-a868-c8e163c038e2', '8231b687-07fe-420a-a687-908a9de8a739', '90ccc3f8-627a-4af7-aab2-9c7967c2f50d', 1, 45, 45, '2026-03-26T19:12:00.000Z');
INSERT INTO orders (id, buyer_id, seller_id, total_amount, status, created_at) 
                      VALUES ('acefb437-3d89-48f3-8118-0c910c55a191', '1161fb73-809d-4954-a73a-738a9a1868f7', '5f552e5d-c288-453c-a685-b287e1c0c64a', 45, 'completed', '2026-03-26T19:35:00.000Z');
INSERT INTO order_items (id, order_id, product_id, quantity, unit_price, subtotal, created_at) 
                      VALUES ('954d2382-035b-44c4-964c-96b2dbac2187', 'acefb437-3d89-48f3-8118-0c910c55a191', '90ccc3f8-627a-4af7-aab2-9c7967c2f50d', 1, 45, 45, '2026-03-26T19:35:00.000Z');
INSERT INTO orders (id, buyer_id, seller_id, total_amount, status, created_at) 
                      VALUES ('72e903e5-9ff0-4c7e-8aaa-7d279ec0992e', '6c8c4ad9-70e8-48cb-9ce8-5d01c349ffcc', '5f552e5d-c288-453c-a685-b287e1c0c64a', 45, 'completed', '2026-03-26T19:00:00.000Z');
INSERT INTO order_items (id, order_id, product_id, quantity, unit_price, subtotal, created_at) 
                      VALUES ('e6f2181c-e514-4b24-889d-35d66276e4a0', '72e903e5-9ff0-4c7e-8aaa-7d279ec0992e', '90ccc3f8-627a-4af7-aab2-9c7967c2f50d', 1, 45, 45, '2026-03-26T19:00:00.000Z');
INSERT INTO orders (id, buyer_id, seller_id, total_amount, status, created_at) 
                      VALUES ('ee18c482-7641-4d05-aa8f-5b0fade189ad', '233694a0-da98-4b19-8640-7b99f406554e', '5f552e5d-c288-453c-a685-b287e1c0c64a', 45, 'completed', '2026-03-26T19:36:00.000Z');
INSERT INTO order_items (id, order_id, product_id, quantity, unit_price, subtotal, created_at) 
                      VALUES ('84d02603-a983-4c40-aa53-ecacb3edc206', 'ee18c482-7641-4d05-aa8f-5b0fade189ad', '90ccc3f8-627a-4af7-aab2-9c7967c2f50d', 1, 45, 45, '2026-03-26T19:36:00.000Z');
INSERT INTO orders (id, buyer_id, seller_id, total_amount, status, created_at) 
                      VALUES ('0a35f29e-a9bb-4f8d-886b-c0e65d48c1be', 'b03c172d-3388-458c-8054-b6ad7db24e27', '5f552e5d-c288-453c-a685-b287e1c0c64a', 45, 'completed', '2026-03-26T18:06:00.000Z');
INSERT INTO order_items (id, order_id, product_id, quantity, unit_price, subtotal, created_at) 
                      VALUES ('e68740aa-67dc-4e3e-a334-074c8b36b44b', '0a35f29e-a9bb-4f8d-886b-c0e65d48c1be', '90ccc3f8-627a-4af7-aab2-9c7967c2f50d', 1, 45, 45, '2026-03-26T18:06:00.000Z');
INSERT INTO orders (id, buyer_id, seller_id, total_amount, status, created_at) 
                      VALUES ('ad00d2fa-f0ad-4b2d-b59b-40ff76a02539', 'b03c172d-3388-458c-8054-b6ad7db24e27', '5f552e5d-c288-453c-a685-b287e1c0c64a', 45, 'completed', '2026-03-26T18:56:00.000Z');
INSERT INTO order_items (id, order_id, product_id, quantity, unit_price, subtotal, created_at) 
                      VALUES ('dbefb0bf-a41e-42d5-bd8f-2f224a86725d', 'ad00d2fa-f0ad-4b2d-b59b-40ff76a02539', '90ccc3f8-627a-4af7-aab2-9c7967c2f50d', 1, 45, 45, '2026-03-26T18:56:00.000Z');
INSERT INTO audit_logs (id, action, user_id, description, level, created_at) 
                  VALUES ('9fdb8271-e6bf-4a74-8bcf-ce064db81a2b', 'USER_LOGIN', '522afd0e-5b6f-4f57-be80-46fd79ba12db', 'Vendedor inició sesión para jornada', 'info', '2026-03-26T14:23:00.000Z');
INSERT INTO daily_sales (id, seller_id, sale_date, total_investment, total_revenue, units_sold, units_lost, total_waste_cost, is_closed) 
                  VALUES ('715cf22f-53a0-4513-97b3-743edb930c28', '522afd0e-5b6f-4f57-be80-46fd79ba12db', '2026-03-26', 156, 360, 12, 1, 12, true);
INSERT INTO sale_details (id, daily_sale_id, product_id, quantity_prepared, quantity_sold, quantity_lost, unit_cost, unit_price, waste_cost, waste_reason) 
                  VALUES ('5efa3cc9-1d91-4f24-bae8-5e0670bd7140', '715cf22f-53a0-4513-97b3-743edb930c28', 'c865d401-6592-418d-98d5-1aa633799680', 13, 12, 1, 12, 30, 12, 'expired');
INSERT INTO orders (id, buyer_id, seller_id, total_amount, status, created_at) 
                      VALUES ('66c5692c-38a9-4fde-a855-39ea043ef31e', '79768ab4-b021-418b-bf3c-0dd52f857b65', '522afd0e-5b6f-4f57-be80-46fd79ba12db', 30, 'completed', '2026-03-26T20:34:00.000Z');
INSERT INTO order_items (id, order_id, product_id, quantity, unit_price, subtotal, created_at) 
                      VALUES ('fe474cd0-ca66-45c1-bc9e-18b8dd4b557c', '66c5692c-38a9-4fde-a855-39ea043ef31e', 'c865d401-6592-418d-98d5-1aa633799680', 1, 30, 30, '2026-03-26T20:34:00.000Z');
INSERT INTO orders (id, buyer_id, seller_id, total_amount, status, created_at) 
                      VALUES ('3d4e2a9e-a980-4ba1-8478-b49a99a5a972', '6c8c4ad9-70e8-48cb-9ce8-5d01c349ffcc', '522afd0e-5b6f-4f57-be80-46fd79ba12db', 30, 'completed', '2026-03-26T19:39:00.000Z');
INSERT INTO order_items (id, order_id, product_id, quantity, unit_price, subtotal, created_at) 
                      VALUES ('a8a79fd6-10ef-4d4a-bf2a-b92aa48700b9', '3d4e2a9e-a980-4ba1-8478-b49a99a5a972', 'c865d401-6592-418d-98d5-1aa633799680', 1, 30, 30, '2026-03-26T19:39:00.000Z');
INSERT INTO orders (id, buyer_id, seller_id, total_amount, status, created_at) 
                      VALUES ('0cb2c111-a267-4288-9ebe-797efd4c1c12', '233694a0-da98-4b19-8640-7b99f406554e', '522afd0e-5b6f-4f57-be80-46fd79ba12db', 30, 'completed', '2026-03-26T20:07:00.000Z');
INSERT INTO order_items (id, order_id, product_id, quantity, unit_price, subtotal, created_at) 
                      VALUES ('e6520d55-1efd-4ec6-9315-99e4be734d48', '0cb2c111-a267-4288-9ebe-797efd4c1c12', 'c865d401-6592-418d-98d5-1aa633799680', 1, 30, 30, '2026-03-26T20:07:00.000Z');
INSERT INTO orders (id, buyer_id, seller_id, total_amount, status, created_at) 
                      VALUES ('fe26e144-6ebd-41db-b11c-9732fd92c3d2', '79768ab4-b021-418b-bf3c-0dd52f857b65', '522afd0e-5b6f-4f57-be80-46fd79ba12db', 30, 'completed', '2026-03-26T18:19:00.000Z');
INSERT INTO order_items (id, order_id, product_id, quantity, unit_price, subtotal, created_at) 
                      VALUES ('35d1ff0d-5b09-42a5-b13a-b0308bb258b2', 'fe26e144-6ebd-41db-b11c-9732fd92c3d2', 'c865d401-6592-418d-98d5-1aa633799680', 1, 30, 30, '2026-03-26T18:19:00.000Z');
INSERT INTO orders (id, buyer_id, seller_id, total_amount, status, created_at) 
                      VALUES ('b79c3402-1c9c-49a3-8224-7fef72b84fa0', '6c8c4ad9-70e8-48cb-9ce8-5d01c349ffcc', '522afd0e-5b6f-4f57-be80-46fd79ba12db', 30, 'completed', '2026-03-26T19:54:00.000Z');
INSERT INTO order_items (id, order_id, product_id, quantity, unit_price, subtotal, created_at) 
                      VALUES ('b60a2b15-eac4-43d3-b3e3-15d17d8e0b98', 'b79c3402-1c9c-49a3-8224-7fef72b84fa0', 'c865d401-6592-418d-98d5-1aa633799680', 1, 30, 30, '2026-03-26T19:54:00.000Z');
INSERT INTO orders (id, buyer_id, seller_id, total_amount, status, created_at) 
                      VALUES ('1ba21130-30ce-47c8-bb16-9efac8543b9e', '1161fb73-809d-4954-a73a-738a9a1868f7', '522afd0e-5b6f-4f57-be80-46fd79ba12db', 30, 'completed', '2026-03-26T20:01:00.000Z');
INSERT INTO order_items (id, order_id, product_id, quantity, unit_price, subtotal, created_at) 
                      VALUES ('d28adb11-bd9e-4799-a493-ec85adf108e5', '1ba21130-30ce-47c8-bb16-9efac8543b9e', 'c865d401-6592-418d-98d5-1aa633799680', 1, 30, 30, '2026-03-26T20:01:00.000Z');
INSERT INTO orders (id, buyer_id, seller_id, total_amount, status, created_at) 
                      VALUES ('6c56dc56-ccb2-424b-a44b-313f5930f5e5', 'b03c172d-3388-458c-8054-b6ad7db24e27', '522afd0e-5b6f-4f57-be80-46fd79ba12db', 30, 'completed', '2026-03-26T17:50:00.000Z');
INSERT INTO order_items (id, order_id, product_id, quantity, unit_price, subtotal, created_at) 
                      VALUES ('89a5c607-67dc-4f0d-8aaf-cf31725b44de', '6c56dc56-ccb2-424b-a44b-313f5930f5e5', 'c865d401-6592-418d-98d5-1aa633799680', 1, 30, 30, '2026-03-26T17:50:00.000Z');
INSERT INTO orders (id, buyer_id, seller_id, total_amount, status, created_at) 
                      VALUES ('01783106-6c2e-445f-a342-cf62389b2f4f', 'ac51e939-ec0b-40c3-b3e7-39711b12845a', '522afd0e-5b6f-4f57-be80-46fd79ba12db', 30, 'completed', '2026-03-26T20:43:00.000Z');
INSERT INTO order_items (id, order_id, product_id, quantity, unit_price, subtotal, created_at) 
                      VALUES ('653a7fd6-c926-4101-8ee8-0de6689695bd', '01783106-6c2e-445f-a342-cf62389b2f4f', 'c865d401-6592-418d-98d5-1aa633799680', 1, 30, 30, '2026-03-26T20:43:00.000Z');
INSERT INTO orders (id, buyer_id, seller_id, total_amount, status, created_at) 
                      VALUES ('6e69eb2b-b314-440e-a67a-1c275587a0b7', '6c8c4ad9-70e8-48cb-9ce8-5d01c349ffcc', '522afd0e-5b6f-4f57-be80-46fd79ba12db', 30, 'completed', '2026-03-26T19:05:00.000Z');
INSERT INTO order_items (id, order_id, product_id, quantity, unit_price, subtotal, created_at) 
                      VALUES ('7a716938-da1e-4970-a837-dc8b9ecce064', '6e69eb2b-b314-440e-a67a-1c275587a0b7', 'c865d401-6592-418d-98d5-1aa633799680', 1, 30, 30, '2026-03-26T19:05:00.000Z');
INSERT INTO orders (id, buyer_id, seller_id, total_amount, status, created_at) 
                      VALUES ('97347212-acc8-4048-a346-58a2ba99d353', 'b03c172d-3388-458c-8054-b6ad7db24e27', '522afd0e-5b6f-4f57-be80-46fd79ba12db', 30, 'completed', '2026-03-26T18:59:00.000Z');
INSERT INTO order_items (id, order_id, product_id, quantity, unit_price, subtotal, created_at) 
                      VALUES ('06938917-bd1f-42de-b25a-e35fb5a0cc2f', '97347212-acc8-4048-a346-58a2ba99d353', 'c865d401-6592-418d-98d5-1aa633799680', 1, 30, 30, '2026-03-26T18:59:00.000Z');
INSERT INTO orders (id, buyer_id, seller_id, total_amount, status, created_at) 
                      VALUES ('db36bea6-6b34-4351-b696-9b554b70ed27', 'ac51e939-ec0b-40c3-b3e7-39711b12845a', '522afd0e-5b6f-4f57-be80-46fd79ba12db', 30, 'completed', '2026-03-26T16:04:00.000Z');
INSERT INTO order_items (id, order_id, product_id, quantity, unit_price, subtotal, created_at) 
                      VALUES ('62f6adf5-74c5-45bd-a68e-91011cb33919', 'db36bea6-6b34-4351-b696-9b554b70ed27', 'c865d401-6592-418d-98d5-1aa633799680', 1, 30, 30, '2026-03-26T16:04:00.000Z');
INSERT INTO orders (id, buyer_id, seller_id, total_amount, status, created_at) 
                      VALUES ('23fbd7de-bcfa-409d-a62d-a0e94054add0', 'b03c172d-3388-458c-8054-b6ad7db24e27', '522afd0e-5b6f-4f57-be80-46fd79ba12db', 30, 'completed', '2026-03-26T17:04:00.000Z');
INSERT INTO order_items (id, order_id, product_id, quantity, unit_price, subtotal, created_at) 
                      VALUES ('7e05a68a-e354-4d4c-a119-2f0e5e220380', '23fbd7de-bcfa-409d-a62d-a0e94054add0', 'c865d401-6592-418d-98d5-1aa633799680', 1, 30, 30, '2026-03-26T17:04:00.000Z');
INSERT INTO audit_logs (id, action, user_id, description, level, created_at) 
                  VALUES ('5b978cc6-b43e-4d73-8cbe-4f22b8fd694a', 'USER_LOGIN', 'da273443-bae3-4781-ae4e-819d0c9d56a6', 'Vendedor inició sesión para jornada', 'info', '2026-03-26T14:09:00.000Z');
INSERT INTO daily_sales (id, seller_id, sale_date, total_investment, total_revenue, units_sold, units_lost, total_waste_cost, is_closed) 
                  VALUES ('cb79aea2-83af-42e4-863f-4da200fdbd2a', 'da273443-bae3-4781-ae4e-819d0c9d56a6', '2026-03-26', 96, 275, 11, 1, 8, true);
INSERT INTO sale_details (id, daily_sale_id, product_id, quantity_prepared, quantity_sold, quantity_lost, unit_cost, unit_price, waste_cost, waste_reason) 
                  VALUES ('c77244cd-6e9d-4187-84dd-41449bf9aa69', 'cb79aea2-83af-42e4-863f-4da200fdbd2a', 'ea84c406-f235-4e9c-b061-71ed9401e63b', 12, 11, 1, 8, 25, 8, 'expired');
INSERT INTO orders (id, buyer_id, seller_id, total_amount, status, created_at) 
                      VALUES ('249ae4b9-cd0f-4697-bded-87ffb6d05557', 'b03c172d-3388-458c-8054-b6ad7db24e27', 'da273443-bae3-4781-ae4e-819d0c9d56a6', 25, 'completed', '2026-03-26T21:11:00.000Z');
INSERT INTO order_items (id, order_id, product_id, quantity, unit_price, subtotal, created_at) 
                      VALUES ('88115eb0-ca43-411f-b5b0-b9d472e28375', '249ae4b9-cd0f-4697-bded-87ffb6d05557', 'ea84c406-f235-4e9c-b061-71ed9401e63b', 1, 25, 25, '2026-03-26T21:11:00.000Z');
INSERT INTO orders (id, buyer_id, seller_id, total_amount, status, created_at) 
                      VALUES ('f75526f2-c224-4b03-8814-87b5dfeb0ace', '6c8c4ad9-70e8-48cb-9ce8-5d01c349ffcc', 'da273443-bae3-4781-ae4e-819d0c9d56a6', 25, 'completed', '2026-03-26T20:10:00.000Z');
INSERT INTO order_items (id, order_id, product_id, quantity, unit_price, subtotal, created_at) 
                      VALUES ('8add68e0-aabf-48e0-8a4b-0565a0015766', 'f75526f2-c224-4b03-8814-87b5dfeb0ace', 'ea84c406-f235-4e9c-b061-71ed9401e63b', 1, 25, 25, '2026-03-26T20:10:00.000Z');
INSERT INTO orders (id, buyer_id, seller_id, total_amount, status, created_at) 
                      VALUES ('2aa4b294-17bf-4b8f-b22d-6f7c430ac909', '6c8c4ad9-70e8-48cb-9ce8-5d01c349ffcc', 'da273443-bae3-4781-ae4e-819d0c9d56a6', 25, 'completed', '2026-03-26T18:01:00.000Z');
INSERT INTO order_items (id, order_id, product_id, quantity, unit_price, subtotal, created_at) 
                      VALUES ('094c474f-f663-455b-bbe4-b6f41707231b', '2aa4b294-17bf-4b8f-b22d-6f7c430ac909', 'ea84c406-f235-4e9c-b061-71ed9401e63b', 1, 25, 25, '2026-03-26T18:01:00.000Z');
INSERT INTO orders (id, buyer_id, seller_id, total_amount, status, created_at) 
                      VALUES ('eac98ab9-d609-4636-9d58-c4dee2af786d', '1161fb73-809d-4954-a73a-738a9a1868f7', 'da273443-bae3-4781-ae4e-819d0c9d56a6', 25, 'completed', '2026-03-26T16:19:00.000Z');
INSERT INTO order_items (id, order_id, product_id, quantity, unit_price, subtotal, created_at) 
                      VALUES ('cf477798-2390-4bf4-abbe-f13445c5c5ac', 'eac98ab9-d609-4636-9d58-c4dee2af786d', 'ea84c406-f235-4e9c-b061-71ed9401e63b', 1, 25, 25, '2026-03-26T16:19:00.000Z');
INSERT INTO orders (id, buyer_id, seller_id, total_amount, status, created_at) 
                      VALUES ('74535544-2c83-4486-ba9b-b8b040a1e061', '6c8c4ad9-70e8-48cb-9ce8-5d01c349ffcc', 'da273443-bae3-4781-ae4e-819d0c9d56a6', 25, 'completed', '2026-03-26T19:09:00.000Z');
INSERT INTO order_items (id, order_id, product_id, quantity, unit_price, subtotal, created_at) 
                      VALUES ('0399cff6-be0b-4164-b952-72d67872d8f2', '74535544-2c83-4486-ba9b-b8b040a1e061', 'ea84c406-f235-4e9c-b061-71ed9401e63b', 1, 25, 25, '2026-03-26T19:09:00.000Z');
INSERT INTO orders (id, buyer_id, seller_id, total_amount, status, created_at) 
                      VALUES ('93aff212-9323-4179-b646-e75636982a4f', '233694a0-da98-4b19-8640-7b99f406554e', 'da273443-bae3-4781-ae4e-819d0c9d56a6', 25, 'completed', '2026-03-26T17:34:00.000Z');
INSERT INTO order_items (id, order_id, product_id, quantity, unit_price, subtotal, created_at) 
                      VALUES ('07bf431b-1c43-43ed-af19-67ac88439c5c', '93aff212-9323-4179-b646-e75636982a4f', 'ea84c406-f235-4e9c-b061-71ed9401e63b', 1, 25, 25, '2026-03-26T17:34:00.000Z');
INSERT INTO orders (id, buyer_id, seller_id, total_amount, status, created_at) 
                      VALUES ('bde2054f-6dd4-4447-b8e9-042b941187d4', 'aa9e3c8c-e997-4408-ac68-6265851f972d', 'da273443-bae3-4781-ae4e-819d0c9d56a6', 25, 'completed', '2026-03-26T20:41:00.000Z');
INSERT INTO order_items (id, order_id, product_id, quantity, unit_price, subtotal, created_at) 
                      VALUES ('909908c8-cdd8-48cf-8fd3-5b1f869fb176', 'bde2054f-6dd4-4447-b8e9-042b941187d4', 'ea84c406-f235-4e9c-b061-71ed9401e63b', 1, 25, 25, '2026-03-26T20:41:00.000Z');
INSERT INTO orders (id, buyer_id, seller_id, total_amount, status, created_at) 
                      VALUES ('cdcacf0f-6bfa-46f3-8cb9-8449b7652e1b', '6c8c4ad9-70e8-48cb-9ce8-5d01c349ffcc', 'da273443-bae3-4781-ae4e-819d0c9d56a6', 25, 'completed', '2026-03-26T16:57:00.000Z');
INSERT INTO order_items (id, order_id, product_id, quantity, unit_price, subtotal, created_at) 
                      VALUES ('4e03b2d5-951d-4bfa-9bb1-8f862e218860', 'cdcacf0f-6bfa-46f3-8cb9-8449b7652e1b', 'ea84c406-f235-4e9c-b061-71ed9401e63b', 1, 25, 25, '2026-03-26T16:57:00.000Z');
INSERT INTO orders (id, buyer_id, seller_id, total_amount, status, created_at) 
                      VALUES ('cae6a765-2d32-4535-b699-c2b0322eb8af', '233694a0-da98-4b19-8640-7b99f406554e', 'da273443-bae3-4781-ae4e-819d0c9d56a6', 25, 'completed', '2026-03-26T20:07:00.000Z');
INSERT INTO order_items (id, order_id, product_id, quantity, unit_price, subtotal, created_at) 
                      VALUES ('3cbc6fb0-daa1-40b1-8a70-8881785e8e36', 'cae6a765-2d32-4535-b699-c2b0322eb8af', 'ea84c406-f235-4e9c-b061-71ed9401e63b', 1, 25, 25, '2026-03-26T20:07:00.000Z');
INSERT INTO orders (id, buyer_id, seller_id, total_amount, status, created_at) 
                      VALUES ('f6d7dec1-0f88-40f2-b642-281f936a1b3f', '1161fb73-809d-4954-a73a-738a9a1868f7', 'da273443-bae3-4781-ae4e-819d0c9d56a6', 25, 'completed', '2026-03-26T17:31:00.000Z');
INSERT INTO order_items (id, order_id, product_id, quantity, unit_price, subtotal, created_at) 
                      VALUES ('9303534e-b8ae-4665-9ce4-3690ccea82c5', 'f6d7dec1-0f88-40f2-b642-281f936a1b3f', 'ea84c406-f235-4e9c-b061-71ed9401e63b', 1, 25, 25, '2026-03-26T17:31:00.000Z');
INSERT INTO orders (id, buyer_id, seller_id, total_amount, status, created_at) 
                      VALUES ('09731d12-0bcb-4fc5-8fb5-241c2199c1a1', 'b03c172d-3388-458c-8054-b6ad7db24e27', 'da273443-bae3-4781-ae4e-819d0c9d56a6', 25, 'completed', '2026-03-26T21:07:00.000Z');
INSERT INTO order_items (id, order_id, product_id, quantity, unit_price, subtotal, created_at) 
                      VALUES ('f742bab8-5ba6-45ce-8abb-442de0502090', '09731d12-0bcb-4fc5-8fb5-241c2199c1a1', 'ea84c406-f235-4e9c-b061-71ed9401e63b', 1, 25, 25, '2026-03-26T21:07:00.000Z');
INSERT INTO audit_logs (id, action, user_id, description, level, created_at) 
                  VALUES ('65496bcc-2448-4369-bc75-33e114a73d63', 'USER_LOGIN', 'cdc7b576-3957-4e3f-9e87-6630e4ef1950', 'Vendedor inició sesión para jornada', 'info', '2026-03-26T14:15:00.000Z');
INSERT INTO daily_sales (id, seller_id, sale_date, total_investment, total_revenue, units_sold, units_lost, total_waste_cost, is_closed) 
                  VALUES ('ff4c582d-9f20-429e-8e22-0c0432bb70d3', 'cdc7b576-3957-4e3f-9e87-6630e4ef1950', '2026-03-26', 325, 605, 11, 2, 50, true);
INSERT INTO sale_details (id, daily_sale_id, product_id, quantity_prepared, quantity_sold, quantity_lost, unit_cost, unit_price, waste_cost, waste_reason) 
                  VALUES ('b739365b-2f97-424e-86e4-434d1e46140b', 'ff4c582d-9f20-429e-8e22-0c0432bb70d3', '49e54b55-6e07-407b-9dac-36e93e1f8aa2', 13, 11, 2, 25, 55, 50, 'expired');
INSERT INTO orders (id, buyer_id, seller_id, total_amount, status, created_at) 
                      VALUES ('5972fc5e-0dad-4ab8-9594-5842d937f379', '6c8c4ad9-70e8-48cb-9ce8-5d01c349ffcc', 'cdc7b576-3957-4e3f-9e87-6630e4ef1950', 55, 'completed', '2026-03-26T19:31:00.000Z');
INSERT INTO order_items (id, order_id, product_id, quantity, unit_price, subtotal, created_at) 
                      VALUES ('2adc02c2-ffa0-4569-b351-a1b40bf2daae', '5972fc5e-0dad-4ab8-9594-5842d937f379', '49e54b55-6e07-407b-9dac-36e93e1f8aa2', 1, 55, 55, '2026-03-26T19:31:00.000Z');
INSERT INTO orders (id, buyer_id, seller_id, total_amount, status, created_at) 
                      VALUES ('37afe29a-ce55-4c85-ba48-8526243be8cb', '1161fb73-809d-4954-a73a-738a9a1868f7', 'cdc7b576-3957-4e3f-9e87-6630e4ef1950', 55, 'completed', '2026-03-26T17:25:00.000Z');
INSERT INTO order_items (id, order_id, product_id, quantity, unit_price, subtotal, created_at) 
                      VALUES ('143b2133-41c5-4bc7-98ed-3d07bc372ced', '37afe29a-ce55-4c85-ba48-8526243be8cb', '49e54b55-6e07-407b-9dac-36e93e1f8aa2', 1, 55, 55, '2026-03-26T17:25:00.000Z');
INSERT INTO orders (id, buyer_id, seller_id, total_amount, status, created_at) 
                      VALUES ('81fe3da8-1fff-40cc-be88-1faea356fbc4', '79768ab4-b021-418b-bf3c-0dd52f857b65', 'cdc7b576-3957-4e3f-9e87-6630e4ef1950', 55, 'completed', '2026-03-26T16:30:00.000Z');
INSERT INTO order_items (id, order_id, product_id, quantity, unit_price, subtotal, created_at) 
                      VALUES ('d41483cf-bd7a-46ba-9908-b5562b5c331a', '81fe3da8-1fff-40cc-be88-1faea356fbc4', '49e54b55-6e07-407b-9dac-36e93e1f8aa2', 1, 55, 55, '2026-03-26T16:30:00.000Z');
INSERT INTO orders (id, buyer_id, seller_id, total_amount, status, created_at) 
                      VALUES ('ddd8cf45-8975-4762-8462-cfcd4744b7ea', 'aa9e3c8c-e997-4408-ac68-6265851f972d', 'cdc7b576-3957-4e3f-9e87-6630e4ef1950', 55, 'completed', '2026-03-26T18:51:00.000Z');
INSERT INTO order_items (id, order_id, product_id, quantity, unit_price, subtotal, created_at) 
                      VALUES ('7f7f913e-0345-44c1-aaaf-e0ed18225049', 'ddd8cf45-8975-4762-8462-cfcd4744b7ea', '49e54b55-6e07-407b-9dac-36e93e1f8aa2', 1, 55, 55, '2026-03-26T18:51:00.000Z');
INSERT INTO orders (id, buyer_id, seller_id, total_amount, status, created_at) 
                      VALUES ('70893911-8104-41b5-ada3-748a82e8d9c6', '233694a0-da98-4b19-8640-7b99f406554e', 'cdc7b576-3957-4e3f-9e87-6630e4ef1950', 55, 'completed', '2026-03-26T19:53:00.000Z');
INSERT INTO order_items (id, order_id, product_id, quantity, unit_price, subtotal, created_at) 
                      VALUES ('38c304be-0135-4108-9108-f38722b3a4f9', '70893911-8104-41b5-ada3-748a82e8d9c6', '49e54b55-6e07-407b-9dac-36e93e1f8aa2', 1, 55, 55, '2026-03-26T19:53:00.000Z');
INSERT INTO orders (id, buyer_id, seller_id, total_amount, status, created_at) 
                      VALUES ('a410ec01-ed8b-4681-a4da-1fb4f8b9cb0b', '79768ab4-b021-418b-bf3c-0dd52f857b65', 'cdc7b576-3957-4e3f-9e87-6630e4ef1950', 55, 'completed', '2026-03-26T17:58:00.000Z');
INSERT INTO order_items (id, order_id, product_id, quantity, unit_price, subtotal, created_at) 
                      VALUES ('8ad2a13e-8ff3-4208-8ad9-51358865e889', 'a410ec01-ed8b-4681-a4da-1fb4f8b9cb0b', '49e54b55-6e07-407b-9dac-36e93e1f8aa2', 1, 55, 55, '2026-03-26T17:58:00.000Z');
INSERT INTO orders (id, buyer_id, seller_id, total_amount, status, created_at) 
                      VALUES ('5a3f39ae-f347-4235-ba34-2faff4b57858', 'aa9e3c8c-e997-4408-ac68-6265851f972d', 'cdc7b576-3957-4e3f-9e87-6630e4ef1950', 55, 'completed', '2026-03-26T20:09:00.000Z');
INSERT INTO order_items (id, order_id, product_id, quantity, unit_price, subtotal, created_at) 
                      VALUES ('d524e027-8a5b-4a2a-9978-64b3cf8c0172', '5a3f39ae-f347-4235-ba34-2faff4b57858', '49e54b55-6e07-407b-9dac-36e93e1f8aa2', 1, 55, 55, '2026-03-26T20:09:00.000Z');
INSERT INTO orders (id, buyer_id, seller_id, total_amount, status, created_at) 
                      VALUES ('30435618-7f9c-49ca-8164-c2b46c0c2827', 'aa9e3c8c-e997-4408-ac68-6265851f972d', 'cdc7b576-3957-4e3f-9e87-6630e4ef1950', 55, 'completed', '2026-03-26T21:27:00.000Z');
INSERT INTO order_items (id, order_id, product_id, quantity, unit_price, subtotal, created_at) 
                      VALUES ('36c2b301-d59e-40c4-8b7c-d98824aca121', '30435618-7f9c-49ca-8164-c2b46c0c2827', '49e54b55-6e07-407b-9dac-36e93e1f8aa2', 1, 55, 55, '2026-03-26T21:27:00.000Z');
INSERT INTO orders (id, buyer_id, seller_id, total_amount, status, created_at) 
                      VALUES ('c96b785a-86ab-4f57-9dce-b850a9a0d5a2', 'ac51e939-ec0b-40c3-b3e7-39711b12845a', 'cdc7b576-3957-4e3f-9e87-6630e4ef1950', 55, 'completed', '2026-03-26T20:33:00.000Z');
INSERT INTO order_items (id, order_id, product_id, quantity, unit_price, subtotal, created_at) 
                      VALUES ('add92f26-75a2-40fe-9102-8adaeb0e5c1c', 'c96b785a-86ab-4f57-9dce-b850a9a0d5a2', '49e54b55-6e07-407b-9dac-36e93e1f8aa2', 1, 55, 55, '2026-03-26T20:33:00.000Z');
INSERT INTO orders (id, buyer_id, seller_id, total_amount, status, created_at) 
                      VALUES ('f890f48f-bfa7-4938-82ae-bb80997aa3b4', 'aa9e3c8c-e997-4408-ac68-6265851f972d', 'cdc7b576-3957-4e3f-9e87-6630e4ef1950', 55, 'completed', '2026-03-26T20:34:00.000Z');
INSERT INTO order_items (id, order_id, product_id, quantity, unit_price, subtotal, created_at) 
                      VALUES ('79c35cc3-945b-4a62-a607-e72fa652679d', 'f890f48f-bfa7-4938-82ae-bb80997aa3b4', '49e54b55-6e07-407b-9dac-36e93e1f8aa2', 1, 55, 55, '2026-03-26T20:34:00.000Z');
INSERT INTO orders (id, buyer_id, seller_id, total_amount, status, created_at) 
                      VALUES ('eda34ec6-25c9-44c7-96eb-804ccb78492a', '6c8c4ad9-70e8-48cb-9ce8-5d01c349ffcc', 'cdc7b576-3957-4e3f-9e87-6630e4ef1950', 55, 'completed', '2026-03-26T18:43:00.000Z');
INSERT INTO order_items (id, order_id, product_id, quantity, unit_price, subtotal, created_at) 
                      VALUES ('44118b28-bf81-40e5-8b1c-084b69f204aa', 'eda34ec6-25c9-44c7-96eb-804ccb78492a', '49e54b55-6e07-407b-9dac-36e93e1f8aa2', 1, 55, 55, '2026-03-26T18:43:00.000Z');
INSERT INTO audit_logs (id, action, user_id, description, level, created_at) 
                  VALUES ('7c2714cd-e927-49e3-9406-570593f66fcd', 'USER_LOGIN', '6adabb60-eed5-4dd0-b80c-41983dd81404', 'Vendedor inició sesión para jornada', 'info', '2026-03-27T14:15:00.000Z');
INSERT INTO daily_sales (id, seller_id, sale_date, total_investment, total_revenue, units_sold, units_lost, total_waste_cost, is_closed) 
                  VALUES ('14f37289-dab1-45ed-a6bf-82c22891edcf', '6adabb60-eed5-4dd0-b80c-41983dd81404', '2026-03-27', 480, 825, 11, 1, 40, true);
INSERT INTO sale_details (id, daily_sale_id, product_id, quantity_prepared, quantity_sold, quantity_lost, unit_cost, unit_price, waste_cost, waste_reason) 
                  VALUES ('98b51c7b-b10e-409e-a34d-72fb26a4560a', '14f37289-dab1-45ed-a6bf-82c22891edcf', 'cd4cb45a-05bc-4729-bb2a-06d122f369fc', 12, 11, 1, 40, 75, 40, 'expired');
INSERT INTO orders (id, buyer_id, seller_id, total_amount, status, created_at) 
                      VALUES ('25c93362-558d-4850-8dba-6803f4f9cbcd', 'ac51e939-ec0b-40c3-b3e7-39711b12845a', '6adabb60-eed5-4dd0-b80c-41983dd81404', 75, 'completed', '2026-03-27T19:13:00.000Z');
INSERT INTO order_items (id, order_id, product_id, quantity, unit_price, subtotal, created_at) 
                      VALUES ('7fce07f7-4cb9-42f1-b88f-966de565b3d3', '25c93362-558d-4850-8dba-6803f4f9cbcd', 'cd4cb45a-05bc-4729-bb2a-06d122f369fc', 1, 75, 75, '2026-03-27T19:13:00.000Z');
INSERT INTO orders (id, buyer_id, seller_id, total_amount, status, created_at) 
                      VALUES ('e58d98a1-6d85-4835-af5e-24dff8275bb7', '79768ab4-b021-418b-bf3c-0dd52f857b65', '6adabb60-eed5-4dd0-b80c-41983dd81404', 75, 'completed', '2026-03-27T19:27:00.000Z');
INSERT INTO order_items (id, order_id, product_id, quantity, unit_price, subtotal, created_at) 
                      VALUES ('d16f0b88-6cd1-49cd-8a18-4f78bf00f409', 'e58d98a1-6d85-4835-af5e-24dff8275bb7', 'cd4cb45a-05bc-4729-bb2a-06d122f369fc', 1, 75, 75, '2026-03-27T19:27:00.000Z');
INSERT INTO orders (id, buyer_id, seller_id, total_amount, status, created_at) 
                      VALUES ('e66b503f-a17f-42bc-925e-66a5c5ed6470', 'aa9e3c8c-e997-4408-ac68-6265851f972d', '6adabb60-eed5-4dd0-b80c-41983dd81404', 75, 'completed', '2026-03-27T17:04:00.000Z');
INSERT INTO order_items (id, order_id, product_id, quantity, unit_price, subtotal, created_at) 
                      VALUES ('c3f8c0fd-d261-4ab5-b6aa-105435b018eb', 'e66b503f-a17f-42bc-925e-66a5c5ed6470', 'cd4cb45a-05bc-4729-bb2a-06d122f369fc', 1, 75, 75, '2026-03-27T17:04:00.000Z');
INSERT INTO orders (id, buyer_id, seller_id, total_amount, status, created_at) 
                      VALUES ('a93473dd-28a0-423b-9a5b-f3f3288bd8f4', 'aa9e3c8c-e997-4408-ac68-6265851f972d', '6adabb60-eed5-4dd0-b80c-41983dd81404', 75, 'completed', '2026-03-27T20:35:00.000Z');
INSERT INTO order_items (id, order_id, product_id, quantity, unit_price, subtotal, created_at) 
                      VALUES ('b33015be-6c28-43dc-8ef9-075ed8913083', 'a93473dd-28a0-423b-9a5b-f3f3288bd8f4', 'cd4cb45a-05bc-4729-bb2a-06d122f369fc', 1, 75, 75, '2026-03-27T20:35:00.000Z');
INSERT INTO orders (id, buyer_id, seller_id, total_amount, status, created_at) 
                      VALUES ('9c1e8673-e897-44b2-93ba-46a8a7960e02', 'b03c172d-3388-458c-8054-b6ad7db24e27', '6adabb60-eed5-4dd0-b80c-41983dd81404', 75, 'completed', '2026-03-27T21:59:00.000Z');
INSERT INTO order_items (id, order_id, product_id, quantity, unit_price, subtotal, created_at) 
                      VALUES ('d849e986-ef15-4e6a-bddc-636878edef1e', '9c1e8673-e897-44b2-93ba-46a8a7960e02', 'cd4cb45a-05bc-4729-bb2a-06d122f369fc', 1, 75, 75, '2026-03-27T21:59:00.000Z');
INSERT INTO orders (id, buyer_id, seller_id, total_amount, status, created_at) 
                      VALUES ('cbe7de25-2f03-46c5-a658-aa1bac3c6a07', '6c8c4ad9-70e8-48cb-9ce8-5d01c349ffcc', '6adabb60-eed5-4dd0-b80c-41983dd81404', 75, 'completed', '2026-03-27T19:24:00.000Z');
INSERT INTO order_items (id, order_id, product_id, quantity, unit_price, subtotal, created_at) 
                      VALUES ('2176e143-7daa-4085-88eb-cb6754d1cc7f', 'cbe7de25-2f03-46c5-a658-aa1bac3c6a07', 'cd4cb45a-05bc-4729-bb2a-06d122f369fc', 1, 75, 75, '2026-03-27T19:24:00.000Z');
INSERT INTO orders (id, buyer_id, seller_id, total_amount, status, created_at) 
                      VALUES ('55da51e3-2de4-4b6c-8d9c-aa0316d637fc', 'ac51e939-ec0b-40c3-b3e7-39711b12845a', '6adabb60-eed5-4dd0-b80c-41983dd81404', 75, 'completed', '2026-03-27T20:41:00.000Z');
INSERT INTO order_items (id, order_id, product_id, quantity, unit_price, subtotal, created_at) 
                      VALUES ('8dbba9b9-8524-4cc7-98e6-a844e9134edf', '55da51e3-2de4-4b6c-8d9c-aa0316d637fc', 'cd4cb45a-05bc-4729-bb2a-06d122f369fc', 1, 75, 75, '2026-03-27T20:41:00.000Z');
INSERT INTO orders (id, buyer_id, seller_id, total_amount, status, created_at) 
                      VALUES ('4523be01-f6a7-4b0b-9089-c6bac8b7d77a', 'ac51e939-ec0b-40c3-b3e7-39711b12845a', '6adabb60-eed5-4dd0-b80c-41983dd81404', 75, 'completed', '2026-03-27T20:17:00.000Z');
INSERT INTO order_items (id, order_id, product_id, quantity, unit_price, subtotal, created_at) 
                      VALUES ('f4479b76-8fbe-40e4-8e2a-480f4393511d', '4523be01-f6a7-4b0b-9089-c6bac8b7d77a', 'cd4cb45a-05bc-4729-bb2a-06d122f369fc', 1, 75, 75, '2026-03-27T20:17:00.000Z');
INSERT INTO orders (id, buyer_id, seller_id, total_amount, status, created_at) 
                      VALUES ('55577ca8-3976-48e2-a49b-f8e89e98ca46', '1161fb73-809d-4954-a73a-738a9a1868f7', '6adabb60-eed5-4dd0-b80c-41983dd81404', 75, 'completed', '2026-03-27T17:19:00.000Z');
INSERT INTO order_items (id, order_id, product_id, quantity, unit_price, subtotal, created_at) 
                      VALUES ('df4f82d8-a148-42a9-aea2-ab5e5f16e9d9', '55577ca8-3976-48e2-a49b-f8e89e98ca46', 'cd4cb45a-05bc-4729-bb2a-06d122f369fc', 1, 75, 75, '2026-03-27T17:19:00.000Z');
INSERT INTO orders (id, buyer_id, seller_id, total_amount, status, created_at) 
                      VALUES ('fac83e9d-9e73-4597-840b-2ee3bb71d9b3', 'b03c172d-3388-458c-8054-b6ad7db24e27', '6adabb60-eed5-4dd0-b80c-41983dd81404', 75, 'completed', '2026-03-27T16:04:00.000Z');
INSERT INTO order_items (id, order_id, product_id, quantity, unit_price, subtotal, created_at) 
                      VALUES ('09536d34-2176-4e57-990e-156fa6b34b3d', 'fac83e9d-9e73-4597-840b-2ee3bb71d9b3', 'cd4cb45a-05bc-4729-bb2a-06d122f369fc', 1, 75, 75, '2026-03-27T16:04:00.000Z');
INSERT INTO orders (id, buyer_id, seller_id, total_amount, status, created_at) 
                      VALUES ('6392a47c-3112-4bb4-94dc-4c5bdfc8978f', '233694a0-da98-4b19-8640-7b99f406554e', '6adabb60-eed5-4dd0-b80c-41983dd81404', 75, 'completed', '2026-03-27T21:07:00.000Z');
INSERT INTO order_items (id, order_id, product_id, quantity, unit_price, subtotal, created_at) 
                      VALUES ('c2dfd353-24b6-4a0c-b661-8a9a3d874efb', '6392a47c-3112-4bb4-94dc-4c5bdfc8978f', 'cd4cb45a-05bc-4729-bb2a-06d122f369fc', 1, 75, 75, '2026-03-27T21:07:00.000Z');
INSERT INTO audit_logs (id, action, user_id, description, level, created_at) 
                  VALUES ('6d1b22e6-dad8-4b5c-a8ac-8aceec963279', 'USER_LOGIN', '5f552e5d-c288-453c-a685-b287e1c0c64a', 'Vendedor inició sesión para jornada', 'info', '2026-03-27T14:07:00.000Z');
INSERT INTO daily_sales (id, seller_id, sale_date, total_investment, total_revenue, units_sold, units_lost, total_waste_cost, is_closed) 
                  VALUES ('091c2364-e6a0-4b1f-9a46-85af1a88e747', '5f552e5d-c288-453c-a685-b287e1c0c64a', '2026-03-27', 240, 450, 10, 2, 40, true);
INSERT INTO sale_details (id, daily_sale_id, product_id, quantity_prepared, quantity_sold, quantity_lost, unit_cost, unit_price, waste_cost, waste_reason) 
                  VALUES ('fcef6f96-e7d7-4865-8e97-9ee5796b98ea', '091c2364-e6a0-4b1f-9a46-85af1a88e747', '90ccc3f8-627a-4af7-aab2-9c7967c2f50d', 12, 10, 2, 20, 45, 40, 'expired');
INSERT INTO orders (id, buyer_id, seller_id, total_amount, status, created_at) 
                      VALUES ('4f4192c4-6a9d-4a91-a1a7-556e7b8b742f', '79768ab4-b021-418b-bf3c-0dd52f857b65', '5f552e5d-c288-453c-a685-b287e1c0c64a', 45, 'completed', '2026-03-27T20:22:00.000Z');
INSERT INTO order_items (id, order_id, product_id, quantity, unit_price, subtotal, created_at) 
                      VALUES ('d6826fac-7de0-4cc4-a88f-5ab82fa96fa8', '4f4192c4-6a9d-4a91-a1a7-556e7b8b742f', '90ccc3f8-627a-4af7-aab2-9c7967c2f50d', 1, 45, 45, '2026-03-27T20:22:00.000Z');
INSERT INTO orders (id, buyer_id, seller_id, total_amount, status, created_at) 
                      VALUES ('2c068a8c-aa30-46bc-b2fa-b707d35724ec', '233694a0-da98-4b19-8640-7b99f406554e', '5f552e5d-c288-453c-a685-b287e1c0c64a', 45, 'completed', '2026-03-27T20:52:00.000Z');
INSERT INTO order_items (id, order_id, product_id, quantity, unit_price, subtotal, created_at) 
                      VALUES ('5656099a-777e-41f4-a56d-799af5a8ca6b', '2c068a8c-aa30-46bc-b2fa-b707d35724ec', '90ccc3f8-627a-4af7-aab2-9c7967c2f50d', 1, 45, 45, '2026-03-27T20:52:00.000Z');
INSERT INTO orders (id, buyer_id, seller_id, total_amount, status, created_at) 
                      VALUES ('87948c01-c153-4186-8584-aca9eb936b2f', 'aa9e3c8c-e997-4408-ac68-6265851f972d', '5f552e5d-c288-453c-a685-b287e1c0c64a', 45, 'completed', '2026-03-27T18:19:00.000Z');
INSERT INTO order_items (id, order_id, product_id, quantity, unit_price, subtotal, created_at) 
                      VALUES ('db343ad4-2ac7-49de-ae05-94bd08a2b685', '87948c01-c153-4186-8584-aca9eb936b2f', '90ccc3f8-627a-4af7-aab2-9c7967c2f50d', 1, 45, 45, '2026-03-27T18:19:00.000Z');
INSERT INTO orders (id, buyer_id, seller_id, total_amount, status, created_at) 
                      VALUES ('d4f95c09-c0e8-4836-b7c5-119f95466739', 'ac51e939-ec0b-40c3-b3e7-39711b12845a', '5f552e5d-c288-453c-a685-b287e1c0c64a', 45, 'completed', '2026-03-27T21:07:00.000Z');
INSERT INTO order_items (id, order_id, product_id, quantity, unit_price, subtotal, created_at) 
                      VALUES ('39ac2cf0-a945-4774-b672-e04410dadf06', 'd4f95c09-c0e8-4836-b7c5-119f95466739', '90ccc3f8-627a-4af7-aab2-9c7967c2f50d', 1, 45, 45, '2026-03-27T21:07:00.000Z');
INSERT INTO orders (id, buyer_id, seller_id, total_amount, status, created_at) 
                      VALUES ('d6b5cced-c3e6-4f92-9e8d-6400be9e9e02', 'ac51e939-ec0b-40c3-b3e7-39711b12845a', '5f552e5d-c288-453c-a685-b287e1c0c64a', 45, 'completed', '2026-03-27T16:47:00.000Z');
INSERT INTO order_items (id, order_id, product_id, quantity, unit_price, subtotal, created_at) 
                      VALUES ('90480617-be9d-4e8e-a735-c1320b801fdb', 'd6b5cced-c3e6-4f92-9e8d-6400be9e9e02', '90ccc3f8-627a-4af7-aab2-9c7967c2f50d', 1, 45, 45, '2026-03-27T16:47:00.000Z');
INSERT INTO orders (id, buyer_id, seller_id, total_amount, status, created_at) 
                      VALUES ('ae577caf-85c6-46f2-b84b-3345a355dbe4', '233694a0-da98-4b19-8640-7b99f406554e', '5f552e5d-c288-453c-a685-b287e1c0c64a', 45, 'completed', '2026-03-27T21:24:00.000Z');
INSERT INTO order_items (id, order_id, product_id, quantity, unit_price, subtotal, created_at) 
                      VALUES ('8aca2104-c5aa-4a97-b6ce-b0efd7d6a5c3', 'ae577caf-85c6-46f2-b84b-3345a355dbe4', '90ccc3f8-627a-4af7-aab2-9c7967c2f50d', 1, 45, 45, '2026-03-27T21:24:00.000Z');
INSERT INTO orders (id, buyer_id, seller_id, total_amount, status, created_at) 
                      VALUES ('564ba467-76a7-4aeb-94ab-fd7c8c898f73', '6c8c4ad9-70e8-48cb-9ce8-5d01c349ffcc', '5f552e5d-c288-453c-a685-b287e1c0c64a', 45, 'completed', '2026-03-27T17:07:00.000Z');
INSERT INTO order_items (id, order_id, product_id, quantity, unit_price, subtotal, created_at) 
                      VALUES ('dd9b3c8a-609a-46f0-a915-558b00cbf13f', '564ba467-76a7-4aeb-94ab-fd7c8c898f73', '90ccc3f8-627a-4af7-aab2-9c7967c2f50d', 1, 45, 45, '2026-03-27T17:07:00.000Z');
INSERT INTO orders (id, buyer_id, seller_id, total_amount, status, created_at) 
                      VALUES ('644cf956-04b1-4915-964c-877ff9716747', 'ac51e939-ec0b-40c3-b3e7-39711b12845a', '5f552e5d-c288-453c-a685-b287e1c0c64a', 45, 'completed', '2026-03-27T17:42:00.000Z');
INSERT INTO order_items (id, order_id, product_id, quantity, unit_price, subtotal, created_at) 
                      VALUES ('b37596f4-f37f-444d-b014-3b5cea6914ad', '644cf956-04b1-4915-964c-877ff9716747', '90ccc3f8-627a-4af7-aab2-9c7967c2f50d', 1, 45, 45, '2026-03-27T17:42:00.000Z');
INSERT INTO orders (id, buyer_id, seller_id, total_amount, status, created_at) 
                      VALUES ('e658f3ef-5ea0-4113-9497-1e89456e45af', '1161fb73-809d-4954-a73a-738a9a1868f7', '5f552e5d-c288-453c-a685-b287e1c0c64a', 45, 'completed', '2026-03-27T17:41:00.000Z');
INSERT INTO order_items (id, order_id, product_id, quantity, unit_price, subtotal, created_at) 
                      VALUES ('ae162ce5-c293-4e4d-9a39-4cbb3017941c', 'e658f3ef-5ea0-4113-9497-1e89456e45af', '90ccc3f8-627a-4af7-aab2-9c7967c2f50d', 1, 45, 45, '2026-03-27T17:41:00.000Z');
INSERT INTO orders (id, buyer_id, seller_id, total_amount, status, created_at) 
                      VALUES ('e3eac531-5d9e-4bb7-acd9-83af7244ad98', '1161fb73-809d-4954-a73a-738a9a1868f7', '5f552e5d-c288-453c-a685-b287e1c0c64a', 45, 'completed', '2026-03-27T19:37:00.000Z');
INSERT INTO order_items (id, order_id, product_id, quantity, unit_price, subtotal, created_at) 
                      VALUES ('df955ae7-ee4d-43a9-b57f-5ffe6a87051a', 'e3eac531-5d9e-4bb7-acd9-83af7244ad98', '90ccc3f8-627a-4af7-aab2-9c7967c2f50d', 1, 45, 45, '2026-03-27T19:37:00.000Z');
INSERT INTO audit_logs (id, action, user_id, description, level, created_at) 
                  VALUES ('7b639c33-a8a4-4e40-8d26-4866a5febec0', 'USER_LOGIN', '522afd0e-5b6f-4f57-be80-46fd79ba12db', 'Vendedor inició sesión para jornada', 'info', '2026-03-27T14:20:00.000Z');
INSERT INTO daily_sales (id, seller_id, sale_date, total_investment, total_revenue, units_sold, units_lost, total_waste_cost, is_closed) 
                  VALUES ('a54e849c-0b4c-44a7-b09b-3ddcde3ef345', '522afd0e-5b6f-4f57-be80-46fd79ba12db', '2026-03-27', 168, 360, 12, 2, 24, true);
INSERT INTO sale_details (id, daily_sale_id, product_id, quantity_prepared, quantity_sold, quantity_lost, unit_cost, unit_price, waste_cost, waste_reason) 
                  VALUES ('c4869cbb-3e54-4d53-a1a9-1693df8b60d1', 'a54e849c-0b4c-44a7-b09b-3ddcde3ef345', 'c865d401-6592-418d-98d5-1aa633799680', 14, 12, 2, 12, 30, 24, 'expired');
INSERT INTO orders (id, buyer_id, seller_id, total_amount, status, created_at) 
                      VALUES ('b83bf327-3eeb-4426-baae-3a117c713173', 'ac51e939-ec0b-40c3-b3e7-39711b12845a', '522afd0e-5b6f-4f57-be80-46fd79ba12db', 30, 'completed', '2026-03-27T17:31:00.000Z');
INSERT INTO order_items (id, order_id, product_id, quantity, unit_price, subtotal, created_at) 
                      VALUES ('9502b882-8ccd-4c8f-aec0-a791b8cf7197', 'b83bf327-3eeb-4426-baae-3a117c713173', 'c865d401-6592-418d-98d5-1aa633799680', 1, 30, 30, '2026-03-27T17:31:00.000Z');
INSERT INTO orders (id, buyer_id, seller_id, total_amount, status, created_at) 
                      VALUES ('3cc12ed3-ca0a-455f-a83e-fa209660068c', '1161fb73-809d-4954-a73a-738a9a1868f7', '522afd0e-5b6f-4f57-be80-46fd79ba12db', 30, 'completed', '2026-03-27T21:07:00.000Z');
INSERT INTO order_items (id, order_id, product_id, quantity, unit_price, subtotal, created_at) 
                      VALUES ('5a045219-b946-4243-89ef-03f4b52aa7e9', '3cc12ed3-ca0a-455f-a83e-fa209660068c', 'c865d401-6592-418d-98d5-1aa633799680', 1, 30, 30, '2026-03-27T21:07:00.000Z');
INSERT INTO orders (id, buyer_id, seller_id, total_amount, status, created_at) 
                      VALUES ('49a2452e-4f65-473a-a68d-612949c642dd', 'b03c172d-3388-458c-8054-b6ad7db24e27', '522afd0e-5b6f-4f57-be80-46fd79ba12db', 30, 'completed', '2026-03-27T16:04:00.000Z');
INSERT INTO order_items (id, order_id, product_id, quantity, unit_price, subtotal, created_at) 
                      VALUES ('9d5c4c18-6ea1-4f7e-9af4-a1d72dbd9517', '49a2452e-4f65-473a-a68d-612949c642dd', 'c865d401-6592-418d-98d5-1aa633799680', 1, 30, 30, '2026-03-27T16:04:00.000Z');
INSERT INTO orders (id, buyer_id, seller_id, total_amount, status, created_at) 
                      VALUES ('7d2b5b9d-8b7c-4e99-8834-f191b20b1817', '6c8c4ad9-70e8-48cb-9ce8-5d01c349ffcc', '522afd0e-5b6f-4f57-be80-46fd79ba12db', 30, 'completed', '2026-03-27T21:16:00.000Z');
INSERT INTO order_items (id, order_id, product_id, quantity, unit_price, subtotal, created_at) 
                      VALUES ('8c07a754-34e5-45e7-80d2-add39504389f', '7d2b5b9d-8b7c-4e99-8834-f191b20b1817', 'c865d401-6592-418d-98d5-1aa633799680', 1, 30, 30, '2026-03-27T21:16:00.000Z');
INSERT INTO orders (id, buyer_id, seller_id, total_amount, status, created_at) 
                      VALUES ('0902aa95-1641-4ec9-b92e-7bb679535746', '1161fb73-809d-4954-a73a-738a9a1868f7', '522afd0e-5b6f-4f57-be80-46fd79ba12db', 30, 'completed', '2026-03-27T16:45:00.000Z');
INSERT INTO order_items (id, order_id, product_id, quantity, unit_price, subtotal, created_at) 
                      VALUES ('c2c0b18c-afe9-46f2-b3e6-5a42a4995394', '0902aa95-1641-4ec9-b92e-7bb679535746', 'c865d401-6592-418d-98d5-1aa633799680', 1, 30, 30, '2026-03-27T16:45:00.000Z');
INSERT INTO orders (id, buyer_id, seller_id, total_amount, status, created_at) 
                      VALUES ('0e77c372-0a5c-42c3-82dc-fc148f6cf075', '79768ab4-b021-418b-bf3c-0dd52f857b65', '522afd0e-5b6f-4f57-be80-46fd79ba12db', 30, 'completed', '2026-03-27T20:29:00.000Z');
INSERT INTO order_items (id, order_id, product_id, quantity, unit_price, subtotal, created_at) 
                      VALUES ('29c79114-f9a6-4309-9121-f0ca88cb206f', '0e77c372-0a5c-42c3-82dc-fc148f6cf075', 'c865d401-6592-418d-98d5-1aa633799680', 1, 30, 30, '2026-03-27T20:29:00.000Z');
INSERT INTO orders (id, buyer_id, seller_id, total_amount, status, created_at) 
                      VALUES ('d98e3808-7788-4a0c-809b-7089ca0983f2', 'b03c172d-3388-458c-8054-b6ad7db24e27', '522afd0e-5b6f-4f57-be80-46fd79ba12db', 30, 'completed', '2026-03-27T20:21:00.000Z');
INSERT INTO order_items (id, order_id, product_id, quantity, unit_price, subtotal, created_at) 
                      VALUES ('eec6aa30-f60a-4e22-8ea0-50dd8fbca254', 'd98e3808-7788-4a0c-809b-7089ca0983f2', 'c865d401-6592-418d-98d5-1aa633799680', 1, 30, 30, '2026-03-27T20:21:00.000Z');
INSERT INTO orders (id, buyer_id, seller_id, total_amount, status, created_at) 
                      VALUES ('86333478-b294-4d7d-998b-23bc5d8f9134', 'aa9e3c8c-e997-4408-ac68-6265851f972d', '522afd0e-5b6f-4f57-be80-46fd79ba12db', 30, 'completed', '2026-03-27T20:27:00.000Z');
INSERT INTO order_items (id, order_id, product_id, quantity, unit_price, subtotal, created_at) 
                      VALUES ('ddb921e4-0b23-413f-820d-b6ed36b0b86b', '86333478-b294-4d7d-998b-23bc5d8f9134', 'c865d401-6592-418d-98d5-1aa633799680', 1, 30, 30, '2026-03-27T20:27:00.000Z');
INSERT INTO orders (id, buyer_id, seller_id, total_amount, status, created_at) 
                      VALUES ('69c77ab0-0b12-437f-9006-6d16bbf1e538', '233694a0-da98-4b19-8640-7b99f406554e', '522afd0e-5b6f-4f57-be80-46fd79ba12db', 30, 'completed', '2026-03-27T20:03:00.000Z');
INSERT INTO order_items (id, order_id, product_id, quantity, unit_price, subtotal, created_at) 
                      VALUES ('b7cd692a-c356-415a-9f0b-ca317975348f', '69c77ab0-0b12-437f-9006-6d16bbf1e538', 'c865d401-6592-418d-98d5-1aa633799680', 1, 30, 30, '2026-03-27T20:03:00.000Z');
INSERT INTO orders (id, buyer_id, seller_id, total_amount, status, created_at) 
                      VALUES ('fed9c0ad-f58e-43f1-b90b-092d517e1f5f', 'b03c172d-3388-458c-8054-b6ad7db24e27', '522afd0e-5b6f-4f57-be80-46fd79ba12db', 30, 'completed', '2026-03-27T18:20:00.000Z');
INSERT INTO order_items (id, order_id, product_id, quantity, unit_price, subtotal, created_at) 
                      VALUES ('c1c131ad-80a2-452d-ac1f-09817f4f01ba', 'fed9c0ad-f58e-43f1-b90b-092d517e1f5f', 'c865d401-6592-418d-98d5-1aa633799680', 1, 30, 30, '2026-03-27T18:20:00.000Z');
INSERT INTO orders (id, buyer_id, seller_id, total_amount, status, created_at) 
                      VALUES ('4203ae73-1783-468d-a55b-6f8914574a3b', '1161fb73-809d-4954-a73a-738a9a1868f7', '522afd0e-5b6f-4f57-be80-46fd79ba12db', 30, 'completed', '2026-03-27T16:39:00.000Z');
INSERT INTO order_items (id, order_id, product_id, quantity, unit_price, subtotal, created_at) 
                      VALUES ('ca8f5a15-9b4a-483f-89bf-18a19bb48122', '4203ae73-1783-468d-a55b-6f8914574a3b', 'c865d401-6592-418d-98d5-1aa633799680', 1, 30, 30, '2026-03-27T16:39:00.000Z');
INSERT INTO orders (id, buyer_id, seller_id, total_amount, status, created_at) 
                      VALUES ('429109b2-10ba-40e3-a732-7e9baec9591f', '6c8c4ad9-70e8-48cb-9ce8-5d01c349ffcc', '522afd0e-5b6f-4f57-be80-46fd79ba12db', 30, 'completed', '2026-03-27T21:48:00.000Z');
INSERT INTO order_items (id, order_id, product_id, quantity, unit_price, subtotal, created_at) 
                      VALUES ('22672ee7-960f-42e8-8e99-116430f4dfab', '429109b2-10ba-40e3-a732-7e9baec9591f', 'c865d401-6592-418d-98d5-1aa633799680', 1, 30, 30, '2026-03-27T21:48:00.000Z');
INSERT INTO audit_logs (id, action, user_id, description, level, created_at) 
                  VALUES ('c65140de-7ccb-4eb3-9dfc-6d9ca18e395f', 'USER_LOGIN', 'da273443-bae3-4781-ae4e-819d0c9d56a6', 'Vendedor inició sesión para jornada', 'info', '2026-03-27T14:18:00.000Z');
INSERT INTO daily_sales (id, seller_id, sale_date, total_investment, total_revenue, units_sold, units_lost, total_waste_cost, is_closed) 
                  VALUES ('480b7e20-7910-4d4f-855b-e41d36d04bca', 'da273443-bae3-4781-ae4e-819d0c9d56a6', '2026-03-27', 96, 250, 10, 2, 16, true);
INSERT INTO sale_details (id, daily_sale_id, product_id, quantity_prepared, quantity_sold, quantity_lost, unit_cost, unit_price, waste_cost, waste_reason) 
                  VALUES ('89ab42e9-081d-471e-a5b9-b4052f38e16d', '480b7e20-7910-4d4f-855b-e41d36d04bca', 'ea84c406-f235-4e9c-b061-71ed9401e63b', 12, 10, 2, 8, 25, 16, 'expired');
INSERT INTO orders (id, buyer_id, seller_id, total_amount, status, created_at) 
                      VALUES ('1ce8bd40-60e7-489e-87ed-9ec51c515e80', '233694a0-da98-4b19-8640-7b99f406554e', 'da273443-bae3-4781-ae4e-819d0c9d56a6', 25, 'completed', '2026-03-27T17:39:00.000Z');
INSERT INTO order_items (id, order_id, product_id, quantity, unit_price, subtotal, created_at) 
                      VALUES ('95e9e2a1-19ed-4d9f-afdc-23b1d5d51545', '1ce8bd40-60e7-489e-87ed-9ec51c515e80', 'ea84c406-f235-4e9c-b061-71ed9401e63b', 1, 25, 25, '2026-03-27T17:39:00.000Z');
INSERT INTO orders (id, buyer_id, seller_id, total_amount, status, created_at) 
                      VALUES ('179fde19-a5a5-4be6-9e49-b273ed276ac6', '233694a0-da98-4b19-8640-7b99f406554e', 'da273443-bae3-4781-ae4e-819d0c9d56a6', 25, 'completed', '2026-03-27T16:57:00.000Z');
INSERT INTO order_items (id, order_id, product_id, quantity, unit_price, subtotal, created_at) 
                      VALUES ('1126a1e6-c353-454f-9b3d-eef5638cde61', '179fde19-a5a5-4be6-9e49-b273ed276ac6', 'ea84c406-f235-4e9c-b061-71ed9401e63b', 1, 25, 25, '2026-03-27T16:57:00.000Z');
INSERT INTO orders (id, buyer_id, seller_id, total_amount, status, created_at) 
                      VALUES ('fdaeeb12-d544-42ac-864a-821a87ff16a6', 'ac51e939-ec0b-40c3-b3e7-39711b12845a', 'da273443-bae3-4781-ae4e-819d0c9d56a6', 25, 'completed', '2026-03-27T17:58:00.000Z');
INSERT INTO order_items (id, order_id, product_id, quantity, unit_price, subtotal, created_at) 
                      VALUES ('6b914a6d-cf4f-4b34-9541-1461a052dd4e', 'fdaeeb12-d544-42ac-864a-821a87ff16a6', 'ea84c406-f235-4e9c-b061-71ed9401e63b', 1, 25, 25, '2026-03-27T17:58:00.000Z');
INSERT INTO orders (id, buyer_id, seller_id, total_amount, status, created_at) 
                      VALUES ('a20a63c8-aac1-4491-8a8c-6b782d2ba90e', 'b03c172d-3388-458c-8054-b6ad7db24e27', 'da273443-bae3-4781-ae4e-819d0c9d56a6', 25, 'completed', '2026-03-27T21:48:00.000Z');
INSERT INTO order_items (id, order_id, product_id, quantity, unit_price, subtotal, created_at) 
                      VALUES ('83e16cfc-802a-45a6-8f4a-d4d5f2c272df', 'a20a63c8-aac1-4491-8a8c-6b782d2ba90e', 'ea84c406-f235-4e9c-b061-71ed9401e63b', 1, 25, 25, '2026-03-27T21:48:00.000Z');
INSERT INTO orders (id, buyer_id, seller_id, total_amount, status, created_at) 
                      VALUES ('c247d25b-b3ad-4cbd-8235-91bc3ad8ffa6', 'ac51e939-ec0b-40c3-b3e7-39711b12845a', 'da273443-bae3-4781-ae4e-819d0c9d56a6', 25, 'completed', '2026-03-27T18:12:00.000Z');
INSERT INTO order_items (id, order_id, product_id, quantity, unit_price, subtotal, created_at) 
                      VALUES ('79f4751f-f60c-4d7d-ae59-c347c64a38ff', 'c247d25b-b3ad-4cbd-8235-91bc3ad8ffa6', 'ea84c406-f235-4e9c-b061-71ed9401e63b', 1, 25, 25, '2026-03-27T18:12:00.000Z');
INSERT INTO orders (id, buyer_id, seller_id, total_amount, status, created_at) 
                      VALUES ('4935d693-e733-429a-a920-e850c4c826c0', '1161fb73-809d-4954-a73a-738a9a1868f7', 'da273443-bae3-4781-ae4e-819d0c9d56a6', 25, 'completed', '2026-03-27T19:18:00.000Z');
INSERT INTO order_items (id, order_id, product_id, quantity, unit_price, subtotal, created_at) 
                      VALUES ('8f511ffa-1cab-4125-af8e-d0d142ff166a', '4935d693-e733-429a-a920-e850c4c826c0', 'ea84c406-f235-4e9c-b061-71ed9401e63b', 1, 25, 25, '2026-03-27T19:18:00.000Z');
INSERT INTO orders (id, buyer_id, seller_id, total_amount, status, created_at) 
                      VALUES ('bef1c539-705e-48ee-95d0-c94c73e7eadf', 'b03c172d-3388-458c-8054-b6ad7db24e27', 'da273443-bae3-4781-ae4e-819d0c9d56a6', 25, 'completed', '2026-03-27T18:04:00.000Z');
INSERT INTO order_items (id, order_id, product_id, quantity, unit_price, subtotal, created_at) 
                      VALUES ('b445959f-4eec-43cc-a9ff-2105816f4cf8', 'bef1c539-705e-48ee-95d0-c94c73e7eadf', 'ea84c406-f235-4e9c-b061-71ed9401e63b', 1, 25, 25, '2026-03-27T18:04:00.000Z');
INSERT INTO orders (id, buyer_id, seller_id, total_amount, status, created_at) 
                      VALUES ('c5e6ea27-8e64-45d0-8f52-305bbf53dc75', '6c8c4ad9-70e8-48cb-9ce8-5d01c349ffcc', 'da273443-bae3-4781-ae4e-819d0c9d56a6', 25, 'completed', '2026-03-27T18:00:00.000Z');
INSERT INTO order_items (id, order_id, product_id, quantity, unit_price, subtotal, created_at) 
                      VALUES ('bf4ab4a6-d0be-4635-b23c-aa406fb3e820', 'c5e6ea27-8e64-45d0-8f52-305bbf53dc75', 'ea84c406-f235-4e9c-b061-71ed9401e63b', 1, 25, 25, '2026-03-27T18:00:00.000Z');
INSERT INTO orders (id, buyer_id, seller_id, total_amount, status, created_at) 
                      VALUES ('db7f59b8-d72c-48ab-8ce4-201ea064b7da', '79768ab4-b021-418b-bf3c-0dd52f857b65', 'da273443-bae3-4781-ae4e-819d0c9d56a6', 25, 'completed', '2026-03-27T16:24:00.000Z');
INSERT INTO order_items (id, order_id, product_id, quantity, unit_price, subtotal, created_at) 
                      VALUES ('e45a92d1-5f18-4658-8998-190b087bec4d', 'db7f59b8-d72c-48ab-8ce4-201ea064b7da', 'ea84c406-f235-4e9c-b061-71ed9401e63b', 1, 25, 25, '2026-03-27T16:24:00.000Z');
INSERT INTO orders (id, buyer_id, seller_id, total_amount, status, created_at) 
                      VALUES ('7fa88072-3964-4b05-8f3d-5e4cb576db9b', 'ac51e939-ec0b-40c3-b3e7-39711b12845a', 'da273443-bae3-4781-ae4e-819d0c9d56a6', 25, 'completed', '2026-03-27T20:18:00.000Z');
INSERT INTO order_items (id, order_id, product_id, quantity, unit_price, subtotal, created_at) 
                      VALUES ('16aca204-79aa-444a-af91-f76e1316dfbc', '7fa88072-3964-4b05-8f3d-5e4cb576db9b', 'ea84c406-f235-4e9c-b061-71ed9401e63b', 1, 25, 25, '2026-03-27T20:18:00.000Z');
INSERT INTO audit_logs (id, action, user_id, description, level, created_at) 
                  VALUES ('e7bfb4b9-fbf6-4fb1-81c4-2758ea5a592f', 'USER_LOGIN', 'cdc7b576-3957-4e3f-9e87-6630e4ef1950', 'Vendedor inició sesión para jornada', 'info', '2026-03-27T14:07:00.000Z');
INSERT INTO daily_sales (id, seller_id, sale_date, total_investment, total_revenue, units_sold, units_lost, total_waste_cost, is_closed) 
                  VALUES ('31e09155-00cb-4141-9316-355ae848dc6a', 'cdc7b576-3957-4e3f-9e87-6630e4ef1950', '2026-03-27', 275, 605, 11, 0, 0, true);
INSERT INTO sale_details (id, daily_sale_id, product_id, quantity_prepared, quantity_sold, quantity_lost, unit_cost, unit_price, waste_cost, waste_reason) 
                  VALUES ('25a1d33a-800d-4386-845f-1f80beca483d', '31e09155-00cb-4141-9316-355ae848dc6a', '49e54b55-6e07-407b-9dac-36e93e1f8aa2', 11, 11, 0, 25, 55, 0, 'expired');
INSERT INTO orders (id, buyer_id, seller_id, total_amount, status, created_at) 
                      VALUES ('8b5fdbbb-24ab-4d1b-813e-23ffc1421e56', 'b03c172d-3388-458c-8054-b6ad7db24e27', 'cdc7b576-3957-4e3f-9e87-6630e4ef1950', 55, 'completed', '2026-03-27T21:36:00.000Z');
INSERT INTO order_items (id, order_id, product_id, quantity, unit_price, subtotal, created_at) 
                      VALUES ('012df289-c143-48df-92b8-b4697ac974f7', '8b5fdbbb-24ab-4d1b-813e-23ffc1421e56', '49e54b55-6e07-407b-9dac-36e93e1f8aa2', 1, 55, 55, '2026-03-27T21:36:00.000Z');
INSERT INTO orders (id, buyer_id, seller_id, total_amount, status, created_at) 
                      VALUES ('36096ca2-c751-42d5-bdca-8953ad895bff', 'aa9e3c8c-e997-4408-ac68-6265851f972d', 'cdc7b576-3957-4e3f-9e87-6630e4ef1950', 55, 'completed', '2026-03-27T18:02:00.000Z');
INSERT INTO order_items (id, order_id, product_id, quantity, unit_price, subtotal, created_at) 
                      VALUES ('1c983f83-0b64-4430-bc32-c10dae0237c8', '36096ca2-c751-42d5-bdca-8953ad895bff', '49e54b55-6e07-407b-9dac-36e93e1f8aa2', 1, 55, 55, '2026-03-27T18:02:00.000Z');
INSERT INTO orders (id, buyer_id, seller_id, total_amount, status, created_at) 
                      VALUES ('662593d1-8d52-4f25-9f0d-3f08f293a2e8', 'b03c172d-3388-458c-8054-b6ad7db24e27', 'cdc7b576-3957-4e3f-9e87-6630e4ef1950', 55, 'completed', '2026-03-27T20:49:00.000Z');
INSERT INTO order_items (id, order_id, product_id, quantity, unit_price, subtotal, created_at) 
                      VALUES ('61c8c90a-4617-4c7e-b96a-ad95ca75caa9', '662593d1-8d52-4f25-9f0d-3f08f293a2e8', '49e54b55-6e07-407b-9dac-36e93e1f8aa2', 1, 55, 55, '2026-03-27T20:49:00.000Z');
INSERT INTO orders (id, buyer_id, seller_id, total_amount, status, created_at) 
                      VALUES ('60c7272f-26ac-40e3-aafc-2434ec87b494', '79768ab4-b021-418b-bf3c-0dd52f857b65', 'cdc7b576-3957-4e3f-9e87-6630e4ef1950', 55, 'completed', '2026-03-27T21:47:00.000Z');
INSERT INTO order_items (id, order_id, product_id, quantity, unit_price, subtotal, created_at) 
                      VALUES ('a5f40a0f-6ee4-4eaf-8b69-510346be2165', '60c7272f-26ac-40e3-aafc-2434ec87b494', '49e54b55-6e07-407b-9dac-36e93e1f8aa2', 1, 55, 55, '2026-03-27T21:47:00.000Z');
INSERT INTO orders (id, buyer_id, seller_id, total_amount, status, created_at) 
                      VALUES ('5a42c41c-6494-47e0-94db-c691c7e0016e', '6c8c4ad9-70e8-48cb-9ce8-5d01c349ffcc', 'cdc7b576-3957-4e3f-9e87-6630e4ef1950', 55, 'completed', '2026-03-27T16:03:00.000Z');
INSERT INTO order_items (id, order_id, product_id, quantity, unit_price, subtotal, created_at) 
                      VALUES ('07432101-c162-4542-9785-7f78e0ef95f0', '5a42c41c-6494-47e0-94db-c691c7e0016e', '49e54b55-6e07-407b-9dac-36e93e1f8aa2', 1, 55, 55, '2026-03-27T16:03:00.000Z');
INSERT INTO orders (id, buyer_id, seller_id, total_amount, status, created_at) 
                      VALUES ('a4460322-6835-4a75-bc0e-09a4934e016e', '233694a0-da98-4b19-8640-7b99f406554e', 'cdc7b576-3957-4e3f-9e87-6630e4ef1950', 55, 'completed', '2026-03-27T16:14:00.000Z');
INSERT INTO order_items (id, order_id, product_id, quantity, unit_price, subtotal, created_at) 
                      VALUES ('ddfddce0-9933-4212-9c53-e51df1ea8d6e', 'a4460322-6835-4a75-bc0e-09a4934e016e', '49e54b55-6e07-407b-9dac-36e93e1f8aa2', 1, 55, 55, '2026-03-27T16:14:00.000Z');
INSERT INTO orders (id, buyer_id, seller_id, total_amount, status, created_at) 
                      VALUES ('d0e748bb-0bc2-40cd-a6e9-344e4d9dd68a', 'b03c172d-3388-458c-8054-b6ad7db24e27', 'cdc7b576-3957-4e3f-9e87-6630e4ef1950', 55, 'completed', '2026-03-27T19:38:00.000Z');
INSERT INTO order_items (id, order_id, product_id, quantity, unit_price, subtotal, created_at) 
                      VALUES ('2e299838-c6d9-4105-ace7-abb192a24b8a', 'd0e748bb-0bc2-40cd-a6e9-344e4d9dd68a', '49e54b55-6e07-407b-9dac-36e93e1f8aa2', 1, 55, 55, '2026-03-27T19:38:00.000Z');
INSERT INTO orders (id, buyer_id, seller_id, total_amount, status, created_at) 
                      VALUES ('4102e3f8-b2bf-4dcb-a06c-7fd91b8e91e5', '1161fb73-809d-4954-a73a-738a9a1868f7', 'cdc7b576-3957-4e3f-9e87-6630e4ef1950', 55, 'completed', '2026-03-27T20:45:00.000Z');
INSERT INTO order_items (id, order_id, product_id, quantity, unit_price, subtotal, created_at) 
                      VALUES ('7381a298-e43b-4a01-8281-37e086eedb93', '4102e3f8-b2bf-4dcb-a06c-7fd91b8e91e5', '49e54b55-6e07-407b-9dac-36e93e1f8aa2', 1, 55, 55, '2026-03-27T20:45:00.000Z');
INSERT INTO orders (id, buyer_id, seller_id, total_amount, status, created_at) 
                      VALUES ('0ea34765-5ec5-43ff-b88c-7f335fd48c1b', '1161fb73-809d-4954-a73a-738a9a1868f7', 'cdc7b576-3957-4e3f-9e87-6630e4ef1950', 55, 'completed', '2026-03-27T17:13:00.000Z');
INSERT INTO order_items (id, order_id, product_id, quantity, unit_price, subtotal, created_at) 
                      VALUES ('96b00022-359c-45b8-a1e4-62b9f3d420b2', '0ea34765-5ec5-43ff-b88c-7f335fd48c1b', '49e54b55-6e07-407b-9dac-36e93e1f8aa2', 1, 55, 55, '2026-03-27T17:13:00.000Z');
INSERT INTO orders (id, buyer_id, seller_id, total_amount, status, created_at) 
                      VALUES ('cafaaaca-918b-432c-bdd8-7a5ab7d8dd47', 'ac51e939-ec0b-40c3-b3e7-39711b12845a', 'cdc7b576-3957-4e3f-9e87-6630e4ef1950', 55, 'completed', '2026-03-27T16:19:00.000Z');
INSERT INTO order_items (id, order_id, product_id, quantity, unit_price, subtotal, created_at) 
                      VALUES ('34b4d739-c076-4edd-bd65-87513692030b', 'cafaaaca-918b-432c-bdd8-7a5ab7d8dd47', '49e54b55-6e07-407b-9dac-36e93e1f8aa2', 1, 55, 55, '2026-03-27T16:19:00.000Z');
INSERT INTO orders (id, buyer_id, seller_id, total_amount, status, created_at) 
                      VALUES ('54afea65-b040-4bcf-b050-55fb4589c1e0', 'b03c172d-3388-458c-8054-b6ad7db24e27', 'cdc7b576-3957-4e3f-9e87-6630e4ef1950', 55, 'completed', '2026-03-27T21:17:00.000Z');
INSERT INTO order_items (id, order_id, product_id, quantity, unit_price, subtotal, created_at) 
                      VALUES ('5235432a-2db2-4f8c-a69c-1d5ad13967ee', '54afea65-b040-4bcf-b050-55fb4589c1e0', '49e54b55-6e07-407b-9dac-36e93e1f8aa2', 1, 55, 55, '2026-03-27T21:17:00.000Z');
INSERT INTO audit_logs (id, action, user_id, description, level, created_at) 
                  VALUES ('f1d4da8c-ee6a-4d04-bbb5-f3394c1377d6', 'USER_LOGIN', '6adabb60-eed5-4dd0-b80c-41983dd81404', 'Vendedor inició sesión para jornada', 'info', '2026-03-28T14:20:00.000Z');
INSERT INTO daily_sales (id, seller_id, sale_date, total_investment, total_revenue, units_sold, units_lost, total_waste_cost, is_closed) 
                  VALUES ('d673bf74-fca4-4d66-a844-89e863932b11', '6adabb60-eed5-4dd0-b80c-41983dd81404', '2026-03-28', 400, 675, 9, 1, 40, true);
INSERT INTO sale_details (id, daily_sale_id, product_id, quantity_prepared, quantity_sold, quantity_lost, unit_cost, unit_price, waste_cost, waste_reason) 
                  VALUES ('f851350b-3291-45e2-919a-5c260acec8fe', 'd673bf74-fca4-4d66-a844-89e863932b11', 'cd4cb45a-05bc-4729-bb2a-06d122f369fc', 10, 9, 1, 40, 75, 40, 'expired');
INSERT INTO orders (id, buyer_id, seller_id, total_amount, status, created_at) 
                      VALUES ('9281e70c-13d8-44a6-8142-b1c6885121fa', '233694a0-da98-4b19-8640-7b99f406554e', '6adabb60-eed5-4dd0-b80c-41983dd81404', 75, 'completed', '2026-03-28T18:19:00.000Z');
INSERT INTO order_items (id, order_id, product_id, quantity, unit_price, subtotal, created_at) 
                      VALUES ('7eb57060-aa42-4d5f-889d-91ab7b8164f4', '9281e70c-13d8-44a6-8142-b1c6885121fa', 'cd4cb45a-05bc-4729-bb2a-06d122f369fc', 1, 75, 75, '2026-03-28T18:19:00.000Z');
INSERT INTO orders (id, buyer_id, seller_id, total_amount, status, created_at) 
                      VALUES ('8b675834-0422-4f27-a68c-9696175dca5e', '79768ab4-b021-418b-bf3c-0dd52f857b65', '6adabb60-eed5-4dd0-b80c-41983dd81404', 75, 'completed', '2026-03-28T19:20:00.000Z');
INSERT INTO order_items (id, order_id, product_id, quantity, unit_price, subtotal, created_at) 
                      VALUES ('edb96ba2-4a10-407c-864f-f8cc3b0fabbb', '8b675834-0422-4f27-a68c-9696175dca5e', 'cd4cb45a-05bc-4729-bb2a-06d122f369fc', 1, 75, 75, '2026-03-28T19:20:00.000Z');
INSERT INTO orders (id, buyer_id, seller_id, total_amount, status, created_at) 
                      VALUES ('6a80b5f4-a1e8-4f21-b810-cf146419392b', 'ac51e939-ec0b-40c3-b3e7-39711b12845a', '6adabb60-eed5-4dd0-b80c-41983dd81404', 75, 'completed', '2026-03-28T19:33:00.000Z');
INSERT INTO order_items (id, order_id, product_id, quantity, unit_price, subtotal, created_at) 
                      VALUES ('cd421abd-4fac-4ef2-aae3-ed81b8956521', '6a80b5f4-a1e8-4f21-b810-cf146419392b', 'cd4cb45a-05bc-4729-bb2a-06d122f369fc', 1, 75, 75, '2026-03-28T19:33:00.000Z');
INSERT INTO orders (id, buyer_id, seller_id, total_amount, status, created_at) 
                      VALUES ('12a6c2fa-515c-4d68-9cf4-38ed58bc8fa7', '233694a0-da98-4b19-8640-7b99f406554e', '6adabb60-eed5-4dd0-b80c-41983dd81404', 75, 'completed', '2026-03-28T16:24:00.000Z');
INSERT INTO order_items (id, order_id, product_id, quantity, unit_price, subtotal, created_at) 
                      VALUES ('70be8ae7-536c-41a7-8100-e98403ae7b96', '12a6c2fa-515c-4d68-9cf4-38ed58bc8fa7', 'cd4cb45a-05bc-4729-bb2a-06d122f369fc', 1, 75, 75, '2026-03-28T16:24:00.000Z');
INSERT INTO orders (id, buyer_id, seller_id, total_amount, status, created_at) 
                      VALUES ('2ce3f733-3fc0-4df7-ba63-e9d5164c5f87', 'ac51e939-ec0b-40c3-b3e7-39711b12845a', '6adabb60-eed5-4dd0-b80c-41983dd81404', 75, 'completed', '2026-03-28T21:03:00.000Z');
INSERT INTO order_items (id, order_id, product_id, quantity, unit_price, subtotal, created_at) 
                      VALUES ('7f8b1076-946c-4a3d-84e4-a4e33ca7455c', '2ce3f733-3fc0-4df7-ba63-e9d5164c5f87', 'cd4cb45a-05bc-4729-bb2a-06d122f369fc', 1, 75, 75, '2026-03-28T21:03:00.000Z');
INSERT INTO orders (id, buyer_id, seller_id, total_amount, status, created_at) 
                      VALUES ('1bde700f-4e15-4da4-bbb5-061a04a24e2a', '79768ab4-b021-418b-bf3c-0dd52f857b65', '6adabb60-eed5-4dd0-b80c-41983dd81404', 75, 'completed', '2026-03-28T16:43:00.000Z');
INSERT INTO order_items (id, order_id, product_id, quantity, unit_price, subtotal, created_at) 
                      VALUES ('20ef4c37-4965-4c23-9018-41e237b702a4', '1bde700f-4e15-4da4-bbb5-061a04a24e2a', 'cd4cb45a-05bc-4729-bb2a-06d122f369fc', 1, 75, 75, '2026-03-28T16:43:00.000Z');
INSERT INTO orders (id, buyer_id, seller_id, total_amount, status, created_at) 
                      VALUES ('9f77db9c-c529-4b55-ae8c-29b67f1606ea', 'ac51e939-ec0b-40c3-b3e7-39711b12845a', '6adabb60-eed5-4dd0-b80c-41983dd81404', 75, 'completed', '2026-03-28T16:45:00.000Z');
INSERT INTO order_items (id, order_id, product_id, quantity, unit_price, subtotal, created_at) 
                      VALUES ('a1f8e0d7-4d8c-453f-9e0e-727513218486', '9f77db9c-c529-4b55-ae8c-29b67f1606ea', 'cd4cb45a-05bc-4729-bb2a-06d122f369fc', 1, 75, 75, '2026-03-28T16:45:00.000Z');
INSERT INTO orders (id, buyer_id, seller_id, total_amount, status, created_at) 
                      VALUES ('3aabadd0-52ba-4067-a13f-37cc0d0879a2', '6c8c4ad9-70e8-48cb-9ce8-5d01c349ffcc', '6adabb60-eed5-4dd0-b80c-41983dd81404', 75, 'completed', '2026-03-28T19:15:00.000Z');
INSERT INTO order_items (id, order_id, product_id, quantity, unit_price, subtotal, created_at) 
                      VALUES ('7d7707cd-cc97-4aa1-883e-5f471b6c70bf', '3aabadd0-52ba-4067-a13f-37cc0d0879a2', 'cd4cb45a-05bc-4729-bb2a-06d122f369fc', 1, 75, 75, '2026-03-28T19:15:00.000Z');
INSERT INTO orders (id, buyer_id, seller_id, total_amount, status, created_at) 
                      VALUES ('07161942-347b-459f-ae67-35666a210954', '79768ab4-b021-418b-bf3c-0dd52f857b65', '6adabb60-eed5-4dd0-b80c-41983dd81404', 75, 'completed', '2026-03-28T16:13:00.000Z');
INSERT INTO order_items (id, order_id, product_id, quantity, unit_price, subtotal, created_at) 
                      VALUES ('698da408-3db7-42ef-b72b-1c1bb16cbfc6', '07161942-347b-459f-ae67-35666a210954', 'cd4cb45a-05bc-4729-bb2a-06d122f369fc', 1, 75, 75, '2026-03-28T16:13:00.000Z');
INSERT INTO audit_logs (id, action, user_id, description, level, created_at) 
                  VALUES ('7d144894-0536-4a8f-a8a7-f672a3326ffe', 'USER_LOGIN', '5f552e5d-c288-453c-a685-b287e1c0c64a', 'Vendedor inició sesión para jornada', 'info', '2026-03-28T14:08:00.000Z');
INSERT INTO daily_sales (id, seller_id, sale_date, total_investment, total_revenue, units_sold, units_lost, total_waste_cost, is_closed) 
                  VALUES ('0a491593-8c0e-40ec-89bb-fd96abebc183', '5f552e5d-c288-453c-a685-b287e1c0c64a', '2026-03-28', 200, 450, 10, 0, 0, true);
INSERT INTO sale_details (id, daily_sale_id, product_id, quantity_prepared, quantity_sold, quantity_lost, unit_cost, unit_price, waste_cost, waste_reason) 
                  VALUES ('e48c59dd-f0f6-41da-8a06-4a6d1f484f39', '0a491593-8c0e-40ec-89bb-fd96abebc183', '90ccc3f8-627a-4af7-aab2-9c7967c2f50d', 10, 10, 0, 20, 45, 0, 'expired');
INSERT INTO orders (id, buyer_id, seller_id, total_amount, status, created_at) 
                      VALUES ('f4caf3e3-645d-4465-a2f6-814a35946d50', '79768ab4-b021-418b-bf3c-0dd52f857b65', '5f552e5d-c288-453c-a685-b287e1c0c64a', 45, 'completed', '2026-03-28T21:27:00.000Z');
INSERT INTO order_items (id, order_id, product_id, quantity, unit_price, subtotal, created_at) 
                      VALUES ('4545f361-e33b-4b70-bdea-71f2a90c0d39', 'f4caf3e3-645d-4465-a2f6-814a35946d50', '90ccc3f8-627a-4af7-aab2-9c7967c2f50d', 1, 45, 45, '2026-03-28T21:27:00.000Z');
INSERT INTO orders (id, buyer_id, seller_id, total_amount, status, created_at) 
                      VALUES ('62d0b010-4bb2-4aa3-9a43-7a8028dd21a5', '1161fb73-809d-4954-a73a-738a9a1868f7', '5f552e5d-c288-453c-a685-b287e1c0c64a', 45, 'completed', '2026-03-28T19:35:00.000Z');
INSERT INTO order_items (id, order_id, product_id, quantity, unit_price, subtotal, created_at) 
                      VALUES ('3975b346-636f-4a56-98cb-0997cbb07512', '62d0b010-4bb2-4aa3-9a43-7a8028dd21a5', '90ccc3f8-627a-4af7-aab2-9c7967c2f50d', 1, 45, 45, '2026-03-28T19:35:00.000Z');
INSERT INTO orders (id, buyer_id, seller_id, total_amount, status, created_at) 
                      VALUES ('d9444a9e-90ea-4b44-a819-5b1d1c756e11', '6c8c4ad9-70e8-48cb-9ce8-5d01c349ffcc', '5f552e5d-c288-453c-a685-b287e1c0c64a', 45, 'completed', '2026-03-28T20:29:00.000Z');
INSERT INTO order_items (id, order_id, product_id, quantity, unit_price, subtotal, created_at) 
                      VALUES ('42dcddd0-07c2-4113-93ad-2af439ab528c', 'd9444a9e-90ea-4b44-a819-5b1d1c756e11', '90ccc3f8-627a-4af7-aab2-9c7967c2f50d', 1, 45, 45, '2026-03-28T20:29:00.000Z');
INSERT INTO orders (id, buyer_id, seller_id, total_amount, status, created_at) 
                      VALUES ('675ecbc5-2a91-43fd-9e20-577765e655d5', '1161fb73-809d-4954-a73a-738a9a1868f7', '5f552e5d-c288-453c-a685-b287e1c0c64a', 45, 'completed', '2026-03-28T18:47:00.000Z');
INSERT INTO order_items (id, order_id, product_id, quantity, unit_price, subtotal, created_at) 
                      VALUES ('1674de50-45c6-45af-b053-f95a049e93d6', '675ecbc5-2a91-43fd-9e20-577765e655d5', '90ccc3f8-627a-4af7-aab2-9c7967c2f50d', 1, 45, 45, '2026-03-28T18:47:00.000Z');
INSERT INTO orders (id, buyer_id, seller_id, total_amount, status, created_at) 
                      VALUES ('59b8b2a3-6ae0-4a7e-a71d-57cd02c694c2', '233694a0-da98-4b19-8640-7b99f406554e', '5f552e5d-c288-453c-a685-b287e1c0c64a', 45, 'completed', '2026-03-28T20:14:00.000Z');
INSERT INTO order_items (id, order_id, product_id, quantity, unit_price, subtotal, created_at) 
                      VALUES ('afa47a27-812d-46d1-98f8-3f78d3b4d66a', '59b8b2a3-6ae0-4a7e-a71d-57cd02c694c2', '90ccc3f8-627a-4af7-aab2-9c7967c2f50d', 1, 45, 45, '2026-03-28T20:14:00.000Z');
INSERT INTO orders (id, buyer_id, seller_id, total_amount, status, created_at) 
                      VALUES ('ff52414f-257f-41c3-b59b-6bf93c048658', '6c8c4ad9-70e8-48cb-9ce8-5d01c349ffcc', '5f552e5d-c288-453c-a685-b287e1c0c64a', 45, 'completed', '2026-03-28T16:46:00.000Z');
INSERT INTO order_items (id, order_id, product_id, quantity, unit_price, subtotal, created_at) 
                      VALUES ('84c95d72-88de-43c1-9e63-ca839c1ac544', 'ff52414f-257f-41c3-b59b-6bf93c048658', '90ccc3f8-627a-4af7-aab2-9c7967c2f50d', 1, 45, 45, '2026-03-28T16:46:00.000Z');
INSERT INTO orders (id, buyer_id, seller_id, total_amount, status, created_at) 
                      VALUES ('ecc0990e-ee85-412e-994d-26f47291063b', 'ac51e939-ec0b-40c3-b3e7-39711b12845a', '5f552e5d-c288-453c-a685-b287e1c0c64a', 45, 'completed', '2026-03-28T16:09:00.000Z');
INSERT INTO order_items (id, order_id, product_id, quantity, unit_price, subtotal, created_at) 
                      VALUES ('9280af66-e64c-4c8e-a1b1-183eabf15d69', 'ecc0990e-ee85-412e-994d-26f47291063b', '90ccc3f8-627a-4af7-aab2-9c7967c2f50d', 1, 45, 45, '2026-03-28T16:09:00.000Z');
INSERT INTO orders (id, buyer_id, seller_id, total_amount, status, created_at) 
                      VALUES ('63c87a8f-3838-4fee-97bf-cefbf322263e', 'b03c172d-3388-458c-8054-b6ad7db24e27', '5f552e5d-c288-453c-a685-b287e1c0c64a', 45, 'completed', '2026-03-28T17:12:00.000Z');
INSERT INTO order_items (id, order_id, product_id, quantity, unit_price, subtotal, created_at) 
                      VALUES ('efb21c89-15a6-450d-ac21-51f05893c571', '63c87a8f-3838-4fee-97bf-cefbf322263e', '90ccc3f8-627a-4af7-aab2-9c7967c2f50d', 1, 45, 45, '2026-03-28T17:12:00.000Z');
INSERT INTO orders (id, buyer_id, seller_id, total_amount, status, created_at) 
                      VALUES ('312335ba-38a5-473f-828a-7a7099e1936b', '233694a0-da98-4b19-8640-7b99f406554e', '5f552e5d-c288-453c-a685-b287e1c0c64a', 45, 'completed', '2026-03-28T16:46:00.000Z');
INSERT INTO order_items (id, order_id, product_id, quantity, unit_price, subtotal, created_at) 
                      VALUES ('d2225982-4962-41c0-89e6-08157fea2ae6', '312335ba-38a5-473f-828a-7a7099e1936b', '90ccc3f8-627a-4af7-aab2-9c7967c2f50d', 1, 45, 45, '2026-03-28T16:46:00.000Z');
INSERT INTO orders (id, buyer_id, seller_id, total_amount, status, created_at) 
                      VALUES ('9d1a1d7a-40a9-46e9-8b5f-5e1fda1e5572', '1161fb73-809d-4954-a73a-738a9a1868f7', '5f552e5d-c288-453c-a685-b287e1c0c64a', 45, 'completed', '2026-03-28T18:58:00.000Z');
INSERT INTO order_items (id, order_id, product_id, quantity, unit_price, subtotal, created_at) 
                      VALUES ('b6aeeada-e060-4653-852b-420a3efd3357', '9d1a1d7a-40a9-46e9-8b5f-5e1fda1e5572', '90ccc3f8-627a-4af7-aab2-9c7967c2f50d', 1, 45, 45, '2026-03-28T18:58:00.000Z');
INSERT INTO audit_logs (id, action, user_id, description, level, created_at) 
                  VALUES ('2f843aa4-7138-45d9-8d65-7124f9f80097', 'USER_LOGIN', '522afd0e-5b6f-4f57-be80-46fd79ba12db', 'Vendedor inició sesión para jornada', 'info', '2026-03-28T14:02:00.000Z');
INSERT INTO daily_sales (id, seller_id, sale_date, total_investment, total_revenue, units_sold, units_lost, total_waste_cost, is_closed) 
                  VALUES ('306aa9f6-c37e-46f2-890f-0548d07d4323', '522afd0e-5b6f-4f57-be80-46fd79ba12db', '2026-03-28', 120, 240, 8, 2, 24, true);
INSERT INTO sale_details (id, daily_sale_id, product_id, quantity_prepared, quantity_sold, quantity_lost, unit_cost, unit_price, waste_cost, waste_reason) 
                  VALUES ('5b224b45-5a36-4f00-8b37-eca92d16232b', '306aa9f6-c37e-46f2-890f-0548d07d4323', 'c865d401-6592-418d-98d5-1aa633799680', 10, 8, 2, 12, 30, 24, 'expired');
INSERT INTO orders (id, buyer_id, seller_id, total_amount, status, created_at) 
                      VALUES ('5f859f18-3e3b-4766-9fab-76780f6c1605', '1161fb73-809d-4954-a73a-738a9a1868f7', '522afd0e-5b6f-4f57-be80-46fd79ba12db', 30, 'completed', '2026-03-28T16:11:00.000Z');
INSERT INTO order_items (id, order_id, product_id, quantity, unit_price, subtotal, created_at) 
                      VALUES ('483fb807-1655-4188-bc18-8a1d17a2dac7', '5f859f18-3e3b-4766-9fab-76780f6c1605', 'c865d401-6592-418d-98d5-1aa633799680', 1, 30, 30, '2026-03-28T16:11:00.000Z');
INSERT INTO orders (id, buyer_id, seller_id, total_amount, status, created_at) 
                      VALUES ('5824548f-bd1b-4bcb-904f-7678a6d2ccfd', '233694a0-da98-4b19-8640-7b99f406554e', '522afd0e-5b6f-4f57-be80-46fd79ba12db', 30, 'completed', '2026-03-28T17:43:00.000Z');
INSERT INTO order_items (id, order_id, product_id, quantity, unit_price, subtotal, created_at) 
                      VALUES ('210df787-a6ad-495f-b2be-03cf82da5e21', '5824548f-bd1b-4bcb-904f-7678a6d2ccfd', 'c865d401-6592-418d-98d5-1aa633799680', 1, 30, 30, '2026-03-28T17:43:00.000Z');
INSERT INTO orders (id, buyer_id, seller_id, total_amount, status, created_at) 
                      VALUES ('e595f2e4-e2f7-49ab-958b-231c1bf5c9c8', 'b03c172d-3388-458c-8054-b6ad7db24e27', '522afd0e-5b6f-4f57-be80-46fd79ba12db', 30, 'completed', '2026-03-28T17:53:00.000Z');
INSERT INTO order_items (id, order_id, product_id, quantity, unit_price, subtotal, created_at) 
                      VALUES ('02477d2e-e176-4f30-9002-cebb8e6f2b54', 'e595f2e4-e2f7-49ab-958b-231c1bf5c9c8', 'c865d401-6592-418d-98d5-1aa633799680', 1, 30, 30, '2026-03-28T17:53:00.000Z');
INSERT INTO orders (id, buyer_id, seller_id, total_amount, status, created_at) 
                      VALUES ('5eeea08f-2be5-4e6d-b775-2a5254731240', 'b03c172d-3388-458c-8054-b6ad7db24e27', '522afd0e-5b6f-4f57-be80-46fd79ba12db', 30, 'completed', '2026-03-28T19:13:00.000Z');
INSERT INTO order_items (id, order_id, product_id, quantity, unit_price, subtotal, created_at) 
                      VALUES ('be9f709c-c98c-4623-8bf6-3bf5023363aa', '5eeea08f-2be5-4e6d-b775-2a5254731240', 'c865d401-6592-418d-98d5-1aa633799680', 1, 30, 30, '2026-03-28T19:13:00.000Z');
INSERT INTO orders (id, buyer_id, seller_id, total_amount, status, created_at) 
                      VALUES ('cbec5f1b-c137-4085-a1d0-bf2506a2688c', '1161fb73-809d-4954-a73a-738a9a1868f7', '522afd0e-5b6f-4f57-be80-46fd79ba12db', 30, 'completed', '2026-03-28T19:34:00.000Z');
INSERT INTO order_items (id, order_id, product_id, quantity, unit_price, subtotal, created_at) 
                      VALUES ('73da573a-b840-4b7d-8ca6-3d0458e713eb', 'cbec5f1b-c137-4085-a1d0-bf2506a2688c', 'c865d401-6592-418d-98d5-1aa633799680', 1, 30, 30, '2026-03-28T19:34:00.000Z');
INSERT INTO orders (id, buyer_id, seller_id, total_amount, status, created_at) 
                      VALUES ('e8200318-90c4-48de-a7ea-d5cd471c2d45', '79768ab4-b021-418b-bf3c-0dd52f857b65', '522afd0e-5b6f-4f57-be80-46fd79ba12db', 30, 'completed', '2026-03-28T19:57:00.000Z');
INSERT INTO order_items (id, order_id, product_id, quantity, unit_price, subtotal, created_at) 
                      VALUES ('3fc79640-3f18-4ed2-90fd-51d3ef40e5e5', 'e8200318-90c4-48de-a7ea-d5cd471c2d45', 'c865d401-6592-418d-98d5-1aa633799680', 1, 30, 30, '2026-03-28T19:57:00.000Z');
INSERT INTO orders (id, buyer_id, seller_id, total_amount, status, created_at) 
                      VALUES ('dd053792-e872-4b13-8562-b20eb31aab85', 'aa9e3c8c-e997-4408-ac68-6265851f972d', '522afd0e-5b6f-4f57-be80-46fd79ba12db', 30, 'completed', '2026-03-28T18:54:00.000Z');
INSERT INTO order_items (id, order_id, product_id, quantity, unit_price, subtotal, created_at) 
                      VALUES ('96daa95e-4ea2-4389-9a29-e9566158ff4c', 'dd053792-e872-4b13-8562-b20eb31aab85', 'c865d401-6592-418d-98d5-1aa633799680', 1, 30, 30, '2026-03-28T18:54:00.000Z');
INSERT INTO orders (id, buyer_id, seller_id, total_amount, status, created_at) 
                      VALUES ('76310c96-bdbc-43d6-b97a-8821170ae57a', 'aa9e3c8c-e997-4408-ac68-6265851f972d', '522afd0e-5b6f-4f57-be80-46fd79ba12db', 30, 'completed', '2026-03-28T17:59:00.000Z');
INSERT INTO order_items (id, order_id, product_id, quantity, unit_price, subtotal, created_at) 
                      VALUES ('53e2d468-837a-4cae-a537-51ef5edfeb85', '76310c96-bdbc-43d6-b97a-8821170ae57a', 'c865d401-6592-418d-98d5-1aa633799680', 1, 30, 30, '2026-03-28T17:59:00.000Z');
INSERT INTO audit_logs (id, action, user_id, description, level, created_at) 
                  VALUES ('c6dcf153-b4c8-4088-a2ea-f4a5fbc895f3', 'USER_LOGIN', 'da273443-bae3-4781-ae4e-819d0c9d56a6', 'Vendedor inició sesión para jornada', 'info', '2026-03-28T14:28:00.000Z');
INSERT INTO daily_sales (id, seller_id, sale_date, total_investment, total_revenue, units_sold, units_lost, total_waste_cost, is_closed) 
                  VALUES ('8afb99a4-6e10-4e67-bad1-f8d9aba7be3d', 'da273443-bae3-4781-ae4e-819d0c9d56a6', '2026-03-28', 88, 225, 9, 2, 16, true);
INSERT INTO sale_details (id, daily_sale_id, product_id, quantity_prepared, quantity_sold, quantity_lost, unit_cost, unit_price, waste_cost, waste_reason) 
                  VALUES ('449dcb89-7a8b-45e3-8ea2-360e3eb0b9fa', '8afb99a4-6e10-4e67-bad1-f8d9aba7be3d', 'ea84c406-f235-4e9c-b061-71ed9401e63b', 11, 9, 2, 8, 25, 16, 'expired');
INSERT INTO orders (id, buyer_id, seller_id, total_amount, status, created_at) 
                      VALUES ('37f27aa9-1c7c-4e0c-affb-5873ed272b1a', '6c8c4ad9-70e8-48cb-9ce8-5d01c349ffcc', 'da273443-bae3-4781-ae4e-819d0c9d56a6', 25, 'completed', '2026-03-28T16:08:00.000Z');
INSERT INTO order_items (id, order_id, product_id, quantity, unit_price, subtotal, created_at) 
                      VALUES ('87f8c429-920a-41ee-8804-e4c577445b6f', '37f27aa9-1c7c-4e0c-affb-5873ed272b1a', 'ea84c406-f235-4e9c-b061-71ed9401e63b', 1, 25, 25, '2026-03-28T16:08:00.000Z');
INSERT INTO orders (id, buyer_id, seller_id, total_amount, status, created_at) 
                      VALUES ('a040e015-0359-4b04-b422-5c7b4727a6cd', 'ac51e939-ec0b-40c3-b3e7-39711b12845a', 'da273443-bae3-4781-ae4e-819d0c9d56a6', 25, 'completed', '2026-03-28T21:13:00.000Z');
INSERT INTO order_items (id, order_id, product_id, quantity, unit_price, subtotal, created_at) 
                      VALUES ('e4e2ab2a-e264-45a7-8262-17a7708c0c07', 'a040e015-0359-4b04-b422-5c7b4727a6cd', 'ea84c406-f235-4e9c-b061-71ed9401e63b', 1, 25, 25, '2026-03-28T21:13:00.000Z');
INSERT INTO orders (id, buyer_id, seller_id, total_amount, status, created_at) 
                      VALUES ('41323b76-0dc8-428e-81ea-57b98eba0b6a', '79768ab4-b021-418b-bf3c-0dd52f857b65', 'da273443-bae3-4781-ae4e-819d0c9d56a6', 25, 'completed', '2026-03-28T21:37:00.000Z');
INSERT INTO order_items (id, order_id, product_id, quantity, unit_price, subtotal, created_at) 
                      VALUES ('41f880e8-4d3c-401e-81bf-ad1535d85def', '41323b76-0dc8-428e-81ea-57b98eba0b6a', 'ea84c406-f235-4e9c-b061-71ed9401e63b', 1, 25, 25, '2026-03-28T21:37:00.000Z');
INSERT INTO orders (id, buyer_id, seller_id, total_amount, status, created_at) 
                      VALUES ('6b55aad5-8547-460b-8cc3-8e8dc8f924ce', 'b03c172d-3388-458c-8054-b6ad7db24e27', 'da273443-bae3-4781-ae4e-819d0c9d56a6', 25, 'completed', '2026-03-28T16:43:00.000Z');
INSERT INTO order_items (id, order_id, product_id, quantity, unit_price, subtotal, created_at) 
                      VALUES ('2290f542-4c37-4fb9-8f3a-3c06735cd6ba', '6b55aad5-8547-460b-8cc3-8e8dc8f924ce', 'ea84c406-f235-4e9c-b061-71ed9401e63b', 1, 25, 25, '2026-03-28T16:43:00.000Z');
INSERT INTO orders (id, buyer_id, seller_id, total_amount, status, created_at) 
                      VALUES ('84aa154e-a90b-4ce0-981e-a9c613b67db6', '79768ab4-b021-418b-bf3c-0dd52f857b65', 'da273443-bae3-4781-ae4e-819d0c9d56a6', 25, 'completed', '2026-03-28T17:42:00.000Z');
INSERT INTO order_items (id, order_id, product_id, quantity, unit_price, subtotal, created_at) 
                      VALUES ('03ff4c81-b461-4829-8c02-970b1bc580ee', '84aa154e-a90b-4ce0-981e-a9c613b67db6', 'ea84c406-f235-4e9c-b061-71ed9401e63b', 1, 25, 25, '2026-03-28T17:42:00.000Z');
INSERT INTO orders (id, buyer_id, seller_id, total_amount, status, created_at) 
                      VALUES ('a58e440f-9dd2-413a-b1f7-140acc73ae6e', '6c8c4ad9-70e8-48cb-9ce8-5d01c349ffcc', 'da273443-bae3-4781-ae4e-819d0c9d56a6', 25, 'completed', '2026-03-28T16:53:00.000Z');
INSERT INTO order_items (id, order_id, product_id, quantity, unit_price, subtotal, created_at) 
                      VALUES ('47930eb4-e63a-4ff3-ab4d-03802fc57eb8', 'a58e440f-9dd2-413a-b1f7-140acc73ae6e', 'ea84c406-f235-4e9c-b061-71ed9401e63b', 1, 25, 25, '2026-03-28T16:53:00.000Z');
INSERT INTO orders (id, buyer_id, seller_id, total_amount, status, created_at) 
                      VALUES ('1bae9e0c-741d-4c19-8295-245ef745350f', 'ac51e939-ec0b-40c3-b3e7-39711b12845a', 'da273443-bae3-4781-ae4e-819d0c9d56a6', 25, 'completed', '2026-03-28T19:41:00.000Z');
INSERT INTO order_items (id, order_id, product_id, quantity, unit_price, subtotal, created_at) 
                      VALUES ('7250fb8c-1264-47d1-ac04-c31fc330f662', '1bae9e0c-741d-4c19-8295-245ef745350f', 'ea84c406-f235-4e9c-b061-71ed9401e63b', 1, 25, 25, '2026-03-28T19:41:00.000Z');
INSERT INTO orders (id, buyer_id, seller_id, total_amount, status, created_at) 
                      VALUES ('9c5a5110-d5d3-4a89-8023-c685b39f94f6', '233694a0-da98-4b19-8640-7b99f406554e', 'da273443-bae3-4781-ae4e-819d0c9d56a6', 25, 'completed', '2026-03-28T19:25:00.000Z');
INSERT INTO order_items (id, order_id, product_id, quantity, unit_price, subtotal, created_at) 
                      VALUES ('d9e8d663-4852-4c42-a3e9-2ffca2f850d0', '9c5a5110-d5d3-4a89-8023-c685b39f94f6', 'ea84c406-f235-4e9c-b061-71ed9401e63b', 1, 25, 25, '2026-03-28T19:25:00.000Z');
INSERT INTO orders (id, buyer_id, seller_id, total_amount, status, created_at) 
                      VALUES ('e13c56bd-a283-467a-b61f-b19c6e70f820', 'aa9e3c8c-e997-4408-ac68-6265851f972d', 'da273443-bae3-4781-ae4e-819d0c9d56a6', 25, 'completed', '2026-03-28T20:26:00.000Z');
INSERT INTO order_items (id, order_id, product_id, quantity, unit_price, subtotal, created_at) 
                      VALUES ('a616096a-7d6a-4076-9c9d-462e48f0da14', 'e13c56bd-a283-467a-b61f-b19c6e70f820', 'ea84c406-f235-4e9c-b061-71ed9401e63b', 1, 25, 25, '2026-03-28T20:26:00.000Z');
INSERT INTO audit_logs (id, action, user_id, description, level, created_at) 
                  VALUES ('5ee2b87e-f309-4106-b2f2-6e249905b464', 'USER_LOGIN', 'cdc7b576-3957-4e3f-9e87-6630e4ef1950', 'Vendedor inició sesión para jornada', 'info', '2026-03-28T14:15:00.000Z');
INSERT INTO daily_sales (id, seller_id, sale_date, total_investment, total_revenue, units_sold, units_lost, total_waste_cost, is_closed) 
                  VALUES ('668d6917-c234-4023-bbed-dfd1e3b9a3ac', 'cdc7b576-3957-4e3f-9e87-6630e4ef1950', '2026-03-28', 350, 660, 12, 2, 50, true);
INSERT INTO sale_details (id, daily_sale_id, product_id, quantity_prepared, quantity_sold, quantity_lost, unit_cost, unit_price, waste_cost, waste_reason) 
                  VALUES ('0b333b08-8b7d-450c-bf14-3da5cd29fd94', '668d6917-c234-4023-bbed-dfd1e3b9a3ac', '49e54b55-6e07-407b-9dac-36e93e1f8aa2', 14, 12, 2, 25, 55, 50, 'expired');
INSERT INTO orders (id, buyer_id, seller_id, total_amount, status, created_at) 
                      VALUES ('bfc26d5c-498b-40dc-b70d-0a312c5a50dd', 'ac51e939-ec0b-40c3-b3e7-39711b12845a', 'cdc7b576-3957-4e3f-9e87-6630e4ef1950', 55, 'completed', '2026-03-28T18:59:00.000Z');
INSERT INTO order_items (id, order_id, product_id, quantity, unit_price, subtotal, created_at) 
                      VALUES ('ce9c0a0b-409c-49e9-8118-f898b12f0a86', 'bfc26d5c-498b-40dc-b70d-0a312c5a50dd', '49e54b55-6e07-407b-9dac-36e93e1f8aa2', 1, 55, 55, '2026-03-28T18:59:00.000Z');
INSERT INTO orders (id, buyer_id, seller_id, total_amount, status, created_at) 
                      VALUES ('6731295d-2477-4173-942b-f8c89620126c', '79768ab4-b021-418b-bf3c-0dd52f857b65', 'cdc7b576-3957-4e3f-9e87-6630e4ef1950', 55, 'completed', '2026-03-28T21:32:00.000Z');
INSERT INTO order_items (id, order_id, product_id, quantity, unit_price, subtotal, created_at) 
                      VALUES ('04b15af5-54c4-4b10-a7e6-9967a55da5b4', '6731295d-2477-4173-942b-f8c89620126c', '49e54b55-6e07-407b-9dac-36e93e1f8aa2', 1, 55, 55, '2026-03-28T21:32:00.000Z');
INSERT INTO orders (id, buyer_id, seller_id, total_amount, status, created_at) 
                      VALUES ('219c11d7-b012-450e-9d52-2e092badedb4', '233694a0-da98-4b19-8640-7b99f406554e', 'cdc7b576-3957-4e3f-9e87-6630e4ef1950', 55, 'completed', '2026-03-28T21:16:00.000Z');
INSERT INTO order_items (id, order_id, product_id, quantity, unit_price, subtotal, created_at) 
                      VALUES ('b6953f25-39ae-4efc-9ee5-966369f1a513', '219c11d7-b012-450e-9d52-2e092badedb4', '49e54b55-6e07-407b-9dac-36e93e1f8aa2', 1, 55, 55, '2026-03-28T21:16:00.000Z');
INSERT INTO orders (id, buyer_id, seller_id, total_amount, status, created_at) 
                      VALUES ('51eb5608-0642-4f00-805e-22a863e2f11e', '79768ab4-b021-418b-bf3c-0dd52f857b65', 'cdc7b576-3957-4e3f-9e87-6630e4ef1950', 55, 'completed', '2026-03-28T19:42:00.000Z');
INSERT INTO order_items (id, order_id, product_id, quantity, unit_price, subtotal, created_at) 
                      VALUES ('1ee62057-07e7-43c7-b7f9-8a68b7295ef3', '51eb5608-0642-4f00-805e-22a863e2f11e', '49e54b55-6e07-407b-9dac-36e93e1f8aa2', 1, 55, 55, '2026-03-28T19:42:00.000Z');
INSERT INTO orders (id, buyer_id, seller_id, total_amount, status, created_at) 
                      VALUES ('c2b0da36-b8c1-426c-b6fd-5e0d3a6000e2', '79768ab4-b021-418b-bf3c-0dd52f857b65', 'cdc7b576-3957-4e3f-9e87-6630e4ef1950', 55, 'completed', '2026-03-28T16:55:00.000Z');
INSERT INTO order_items (id, order_id, product_id, quantity, unit_price, subtotal, created_at) 
                      VALUES ('1f47e6d5-bfaf-48cf-8517-46a50c99a784', 'c2b0da36-b8c1-426c-b6fd-5e0d3a6000e2', '49e54b55-6e07-407b-9dac-36e93e1f8aa2', 1, 55, 55, '2026-03-28T16:55:00.000Z');
INSERT INTO orders (id, buyer_id, seller_id, total_amount, status, created_at) 
                      VALUES ('1fbb3e74-b86e-4c7c-86b3-6ececf8db991', '6c8c4ad9-70e8-48cb-9ce8-5d01c349ffcc', 'cdc7b576-3957-4e3f-9e87-6630e4ef1950', 55, 'completed', '2026-03-28T20:40:00.000Z');
INSERT INTO order_items (id, order_id, product_id, quantity, unit_price, subtotal, created_at) 
                      VALUES ('91518937-4c7c-42d1-942c-37c04a3e5857', '1fbb3e74-b86e-4c7c-86b3-6ececf8db991', '49e54b55-6e07-407b-9dac-36e93e1f8aa2', 1, 55, 55, '2026-03-28T20:40:00.000Z');
INSERT INTO orders (id, buyer_id, seller_id, total_amount, status, created_at) 
                      VALUES ('dd76000b-2c9e-49c1-b001-b29c23c88fe9', '79768ab4-b021-418b-bf3c-0dd52f857b65', 'cdc7b576-3957-4e3f-9e87-6630e4ef1950', 55, 'completed', '2026-03-28T17:36:00.000Z');
INSERT INTO order_items (id, order_id, product_id, quantity, unit_price, subtotal, created_at) 
                      VALUES ('0214b639-7c0f-4bf4-b4d9-fe8ff6bc0c31', 'dd76000b-2c9e-49c1-b001-b29c23c88fe9', '49e54b55-6e07-407b-9dac-36e93e1f8aa2', 1, 55, 55, '2026-03-28T17:36:00.000Z');
INSERT INTO orders (id, buyer_id, seller_id, total_amount, status, created_at) 
                      VALUES ('c1d7a96c-1b42-4611-bac1-7f907df8d7cd', 'b03c172d-3388-458c-8054-b6ad7db24e27', 'cdc7b576-3957-4e3f-9e87-6630e4ef1950', 55, 'completed', '2026-03-28T18:36:00.000Z');
INSERT INTO order_items (id, order_id, product_id, quantity, unit_price, subtotal, created_at) 
                      VALUES ('cd713ee5-5f96-486a-9100-9789406078fb', 'c1d7a96c-1b42-4611-bac1-7f907df8d7cd', '49e54b55-6e07-407b-9dac-36e93e1f8aa2', 1, 55, 55, '2026-03-28T18:36:00.000Z');
INSERT INTO orders (id, buyer_id, seller_id, total_amount, status, created_at) 
                      VALUES ('c7e2c833-71bd-44e3-b28b-84547e35af87', 'b03c172d-3388-458c-8054-b6ad7db24e27', 'cdc7b576-3957-4e3f-9e87-6630e4ef1950', 55, 'completed', '2026-03-28T20:30:00.000Z');
INSERT INTO order_items (id, order_id, product_id, quantity, unit_price, subtotal, created_at) 
                      VALUES ('6dd26e43-ce97-497b-8ca9-1bc71ba7fcce', 'c7e2c833-71bd-44e3-b28b-84547e35af87', '49e54b55-6e07-407b-9dac-36e93e1f8aa2', 1, 55, 55, '2026-03-28T20:30:00.000Z');
INSERT INTO orders (id, buyer_id, seller_id, total_amount, status, created_at) 
                      VALUES ('461a2053-aa54-46a9-bc3c-71e1aefab15d', '233694a0-da98-4b19-8640-7b99f406554e', 'cdc7b576-3957-4e3f-9e87-6630e4ef1950', 55, 'completed', '2026-03-28T19:51:00.000Z');
INSERT INTO order_items (id, order_id, product_id, quantity, unit_price, subtotal, created_at) 
                      VALUES ('4c2a351a-3606-4e5d-a253-f6ef0d27d7d8', '461a2053-aa54-46a9-bc3c-71e1aefab15d', '49e54b55-6e07-407b-9dac-36e93e1f8aa2', 1, 55, 55, '2026-03-28T19:51:00.000Z');
INSERT INTO orders (id, buyer_id, seller_id, total_amount, status, created_at) 
                      VALUES ('d3cae199-4999-4ad9-b3d3-5d1c62786c6b', 'aa9e3c8c-e997-4408-ac68-6265851f972d', 'cdc7b576-3957-4e3f-9e87-6630e4ef1950', 55, 'completed', '2026-03-28T17:24:00.000Z');
INSERT INTO order_items (id, order_id, product_id, quantity, unit_price, subtotal, created_at) 
                      VALUES ('3cf95c1f-e2a8-4468-af8a-1c5aeb77fb67', 'd3cae199-4999-4ad9-b3d3-5d1c62786c6b', '49e54b55-6e07-407b-9dac-36e93e1f8aa2', 1, 55, 55, '2026-03-28T17:24:00.000Z');
INSERT INTO orders (id, buyer_id, seller_id, total_amount, status, created_at) 
                      VALUES ('8c5f06d6-cc90-4462-8f4c-c5c768333fb5', '79768ab4-b021-418b-bf3c-0dd52f857b65', 'cdc7b576-3957-4e3f-9e87-6630e4ef1950', 55, 'completed', '2026-03-28T17:18:00.000Z');
INSERT INTO order_items (id, order_id, product_id, quantity, unit_price, subtotal, created_at) 
                      VALUES ('c340d871-030b-43b2-8b7c-04f6c0e70011', '8c5f06d6-cc90-4462-8f4c-c5c768333fb5', '49e54b55-6e07-407b-9dac-36e93e1f8aa2', 1, 55, 55, '2026-03-28T17:18:00.000Z');
INSERT INTO audit_logs (id, action, user_id, description, level, created_at) 
                  VALUES ('ce6641a2-4569-4b8f-9508-8050202b1431', 'USER_LOGIN', '6adabb60-eed5-4dd0-b80c-41983dd81404', 'Vendedor inició sesión para jornada', 'info', '2026-04-13T14:13:00.000Z');
INSERT INTO daily_sales (id, seller_id, sale_date, total_investment, total_revenue, units_sold, units_lost, total_waste_cost, is_closed) 
                  VALUES ('b1d4b783-289a-4fc1-a0ef-075bda1986ee', '6adabb60-eed5-4dd0-b80c-41983dd81404', '2026-04-13', 560, 900, 12, 2, 80, true);
INSERT INTO sale_details (id, daily_sale_id, product_id, quantity_prepared, quantity_sold, quantity_lost, unit_cost, unit_price, waste_cost, waste_reason) 
                  VALUES ('a6adfc9f-7ad7-44c5-9487-942495c6a7c8', 'b1d4b783-289a-4fc1-a0ef-075bda1986ee', 'cd4cb45a-05bc-4729-bb2a-06d122f369fc', 14, 12, 2, 40, 75, 80, 'expired');
INSERT INTO orders (id, buyer_id, seller_id, total_amount, status, created_at) 
                      VALUES ('39f1a50b-0a33-4884-a038-d8d8af3295dd', '1161fb73-809d-4954-a73a-738a9a1868f7', '6adabb60-eed5-4dd0-b80c-41983dd81404', 75, 'completed', '2026-04-13T20:20:00.000Z');
INSERT INTO order_items (id, order_id, product_id, quantity, unit_price, subtotal, created_at) 
                      VALUES ('c005d465-56ec-4b74-b4a3-4977961ca870', '39f1a50b-0a33-4884-a038-d8d8af3295dd', 'cd4cb45a-05bc-4729-bb2a-06d122f369fc', 1, 75, 75, '2026-04-13T20:20:00.000Z');
INSERT INTO orders (id, buyer_id, seller_id, total_amount, status, created_at) 
                      VALUES ('3dde8f2d-4ba1-409b-a288-b1ae0a2dbdb4', '79768ab4-b021-418b-bf3c-0dd52f857b65', '6adabb60-eed5-4dd0-b80c-41983dd81404', 75, 'completed', '2026-04-13T19:34:00.000Z');
INSERT INTO order_items (id, order_id, product_id, quantity, unit_price, subtotal, created_at) 
                      VALUES ('02d6501c-d4d4-44ef-a5c8-48fe91a70969', '3dde8f2d-4ba1-409b-a288-b1ae0a2dbdb4', 'cd4cb45a-05bc-4729-bb2a-06d122f369fc', 1, 75, 75, '2026-04-13T19:34:00.000Z');
INSERT INTO orders (id, buyer_id, seller_id, total_amount, status, created_at) 
                      VALUES ('af4f3300-0787-411e-9574-dd49af3eb329', 'b03c172d-3388-458c-8054-b6ad7db24e27', '6adabb60-eed5-4dd0-b80c-41983dd81404', 75, 'completed', '2026-04-13T16:35:00.000Z');
INSERT INTO order_items (id, order_id, product_id, quantity, unit_price, subtotal, created_at) 
                      VALUES ('746a25b9-6b97-47a0-a98d-7aaf7f48b43b', 'af4f3300-0787-411e-9574-dd49af3eb329', 'cd4cb45a-05bc-4729-bb2a-06d122f369fc', 1, 75, 75, '2026-04-13T16:35:00.000Z');
INSERT INTO orders (id, buyer_id, seller_id, total_amount, status, created_at) 
                      VALUES ('ca8e5445-95ec-4e59-84c5-40bbdf6fb0b1', 'b03c172d-3388-458c-8054-b6ad7db24e27', '6adabb60-eed5-4dd0-b80c-41983dd81404', 75, 'completed', '2026-04-13T16:21:00.000Z');
INSERT INTO order_items (id, order_id, product_id, quantity, unit_price, subtotal, created_at) 
                      VALUES ('8eec5234-a527-4b99-8786-446380d8f3ae', 'ca8e5445-95ec-4e59-84c5-40bbdf6fb0b1', 'cd4cb45a-05bc-4729-bb2a-06d122f369fc', 1, 75, 75, '2026-04-13T16:21:00.000Z');
INSERT INTO orders (id, buyer_id, seller_id, total_amount, status, created_at) 
                      VALUES ('02bdb308-072d-4d72-af46-8dad0d085a27', 'b03c172d-3388-458c-8054-b6ad7db24e27', '6adabb60-eed5-4dd0-b80c-41983dd81404', 75, 'completed', '2026-04-13T21:08:00.000Z');
INSERT INTO order_items (id, order_id, product_id, quantity, unit_price, subtotal, created_at) 
                      VALUES ('29bb6ae7-f672-4751-b2c6-a7e0e61e7adf', '02bdb308-072d-4d72-af46-8dad0d085a27', 'cd4cb45a-05bc-4729-bb2a-06d122f369fc', 1, 75, 75, '2026-04-13T21:08:00.000Z');
INSERT INTO orders (id, buyer_id, seller_id, total_amount, status, created_at) 
                      VALUES ('de2ec236-aac9-45a9-8eb5-10ed73a305f8', '233694a0-da98-4b19-8640-7b99f406554e', '6adabb60-eed5-4dd0-b80c-41983dd81404', 75, 'completed', '2026-04-13T21:52:00.000Z');
INSERT INTO order_items (id, order_id, product_id, quantity, unit_price, subtotal, created_at) 
                      VALUES ('acd259c8-8757-47c1-a728-7608e0756211', 'de2ec236-aac9-45a9-8eb5-10ed73a305f8', 'cd4cb45a-05bc-4729-bb2a-06d122f369fc', 1, 75, 75, '2026-04-13T21:52:00.000Z');
INSERT INTO orders (id, buyer_id, seller_id, total_amount, status, created_at) 
                      VALUES ('13af0a69-706a-43de-a0db-8cf9d17a594d', 'b03c172d-3388-458c-8054-b6ad7db24e27', '6adabb60-eed5-4dd0-b80c-41983dd81404', 75, 'completed', '2026-04-13T19:35:00.000Z');
INSERT INTO order_items (id, order_id, product_id, quantity, unit_price, subtotal, created_at) 
                      VALUES ('710e1d29-f444-47d5-892b-60520af0b42a', '13af0a69-706a-43de-a0db-8cf9d17a594d', 'cd4cb45a-05bc-4729-bb2a-06d122f369fc', 1, 75, 75, '2026-04-13T19:35:00.000Z');
INSERT INTO orders (id, buyer_id, seller_id, total_amount, status, created_at) 
                      VALUES ('ea80d822-e1a6-491f-aa66-4e1eb7172b08', 'ac51e939-ec0b-40c3-b3e7-39711b12845a', '6adabb60-eed5-4dd0-b80c-41983dd81404', 75, 'completed', '2026-04-13T21:31:00.000Z');
INSERT INTO order_items (id, order_id, product_id, quantity, unit_price, subtotal, created_at) 
                      VALUES ('4b7fc379-692c-4b35-add0-a1000643149f', 'ea80d822-e1a6-491f-aa66-4e1eb7172b08', 'cd4cb45a-05bc-4729-bb2a-06d122f369fc', 1, 75, 75, '2026-04-13T21:31:00.000Z');
INSERT INTO orders (id, buyer_id, seller_id, total_amount, status, created_at) 
                      VALUES ('c8c61fdd-9cae-49e4-b838-92f337504893', '6c8c4ad9-70e8-48cb-9ce8-5d01c349ffcc', '6adabb60-eed5-4dd0-b80c-41983dd81404', 75, 'completed', '2026-04-13T16:58:00.000Z');
INSERT INTO order_items (id, order_id, product_id, quantity, unit_price, subtotal, created_at) 
                      VALUES ('9980fe7f-c3bd-41de-9ffd-2cc53ae757b4', 'c8c61fdd-9cae-49e4-b838-92f337504893', 'cd4cb45a-05bc-4729-bb2a-06d122f369fc', 1, 75, 75, '2026-04-13T16:58:00.000Z');
INSERT INTO orders (id, buyer_id, seller_id, total_amount, status, created_at) 
                      VALUES ('ccae38e2-e5e9-442b-a51a-4df6630f3c8d', 'ac51e939-ec0b-40c3-b3e7-39711b12845a', '6adabb60-eed5-4dd0-b80c-41983dd81404', 75, 'completed', '2026-04-13T16:56:00.000Z');
INSERT INTO order_items (id, order_id, product_id, quantity, unit_price, subtotal, created_at) 
                      VALUES ('eaac6ea2-1622-4879-ae34-9b8598b7eba1', 'ccae38e2-e5e9-442b-a51a-4df6630f3c8d', 'cd4cb45a-05bc-4729-bb2a-06d122f369fc', 1, 75, 75, '2026-04-13T16:56:00.000Z');
INSERT INTO orders (id, buyer_id, seller_id, total_amount, status, created_at) 
                      VALUES ('de16348d-ab65-4f81-92bd-663ec9d61408', '6c8c4ad9-70e8-48cb-9ce8-5d01c349ffcc', '6adabb60-eed5-4dd0-b80c-41983dd81404', 75, 'completed', '2026-04-13T21:49:00.000Z');
INSERT INTO order_items (id, order_id, product_id, quantity, unit_price, subtotal, created_at) 
                      VALUES ('06cfd6b2-9d32-4cfa-9afc-e4ae02a55ff5', 'de16348d-ab65-4f81-92bd-663ec9d61408', 'cd4cb45a-05bc-4729-bb2a-06d122f369fc', 1, 75, 75, '2026-04-13T21:49:00.000Z');
INSERT INTO orders (id, buyer_id, seller_id, total_amount, status, created_at) 
                      VALUES ('4dc69f63-ffdb-48b6-bb32-1d03d6d0d6d1', '6c8c4ad9-70e8-48cb-9ce8-5d01c349ffcc', '6adabb60-eed5-4dd0-b80c-41983dd81404', 75, 'completed', '2026-04-13T16:09:00.000Z');
INSERT INTO order_items (id, order_id, product_id, quantity, unit_price, subtotal, created_at) 
                      VALUES ('2fb28811-f390-477e-ae9c-c65b2e2880fe', '4dc69f63-ffdb-48b6-bb32-1d03d6d0d6d1', 'cd4cb45a-05bc-4729-bb2a-06d122f369fc', 1, 75, 75, '2026-04-13T16:09:00.000Z');
INSERT INTO audit_logs (id, action, user_id, description, level, created_at) 
                  VALUES ('d7f6d166-aa8e-4dbd-a0fe-2cb1971cb96e', 'USER_LOGIN', '5f552e5d-c288-453c-a685-b287e1c0c64a', 'Vendedor inició sesión para jornada', 'info', '2026-04-13T14:13:00.000Z');
INSERT INTO daily_sales (id, seller_id, sale_date, total_investment, total_revenue, units_sold, units_lost, total_waste_cost, is_closed) 
                  VALUES ('33fe3d2e-7901-49fe-8e8f-131ef899ab0c', '5f552e5d-c288-453c-a685-b287e1c0c64a', '2026-04-13', 280, 630, 14, 0, 0, true);
INSERT INTO sale_details (id, daily_sale_id, product_id, quantity_prepared, quantity_sold, quantity_lost, unit_cost, unit_price, waste_cost, waste_reason) 
                  VALUES ('9098f602-d4a5-4c44-a6ee-26781fc1e7c9', '33fe3d2e-7901-49fe-8e8f-131ef899ab0c', '90ccc3f8-627a-4af7-aab2-9c7967c2f50d', 14, 14, 0, 20, 45, 0, 'expired');
INSERT INTO orders (id, buyer_id, seller_id, total_amount, status, created_at) 
                      VALUES ('15654d81-ef87-40c3-8ea0-0c6ef05e04c1', 'aa9e3c8c-e997-4408-ac68-6265851f972d', '5f552e5d-c288-453c-a685-b287e1c0c64a', 45, 'completed', '2026-04-13T18:07:00.000Z');
INSERT INTO order_items (id, order_id, product_id, quantity, unit_price, subtotal, created_at) 
                      VALUES ('ab3a25c8-a1f8-4c59-b583-007ee3bfa04f', '15654d81-ef87-40c3-8ea0-0c6ef05e04c1', '90ccc3f8-627a-4af7-aab2-9c7967c2f50d', 1, 45, 45, '2026-04-13T18:07:00.000Z');
INSERT INTO orders (id, buyer_id, seller_id, total_amount, status, created_at) 
                      VALUES ('3d3d8ea2-7e82-41de-8a53-e5e259e47519', '6c8c4ad9-70e8-48cb-9ce8-5d01c349ffcc', '5f552e5d-c288-453c-a685-b287e1c0c64a', 45, 'completed', '2026-04-13T16:44:00.000Z');
INSERT INTO order_items (id, order_id, product_id, quantity, unit_price, subtotal, created_at) 
                      VALUES ('d50009c1-7e7a-4be7-a649-36deca79ada5', '3d3d8ea2-7e82-41de-8a53-e5e259e47519', '90ccc3f8-627a-4af7-aab2-9c7967c2f50d', 1, 45, 45, '2026-04-13T16:44:00.000Z');
INSERT INTO orders (id, buyer_id, seller_id, total_amount, status, created_at) 
                      VALUES ('89b70ae4-d343-43d2-813b-adf39cd387b9', '1161fb73-809d-4954-a73a-738a9a1868f7', '5f552e5d-c288-453c-a685-b287e1c0c64a', 45, 'completed', '2026-04-13T20:45:00.000Z');
INSERT INTO order_items (id, order_id, product_id, quantity, unit_price, subtotal, created_at) 
                      VALUES ('b016edee-2e41-402b-9f61-687e2caa1330', '89b70ae4-d343-43d2-813b-adf39cd387b9', '90ccc3f8-627a-4af7-aab2-9c7967c2f50d', 1, 45, 45, '2026-04-13T20:45:00.000Z');
INSERT INTO orders (id, buyer_id, seller_id, total_amount, status, created_at) 
                      VALUES ('e2cf8aad-3a66-4633-b89f-0d6fabc08230', '1161fb73-809d-4954-a73a-738a9a1868f7', '5f552e5d-c288-453c-a685-b287e1c0c64a', 45, 'completed', '2026-04-13T17:02:00.000Z');
INSERT INTO order_items (id, order_id, product_id, quantity, unit_price, subtotal, created_at) 
                      VALUES ('c90312bf-e0ba-474b-97f7-9448ab2101cc', 'e2cf8aad-3a66-4633-b89f-0d6fabc08230', '90ccc3f8-627a-4af7-aab2-9c7967c2f50d', 1, 45, 45, '2026-04-13T17:02:00.000Z');
INSERT INTO orders (id, buyer_id, seller_id, total_amount, status, created_at) 
                      VALUES ('ecb6ac47-6ac6-4a9f-a913-6d0730d4bdbb', '79768ab4-b021-418b-bf3c-0dd52f857b65', '5f552e5d-c288-453c-a685-b287e1c0c64a', 45, 'completed', '2026-04-13T16:05:00.000Z');
INSERT INTO order_items (id, order_id, product_id, quantity, unit_price, subtotal, created_at) 
                      VALUES ('9599d9f2-fd0e-466e-ab6f-78056ca126ba', 'ecb6ac47-6ac6-4a9f-a913-6d0730d4bdbb', '90ccc3f8-627a-4af7-aab2-9c7967c2f50d', 1, 45, 45, '2026-04-13T16:05:00.000Z');
INSERT INTO orders (id, buyer_id, seller_id, total_amount, status, created_at) 
                      VALUES ('4080aa49-a1a7-4aa6-ae13-f288b874b232', 'b03c172d-3388-458c-8054-b6ad7db24e27', '5f552e5d-c288-453c-a685-b287e1c0c64a', 45, 'completed', '2026-04-13T16:36:00.000Z');
INSERT INTO order_items (id, order_id, product_id, quantity, unit_price, subtotal, created_at) 
                      VALUES ('4e7e4e4f-7429-4618-a698-85b727ee69a3', '4080aa49-a1a7-4aa6-ae13-f288b874b232', '90ccc3f8-627a-4af7-aab2-9c7967c2f50d', 1, 45, 45, '2026-04-13T16:36:00.000Z');
INSERT INTO orders (id, buyer_id, seller_id, total_amount, status, created_at) 
                      VALUES ('3f1f8738-3499-4f56-a817-62c3be3111ff', '79768ab4-b021-418b-bf3c-0dd52f857b65', '5f552e5d-c288-453c-a685-b287e1c0c64a', 45, 'completed', '2026-04-13T18:24:00.000Z');
INSERT INTO order_items (id, order_id, product_id, quantity, unit_price, subtotal, created_at) 
                      VALUES ('5c407c10-679f-49a6-a4a3-07d5098a489c', '3f1f8738-3499-4f56-a817-62c3be3111ff', '90ccc3f8-627a-4af7-aab2-9c7967c2f50d', 1, 45, 45, '2026-04-13T18:24:00.000Z');
INSERT INTO orders (id, buyer_id, seller_id, total_amount, status, created_at) 
                      VALUES ('0f7461e1-4560-4455-b073-83e520295b25', '6c8c4ad9-70e8-48cb-9ce8-5d01c349ffcc', '5f552e5d-c288-453c-a685-b287e1c0c64a', 45, 'completed', '2026-04-13T20:51:00.000Z');
INSERT INTO order_items (id, order_id, product_id, quantity, unit_price, subtotal, created_at) 
                      VALUES ('c6db5b7a-a193-4d8d-9b06-c69127b3dda4', '0f7461e1-4560-4455-b073-83e520295b25', '90ccc3f8-627a-4af7-aab2-9c7967c2f50d', 1, 45, 45, '2026-04-13T20:51:00.000Z');
INSERT INTO orders (id, buyer_id, seller_id, total_amount, status, created_at) 
                      VALUES ('7f74f6a6-8ee3-4cac-9587-fafa1edf010f', 'ac51e939-ec0b-40c3-b3e7-39711b12845a', '5f552e5d-c288-453c-a685-b287e1c0c64a', 45, 'completed', '2026-04-13T19:18:00.000Z');
INSERT INTO order_items (id, order_id, product_id, quantity, unit_price, subtotal, created_at) 
                      VALUES ('41af225f-7019-440d-a765-b462a82f1a48', '7f74f6a6-8ee3-4cac-9587-fafa1edf010f', '90ccc3f8-627a-4af7-aab2-9c7967c2f50d', 1, 45, 45, '2026-04-13T19:18:00.000Z');
INSERT INTO orders (id, buyer_id, seller_id, total_amount, status, created_at) 
                      VALUES ('a5ede56c-6cab-4496-862e-becd2b104685', '233694a0-da98-4b19-8640-7b99f406554e', '5f552e5d-c288-453c-a685-b287e1c0c64a', 45, 'completed', '2026-04-13T19:30:00.000Z');
INSERT INTO order_items (id, order_id, product_id, quantity, unit_price, subtotal, created_at) 
                      VALUES ('0be6f1fc-513f-463e-9f3e-887ecc964093', 'a5ede56c-6cab-4496-862e-becd2b104685', '90ccc3f8-627a-4af7-aab2-9c7967c2f50d', 1, 45, 45, '2026-04-13T19:30:00.000Z');
INSERT INTO orders (id, buyer_id, seller_id, total_amount, status, created_at) 
                      VALUES ('1bad450b-f284-4b3d-abe6-563f11b605d9', '233694a0-da98-4b19-8640-7b99f406554e', '5f552e5d-c288-453c-a685-b287e1c0c64a', 45, 'completed', '2026-04-13T19:23:00.000Z');
INSERT INTO order_items (id, order_id, product_id, quantity, unit_price, subtotal, created_at) 
                      VALUES ('e5b7b880-5a96-4ed1-bba8-4b00ba30bf7b', '1bad450b-f284-4b3d-abe6-563f11b605d9', '90ccc3f8-627a-4af7-aab2-9c7967c2f50d', 1, 45, 45, '2026-04-13T19:23:00.000Z');
INSERT INTO orders (id, buyer_id, seller_id, total_amount, status, created_at) 
                      VALUES ('bd1ae4ea-c483-42de-86b8-9495f0732c3f', 'ac51e939-ec0b-40c3-b3e7-39711b12845a', '5f552e5d-c288-453c-a685-b287e1c0c64a', 45, 'completed', '2026-04-13T21:35:00.000Z');
INSERT INTO order_items (id, order_id, product_id, quantity, unit_price, subtotal, created_at) 
                      VALUES ('0fe994a0-89cd-4795-8dcb-908343a0b9ba', 'bd1ae4ea-c483-42de-86b8-9495f0732c3f', '90ccc3f8-627a-4af7-aab2-9c7967c2f50d', 1, 45, 45, '2026-04-13T21:35:00.000Z');
INSERT INTO orders (id, buyer_id, seller_id, total_amount, status, created_at) 
                      VALUES ('699c8c81-77c0-43a2-a41d-611d72f2c6bd', '79768ab4-b021-418b-bf3c-0dd52f857b65', '5f552e5d-c288-453c-a685-b287e1c0c64a', 45, 'completed', '2026-04-13T18:02:00.000Z');
INSERT INTO order_items (id, order_id, product_id, quantity, unit_price, subtotal, created_at) 
                      VALUES ('163b09cb-1afb-4f40-a851-60033cfee7ec', '699c8c81-77c0-43a2-a41d-611d72f2c6bd', '90ccc3f8-627a-4af7-aab2-9c7967c2f50d', 1, 45, 45, '2026-04-13T18:02:00.000Z');
INSERT INTO orders (id, buyer_id, seller_id, total_amount, status, created_at) 
                      VALUES ('f4c8fd53-0773-44d1-8ed6-61a169b3ee81', '233694a0-da98-4b19-8640-7b99f406554e', '5f552e5d-c288-453c-a685-b287e1c0c64a', 45, 'completed', '2026-04-13T18:59:00.000Z');
INSERT INTO order_items (id, order_id, product_id, quantity, unit_price, subtotal, created_at) 
                      VALUES ('e302484b-9ae4-4132-b80e-c04c486395d9', 'f4c8fd53-0773-44d1-8ed6-61a169b3ee81', '90ccc3f8-627a-4af7-aab2-9c7967c2f50d', 1, 45, 45, '2026-04-13T18:59:00.000Z');
INSERT INTO audit_logs (id, action, user_id, description, level, created_at) 
                  VALUES ('2731ca73-bd26-44d8-8ae9-358939b35437', 'USER_LOGIN', '522afd0e-5b6f-4f57-be80-46fd79ba12db', 'Vendedor inició sesión para jornada', 'info', '2026-04-13T14:06:00.000Z');
INSERT INTO daily_sales (id, seller_id, sale_date, total_investment, total_revenue, units_sold, units_lost, total_waste_cost, is_closed) 
                  VALUES ('dffb2013-61a3-4ad8-8925-6190eb70a6d2', '522afd0e-5b6f-4f57-be80-46fd79ba12db', '2026-04-13', 144, 300, 10, 2, 24, true);
INSERT INTO sale_details (id, daily_sale_id, product_id, quantity_prepared, quantity_sold, quantity_lost, unit_cost, unit_price, waste_cost, waste_reason) 
                  VALUES ('d30a7daa-2415-4fa6-8ea4-4a9b459c4de3', 'dffb2013-61a3-4ad8-8925-6190eb70a6d2', 'c865d401-6592-418d-98d5-1aa633799680', 12, 10, 2, 12, 30, 24, 'expired');
INSERT INTO orders (id, buyer_id, seller_id, total_amount, status, created_at) 
                      VALUES ('728feb62-4632-4492-a32d-1c97787f306f', 'ac51e939-ec0b-40c3-b3e7-39711b12845a', '522afd0e-5b6f-4f57-be80-46fd79ba12db', 30, 'completed', '2026-04-13T20:47:00.000Z');
INSERT INTO order_items (id, order_id, product_id, quantity, unit_price, subtotal, created_at) 
                      VALUES ('118e0b2a-116a-41b6-b2c9-b9f27daa1de8', '728feb62-4632-4492-a32d-1c97787f306f', 'c865d401-6592-418d-98d5-1aa633799680', 1, 30, 30, '2026-04-13T20:47:00.000Z');
INSERT INTO orders (id, buyer_id, seller_id, total_amount, status, created_at) 
                      VALUES ('5d75c201-3da2-4366-aa9f-890d87f5a361', 'ac51e939-ec0b-40c3-b3e7-39711b12845a', '522afd0e-5b6f-4f57-be80-46fd79ba12db', 30, 'completed', '2026-04-13T16:20:00.000Z');
INSERT INTO order_items (id, order_id, product_id, quantity, unit_price, subtotal, created_at) 
                      VALUES ('6a3d3b84-1678-4ef6-a664-20097ae4a8ae', '5d75c201-3da2-4366-aa9f-890d87f5a361', 'c865d401-6592-418d-98d5-1aa633799680', 1, 30, 30, '2026-04-13T16:20:00.000Z');
INSERT INTO orders (id, buyer_id, seller_id, total_amount, status, created_at) 
                      VALUES ('5a1b644f-ade8-425e-b5ba-e2b69a560099', '1161fb73-809d-4954-a73a-738a9a1868f7', '522afd0e-5b6f-4f57-be80-46fd79ba12db', 30, 'completed', '2026-04-13T19:23:00.000Z');
INSERT INTO order_items (id, order_id, product_id, quantity, unit_price, subtotal, created_at) 
                      VALUES ('3f840af0-37d1-4b66-b31c-ae961f650f5d', '5a1b644f-ade8-425e-b5ba-e2b69a560099', 'c865d401-6592-418d-98d5-1aa633799680', 1, 30, 30, '2026-04-13T19:23:00.000Z');
INSERT INTO orders (id, buyer_id, seller_id, total_amount, status, created_at) 
                      VALUES ('7707b6e6-f0fb-462c-b411-3d43bb768e54', 'aa9e3c8c-e997-4408-ac68-6265851f972d', '522afd0e-5b6f-4f57-be80-46fd79ba12db', 30, 'completed', '2026-04-13T18:57:00.000Z');
INSERT INTO order_items (id, order_id, product_id, quantity, unit_price, subtotal, created_at) 
                      VALUES ('d6eff410-e93e-4284-8925-ab41b8341a85', '7707b6e6-f0fb-462c-b411-3d43bb768e54', 'c865d401-6592-418d-98d5-1aa633799680', 1, 30, 30, '2026-04-13T18:57:00.000Z');
INSERT INTO orders (id, buyer_id, seller_id, total_amount, status, created_at) 
                      VALUES ('73bdcba7-5d84-4054-83b0-7f8c2aedc522', 'aa9e3c8c-e997-4408-ac68-6265851f972d', '522afd0e-5b6f-4f57-be80-46fd79ba12db', 30, 'completed', '2026-04-13T18:26:00.000Z');
INSERT INTO order_items (id, order_id, product_id, quantity, unit_price, subtotal, created_at) 
                      VALUES ('6a134ae8-b117-442f-b7bb-f945cf437f1d', '73bdcba7-5d84-4054-83b0-7f8c2aedc522', 'c865d401-6592-418d-98d5-1aa633799680', 1, 30, 30, '2026-04-13T18:26:00.000Z');
INSERT INTO orders (id, buyer_id, seller_id, total_amount, status, created_at) 
                      VALUES ('c325269f-750a-4145-b6b0-fe01d062ae3f', '79768ab4-b021-418b-bf3c-0dd52f857b65', '522afd0e-5b6f-4f57-be80-46fd79ba12db', 30, 'completed', '2026-04-13T16:07:00.000Z');
INSERT INTO order_items (id, order_id, product_id, quantity, unit_price, subtotal, created_at) 
                      VALUES ('59e6dac0-a291-4b30-bf4e-67adeaa5d34d', 'c325269f-750a-4145-b6b0-fe01d062ae3f', 'c865d401-6592-418d-98d5-1aa633799680', 1, 30, 30, '2026-04-13T16:07:00.000Z');
INSERT INTO orders (id, buyer_id, seller_id, total_amount, status, created_at) 
                      VALUES ('e913817a-ea57-49b7-bf41-93d6808a9445', 'b03c172d-3388-458c-8054-b6ad7db24e27', '522afd0e-5b6f-4f57-be80-46fd79ba12db', 30, 'completed', '2026-04-13T18:10:00.000Z');
INSERT INTO order_items (id, order_id, product_id, quantity, unit_price, subtotal, created_at) 
                      VALUES ('25c225c1-a9c7-40fa-b31b-a911cb36bd4d', 'e913817a-ea57-49b7-bf41-93d6808a9445', 'c865d401-6592-418d-98d5-1aa633799680', 1, 30, 30, '2026-04-13T18:10:00.000Z');
INSERT INTO orders (id, buyer_id, seller_id, total_amount, status, created_at) 
                      VALUES ('991f8265-c2c3-4d07-848e-efcaed44a134', 'b03c172d-3388-458c-8054-b6ad7db24e27', '522afd0e-5b6f-4f57-be80-46fd79ba12db', 30, 'completed', '2026-04-13T20:52:00.000Z');
INSERT INTO order_items (id, order_id, product_id, quantity, unit_price, subtotal, created_at) 
                      VALUES ('b40ac720-c280-47da-96e3-9cef8b15ba82', '991f8265-c2c3-4d07-848e-efcaed44a134', 'c865d401-6592-418d-98d5-1aa633799680', 1, 30, 30, '2026-04-13T20:52:00.000Z');
INSERT INTO orders (id, buyer_id, seller_id, total_amount, status, created_at) 
                      VALUES ('78f4a9cc-95d8-4b53-811a-c5f94d02d430', '233694a0-da98-4b19-8640-7b99f406554e', '522afd0e-5b6f-4f57-be80-46fd79ba12db', 30, 'completed', '2026-04-13T21:13:00.000Z');
INSERT INTO order_items (id, order_id, product_id, quantity, unit_price, subtotal, created_at) 
                      VALUES ('29901237-9b4f-4d74-8a0c-05fda723a489', '78f4a9cc-95d8-4b53-811a-c5f94d02d430', 'c865d401-6592-418d-98d5-1aa633799680', 1, 30, 30, '2026-04-13T21:13:00.000Z');
INSERT INTO orders (id, buyer_id, seller_id, total_amount, status, created_at) 
                      VALUES ('bebd364f-fb2c-42ab-be88-6709845553fa', '1161fb73-809d-4954-a73a-738a9a1868f7', '522afd0e-5b6f-4f57-be80-46fd79ba12db', 30, 'completed', '2026-04-13T18:01:00.000Z');
INSERT INTO order_items (id, order_id, product_id, quantity, unit_price, subtotal, created_at) 
                      VALUES ('0f917e7f-8bc7-4cd8-9bd1-b80c727534d0', 'bebd364f-fb2c-42ab-be88-6709845553fa', 'c865d401-6592-418d-98d5-1aa633799680', 1, 30, 30, '2026-04-13T18:01:00.000Z');
INSERT INTO audit_logs (id, action, user_id, description, level, created_at) 
                  VALUES ('7feb90b4-f94a-4f42-bb66-66c32ce407e3', 'USER_LOGIN', 'da273443-bae3-4781-ae4e-819d0c9d56a6', 'Vendedor inició sesión para jornada', 'info', '2026-04-13T14:19:00.000Z');
INSERT INTO daily_sales (id, seller_id, sale_date, total_investment, total_revenue, units_sold, units_lost, total_waste_cost, is_closed) 
                  VALUES ('04819773-4397-4ede-83b0-8910ffe5e667', 'da273443-bae3-4781-ae4e-819d0c9d56a6', '2026-04-13', 112, 300, 12, 2, 16, true);
INSERT INTO sale_details (id, daily_sale_id, product_id, quantity_prepared, quantity_sold, quantity_lost, unit_cost, unit_price, waste_cost, waste_reason) 
                  VALUES ('91b2e16d-0c35-4c45-8e87-77ac47bd0296', '04819773-4397-4ede-83b0-8910ffe5e667', 'ea84c406-f235-4e9c-b061-71ed9401e63b', 14, 12, 2, 8, 25, 16, 'expired');
INSERT INTO orders (id, buyer_id, seller_id, total_amount, status, created_at) 
                      VALUES ('57b40238-45c6-4a13-8b4b-b4e35ac309f3', '79768ab4-b021-418b-bf3c-0dd52f857b65', 'da273443-bae3-4781-ae4e-819d0c9d56a6', 25, 'completed', '2026-04-13T21:52:00.000Z');
INSERT INTO order_items (id, order_id, product_id, quantity, unit_price, subtotal, created_at) 
                      VALUES ('5e215999-478f-4ade-98bb-889f05d7f9b5', '57b40238-45c6-4a13-8b4b-b4e35ac309f3', 'ea84c406-f235-4e9c-b061-71ed9401e63b', 1, 25, 25, '2026-04-13T21:52:00.000Z');
INSERT INTO orders (id, buyer_id, seller_id, total_amount, status, created_at) 
                      VALUES ('054794dd-fa84-492a-8591-96e6b287cce0', '233694a0-da98-4b19-8640-7b99f406554e', 'da273443-bae3-4781-ae4e-819d0c9d56a6', 25, 'completed', '2026-04-13T16:13:00.000Z');
INSERT INTO order_items (id, order_id, product_id, quantity, unit_price, subtotal, created_at) 
                      VALUES ('6113be84-c220-4497-b94c-aa0f48cccbba', '054794dd-fa84-492a-8591-96e6b287cce0', 'ea84c406-f235-4e9c-b061-71ed9401e63b', 1, 25, 25, '2026-04-13T16:13:00.000Z');
INSERT INTO orders (id, buyer_id, seller_id, total_amount, status, created_at) 
                      VALUES ('74b2d9c2-3c83-499b-9686-6730acbfa515', '79768ab4-b021-418b-bf3c-0dd52f857b65', 'da273443-bae3-4781-ae4e-819d0c9d56a6', 25, 'completed', '2026-04-13T19:29:00.000Z');
INSERT INTO order_items (id, order_id, product_id, quantity, unit_price, subtotal, created_at) 
                      VALUES ('bf34cdda-93f8-474b-9407-275384c19b1e', '74b2d9c2-3c83-499b-9686-6730acbfa515', 'ea84c406-f235-4e9c-b061-71ed9401e63b', 1, 25, 25, '2026-04-13T19:29:00.000Z');
INSERT INTO orders (id, buyer_id, seller_id, total_amount, status, created_at) 
                      VALUES ('f167fa64-7a09-4c20-b941-9fe1f0989eb4', 'b03c172d-3388-458c-8054-b6ad7db24e27', 'da273443-bae3-4781-ae4e-819d0c9d56a6', 25, 'completed', '2026-04-13T21:40:00.000Z');
INSERT INTO order_items (id, order_id, product_id, quantity, unit_price, subtotal, created_at) 
                      VALUES ('6f519bcc-de90-4c73-942a-eb9324600544', 'f167fa64-7a09-4c20-b941-9fe1f0989eb4', 'ea84c406-f235-4e9c-b061-71ed9401e63b', 1, 25, 25, '2026-04-13T21:40:00.000Z');
INSERT INTO orders (id, buyer_id, seller_id, total_amount, status, created_at) 
                      VALUES ('1bb79cbb-e63a-4c4f-9aee-623e57091e00', '233694a0-da98-4b19-8640-7b99f406554e', 'da273443-bae3-4781-ae4e-819d0c9d56a6', 25, 'completed', '2026-04-13T16:22:00.000Z');
INSERT INTO order_items (id, order_id, product_id, quantity, unit_price, subtotal, created_at) 
                      VALUES ('23995ebe-6bd1-402a-b57e-b2b68ed5ba2a', '1bb79cbb-e63a-4c4f-9aee-623e57091e00', 'ea84c406-f235-4e9c-b061-71ed9401e63b', 1, 25, 25, '2026-04-13T16:22:00.000Z');
INSERT INTO orders (id, buyer_id, seller_id, total_amount, status, created_at) 
                      VALUES ('b66f875a-cfd7-4171-ad2f-58804639495d', 'b03c172d-3388-458c-8054-b6ad7db24e27', 'da273443-bae3-4781-ae4e-819d0c9d56a6', 25, 'completed', '2026-04-13T19:25:00.000Z');
INSERT INTO order_items (id, order_id, product_id, quantity, unit_price, subtotal, created_at) 
                      VALUES ('f804c947-51c1-4db6-8da3-9a16ad2b7fd7', 'b66f875a-cfd7-4171-ad2f-58804639495d', 'ea84c406-f235-4e9c-b061-71ed9401e63b', 1, 25, 25, '2026-04-13T19:25:00.000Z');
INSERT INTO orders (id, buyer_id, seller_id, total_amount, status, created_at) 
                      VALUES ('c25944e6-4939-482a-9700-a998b79ba046', '6c8c4ad9-70e8-48cb-9ce8-5d01c349ffcc', 'da273443-bae3-4781-ae4e-819d0c9d56a6', 25, 'completed', '2026-04-13T21:40:00.000Z');
INSERT INTO order_items (id, order_id, product_id, quantity, unit_price, subtotal, created_at) 
                      VALUES ('9e6302e3-7bdf-4a0e-b60e-b872b106b475', 'c25944e6-4939-482a-9700-a998b79ba046', 'ea84c406-f235-4e9c-b061-71ed9401e63b', 1, 25, 25, '2026-04-13T21:40:00.000Z');
INSERT INTO orders (id, buyer_id, seller_id, total_amount, status, created_at) 
                      VALUES ('1d40a3e5-03a7-4959-a17b-8bbb6eb57755', '6c8c4ad9-70e8-48cb-9ce8-5d01c349ffcc', 'da273443-bae3-4781-ae4e-819d0c9d56a6', 25, 'completed', '2026-04-13T16:33:00.000Z');
INSERT INTO order_items (id, order_id, product_id, quantity, unit_price, subtotal, created_at) 
                      VALUES ('52375f25-a7a4-48ef-8e7d-995dba5cb566', '1d40a3e5-03a7-4959-a17b-8bbb6eb57755', 'ea84c406-f235-4e9c-b061-71ed9401e63b', 1, 25, 25, '2026-04-13T16:33:00.000Z');
INSERT INTO orders (id, buyer_id, seller_id, total_amount, status, created_at) 
                      VALUES ('79b1d2c3-9a55-46be-bff6-71904ff0b4bb', 'ac51e939-ec0b-40c3-b3e7-39711b12845a', 'da273443-bae3-4781-ae4e-819d0c9d56a6', 25, 'completed', '2026-04-13T19:38:00.000Z');
INSERT INTO order_items (id, order_id, product_id, quantity, unit_price, subtotal, created_at) 
                      VALUES ('39c9ca40-64a6-47d8-bb35-e3a18c975192', '79b1d2c3-9a55-46be-bff6-71904ff0b4bb', 'ea84c406-f235-4e9c-b061-71ed9401e63b', 1, 25, 25, '2026-04-13T19:38:00.000Z');
INSERT INTO orders (id, buyer_id, seller_id, total_amount, status, created_at) 
                      VALUES ('11bb1e3c-afd2-441c-9973-e49098a71f28', '6c8c4ad9-70e8-48cb-9ce8-5d01c349ffcc', 'da273443-bae3-4781-ae4e-819d0c9d56a6', 25, 'completed', '2026-04-13T21:19:00.000Z');
INSERT INTO order_items (id, order_id, product_id, quantity, unit_price, subtotal, created_at) 
                      VALUES ('e0dd10da-acc8-41fa-b8da-c2036c2e4716', '11bb1e3c-afd2-441c-9973-e49098a71f28', 'ea84c406-f235-4e9c-b061-71ed9401e63b', 1, 25, 25, '2026-04-13T21:19:00.000Z');
INSERT INTO orders (id, buyer_id, seller_id, total_amount, status, created_at) 
                      VALUES ('a20c649a-7727-4bf3-a267-7b8ddc7c1de3', '233694a0-da98-4b19-8640-7b99f406554e', 'da273443-bae3-4781-ae4e-819d0c9d56a6', 25, 'completed', '2026-04-13T18:38:00.000Z');
INSERT INTO order_items (id, order_id, product_id, quantity, unit_price, subtotal, created_at) 
                      VALUES ('862bf995-6e9b-4dee-aad3-7306f3b85564', 'a20c649a-7727-4bf3-a267-7b8ddc7c1de3', 'ea84c406-f235-4e9c-b061-71ed9401e63b', 1, 25, 25, '2026-04-13T18:38:00.000Z');
INSERT INTO orders (id, buyer_id, seller_id, total_amount, status, created_at) 
                      VALUES ('59acfd1d-f68e-4d3f-85e9-f80b6c8b1fa1', '6c8c4ad9-70e8-48cb-9ce8-5d01c349ffcc', 'da273443-bae3-4781-ae4e-819d0c9d56a6', 25, 'completed', '2026-04-13T18:50:00.000Z');
INSERT INTO order_items (id, order_id, product_id, quantity, unit_price, subtotal, created_at) 
                      VALUES ('8aa0b8e6-03e1-4c1f-a0bf-f67f9832a9eb', '59acfd1d-f68e-4d3f-85e9-f80b6c8b1fa1', 'ea84c406-f235-4e9c-b061-71ed9401e63b', 1, 25, 25, '2026-04-13T18:50:00.000Z');
INSERT INTO audit_logs (id, action, user_id, description, level, created_at) 
                  VALUES ('149cbba4-60dc-4a5f-8b9c-21e66043141b', 'USER_LOGIN', 'cdc7b576-3957-4e3f-9e87-6630e4ef1950', 'Vendedor inició sesión para jornada', 'info', '2026-04-13T14:15:00.000Z');
INSERT INTO daily_sales (id, seller_id, sale_date, total_investment, total_revenue, units_sold, units_lost, total_waste_cost, is_closed) 
                  VALUES ('ae664db9-c954-41c8-8feb-f40656fb7066', 'cdc7b576-3957-4e3f-9e87-6630e4ef1950', '2026-04-13', 300, 660, 12, 0, 0, true);
INSERT INTO sale_details (id, daily_sale_id, product_id, quantity_prepared, quantity_sold, quantity_lost, unit_cost, unit_price, waste_cost, waste_reason) 
                  VALUES ('aaa94b0a-0366-4386-95c8-42abfc34fd00', 'ae664db9-c954-41c8-8feb-f40656fb7066', '49e54b55-6e07-407b-9dac-36e93e1f8aa2', 12, 12, 0, 25, 55, 0, 'expired');
INSERT INTO orders (id, buyer_id, seller_id, total_amount, status, created_at) 
                      VALUES ('4b84a719-5c3f-47d1-8441-a6fbb70b91d1', '79768ab4-b021-418b-bf3c-0dd52f857b65', 'cdc7b576-3957-4e3f-9e87-6630e4ef1950', 55, 'completed', '2026-04-13T18:15:00.000Z');
INSERT INTO order_items (id, order_id, product_id, quantity, unit_price, subtotal, created_at) 
                      VALUES ('17549924-c3ef-4ebf-8c07-655d1a97ba4d', '4b84a719-5c3f-47d1-8441-a6fbb70b91d1', '49e54b55-6e07-407b-9dac-36e93e1f8aa2', 1, 55, 55, '2026-04-13T18:15:00.000Z');
INSERT INTO orders (id, buyer_id, seller_id, total_amount, status, created_at) 
                      VALUES ('921a2eab-e8f5-4ab2-b70d-0275b73fda1f', '233694a0-da98-4b19-8640-7b99f406554e', 'cdc7b576-3957-4e3f-9e87-6630e4ef1950', 55, 'completed', '2026-04-13T16:19:00.000Z');
INSERT INTO order_items (id, order_id, product_id, quantity, unit_price, subtotal, created_at) 
                      VALUES ('11045424-d74e-4ea9-b7ba-9c84282c6553', '921a2eab-e8f5-4ab2-b70d-0275b73fda1f', '49e54b55-6e07-407b-9dac-36e93e1f8aa2', 1, 55, 55, '2026-04-13T16:19:00.000Z');
INSERT INTO orders (id, buyer_id, seller_id, total_amount, status, created_at) 
                      VALUES ('3ed1b8b1-367d-48a1-8122-91d86bca2a2d', '79768ab4-b021-418b-bf3c-0dd52f857b65', 'cdc7b576-3957-4e3f-9e87-6630e4ef1950', 55, 'completed', '2026-04-13T17:07:00.000Z');
INSERT INTO order_items (id, order_id, product_id, quantity, unit_price, subtotal, created_at) 
                      VALUES ('58b233db-be0f-425d-8a57-da831e977140', '3ed1b8b1-367d-48a1-8122-91d86bca2a2d', '49e54b55-6e07-407b-9dac-36e93e1f8aa2', 1, 55, 55, '2026-04-13T17:07:00.000Z');
INSERT INTO orders (id, buyer_id, seller_id, total_amount, status, created_at) 
                      VALUES ('79bcb643-3d34-442f-8108-89f12c7a787b', 'aa9e3c8c-e997-4408-ac68-6265851f972d', 'cdc7b576-3957-4e3f-9e87-6630e4ef1950', 55, 'completed', '2026-04-13T19:37:00.000Z');
INSERT INTO order_items (id, order_id, product_id, quantity, unit_price, subtotal, created_at) 
                      VALUES ('16890135-a6e7-41fd-8f01-6050d9999eef', '79bcb643-3d34-442f-8108-89f12c7a787b', '49e54b55-6e07-407b-9dac-36e93e1f8aa2', 1, 55, 55, '2026-04-13T19:37:00.000Z');
INSERT INTO orders (id, buyer_id, seller_id, total_amount, status, created_at) 
                      VALUES ('f7e9a0a6-193d-40f2-9f9f-2c129d80336c', '6c8c4ad9-70e8-48cb-9ce8-5d01c349ffcc', 'cdc7b576-3957-4e3f-9e87-6630e4ef1950', 55, 'completed', '2026-04-13T21:32:00.000Z');
INSERT INTO order_items (id, order_id, product_id, quantity, unit_price, subtotal, created_at) 
                      VALUES ('b8f21f93-64d7-4274-9d7c-691f3b8035ba', 'f7e9a0a6-193d-40f2-9f9f-2c129d80336c', '49e54b55-6e07-407b-9dac-36e93e1f8aa2', 1, 55, 55, '2026-04-13T21:32:00.000Z');
INSERT INTO orders (id, buyer_id, seller_id, total_amount, status, created_at) 
                      VALUES ('048b1221-69cc-4aeb-a847-f43d4513d34d', '6c8c4ad9-70e8-48cb-9ce8-5d01c349ffcc', 'cdc7b576-3957-4e3f-9e87-6630e4ef1950', 55, 'completed', '2026-04-13T21:47:00.000Z');
INSERT INTO order_items (id, order_id, product_id, quantity, unit_price, subtotal, created_at) 
                      VALUES ('9b9cd7c3-ea57-4deb-ba8c-c3b9e5f902df', '048b1221-69cc-4aeb-a847-f43d4513d34d', '49e54b55-6e07-407b-9dac-36e93e1f8aa2', 1, 55, 55, '2026-04-13T21:47:00.000Z');
INSERT INTO orders (id, buyer_id, seller_id, total_amount, status, created_at) 
                      VALUES ('e35be9f2-8400-46bd-b094-2f5a955806f2', '79768ab4-b021-418b-bf3c-0dd52f857b65', 'cdc7b576-3957-4e3f-9e87-6630e4ef1950', 55, 'completed', '2026-04-13T21:18:00.000Z');
INSERT INTO order_items (id, order_id, product_id, quantity, unit_price, subtotal, created_at) 
                      VALUES ('adbd5bc3-13c2-46f8-b88a-543c3c651df1', 'e35be9f2-8400-46bd-b094-2f5a955806f2', '49e54b55-6e07-407b-9dac-36e93e1f8aa2', 1, 55, 55, '2026-04-13T21:18:00.000Z');
INSERT INTO orders (id, buyer_id, seller_id, total_amount, status, created_at) 
                      VALUES ('c41aa606-9968-4cc9-81f6-e25683229805', 'aa9e3c8c-e997-4408-ac68-6265851f972d', 'cdc7b576-3957-4e3f-9e87-6630e4ef1950', 55, 'completed', '2026-04-13T17:47:00.000Z');
INSERT INTO order_items (id, order_id, product_id, quantity, unit_price, subtotal, created_at) 
                      VALUES ('3b92cdf7-42d2-472d-8b0b-4ea80f93306c', 'c41aa606-9968-4cc9-81f6-e25683229805', '49e54b55-6e07-407b-9dac-36e93e1f8aa2', 1, 55, 55, '2026-04-13T17:47:00.000Z');
INSERT INTO orders (id, buyer_id, seller_id, total_amount, status, created_at) 
                      VALUES ('e5b1147e-8bed-4b2b-9095-769989b6ee88', 'ac51e939-ec0b-40c3-b3e7-39711b12845a', 'cdc7b576-3957-4e3f-9e87-6630e4ef1950', 55, 'completed', '2026-04-13T18:25:00.000Z');
INSERT INTO order_items (id, order_id, product_id, quantity, unit_price, subtotal, created_at) 
                      VALUES ('38181e7d-d732-42db-9018-1ff9e70ac359', 'e5b1147e-8bed-4b2b-9095-769989b6ee88', '49e54b55-6e07-407b-9dac-36e93e1f8aa2', 1, 55, 55, '2026-04-13T18:25:00.000Z');
INSERT INTO orders (id, buyer_id, seller_id, total_amount, status, created_at) 
                      VALUES ('3337b6ea-d49c-4476-9198-596da35473d4', 'b03c172d-3388-458c-8054-b6ad7db24e27', 'cdc7b576-3957-4e3f-9e87-6630e4ef1950', 55, 'completed', '2026-04-13T17:38:00.000Z');
INSERT INTO order_items (id, order_id, product_id, quantity, unit_price, subtotal, created_at) 
                      VALUES ('ffe72845-bc52-47e8-93e2-6861570628f5', '3337b6ea-d49c-4476-9198-596da35473d4', '49e54b55-6e07-407b-9dac-36e93e1f8aa2', 1, 55, 55, '2026-04-13T17:38:00.000Z');
INSERT INTO orders (id, buyer_id, seller_id, total_amount, status, created_at) 
                      VALUES ('d7160325-c409-46d7-9d8c-779d73c5d71b', '233694a0-da98-4b19-8640-7b99f406554e', 'cdc7b576-3957-4e3f-9e87-6630e4ef1950', 55, 'completed', '2026-04-13T18:06:00.000Z');
INSERT INTO order_items (id, order_id, product_id, quantity, unit_price, subtotal, created_at) 
                      VALUES ('6cec82c5-5811-4866-9544-985b339dfc45', 'd7160325-c409-46d7-9d8c-779d73c5d71b', '49e54b55-6e07-407b-9dac-36e93e1f8aa2', 1, 55, 55, '2026-04-13T18:06:00.000Z');
INSERT INTO orders (id, buyer_id, seller_id, total_amount, status, created_at) 
                      VALUES ('ecaa0a42-b959-437f-ba78-e8aab792413e', '1161fb73-809d-4954-a73a-738a9a1868f7', 'cdc7b576-3957-4e3f-9e87-6630e4ef1950', 55, 'completed', '2026-04-13T20:11:00.000Z');
INSERT INTO order_items (id, order_id, product_id, quantity, unit_price, subtotal, created_at) 
                      VALUES ('43dd0e2d-eeed-4b59-83ca-648b3f5b0f1e', 'ecaa0a42-b959-437f-ba78-e8aab792413e', '49e54b55-6e07-407b-9dac-36e93e1f8aa2', 1, 55, 55, '2026-04-13T20:11:00.000Z');
INSERT INTO audit_logs (id, action, user_id, description, level, created_at) 
                  VALUES ('bd4dd418-0364-4ea7-a07a-00d4d12d16d4', 'USER_LOGIN', '6adabb60-eed5-4dd0-b80c-41983dd81404', 'Vendedor inició sesión para jornada', 'info', '2026-04-14T14:26:00.000Z');
INSERT INTO daily_sales (id, seller_id, sale_date, total_investment, total_revenue, units_sold, units_lost, total_waste_cost, is_closed) 
                  VALUES ('8ba2e830-6832-4147-b5b4-aaeecc691e1e', '6adabb60-eed5-4dd0-b80c-41983dd81404', '2026-04-14', 400, 675, 9, 1, 40, true);
INSERT INTO sale_details (id, daily_sale_id, product_id, quantity_prepared, quantity_sold, quantity_lost, unit_cost, unit_price, waste_cost, waste_reason) 
                  VALUES ('a8d8dbf6-937e-4606-8747-4d534c6d1b30', '8ba2e830-6832-4147-b5b4-aaeecc691e1e', 'cd4cb45a-05bc-4729-bb2a-06d122f369fc', 10, 9, 1, 40, 75, 40, 'expired');
INSERT INTO orders (id, buyer_id, seller_id, total_amount, status, created_at) 
                      VALUES ('8c7f505e-fd60-4cf6-b9a4-0c5c26da4560', '1161fb73-809d-4954-a73a-738a9a1868f7', '6adabb60-eed5-4dd0-b80c-41983dd81404', 75, 'completed', '2026-04-14T19:25:00.000Z');
INSERT INTO order_items (id, order_id, product_id, quantity, unit_price, subtotal, created_at) 
                      VALUES ('02df53e7-d03e-4b84-82ec-10b1f6b26585', '8c7f505e-fd60-4cf6-b9a4-0c5c26da4560', 'cd4cb45a-05bc-4729-bb2a-06d122f369fc', 1, 75, 75, '2026-04-14T19:25:00.000Z');
INSERT INTO orders (id, buyer_id, seller_id, total_amount, status, created_at) 
                      VALUES ('d5c06b56-6702-4bbe-925f-7db27a8f2afa', 'aa9e3c8c-e997-4408-ac68-6265851f972d', '6adabb60-eed5-4dd0-b80c-41983dd81404', 75, 'completed', '2026-04-14T16:15:00.000Z');
INSERT INTO order_items (id, order_id, product_id, quantity, unit_price, subtotal, created_at) 
                      VALUES ('957b9ad9-0b9b-4e12-82e6-32d8bec99c29', 'd5c06b56-6702-4bbe-925f-7db27a8f2afa', 'cd4cb45a-05bc-4729-bb2a-06d122f369fc', 1, 75, 75, '2026-04-14T16:15:00.000Z');
INSERT INTO orders (id, buyer_id, seller_id, total_amount, status, created_at) 
                      VALUES ('c97f3d73-c4e4-47ed-856a-251188f1daa3', 'ac51e939-ec0b-40c3-b3e7-39711b12845a', '6adabb60-eed5-4dd0-b80c-41983dd81404', 75, 'completed', '2026-04-14T16:21:00.000Z');
INSERT INTO order_items (id, order_id, product_id, quantity, unit_price, subtotal, created_at) 
                      VALUES ('067cdbda-5419-4d03-b4df-7019095e2a91', 'c97f3d73-c4e4-47ed-856a-251188f1daa3', 'cd4cb45a-05bc-4729-bb2a-06d122f369fc', 1, 75, 75, '2026-04-14T16:21:00.000Z');
INSERT INTO orders (id, buyer_id, seller_id, total_amount, status, created_at) 
                      VALUES ('d0c5f166-420f-4980-ba7b-cba1761c3e1f', '6c8c4ad9-70e8-48cb-9ce8-5d01c349ffcc', '6adabb60-eed5-4dd0-b80c-41983dd81404', 75, 'completed', '2026-04-14T18:42:00.000Z');
INSERT INTO order_items (id, order_id, product_id, quantity, unit_price, subtotal, created_at) 
                      VALUES ('17f696ee-82e6-4381-82d8-08d64e2e25a0', 'd0c5f166-420f-4980-ba7b-cba1761c3e1f', 'cd4cb45a-05bc-4729-bb2a-06d122f369fc', 1, 75, 75, '2026-04-14T18:42:00.000Z');
INSERT INTO orders (id, buyer_id, seller_id, total_amount, status, created_at) 
                      VALUES ('cf0f53cd-f748-473b-9f3e-f516f9ea29e7', '6c8c4ad9-70e8-48cb-9ce8-5d01c349ffcc', '6adabb60-eed5-4dd0-b80c-41983dd81404', 75, 'completed', '2026-04-14T19:48:00.000Z');
INSERT INTO order_items (id, order_id, product_id, quantity, unit_price, subtotal, created_at) 
                      VALUES ('f4da50f0-6025-4d9c-a9e4-17c6c3767f32', 'cf0f53cd-f748-473b-9f3e-f516f9ea29e7', 'cd4cb45a-05bc-4729-bb2a-06d122f369fc', 1, 75, 75, '2026-04-14T19:48:00.000Z');
INSERT INTO orders (id, buyer_id, seller_id, total_amount, status, created_at) 
                      VALUES ('d4ec8d9a-2034-4762-8797-75ee0ac60c01', 'b03c172d-3388-458c-8054-b6ad7db24e27', '6adabb60-eed5-4dd0-b80c-41983dd81404', 75, 'completed', '2026-04-14T21:10:00.000Z');
INSERT INTO order_items (id, order_id, product_id, quantity, unit_price, subtotal, created_at) 
                      VALUES ('52763c9f-8e0b-4130-bc78-76133269351b', 'd4ec8d9a-2034-4762-8797-75ee0ac60c01', 'cd4cb45a-05bc-4729-bb2a-06d122f369fc', 1, 75, 75, '2026-04-14T21:10:00.000Z');
INSERT INTO orders (id, buyer_id, seller_id, total_amount, status, created_at) 
                      VALUES ('998f71c8-c491-4c52-a69e-ae9356c484f5', '6c8c4ad9-70e8-48cb-9ce8-5d01c349ffcc', '6adabb60-eed5-4dd0-b80c-41983dd81404', 75, 'completed', '2026-04-14T21:55:00.000Z');
INSERT INTO order_items (id, order_id, product_id, quantity, unit_price, subtotal, created_at) 
                      VALUES ('f466327b-c98d-4ad4-92e1-31273b223ad5', '998f71c8-c491-4c52-a69e-ae9356c484f5', 'cd4cb45a-05bc-4729-bb2a-06d122f369fc', 1, 75, 75, '2026-04-14T21:55:00.000Z');
INSERT INTO orders (id, buyer_id, seller_id, total_amount, status, created_at) 
                      VALUES ('e9da1b39-c9fa-4779-a46e-e548ad7b6c2a', '79768ab4-b021-418b-bf3c-0dd52f857b65', '6adabb60-eed5-4dd0-b80c-41983dd81404', 75, 'completed', '2026-04-14T16:11:00.000Z');
INSERT INTO order_items (id, order_id, product_id, quantity, unit_price, subtotal, created_at) 
                      VALUES ('b4e7520a-0e53-434c-80ce-c34604a19786', 'e9da1b39-c9fa-4779-a46e-e548ad7b6c2a', 'cd4cb45a-05bc-4729-bb2a-06d122f369fc', 1, 75, 75, '2026-04-14T16:11:00.000Z');
INSERT INTO orders (id, buyer_id, seller_id, total_amount, status, created_at) 
                      VALUES ('4d67bb02-d73f-443f-9e14-9af2adda044e', '1161fb73-809d-4954-a73a-738a9a1868f7', '6adabb60-eed5-4dd0-b80c-41983dd81404', 75, 'completed', '2026-04-14T16:19:00.000Z');
INSERT INTO order_items (id, order_id, product_id, quantity, unit_price, subtotal, created_at) 
                      VALUES ('d4c12b62-35e2-4017-a626-82adde28a1ca', '4d67bb02-d73f-443f-9e14-9af2adda044e', 'cd4cb45a-05bc-4729-bb2a-06d122f369fc', 1, 75, 75, '2026-04-14T16:19:00.000Z');
INSERT INTO audit_logs (id, action, user_id, description, level, created_at) 
                  VALUES ('5758fe4b-b186-4cf3-a3fb-bea3a5f77d7b', 'USER_LOGIN', '5f552e5d-c288-453c-a685-b287e1c0c64a', 'Vendedor inició sesión para jornada', 'info', '2026-04-14T14:15:00.000Z');
INSERT INTO daily_sales (id, seller_id, sale_date, total_investment, total_revenue, units_sold, units_lost, total_waste_cost, is_closed) 
                  VALUES ('c47130e0-575a-450d-b316-ff7b002e48e1', '5f552e5d-c288-453c-a685-b287e1c0c64a', '2026-04-14', 260, 495, 11, 2, 40, true);
INSERT INTO sale_details (id, daily_sale_id, product_id, quantity_prepared, quantity_sold, quantity_lost, unit_cost, unit_price, waste_cost, waste_reason) 
                  VALUES ('7793e368-c4c9-4fe2-8ddc-fec844424e89', 'c47130e0-575a-450d-b316-ff7b002e48e1', '90ccc3f8-627a-4af7-aab2-9c7967c2f50d', 13, 11, 2, 20, 45, 40, 'expired');
INSERT INTO orders (id, buyer_id, seller_id, total_amount, status, created_at) 
                      VALUES ('cd88fb0f-2e2a-44fd-ba25-9140a21193aa', '79768ab4-b021-418b-bf3c-0dd52f857b65', '5f552e5d-c288-453c-a685-b287e1c0c64a', 45, 'completed', '2026-04-14T20:24:00.000Z');
INSERT INTO order_items (id, order_id, product_id, quantity, unit_price, subtotal, created_at) 
                      VALUES ('66a018d2-7ab7-45b0-a24d-0852b0719829', 'cd88fb0f-2e2a-44fd-ba25-9140a21193aa', '90ccc3f8-627a-4af7-aab2-9c7967c2f50d', 1, 45, 45, '2026-04-14T20:24:00.000Z');
INSERT INTO orders (id, buyer_id, seller_id, total_amount, status, created_at) 
                      VALUES ('e2ec8e3b-7f40-47f5-b038-925d6571d7af', '233694a0-da98-4b19-8640-7b99f406554e', '5f552e5d-c288-453c-a685-b287e1c0c64a', 45, 'completed', '2026-04-14T18:18:00.000Z');
INSERT INTO order_items (id, order_id, product_id, quantity, unit_price, subtotal, created_at) 
                      VALUES ('fc597056-90b5-4887-898e-b49fd7a14921', 'e2ec8e3b-7f40-47f5-b038-925d6571d7af', '90ccc3f8-627a-4af7-aab2-9c7967c2f50d', 1, 45, 45, '2026-04-14T18:18:00.000Z');
INSERT INTO orders (id, buyer_id, seller_id, total_amount, status, created_at) 
                      VALUES ('01371b11-f256-42ed-a4c2-7f90fa82e618', '1161fb73-809d-4954-a73a-738a9a1868f7', '5f552e5d-c288-453c-a685-b287e1c0c64a', 45, 'completed', '2026-04-14T21:28:00.000Z');
INSERT INTO order_items (id, order_id, product_id, quantity, unit_price, subtotal, created_at) 
                      VALUES ('435c99eb-c496-415e-aef9-87f0097bb8c8', '01371b11-f256-42ed-a4c2-7f90fa82e618', '90ccc3f8-627a-4af7-aab2-9c7967c2f50d', 1, 45, 45, '2026-04-14T21:28:00.000Z');
INSERT INTO orders (id, buyer_id, seller_id, total_amount, status, created_at) 
                      VALUES ('2b2b2f4b-4c78-436b-a4ae-794e3bd8e174', 'aa9e3c8c-e997-4408-ac68-6265851f972d', '5f552e5d-c288-453c-a685-b287e1c0c64a', 45, 'completed', '2026-04-14T17:41:00.000Z');
INSERT INTO order_items (id, order_id, product_id, quantity, unit_price, subtotal, created_at) 
                      VALUES ('b474cb57-65f4-443d-8794-21114efc949a', '2b2b2f4b-4c78-436b-a4ae-794e3bd8e174', '90ccc3f8-627a-4af7-aab2-9c7967c2f50d', 1, 45, 45, '2026-04-14T17:41:00.000Z');
INSERT INTO orders (id, buyer_id, seller_id, total_amount, status, created_at) 
                      VALUES ('729cb0d1-81bc-4dd6-be99-4e15c193df8f', '79768ab4-b021-418b-bf3c-0dd52f857b65', '5f552e5d-c288-453c-a685-b287e1c0c64a', 45, 'completed', '2026-04-14T21:50:00.000Z');
INSERT INTO order_items (id, order_id, product_id, quantity, unit_price, subtotal, created_at) 
                      VALUES ('bef38bef-e3dc-422d-b150-21d18aad9085', '729cb0d1-81bc-4dd6-be99-4e15c193df8f', '90ccc3f8-627a-4af7-aab2-9c7967c2f50d', 1, 45, 45, '2026-04-14T21:50:00.000Z');
INSERT INTO orders (id, buyer_id, seller_id, total_amount, status, created_at) 
                      VALUES ('349fe6d0-a564-46b1-bc20-395de0e3293b', 'ac51e939-ec0b-40c3-b3e7-39711b12845a', '5f552e5d-c288-453c-a685-b287e1c0c64a', 45, 'completed', '2026-04-14T20:16:00.000Z');
INSERT INTO order_items (id, order_id, product_id, quantity, unit_price, subtotal, created_at) 
                      VALUES ('c7fbb79c-76ae-4f42-8516-5099456ab97e', '349fe6d0-a564-46b1-bc20-395de0e3293b', '90ccc3f8-627a-4af7-aab2-9c7967c2f50d', 1, 45, 45, '2026-04-14T20:16:00.000Z');
INSERT INTO orders (id, buyer_id, seller_id, total_amount, status, created_at) 
                      VALUES ('815f65de-0a5f-415e-a8bd-b930b0aaa8ae', '79768ab4-b021-418b-bf3c-0dd52f857b65', '5f552e5d-c288-453c-a685-b287e1c0c64a', 45, 'completed', '2026-04-14T20:49:00.000Z');
INSERT INTO order_items (id, order_id, product_id, quantity, unit_price, subtotal, created_at) 
                      VALUES ('0c162483-33cf-4b0c-9147-7e01cfa91119', '815f65de-0a5f-415e-a8bd-b930b0aaa8ae', '90ccc3f8-627a-4af7-aab2-9c7967c2f50d', 1, 45, 45, '2026-04-14T20:49:00.000Z');
INSERT INTO orders (id, buyer_id, seller_id, total_amount, status, created_at) 
                      VALUES ('ec85651e-7086-455c-aaa8-f7fa322da933', '6c8c4ad9-70e8-48cb-9ce8-5d01c349ffcc', '5f552e5d-c288-453c-a685-b287e1c0c64a', 45, 'completed', '2026-04-14T16:43:00.000Z');
INSERT INTO order_items (id, order_id, product_id, quantity, unit_price, subtotal, created_at) 
                      VALUES ('98672b2e-ddfb-4eaa-9c6e-db62cd623998', 'ec85651e-7086-455c-aaa8-f7fa322da933', '90ccc3f8-627a-4af7-aab2-9c7967c2f50d', 1, 45, 45, '2026-04-14T16:43:00.000Z');
INSERT INTO orders (id, buyer_id, seller_id, total_amount, status, created_at) 
                      VALUES ('1e4d8f67-9b57-4c28-8db3-ca16dcce2856', 'b03c172d-3388-458c-8054-b6ad7db24e27', '5f552e5d-c288-453c-a685-b287e1c0c64a', 45, 'completed', '2026-04-14T18:11:00.000Z');
INSERT INTO order_items (id, order_id, product_id, quantity, unit_price, subtotal, created_at) 
                      VALUES ('77f41ad9-210b-469a-a88a-2f9afab4b71d', '1e4d8f67-9b57-4c28-8db3-ca16dcce2856', '90ccc3f8-627a-4af7-aab2-9c7967c2f50d', 1, 45, 45, '2026-04-14T18:11:00.000Z');
INSERT INTO orders (id, buyer_id, seller_id, total_amount, status, created_at) 
                      VALUES ('8edbd900-bc3b-4b19-a3e3-36c76b010d8f', '1161fb73-809d-4954-a73a-738a9a1868f7', '5f552e5d-c288-453c-a685-b287e1c0c64a', 45, 'completed', '2026-04-14T19:46:00.000Z');
INSERT INTO order_items (id, order_id, product_id, quantity, unit_price, subtotal, created_at) 
                      VALUES ('4c609902-7613-46bd-97f0-ff1e4d23c814', '8edbd900-bc3b-4b19-a3e3-36c76b010d8f', '90ccc3f8-627a-4af7-aab2-9c7967c2f50d', 1, 45, 45, '2026-04-14T19:46:00.000Z');
INSERT INTO orders (id, buyer_id, seller_id, total_amount, status, created_at) 
                      VALUES ('851529b2-5ffd-4b75-b87b-0f5b17ca0773', '233694a0-da98-4b19-8640-7b99f406554e', '5f552e5d-c288-453c-a685-b287e1c0c64a', 45, 'completed', '2026-04-14T21:07:00.000Z');
INSERT INTO order_items (id, order_id, product_id, quantity, unit_price, subtotal, created_at) 
                      VALUES ('568ed1c8-126a-42f6-afd4-d0793fe78ada', '851529b2-5ffd-4b75-b87b-0f5b17ca0773', '90ccc3f8-627a-4af7-aab2-9c7967c2f50d', 1, 45, 45, '2026-04-14T21:07:00.000Z');
INSERT INTO audit_logs (id, action, user_id, description, level, created_at) 
                  VALUES ('1ffa94c6-1e9e-4e13-b0e2-e44f64dd8ff6', 'USER_LOGIN', '522afd0e-5b6f-4f57-be80-46fd79ba12db', 'Vendedor inició sesión para jornada', 'info', '2026-04-14T14:14:00.000Z');
INSERT INTO daily_sales (id, seller_id, sale_date, total_investment, total_revenue, units_sold, units_lost, total_waste_cost, is_closed) 
                  VALUES ('6096988d-26aa-42b3-b37e-df8a24cb6c4d', '522afd0e-5b6f-4f57-be80-46fd79ba12db', '2026-04-14', 168, 420, 14, 0, 0, true);
INSERT INTO sale_details (id, daily_sale_id, product_id, quantity_prepared, quantity_sold, quantity_lost, unit_cost, unit_price, waste_cost, waste_reason) 
                  VALUES ('92c647e0-973b-432b-b6b7-4d8cdcebe858', '6096988d-26aa-42b3-b37e-df8a24cb6c4d', 'c865d401-6592-418d-98d5-1aa633799680', 14, 14, 0, 12, 30, 0, 'expired');
INSERT INTO orders (id, buyer_id, seller_id, total_amount, status, created_at) 
                      VALUES ('53977b83-7868-4c3b-b7f3-30e20c8700e1', '6c8c4ad9-70e8-48cb-9ce8-5d01c349ffcc', '522afd0e-5b6f-4f57-be80-46fd79ba12db', 30, 'completed', '2026-04-14T16:11:00.000Z');
INSERT INTO order_items (id, order_id, product_id, quantity, unit_price, subtotal, created_at) 
                      VALUES ('4ae91a42-c029-46a8-875e-9b9eb5b4b123', '53977b83-7868-4c3b-b7f3-30e20c8700e1', 'c865d401-6592-418d-98d5-1aa633799680', 1, 30, 30, '2026-04-14T16:11:00.000Z');
INSERT INTO orders (id, buyer_id, seller_id, total_amount, status, created_at) 
                      VALUES ('975b388d-1608-49af-88a3-885a3e99314a', 'ac51e939-ec0b-40c3-b3e7-39711b12845a', '522afd0e-5b6f-4f57-be80-46fd79ba12db', 30, 'completed', '2026-04-14T21:28:00.000Z');
INSERT INTO order_items (id, order_id, product_id, quantity, unit_price, subtotal, created_at) 
                      VALUES ('8e960d55-a47b-4bcb-a496-36ea015b9779', '975b388d-1608-49af-88a3-885a3e99314a', 'c865d401-6592-418d-98d5-1aa633799680', 1, 30, 30, '2026-04-14T21:28:00.000Z');
INSERT INTO orders (id, buyer_id, seller_id, total_amount, status, created_at) 
                      VALUES ('60905058-2538-426a-8c9d-997e329757b9', 'ac51e939-ec0b-40c3-b3e7-39711b12845a', '522afd0e-5b6f-4f57-be80-46fd79ba12db', 30, 'completed', '2026-04-14T19:02:00.000Z');
INSERT INTO order_items (id, order_id, product_id, quantity, unit_price, subtotal, created_at) 
                      VALUES ('1594290e-5412-4a45-8616-ae4c68e1cd28', '60905058-2538-426a-8c9d-997e329757b9', 'c865d401-6592-418d-98d5-1aa633799680', 1, 30, 30, '2026-04-14T19:02:00.000Z');
INSERT INTO orders (id, buyer_id, seller_id, total_amount, status, created_at) 
                      VALUES ('a9b850b3-25c8-4b60-8a3f-773eebe86970', '1161fb73-809d-4954-a73a-738a9a1868f7', '522afd0e-5b6f-4f57-be80-46fd79ba12db', 30, 'completed', '2026-04-14T18:11:00.000Z');
INSERT INTO order_items (id, order_id, product_id, quantity, unit_price, subtotal, created_at) 
                      VALUES ('f08f48d5-efaa-4fcd-8a8d-021c28776f5f', 'a9b850b3-25c8-4b60-8a3f-773eebe86970', 'c865d401-6592-418d-98d5-1aa633799680', 1, 30, 30, '2026-04-14T18:11:00.000Z');
INSERT INTO orders (id, buyer_id, seller_id, total_amount, status, created_at) 
                      VALUES ('9a3ab0eb-6384-4ecf-af4d-df6fb362d6e2', '6c8c4ad9-70e8-48cb-9ce8-5d01c349ffcc', '522afd0e-5b6f-4f57-be80-46fd79ba12db', 30, 'completed', '2026-04-14T21:59:00.000Z');
INSERT INTO order_items (id, order_id, product_id, quantity, unit_price, subtotal, created_at) 
                      VALUES ('cc9cb887-8bdf-4b84-bce7-1ed3437a684b', '9a3ab0eb-6384-4ecf-af4d-df6fb362d6e2', 'c865d401-6592-418d-98d5-1aa633799680', 1, 30, 30, '2026-04-14T21:59:00.000Z');
INSERT INTO orders (id, buyer_id, seller_id, total_amount, status, created_at) 
                      VALUES ('d994f644-ba7e-422e-b112-af03963b52a6', '79768ab4-b021-418b-bf3c-0dd52f857b65', '522afd0e-5b6f-4f57-be80-46fd79ba12db', 30, 'completed', '2026-04-14T20:24:00.000Z');
INSERT INTO order_items (id, order_id, product_id, quantity, unit_price, subtotal, created_at) 
                      VALUES ('432d287a-63a1-4806-a6e4-e958c2c2caec', 'd994f644-ba7e-422e-b112-af03963b52a6', 'c865d401-6592-418d-98d5-1aa633799680', 1, 30, 30, '2026-04-14T20:24:00.000Z');
INSERT INTO orders (id, buyer_id, seller_id, total_amount, status, created_at) 
                      VALUES ('bf1a40f5-2af9-4398-8984-c96cc3fad2df', 'ac51e939-ec0b-40c3-b3e7-39711b12845a', '522afd0e-5b6f-4f57-be80-46fd79ba12db', 30, 'completed', '2026-04-14T18:49:00.000Z');
INSERT INTO order_items (id, order_id, product_id, quantity, unit_price, subtotal, created_at) 
                      VALUES ('33baa633-6d2a-4c16-91bd-f0e1c0f6fffc', 'bf1a40f5-2af9-4398-8984-c96cc3fad2df', 'c865d401-6592-418d-98d5-1aa633799680', 1, 30, 30, '2026-04-14T18:49:00.000Z');
INSERT INTO orders (id, buyer_id, seller_id, total_amount, status, created_at) 
                      VALUES ('9d22b7d2-2207-4954-bb93-189f19b1bca0', 'b03c172d-3388-458c-8054-b6ad7db24e27', '522afd0e-5b6f-4f57-be80-46fd79ba12db', 30, 'completed', '2026-04-14T18:25:00.000Z');
INSERT INTO order_items (id, order_id, product_id, quantity, unit_price, subtotal, created_at) 
                      VALUES ('a183488e-be90-40c9-91e7-cd4ecd7e37ab', '9d22b7d2-2207-4954-bb93-189f19b1bca0', 'c865d401-6592-418d-98d5-1aa633799680', 1, 30, 30, '2026-04-14T18:25:00.000Z');
INSERT INTO orders (id, buyer_id, seller_id, total_amount, status, created_at) 
                      VALUES ('f752c008-bebf-48ef-b72a-00d55f4462d5', 'b03c172d-3388-458c-8054-b6ad7db24e27', '522afd0e-5b6f-4f57-be80-46fd79ba12db', 30, 'completed', '2026-04-14T19:42:00.000Z');
INSERT INTO order_items (id, order_id, product_id, quantity, unit_price, subtotal, created_at) 
                      VALUES ('e65f6542-3f3e-427d-8128-7eb0b33b5558', 'f752c008-bebf-48ef-b72a-00d55f4462d5', 'c865d401-6592-418d-98d5-1aa633799680', 1, 30, 30, '2026-04-14T19:42:00.000Z');
INSERT INTO orders (id, buyer_id, seller_id, total_amount, status, created_at) 
                      VALUES ('aa940d79-31f7-4f28-b1e3-88ec760a028f', '233694a0-da98-4b19-8640-7b99f406554e', '522afd0e-5b6f-4f57-be80-46fd79ba12db', 30, 'completed', '2026-04-14T16:14:00.000Z');
INSERT INTO order_items (id, order_id, product_id, quantity, unit_price, subtotal, created_at) 
                      VALUES ('ca7b47e7-e3f2-4257-b8e0-75d2873da295', 'aa940d79-31f7-4f28-b1e3-88ec760a028f', 'c865d401-6592-418d-98d5-1aa633799680', 1, 30, 30, '2026-04-14T16:14:00.000Z');
INSERT INTO orders (id, buyer_id, seller_id, total_amount, status, created_at) 
                      VALUES ('95373e77-c0b8-4454-a9e1-75a87ebf3dcd', '233694a0-da98-4b19-8640-7b99f406554e', '522afd0e-5b6f-4f57-be80-46fd79ba12db', 30, 'completed', '2026-04-14T19:35:00.000Z');
INSERT INTO order_items (id, order_id, product_id, quantity, unit_price, subtotal, created_at) 
                      VALUES ('00e656d7-8e4b-4213-8b55-8f58c132e6d2', '95373e77-c0b8-4454-a9e1-75a87ebf3dcd', 'c865d401-6592-418d-98d5-1aa633799680', 1, 30, 30, '2026-04-14T19:35:00.000Z');
INSERT INTO orders (id, buyer_id, seller_id, total_amount, status, created_at) 
                      VALUES ('fa236e8f-739c-457c-a8f4-9a2c53f2ee4b', 'aa9e3c8c-e997-4408-ac68-6265851f972d', '522afd0e-5b6f-4f57-be80-46fd79ba12db', 30, 'completed', '2026-04-14T17:16:00.000Z');
INSERT INTO order_items (id, order_id, product_id, quantity, unit_price, subtotal, created_at) 
                      VALUES ('d08e567e-80e1-4507-af5a-a806f6159a19', 'fa236e8f-739c-457c-a8f4-9a2c53f2ee4b', 'c865d401-6592-418d-98d5-1aa633799680', 1, 30, 30, '2026-04-14T17:16:00.000Z');
INSERT INTO orders (id, buyer_id, seller_id, total_amount, status, created_at) 
                      VALUES ('ebbd82cf-cea9-45bf-b30f-c3a93dc9f87e', '233694a0-da98-4b19-8640-7b99f406554e', '522afd0e-5b6f-4f57-be80-46fd79ba12db', 30, 'completed', '2026-04-14T21:51:00.000Z');
INSERT INTO order_items (id, order_id, product_id, quantity, unit_price, subtotal, created_at) 
                      VALUES ('7419a595-c87f-45db-affc-641a7f9b6faf', 'ebbd82cf-cea9-45bf-b30f-c3a93dc9f87e', 'c865d401-6592-418d-98d5-1aa633799680', 1, 30, 30, '2026-04-14T21:51:00.000Z');
INSERT INTO orders (id, buyer_id, seller_id, total_amount, status, created_at) 
                      VALUES ('8dfc4eed-786e-4cae-bee2-f50e6029c2d9', 'ac51e939-ec0b-40c3-b3e7-39711b12845a', '522afd0e-5b6f-4f57-be80-46fd79ba12db', 30, 'completed', '2026-04-14T16:56:00.000Z');
INSERT INTO order_items (id, order_id, product_id, quantity, unit_price, subtotal, created_at) 
                      VALUES ('b5a90141-8f7b-430e-8154-3b3156ba4fd2', '8dfc4eed-786e-4cae-bee2-f50e6029c2d9', 'c865d401-6592-418d-98d5-1aa633799680', 1, 30, 30, '2026-04-14T16:56:00.000Z');
INSERT INTO audit_logs (id, action, user_id, description, level, created_at) 
                  VALUES ('a8c056c1-2851-41c1-b899-d40d1fac40ac', 'USER_LOGIN', 'da273443-bae3-4781-ae4e-819d0c9d56a6', 'Vendedor inició sesión para jornada', 'info', '2026-04-14T14:05:00.000Z');
INSERT INTO daily_sales (id, seller_id, sale_date, total_investment, total_revenue, units_sold, units_lost, total_waste_cost, is_closed) 
                  VALUES ('6b4f228f-736e-400c-a28e-525f6565d8cc', 'da273443-bae3-4781-ae4e-819d0c9d56a6', '2026-04-14', 96, 275, 11, 1, 8, true);
INSERT INTO sale_details (id, daily_sale_id, product_id, quantity_prepared, quantity_sold, quantity_lost, unit_cost, unit_price, waste_cost, waste_reason) 
                  VALUES ('0e9f37eb-b5cb-4571-b156-605fe7a49ca3', '6b4f228f-736e-400c-a28e-525f6565d8cc', 'ea84c406-f235-4e9c-b061-71ed9401e63b', 12, 11, 1, 8, 25, 8, 'expired');
INSERT INTO orders (id, buyer_id, seller_id, total_amount, status, created_at) 
                      VALUES ('507166d6-ba0b-448f-a038-eae8fa2f7eb3', '6c8c4ad9-70e8-48cb-9ce8-5d01c349ffcc', 'da273443-bae3-4781-ae4e-819d0c9d56a6', 25, 'completed', '2026-04-14T17:25:00.000Z');
INSERT INTO order_items (id, order_id, product_id, quantity, unit_price, subtotal, created_at) 
                      VALUES ('d66be730-80ba-443c-a8e8-656795f269ae', '507166d6-ba0b-448f-a038-eae8fa2f7eb3', 'ea84c406-f235-4e9c-b061-71ed9401e63b', 1, 25, 25, '2026-04-14T17:25:00.000Z');
INSERT INTO orders (id, buyer_id, seller_id, total_amount, status, created_at) 
                      VALUES ('5e251747-6f52-4579-9b13-10fd3a201b11', '233694a0-da98-4b19-8640-7b99f406554e', 'da273443-bae3-4781-ae4e-819d0c9d56a6', 25, 'completed', '2026-04-14T17:44:00.000Z');
INSERT INTO order_items (id, order_id, product_id, quantity, unit_price, subtotal, created_at) 
                      VALUES ('bf7aef18-2920-469f-b55d-3b987abc2dfe', '5e251747-6f52-4579-9b13-10fd3a201b11', 'ea84c406-f235-4e9c-b061-71ed9401e63b', 1, 25, 25, '2026-04-14T17:44:00.000Z');
INSERT INTO orders (id, buyer_id, seller_id, total_amount, status, created_at) 
                      VALUES ('07c50547-e8ad-4512-b08f-1e21429d5651', '79768ab4-b021-418b-bf3c-0dd52f857b65', 'da273443-bae3-4781-ae4e-819d0c9d56a6', 25, 'completed', '2026-04-14T18:28:00.000Z');
INSERT INTO order_items (id, order_id, product_id, quantity, unit_price, subtotal, created_at) 
                      VALUES ('2adff767-a960-49db-ad70-c1860a6dd6b9', '07c50547-e8ad-4512-b08f-1e21429d5651', 'ea84c406-f235-4e9c-b061-71ed9401e63b', 1, 25, 25, '2026-04-14T18:28:00.000Z');
INSERT INTO orders (id, buyer_id, seller_id, total_amount, status, created_at) 
                      VALUES ('9b0e64f3-bfb1-4fc0-ace2-a830bef0c6e7', '6c8c4ad9-70e8-48cb-9ce8-5d01c349ffcc', 'da273443-bae3-4781-ae4e-819d0c9d56a6', 25, 'completed', '2026-04-14T19:39:00.000Z');
INSERT INTO order_items (id, order_id, product_id, quantity, unit_price, subtotal, created_at) 
                      VALUES ('04608290-ec88-4451-909d-7ea25aead779', '9b0e64f3-bfb1-4fc0-ace2-a830bef0c6e7', 'ea84c406-f235-4e9c-b061-71ed9401e63b', 1, 25, 25, '2026-04-14T19:39:00.000Z');
INSERT INTO orders (id, buyer_id, seller_id, total_amount, status, created_at) 
                      VALUES ('2117dbf0-6766-488a-b3c3-40d2758591af', '1161fb73-809d-4954-a73a-738a9a1868f7', 'da273443-bae3-4781-ae4e-819d0c9d56a6', 25, 'completed', '2026-04-14T18:08:00.000Z');
INSERT INTO order_items (id, order_id, product_id, quantity, unit_price, subtotal, created_at) 
                      VALUES ('8a9994f9-2b81-4ea2-9a54-937f5f9905c3', '2117dbf0-6766-488a-b3c3-40d2758591af', 'ea84c406-f235-4e9c-b061-71ed9401e63b', 1, 25, 25, '2026-04-14T18:08:00.000Z');
INSERT INTO orders (id, buyer_id, seller_id, total_amount, status, created_at) 
                      VALUES ('19ddd35a-3c94-4927-8789-83c2b8801d90', 'b03c172d-3388-458c-8054-b6ad7db24e27', 'da273443-bae3-4781-ae4e-819d0c9d56a6', 25, 'completed', '2026-04-14T18:20:00.000Z');
INSERT INTO order_items (id, order_id, product_id, quantity, unit_price, subtotal, created_at) 
                      VALUES ('e58d9dc7-a9ff-4de9-b407-6c0f769297ab', '19ddd35a-3c94-4927-8789-83c2b8801d90', 'ea84c406-f235-4e9c-b061-71ed9401e63b', 1, 25, 25, '2026-04-14T18:20:00.000Z');
INSERT INTO orders (id, buyer_id, seller_id, total_amount, status, created_at) 
                      VALUES ('a2983693-5e81-423b-8903-9b2c4691b31b', 'ac51e939-ec0b-40c3-b3e7-39711b12845a', 'da273443-bae3-4781-ae4e-819d0c9d56a6', 25, 'completed', '2026-04-14T17:23:00.000Z');
INSERT INTO order_items (id, order_id, product_id, quantity, unit_price, subtotal, created_at) 
                      VALUES ('5c80347d-9d08-4c23-94a5-9384bbe85732', 'a2983693-5e81-423b-8903-9b2c4691b31b', 'ea84c406-f235-4e9c-b061-71ed9401e63b', 1, 25, 25, '2026-04-14T17:23:00.000Z');
INSERT INTO orders (id, buyer_id, seller_id, total_amount, status, created_at) 
                      VALUES ('ba6bea69-2b74-4ce5-8e1a-a0c6da48fe85', '1161fb73-809d-4954-a73a-738a9a1868f7', 'da273443-bae3-4781-ae4e-819d0c9d56a6', 25, 'completed', '2026-04-14T21:07:00.000Z');
INSERT INTO order_items (id, order_id, product_id, quantity, unit_price, subtotal, created_at) 
                      VALUES ('5d512014-5c2b-48e4-b5a2-7f352ec5d4a1', 'ba6bea69-2b74-4ce5-8e1a-a0c6da48fe85', 'ea84c406-f235-4e9c-b061-71ed9401e63b', 1, 25, 25, '2026-04-14T21:07:00.000Z');
INSERT INTO orders (id, buyer_id, seller_id, total_amount, status, created_at) 
                      VALUES ('b2c0a4fe-b007-4c98-bbfa-5a4be84e466d', '1161fb73-809d-4954-a73a-738a9a1868f7', 'da273443-bae3-4781-ae4e-819d0c9d56a6', 25, 'completed', '2026-04-14T16:10:00.000Z');
INSERT INTO order_items (id, order_id, product_id, quantity, unit_price, subtotal, created_at) 
                      VALUES ('a488ed35-f881-4596-94fe-9d41ebe4c271', 'b2c0a4fe-b007-4c98-bbfa-5a4be84e466d', 'ea84c406-f235-4e9c-b061-71ed9401e63b', 1, 25, 25, '2026-04-14T16:10:00.000Z');
INSERT INTO orders (id, buyer_id, seller_id, total_amount, status, created_at) 
                      VALUES ('9388937f-a4cc-4107-bf9b-9c0889370d3e', 'b03c172d-3388-458c-8054-b6ad7db24e27', 'da273443-bae3-4781-ae4e-819d0c9d56a6', 25, 'completed', '2026-04-14T21:02:00.000Z');
INSERT INTO order_items (id, order_id, product_id, quantity, unit_price, subtotal, created_at) 
                      VALUES ('f8b272d6-7d27-4b0c-9af1-7db142941f30', '9388937f-a4cc-4107-bf9b-9c0889370d3e', 'ea84c406-f235-4e9c-b061-71ed9401e63b', 1, 25, 25, '2026-04-14T21:02:00.000Z');
INSERT INTO orders (id, buyer_id, seller_id, total_amount, status, created_at) 
                      VALUES ('191d1acd-2911-46a9-9c2d-5be9881bdcb7', '6c8c4ad9-70e8-48cb-9ce8-5d01c349ffcc', 'da273443-bae3-4781-ae4e-819d0c9d56a6', 25, 'completed', '2026-04-14T20:45:00.000Z');
INSERT INTO order_items (id, order_id, product_id, quantity, unit_price, subtotal, created_at) 
                      VALUES ('b34b8541-8f78-489b-9640-6e5d9802431c', '191d1acd-2911-46a9-9c2d-5be9881bdcb7', 'ea84c406-f235-4e9c-b061-71ed9401e63b', 1, 25, 25, '2026-04-14T20:45:00.000Z');
INSERT INTO audit_logs (id, action, user_id, description, level, created_at) 
                  VALUES ('e8b354bc-c086-4803-9c35-09d9dddd2ef7', 'USER_LOGIN', 'cdc7b576-3957-4e3f-9e87-6630e4ef1950', 'Vendedor inició sesión para jornada', 'info', '2026-04-14T14:01:00.000Z');
INSERT INTO daily_sales (id, seller_id, sale_date, total_investment, total_revenue, units_sold, units_lost, total_waste_cost, is_closed) 
                  VALUES ('de545134-3a67-4ef6-9d9c-c3bde5437284', 'cdc7b576-3957-4e3f-9e87-6630e4ef1950', '2026-04-14', 275, 605, 11, 0, 0, true);
INSERT INTO sale_details (id, daily_sale_id, product_id, quantity_prepared, quantity_sold, quantity_lost, unit_cost, unit_price, waste_cost, waste_reason) 
                  VALUES ('906b667a-4feb-4223-988a-d442bd354d00', 'de545134-3a67-4ef6-9d9c-c3bde5437284', '49e54b55-6e07-407b-9dac-36e93e1f8aa2', 11, 11, 0, 25, 55, 0, 'expired');
INSERT INTO orders (id, buyer_id, seller_id, total_amount, status, created_at) 
                      VALUES ('d162290b-f7fb-4720-83b5-3483e8f19c6e', 'b03c172d-3388-458c-8054-b6ad7db24e27', 'cdc7b576-3957-4e3f-9e87-6630e4ef1950', 55, 'completed', '2026-04-14T21:08:00.000Z');
INSERT INTO order_items (id, order_id, product_id, quantity, unit_price, subtotal, created_at) 
                      VALUES ('04abc978-651b-4971-a932-3d3ea6c73710', 'd162290b-f7fb-4720-83b5-3483e8f19c6e', '49e54b55-6e07-407b-9dac-36e93e1f8aa2', 1, 55, 55, '2026-04-14T21:08:00.000Z');
INSERT INTO orders (id, buyer_id, seller_id, total_amount, status, created_at) 
                      VALUES ('52bace10-a158-4f17-b446-1c8a75ab97e4', '233694a0-da98-4b19-8640-7b99f406554e', 'cdc7b576-3957-4e3f-9e87-6630e4ef1950', 55, 'completed', '2026-04-14T21:55:00.000Z');
INSERT INTO order_items (id, order_id, product_id, quantity, unit_price, subtotal, created_at) 
                      VALUES ('81c9d9cb-1cf7-40a9-b4ad-0085424eaa53', '52bace10-a158-4f17-b446-1c8a75ab97e4', '49e54b55-6e07-407b-9dac-36e93e1f8aa2', 1, 55, 55, '2026-04-14T21:55:00.000Z');
INSERT INTO orders (id, buyer_id, seller_id, total_amount, status, created_at) 
                      VALUES ('81f43280-5d93-4adb-bc66-fcd96c34251b', '6c8c4ad9-70e8-48cb-9ce8-5d01c349ffcc', 'cdc7b576-3957-4e3f-9e87-6630e4ef1950', 55, 'completed', '2026-04-14T21:37:00.000Z');
INSERT INTO order_items (id, order_id, product_id, quantity, unit_price, subtotal, created_at) 
                      VALUES ('8ddd25b5-bee8-453a-8c3a-26b1b966c6ea', '81f43280-5d93-4adb-bc66-fcd96c34251b', '49e54b55-6e07-407b-9dac-36e93e1f8aa2', 1, 55, 55, '2026-04-14T21:37:00.000Z');
INSERT INTO orders (id, buyer_id, seller_id, total_amount, status, created_at) 
                      VALUES ('71143e0c-1c76-4119-b4d4-c7f7758b7d80', 'aa9e3c8c-e997-4408-ac68-6265851f972d', 'cdc7b576-3957-4e3f-9e87-6630e4ef1950', 55, 'completed', '2026-04-14T17:16:00.000Z');
INSERT INTO order_items (id, order_id, product_id, quantity, unit_price, subtotal, created_at) 
                      VALUES ('0c93f4e4-2745-4b23-b03b-238a6c4574cb', '71143e0c-1c76-4119-b4d4-c7f7758b7d80', '49e54b55-6e07-407b-9dac-36e93e1f8aa2', 1, 55, 55, '2026-04-14T17:16:00.000Z');
INSERT INTO orders (id, buyer_id, seller_id, total_amount, status, created_at) 
                      VALUES ('16a9d8b8-2feb-4232-944f-ac54c8470259', '6c8c4ad9-70e8-48cb-9ce8-5d01c349ffcc', 'cdc7b576-3957-4e3f-9e87-6630e4ef1950', 55, 'completed', '2026-04-14T16:06:00.000Z');
INSERT INTO order_items (id, order_id, product_id, quantity, unit_price, subtotal, created_at) 
                      VALUES ('72dd9b73-a1c0-444b-b7d1-d70ea840f93e', '16a9d8b8-2feb-4232-944f-ac54c8470259', '49e54b55-6e07-407b-9dac-36e93e1f8aa2', 1, 55, 55, '2026-04-14T16:06:00.000Z');
INSERT INTO orders (id, buyer_id, seller_id, total_amount, status, created_at) 
                      VALUES ('ff7638d3-d7cd-4def-8ff0-54399e2c2b8a', 'b03c172d-3388-458c-8054-b6ad7db24e27', 'cdc7b576-3957-4e3f-9e87-6630e4ef1950', 55, 'completed', '2026-04-14T20:39:00.000Z');
INSERT INTO order_items (id, order_id, product_id, quantity, unit_price, subtotal, created_at) 
                      VALUES ('241b8774-0df2-4f46-9d1e-d1aa1813df6d', 'ff7638d3-d7cd-4def-8ff0-54399e2c2b8a', '49e54b55-6e07-407b-9dac-36e93e1f8aa2', 1, 55, 55, '2026-04-14T20:39:00.000Z');
INSERT INTO orders (id, buyer_id, seller_id, total_amount, status, created_at) 
                      VALUES ('35cfb5ae-e551-417d-9423-a89712876b07', 'ac51e939-ec0b-40c3-b3e7-39711b12845a', 'cdc7b576-3957-4e3f-9e87-6630e4ef1950', 55, 'completed', '2026-04-14T19:38:00.000Z');
INSERT INTO order_items (id, order_id, product_id, quantity, unit_price, subtotal, created_at) 
                      VALUES ('fdf97d46-7457-40e6-a273-bd86fc70e8e8', '35cfb5ae-e551-417d-9423-a89712876b07', '49e54b55-6e07-407b-9dac-36e93e1f8aa2', 1, 55, 55, '2026-04-14T19:38:00.000Z');
INSERT INTO orders (id, buyer_id, seller_id, total_amount, status, created_at) 
                      VALUES ('5ad725c8-b79b-4a7d-9c19-f07aef915491', 'aa9e3c8c-e997-4408-ac68-6265851f972d', 'cdc7b576-3957-4e3f-9e87-6630e4ef1950', 55, 'completed', '2026-04-14T16:24:00.000Z');
INSERT INTO order_items (id, order_id, product_id, quantity, unit_price, subtotal, created_at) 
                      VALUES ('7912da99-b408-4e90-b3f7-86668921ee95', '5ad725c8-b79b-4a7d-9c19-f07aef915491', '49e54b55-6e07-407b-9dac-36e93e1f8aa2', 1, 55, 55, '2026-04-14T16:24:00.000Z');
INSERT INTO orders (id, buyer_id, seller_id, total_amount, status, created_at) 
                      VALUES ('4d8104d1-5acd-48c3-b10c-f82c5b2540e3', 'b03c172d-3388-458c-8054-b6ad7db24e27', 'cdc7b576-3957-4e3f-9e87-6630e4ef1950', 55, 'completed', '2026-04-14T16:14:00.000Z');
INSERT INTO order_items (id, order_id, product_id, quantity, unit_price, subtotal, created_at) 
                      VALUES ('3e693683-9e8b-4225-8364-5519c22b7ca7', '4d8104d1-5acd-48c3-b10c-f82c5b2540e3', '49e54b55-6e07-407b-9dac-36e93e1f8aa2', 1, 55, 55, '2026-04-14T16:14:00.000Z');
INSERT INTO orders (id, buyer_id, seller_id, total_amount, status, created_at) 
                      VALUES ('ec33f397-bd5f-4511-820d-a27d4b7f0f78', 'aa9e3c8c-e997-4408-ac68-6265851f972d', 'cdc7b576-3957-4e3f-9e87-6630e4ef1950', 55, 'completed', '2026-04-14T16:57:00.000Z');
INSERT INTO order_items (id, order_id, product_id, quantity, unit_price, subtotal, created_at) 
                      VALUES ('feb80995-b36e-47f7-9ba4-f151f7664bfe', 'ec33f397-bd5f-4511-820d-a27d4b7f0f78', '49e54b55-6e07-407b-9dac-36e93e1f8aa2', 1, 55, 55, '2026-04-14T16:57:00.000Z');
INSERT INTO orders (id, buyer_id, seller_id, total_amount, status, created_at) 
                      VALUES ('6a61b677-ee43-41a0-a732-ced3d8f77597', '1161fb73-809d-4954-a73a-738a9a1868f7', 'cdc7b576-3957-4e3f-9e87-6630e4ef1950', 55, 'completed', '2026-04-14T17:45:00.000Z');
INSERT INTO order_items (id, order_id, product_id, quantity, unit_price, subtotal, created_at) 
                      VALUES ('8695a349-26ab-4a82-90d6-89f552399823', '6a61b677-ee43-41a0-a732-ced3d8f77597', '49e54b55-6e07-407b-9dac-36e93e1f8aa2', 1, 55, 55, '2026-04-14T17:45:00.000Z');
COMMIT;